solid OpenSCAD_Model
  facet normal 0.98917 0.146776 0
    outer loop
      vertex 14.7744 24.4586 6.4
      vertex 14.7276 24.774 2.4
      vertex 14.7276 24.774 6.4
    endloop
  endfacet
  facet normal 0.98917 0.146776 0
    outer loop
      vertex 14.7276 24.774 2.4
      vertex 14.7744 24.4586 6.4
      vertex 14.7744 24.4586 2.4
    endloop
  endfacet
  facet normal 0.998803 0.0489056 0
    outer loop
      vertex 14.79 24.14 6.4
      vertex 14.7744 24.4586 2.4
      vertex 14.7744 24.4586 6.4
    endloop
  endfacet
  facet normal 0.998803 0.0489056 0
    outer loop
      vertex 14.7744 24.4586 2.4
      vertex 14.79 24.14 6.4
      vertex 14.79 24.14 2.4
    endloop
  endfacet
  facet normal 0.970032 0.242978 0
    outer loop
      vertex 14.7276 24.774 6.4
      vertex 14.6501 25.0834 2.4
      vertex 14.6501 25.0834 6.4
    endloop
  endfacet
  facet normal 0.970032 0.242978 0
    outer loop
      vertex 14.6501 25.0834 2.4
      vertex 14.7276 24.774 6.4
      vertex 14.7276 24.774 2.4
    endloop
  endfacet
  facet normal 0.337031 -0.941493 0
    outer loop
      vertex 12.4834 21.0299 2.4
      vertex 12.7837 21.1374 6.4
      vertex 12.4834 21.0299 6.4
    endloop
  endfacet
  facet normal 0.337031 -0.941493 0
    outer loop
      vertex 12.7837 21.1374 6.4
      vertex 12.4834 21.0299 2.4
      vertex 12.7837 21.1374 2.4
    endloop
  endfacet
  facet normal 0.671611 0.740904 -0
    outer loop
      vertex 13.8381 26.4381 2.4
      vertex 13.6018 26.6523 6.4
      vertex 13.8381 26.4381 6.4
    endloop
  endfacet
  facet normal 0.671611 0.740904 0
    outer loop
      vertex 13.6018 26.6523 6.4
      vertex 13.8381 26.4381 2.4
      vertex 13.6018 26.6523 2.4
    endloop
  endfacet
  facet normal -0.857769 0.514035 0
    outer loop
      vertex 8.67376 25.672 2.4
      vertex 8.83772 25.9456 6.4
      vertex 8.83772 25.9456 2.4
    endloop
  endfacet
  facet normal -0.857769 0.514035 0
    outer loop
      vertex 8.83772 25.9456 6.4
      vertex 8.67376 25.672 2.4
      vertex 8.67376 25.672 6.4
    endloop
  endfacet
  facet normal -0.146776 -0.98917 0
    outer loop
      vertex 10.906 20.9524 2.4
      vertex 11.2214 20.9056 6.4
      vertex 10.906 20.9524 6.4
    endloop
  endfacet
  facet normal -0.146776 -0.98917 -0
    outer loop
      vertex 11.2214 20.9056 6.4
      vertex 10.906 20.9524 2.4
      vertex 11.2214 20.9056 2.4
    endloop
  endfacet
  facet normal 0.941493 0.337031 0
    outer loop
      vertex 14.6501 25.0834 6.4
      vertex 14.5426 25.3837 2.4
      vertex 14.5426 25.3837 6.4
    endloop
  endfacet
  facet normal 0.941493 0.337031 0
    outer loop
      vertex 14.5426 25.3837 2.4
      vertex 14.6501 25.0834 6.4
      vertex 14.6501 25.0834 2.4
    endloop
  endfacet
  facet normal -0.0492184 0.998788 0
    outer loop
      vertex 11.54 27.39 2.4
      vertex 11.2214 27.3743 6.4
      vertex 11.54 27.39 6.4
    endloop
  endfacet
  facet normal -0.0492184 0.998788 0
    outer loop
      vertex 11.2214 27.3743 6.4
      vertex 11.54 27.39 2.4
      vertex 11.2214 27.3743 2.4
    endloop
  endfacet
  facet normal 0.0489056 -0.998803 0
    outer loop
      vertex 11.54 20.89 2.4
      vertex 11.8586 20.9056 6.4
      vertex 11.54 20.89 6.4
    endloop
  endfacet
  facet normal 0.0489056 -0.998803 0
    outer loop
      vertex 11.8586 20.9056 6.4
      vertex 11.54 20.89 2.4
      vertex 11.8586 20.9056 2.4
    endloop
  endfacet
  facet normal -0.903972 -0.427592 0
    outer loop
      vertex 8.67376 22.608 2.4
      vertex 8.53739 22.8963 6.4
      vertex 8.53739 22.8963 2.4
    endloop
  endfacet
  facet normal -0.903972 -0.427592 0
    outer loop
      vertex 8.53739 22.8963 6.4
      vertex 8.67376 22.608 2.4
      vertex 8.67376 22.608 6.4
    endloop
  endfacet
  facet normal -0.595707 -0.803202 0
    outer loop
      vertex 9.47822 21.6277 2.4
      vertex 9.7344 21.4377 6.4
      vertex 9.47822 21.6277 6.4
    endloop
  endfacet
  facet normal -0.595707 -0.803202 -0
    outer loop
      vertex 9.7344 21.4377 6.4
      vertex 9.47822 21.6277 2.4
      vertex 9.7344 21.4377 2.4
    endloop
  endfacet
  facet normal -0.803224 0.595677 0
    outer loop
      vertex 8.83772 25.9456 2.4
      vertex 9.02772 26.2018 6.4
      vertex 9.02772 26.2018 2.4
    endloop
  endfacet
  facet normal -0.803224 0.595677 0
    outer loop
      vertex 9.02772 26.2018 6.4
      vertex 8.83772 25.9456 2.4
      vertex 8.83772 25.9456 6.4
    endloop
  endfacet
  facet normal 0.970032 -0.242978 0
    outer loop
      vertex 14.6501 23.1966 6.4
      vertex 14.7276 23.506 2.4
      vertex 14.7276 23.506 6.4
    endloop
  endfacet
  facet normal 0.970032 -0.242978 0
    outer loop
      vertex 14.7276 23.506 2.4
      vertex 14.6501 23.1966 6.4
      vertex 14.6501 23.1966 2.4
    endloop
  endfacet
  facet normal 0.857852 0.513896 0
    outer loop
      vertex 14.4062 25.672 6.4
      vertex 14.2423 25.9456 2.4
      vertex 14.2423 25.9456 6.4
    endloop
  endfacet
  facet normal 0.857852 0.513896 0
    outer loop
      vertex 14.2423 25.9456 2.4
      vertex 14.4062 25.672 6.4
      vertex 14.4062 25.672 2.4
    endloop
  endfacet
  facet normal -0.998796 -0.049062 0
    outer loop
      vertex 8.30565 23.8214 2.4
      vertex 8.29 24.14 6.4
      vertex 8.29 24.14 2.4
    endloop
  endfacet
  facet normal -0.998796 -0.049062 0
    outer loop
      vertex 8.29 24.14 6.4
      vertex 8.30565 23.8214 2.4
      vertex 8.30565 23.8214 6.4
    endloop
  endfacet
  facet normal 0.903936 0.427668 0
    outer loop
      vertex 14.5426 25.3837 6.4
      vertex 14.4062 25.672 2.4
      vertex 14.4062 25.672 6.4
    endloop
  endfacet
  facet normal 0.903936 0.427668 0
    outer loop
      vertex 14.4062 25.672 2.4
      vertex 14.5426 25.3837 6.4
      vertex 14.5426 25.3837 2.4
    endloop
  endfacet
  facet normal 0.941493 -0.337031 0
    outer loop
      vertex 14.5426 22.8963 6.4
      vertex 14.6501 23.1966 2.4
      vertex 14.6501 23.1966 6.4
    endloop
  endfacet
  facet normal 0.941493 -0.337031 0
    outer loop
      vertex 14.6501 23.1966 2.4
      vertex 14.5426 22.8963 6.4
      vertex 14.5426 22.8963 2.4
    endloop
  endfacet
  facet normal -0.427668 -0.903936 0
    outer loop
      vertex 10.008 21.2738 2.4
      vertex 10.2963 21.1374 6.4
      vertex 10.008 21.2738 6.4
    endloop
  endfacet
  facet normal -0.427668 -0.903936 -0
    outer loop
      vertex 10.2963 21.1374 6.4
      vertex 10.008 21.2738 2.4
      vertex 10.2963 21.1374 2.4
    endloop
  endfacet
  facet normal -0.970039 -0.242949 0
    outer loop
      vertex 8.42994 23.1966 2.4
      vertex 8.35245 23.506 6.4
      vertex 8.35245 23.506 2.4
    endloop
  endfacet
  facet normal -0.970039 -0.242949 0
    outer loop
      vertex 8.35245 23.506 6.4
      vertex 8.42994 23.1966 2.4
      vertex 8.42994 23.1966 6.4
    endloop
  endfacet
  facet normal -0.740935 0.671576 0
    outer loop
      vertex 9.02772 26.2018 2.4
      vertex 9.2419 26.4381 6.4
      vertex 9.2419 26.4381 2.4
    endloop
  endfacet
  facet normal -0.740935 0.671576 0
    outer loop
      vertex 9.2419 26.4381 6.4
      vertex 9.02772 26.2018 2.4
      vertex 9.02772 26.2018 6.4
    endloop
  endfacet
  facet normal -0.242978 -0.970032 0
    outer loop
      vertex 10.5966 21.0299 2.4
      vertex 10.906 20.9524 6.4
      vertex 10.5966 21.0299 6.4
    endloop
  endfacet
  facet normal -0.242978 -0.970032 -0
    outer loop
      vertex 10.906 20.9524 6.4
      vertex 10.5966 21.0299 2.4
      vertex 10.906 20.9524 2.4
    endloop
  endfacet
  facet normal -0.513896 0.857852 0
    outer loop
      vertex 10.008 27.0062 2.4
      vertex 9.7344 26.8423 6.4
      vertex 10.008 27.0062 6.4
    endloop
  endfacet
  facet normal -0.513896 0.857852 0
    outer loop
      vertex 9.7344 26.8423 6.4
      vertex 10.008 27.0062 2.4
      vertex 9.7344 26.8423 2.4
    endloop
  endfacet
  facet normal 0.803224 0.595677 0
    outer loop
      vertex 14.2423 25.9456 6.4
      vertex 14.0523 26.2018 2.4
      vertex 14.0523 26.2018 6.4
    endloop
  endfacet
  facet normal 0.803224 0.595677 0
    outer loop
      vertex 14.0523 26.2018 2.4
      vertex 14.2423 25.9456 6.4
      vertex 14.2423 25.9456 2.4
    endloop
  endfacet
  facet normal -0.146469 0.989215 0
    outer loop
      vertex 11.2214 27.3743 2.4
      vertex 10.906 27.3276 6.4
      vertex 11.2214 27.3743 6.4
    endloop
  endfacet
  facet normal -0.146469 0.989215 0
    outer loop
      vertex 10.906 27.3276 6.4
      vertex 11.2214 27.3743 2.4
      vertex 10.906 27.3276 2.4
    endloop
  endfacet
  facet normal 0.427668 -0.903936 0
    outer loop
      vertex 12.7837 21.1374 2.4
      vertex 13.072 21.2738 6.4
      vertex 12.7837 21.1374 6.4
    endloop
  endfacet
  facet normal 0.427668 -0.903936 0
    outer loop
      vertex 13.072 21.2738 6.4
      vertex 12.7837 21.1374 2.4
      vertex 13.072 21.2738 2.4
    endloop
  endfacet
  facet normal -0.67158 0.740932 0
    outer loop
      vertex 9.47822 26.6523 2.4
      vertex 9.2419 26.4381 6.4
      vertex 9.47822 26.6523 6.4
    endloop
  endfacet
  facet normal -0.67158 0.740932 0
    outer loop
      vertex 9.2419 26.4381 6.4
      vertex 9.47822 26.6523 2.4
      vertex 9.2419 26.4381 2.4
    endloop
  endfacet
  facet normal 0.857852 -0.513896 0
    outer loop
      vertex 14.2423 22.3344 6.4
      vertex 14.4062 22.608 2.4
      vertex 14.4062 22.608 6.4
    endloop
  endfacet
  facet normal 0.857852 -0.513896 0
    outer loop
      vertex 14.4062 22.608 2.4
      vertex 14.2423 22.3344 6.4
      vertex 14.2423 22.3344 2.4
    endloop
  endfacet
  facet normal -0.595707 0.803202 0
    outer loop
      vertex 9.7344 26.8423 2.4
      vertex 9.47822 26.6523 6.4
      vertex 9.7344 26.8423 6.4
    endloop
  endfacet
  facet normal -0.595707 0.803202 0
    outer loop
      vertex 9.47822 26.6523 6.4
      vertex 9.7344 26.8423 2.4
      vertex 9.47822 26.6523 2.4
    endloop
  endfacet
  facet normal 0.337031 0.941493 -0
    outer loop
      vertex 12.7837 27.1426 2.4
      vertex 12.4834 27.2501 6.4
      vertex 12.7837 27.1426 6.4
    endloop
  endfacet
  facet normal 0.337031 0.941493 0
    outer loop
      vertex 12.4834 27.2501 6.4
      vertex 12.7837 27.1426 2.4
      vertex 12.4834 27.2501 2.4
    endloop
  endfacet
  facet normal 0.740904 0.671611 0
    outer loop
      vertex 14.0523 26.2018 6.4
      vertex 13.8381 26.4381 2.4
      vertex 13.8381 26.4381 6.4
    endloop
  endfacet
  facet normal 0.740904 0.671611 0
    outer loop
      vertex 13.8381 26.4381 2.4
      vertex 14.0523 26.2018 6.4
      vertex 14.0523 26.2018 2.4
    endloop
  endfacet
  facet normal 0.998803 -0.0489056 0
    outer loop
      vertex 14.7744 23.8214 6.4
      vertex 14.79 24.14 2.4
      vertex 14.79 24.14 6.4
    endloop
  endfacet
  facet normal 0.998803 -0.0489056 0
    outer loop
      vertex 14.79 24.14 2.4
      vertex 14.7744 23.8214 6.4
      vertex 14.7744 23.8214 2.4
    endloop
  endfacet
  facet normal -0.941543 -0.336892 0
    outer loop
      vertex 8.53739 22.8963 2.4
      vertex 8.42994 23.1966 6.4
      vertex 8.42994 23.1966 2.4
    endloop
  endfacet
  facet normal -0.941543 -0.336892 0
    outer loop
      vertex 8.42994 23.1966 6.4
      vertex 8.53739 22.8963 2.4
      vertex 8.53739 22.8963 6.4
    endloop
  endfacet
  facet normal 0.513896 0.857852 -0
    outer loop
      vertex 13.3456 26.8423 2.4
      vertex 13.072 27.0062 6.4
      vertex 13.3456 26.8423 6.4
    endloop
  endfacet
  facet normal 0.513896 0.857852 0
    outer loop
      vertex 13.072 27.0062 6.4
      vertex 13.3456 26.8423 2.4
      vertex 13.072 27.0062 2.4
    endloop
  endfacet
  facet normal 0.595677 0.803224 -0
    outer loop
      vertex 13.6018 26.6523 2.4
      vertex 13.3456 26.8423 6.4
      vertex 13.6018 26.6523 6.4
    endloop
  endfacet
  facet normal 0.595677 0.803224 0
    outer loop
      vertex 13.3456 26.8423 6.4
      vertex 13.6018 26.6523 2.4
      vertex 13.3456 26.8423 2.4
    endloop
  endfacet
  facet normal 0.146776 -0.98917 0
    outer loop
      vertex 11.8586 20.9056 2.4
      vertex 12.174 20.9524 6.4
      vertex 11.8586 20.9056 6.4
    endloop
  endfacet
  facet normal 0.146776 -0.98917 0
    outer loop
      vertex 12.174 20.9524 6.4
      vertex 11.8586 20.9056 2.4
      vertex 12.174 20.9524 2.4
    endloop
  endfacet
  facet normal 0.740904 -0.671611 0
    outer loop
      vertex 13.8381 21.8419 6.4
      vertex 14.0523 22.0782 2.4
      vertex 14.0523 22.0782 6.4
    endloop
  endfacet
  facet normal 0.740904 -0.671611 0
    outer loop
      vertex 14.0523 22.0782 2.4
      vertex 13.8381 21.8419 6.4
      vertex 13.8381 21.8419 2.4
    endloop
  endfacet
  facet normal 0.803224 -0.595677 0
    outer loop
      vertex 14.0523 22.0782 6.4
      vertex 14.2423 22.3344 2.4
      vertex 14.2423 22.3344 6.4
    endloop
  endfacet
  facet normal 0.803224 -0.595677 0
    outer loop
      vertex 14.2423 22.3344 2.4
      vertex 14.0523 22.0782 6.4
      vertex 14.0523 22.0782 2.4
    endloop
  endfacet
  facet normal 0.242978 -0.970032 0
    outer loop
      vertex 12.174 20.9524 2.4
      vertex 12.4834 21.0299 6.4
      vertex 12.174 20.9524 6.4
    endloop
  endfacet
  facet normal 0.242978 -0.970032 0
    outer loop
      vertex 12.4834 21.0299 6.4
      vertex 12.174 20.9524 2.4
      vertex 12.4834 21.0299 2.4
    endloop
  endfacet
  facet normal 0.903936 -0.427668 0
    outer loop
      vertex 14.4062 22.608 6.4
      vertex 14.5426 22.8963 2.4
      vertex 14.5426 22.8963 6.4
    endloop
  endfacet
  facet normal 0.903936 -0.427668 0
    outer loop
      vertex 14.5426 22.8963 2.4
      vertex 14.4062 22.608 6.4
      vertex 14.4062 22.608 2.4
    endloop
  endfacet
  facet normal -0.242978 0.970032 0
    outer loop
      vertex 10.906 27.3276 2.4
      vertex 10.5966 27.2501 6.4
      vertex 10.906 27.3276 6.4
    endloop
  endfacet
  facet normal -0.242978 0.970032 0
    outer loop
      vertex 10.5966 27.2501 6.4
      vertex 10.906 27.3276 2.4
      vertex 10.5966 27.2501 2.4
    endloop
  endfacet
  facet normal -0.941543 0.336892 0
    outer loop
      vertex 8.42994 25.0834 2.4
      vertex 8.53739 25.3837 6.4
      vertex 8.53739 25.3837 2.4
    endloop
  endfacet
  facet normal -0.941543 0.336892 0
    outer loop
      vertex 8.53739 25.3837 6.4
      vertex 8.42994 25.0834 2.4
      vertex 8.42994 25.0834 6.4
    endloop
  endfacet
  facet normal -0.427668 0.903936 0
    outer loop
      vertex 10.2963 27.1426 2.4
      vertex 10.008 27.0062 6.4
      vertex 10.2963 27.1426 6.4
    endloop
  endfacet
  facet normal -0.427668 0.903936 0
    outer loop
      vertex 10.008 27.0062 6.4
      vertex 10.2963 27.1426 2.4
      vertex 10.008 27.0062 2.4
    endloop
  endfacet
  facet normal -0.98917 0.146776 0
    outer loop
      vertex 8.30565 24.4586 2.4
      vertex 8.35245 24.774 6.4
      vertex 8.35245 24.774 2.4
    endloop
  endfacet
  facet normal -0.98917 0.146776 0
    outer loop
      vertex 8.35245 24.774 6.4
      vertex 8.30565 24.4586 2.4
      vertex 8.30565 24.4586 6.4
    endloop
  endfacet
  facet normal -0.970039 0.242949 0
    outer loop
      vertex 8.35245 24.774 2.4
      vertex 8.42994 25.0834 6.4
      vertex 8.42994 25.0834 2.4
    endloop
  endfacet
  facet normal -0.970039 0.242949 0
    outer loop
      vertex 8.42994 25.0834 6.4
      vertex 8.35245 24.774 2.4
      vertex 8.35245 24.774 6.4
    endloop
  endfacet
  facet normal 0.427668 0.903936 -0
    outer loop
      vertex 13.072 27.0062 2.4
      vertex 12.7837 27.1426 6.4
      vertex 13.072 27.0062 6.4
    endloop
  endfacet
  facet normal 0.427668 0.903936 0
    outer loop
      vertex 12.7837 27.1426 6.4
      vertex 13.072 27.0062 2.4
      vertex 12.7837 27.1426 2.4
    endloop
  endfacet
  facet normal 0 0 -1
    outer loop
      vertex 12.89 24.14 2.4
      vertex 14.79 24.14 2.4
      vertex 14.7744 23.8214 2.4
    endloop
  endfacet
  facet normal 0 0 -1
    outer loop
      vertex 12.8835 24.0077 2.4
      vertex 14.7744 23.8214 2.4
      vertex 14.7276 23.506 2.4
    endloop
  endfacet
  facet normal 0 0 -1
    outer loop
      vertex 14.79 24.14 2.4
      vertex 12.89 24.14 2.4
      vertex 14.7744 24.4586 2.4
    endloop
  endfacet
  facet normal 0 0 -1
    outer loop
      vertex 12.8641 23.8766 2.4
      vertex 14.7276 23.506 2.4
      vertex 14.6501 23.1966 2.4
    endloop
  endfacet
  facet normal 0 0 -1
    outer loop
      vertex 12.8835 24.2723 2.4
      vertex 14.7744 24.4586 2.4
      vertex 12.89 24.14 2.4
    endloop
  endfacet
  facet normal 0 0 -1
    outer loop
      vertex 12.8319 23.7481 2.4
      vertex 14.6501 23.1966 2.4
      vertex 14.5426 22.8963 2.4
    endloop
  endfacet
  facet normal -0 0 -1
    outer loop
      vertex 14.7744 24.4586 2.4
      vertex 12.8835 24.2723 2.4
      vertex 14.7276 24.774 2.4
    endloop
  endfacet
  facet normal 0 0 -1
    outer loop
      vertex 12.7872 23.6234 2.4
      vertex 14.5426 22.8963 2.4
      vertex 14.4062 22.608 2.4
    endloop
  endfacet
  facet normal 0 0 -1
    outer loop
      vertex 12.8641 24.4034 2.4
      vertex 14.7276 24.774 2.4
      vertex 12.8835 24.2723 2.4
    endloop
  endfacet
  facet normal 0 0 -1
    outer loop
      vertex 12.7306 23.5036 2.4
      vertex 14.4062 22.608 2.4
      vertex 14.2423 22.3344 2.4
    endloop
  endfacet
  facet normal -0 0 -1
    outer loop
      vertex 14.7276 24.774 2.4
      vertex 12.8641 24.4034 2.4
      vertex 14.6501 25.0834 2.4
    endloop
  endfacet
  facet normal 0 0 -1
    outer loop
      vertex 12.6625 23.39 2.4
      vertex 14.2423 22.3344 2.4
      vertex 14.0523 22.0782 2.4
    endloop
  endfacet
  facet normal 0 0 -1
    outer loop
      vertex 12.8319 24.5319 2.4
      vertex 14.6501 25.0834 2.4
      vertex 12.8641 24.4034 2.4
    endloop
  endfacet
  facet normal 0 0 -1
    outer loop
      vertex 12.5836 23.2836 2.4
      vertex 14.0523 22.0782 2.4
      vertex 13.8381 21.8419 2.4
    endloop
  endfacet
  facet normal -0 0 -1
    outer loop
      vertex 14.6501 25.0834 2.4
      vertex 12.8319 24.5319 2.4
      vertex 14.5426 25.3837 2.4
    endloop
  endfacet
  facet normal 0 0 -1
    outer loop
      vertex 12.4946 23.1854 2.4
      vertex 13.8381 21.8419 2.4
      vertex 13.6018 21.6277 2.4
    endloop
  endfacet
  facet normal 0 0 -1
    outer loop
      vertex 12.7872 24.6566 2.4
      vertex 14.5426 25.3837 2.4
      vertex 12.8319 24.5319 2.4
    endloop
  endfacet
  facet normal 0 0 -1
    outer loop
      vertex 12.3964 23.0964 2.4
      vertex 13.6018 21.6277 2.4
      vertex 13.3456 21.4377 2.4
    endloop
  endfacet
  facet normal -0 0 -1
    outer loop
      vertex 14.5426 25.3837 2.4
      vertex 12.7872 24.6566 2.4
      vertex 14.4062 25.672 2.4
    endloop
  endfacet
  facet normal 0 0 -1
    outer loop
      vertex 12.29 23.0175 2.4
      vertex 13.3456 21.4377 2.4
      vertex 13.072 21.2738 2.4
    endloop
  endfacet
  facet normal 0 0 -1
    outer loop
      vertex 12.7306 24.7764 2.4
      vertex 14.4062 25.672 2.4
      vertex 12.7872 24.6566 2.4
    endloop
  endfacet
  facet normal -0 0 -1
    outer loop
      vertex 14.4062 25.672 2.4
      vertex 12.7306 24.7764 2.4
      vertex 14.2423 25.9456 2.4
    endloop
  endfacet
  facet normal 0 0 -1
    outer loop
      vertex 14.7744 23.8214 2.4
      vertex 12.8835 24.0077 2.4
      vertex 12.89 24.14 2.4
    endloop
  endfacet
  facet normal 0 0 -1
    outer loop
      vertex 14.7276 23.506 2.4
      vertex 12.8641 23.8766 2.4
      vertex 12.8835 24.0077 2.4
    endloop
  endfacet
  facet normal 0 0 -1
    outer loop
      vertex 14.6501 23.1966 2.4
      vertex 12.8319 23.7481 2.4
      vertex 12.8641 23.8766 2.4
    endloop
  endfacet
  facet normal 0 0 -1
    outer loop
      vertex 14.5426 22.8963 2.4
      vertex 12.7872 23.6234 2.4
      vertex 12.8319 23.7481 2.4
    endloop
  endfacet
  facet normal 0 0 -1
    outer loop
      vertex 12.1764 22.9494 2.4
      vertex 13.072 21.2738 2.4
      vertex 12.7837 21.1374 2.4
    endloop
  endfacet
  facet normal 0 0 -1
    outer loop
      vertex 14.4062 22.608 2.4
      vertex 12.7306 23.5036 2.4
      vertex 12.7872 23.6234 2.4
    endloop
  endfacet
  facet normal 0 0 -1
    outer loop
      vertex 14.2423 22.3344 2.4
      vertex 12.6625 23.39 2.4
      vertex 12.7306 23.5036 2.4
    endloop
  endfacet
  facet normal 0 0 -1
    outer loop
      vertex 14.0523 22.0782 2.4
      vertex 12.5836 23.2836 2.4
      vertex 12.6625 23.39 2.4
    endloop
  endfacet
  facet normal 0 0 -1
    outer loop
      vertex 13.8381 21.8419 2.4
      vertex 12.4946 23.1854 2.4
      vertex 12.5836 23.2836 2.4
    endloop
  endfacet
  facet normal 0 0 -1
    outer loop
      vertex 12.0566 22.8928 2.4
      vertex 12.7837 21.1374 2.4
      vertex 12.4834 21.0299 2.4
    endloop
  endfacet
  facet normal 0 0 -1
    outer loop
      vertex 13.6018 21.6277 2.4
      vertex 12.3964 23.0964 2.4
      vertex 12.4946 23.1854 2.4
    endloop
  endfacet
  facet normal 0 0 -1
    outer loop
      vertex 13.3456 21.4377 2.4
      vertex 12.29 23.0175 2.4
      vertex 12.3964 23.0964 2.4
    endloop
  endfacet
  facet normal 0 0 -1
    outer loop
      vertex 13.072 21.2738 2.4
      vertex 12.1764 22.9494 2.4
      vertex 12.29 23.0175 2.4
    endloop
  endfacet
  facet normal 0 0 -1
    outer loop
      vertex 11.9319 22.8481 2.4
      vertex 12.4834 21.0299 2.4
      vertex 12.174 20.9524 2.4
    endloop
  endfacet
  facet normal 0 0 -1
    outer loop
      vertex 12.7837 21.1374 2.4
      vertex 12.0566 22.8928 2.4
      vertex 12.1764 22.9494 2.4
    endloop
  endfacet
  facet normal 0 0 -1
    outer loop
      vertex 12.4834 21.0299 2.4
      vertex 11.9319 22.8481 2.4
      vertex 12.0566 22.8928 2.4
    endloop
  endfacet
  facet normal 0 0 -1
    outer loop
      vertex 11.8034 22.8159 2.4
      vertex 12.174 20.9524 2.4
      vertex 11.8586 20.9056 2.4
    endloop
  endfacet
  facet normal 0 0 -1
    outer loop
      vertex 12.174 20.9524 2.4
      vertex 11.8034 22.8159 2.4
      vertex 11.9319 22.8481 2.4
    endloop
  endfacet
  facet normal 0 0 -1
    outer loop
      vertex 11.8586 20.9056 2.4
      vertex 11.6723 22.7965 2.4
      vertex 11.8034 22.8159 2.4
    endloop
  endfacet
  facet normal 0 0 -1
    outer loop
      vertex 11.54 20.89 2.4
      vertex 11.6723 22.7965 2.4
      vertex 11.8586 20.9056 2.4
    endloop
  endfacet
  facet normal 0 0 -1
    outer loop
      vertex 11.54 20.89 2.4
      vertex 11.54 22.79 2.4
      vertex 11.6723 22.7965 2.4
    endloop
  endfacet
  facet normal 0 0 -1
    outer loop
      vertex 11.54 20.89 2.4
      vertex 11.4077 22.7965 2.4
      vertex 11.54 22.79 2.4
    endloop
  endfacet
  facet normal 0 0 -1
    outer loop
      vertex 11.2214 20.9056 2.4
      vertex 11.4077 22.7965 2.4
      vertex 11.54 20.89 2.4
    endloop
  endfacet
  facet normal -0 0 -1
    outer loop
      vertex 11.4077 22.7965 2.4
      vertex 11.2214 20.9056 2.4
      vertex 11.2766 22.8159 2.4
    endloop
  endfacet
  facet normal 0 0 -1
    outer loop
      vertex 10.906 20.9524 2.4
      vertex 11.2766 22.8159 2.4
      vertex 11.2214 20.9056 2.4
    endloop
  endfacet
  facet normal -0 0 -1
    outer loop
      vertex 11.2766 22.8159 2.4
      vertex 10.906 20.9524 2.4
      vertex 11.1481 22.8481 2.4
    endloop
  endfacet
  facet normal 0 0 -1
    outer loop
      vertex 10.5966 21.0299 2.4
      vertex 11.1481 22.8481 2.4
      vertex 10.906 20.9524 2.4
    endloop
  endfacet
  facet normal -0 0 -1
    outer loop
      vertex 11.1481 22.8481 2.4
      vertex 10.5966 21.0299 2.4
      vertex 11.0234 22.8928 2.4
    endloop
  endfacet
  facet normal 0 0 -1
    outer loop
      vertex 10.2963 21.1374 2.4
      vertex 11.0234 22.8928 2.4
      vertex 10.5966 21.0299 2.4
    endloop
  endfacet
  facet normal -0 0 -1
    outer loop
      vertex 11.0234 22.8928 2.4
      vertex 10.2963 21.1374 2.4
      vertex 10.9036 22.9494 2.4
    endloop
  endfacet
  facet normal 0 0 -1
    outer loop
      vertex 10.008 21.2738 2.4
      vertex 10.9036 22.9494 2.4
      vertex 10.2963 21.1374 2.4
    endloop
  endfacet
  facet normal -0 0 -1
    outer loop
      vertex 10.9036 22.9494 2.4
      vertex 10.008 21.2738 2.4
      vertex 10.79 23.0175 2.4
    endloop
  endfacet
  facet normal 0 0 -1
    outer loop
      vertex 9.7344 21.4377 2.4
      vertex 10.79 23.0175 2.4
      vertex 10.008 21.2738 2.4
    endloop
  endfacet
  facet normal -0 0 -1
    outer loop
      vertex 10.79 23.0175 2.4
      vertex 9.7344 21.4377 2.4
      vertex 10.6836 23.0964 2.4
    endloop
  endfacet
  facet normal 0 0 -1
    outer loop
      vertex 9.47822 21.6277 2.4
      vertex 10.6836 23.0964 2.4
      vertex 9.7344 21.4377 2.4
    endloop
  endfacet
  facet normal -0 0 -1
    outer loop
      vertex 10.6836 23.0964 2.4
      vertex 9.47822 21.6277 2.4
      vertex 10.5854 23.1854 2.4
    endloop
  endfacet
  facet normal 0 0 -1
    outer loop
      vertex 9.2419 21.8419 2.4
      vertex 10.5854 23.1854 2.4
      vertex 9.47822 21.6277 2.4
    endloop
  endfacet
  facet normal -0 0 -1
    outer loop
      vertex 10.5854 23.1854 2.4
      vertex 9.2419 21.8419 2.4
      vertex 10.4964 23.2836 2.4
    endloop
  endfacet
  facet normal 0 0 -1
    outer loop
      vertex 9.02772 22.0782 2.4
      vertex 10.4964 23.2836 2.4
      vertex 9.2419 21.8419 2.4
    endloop
  endfacet
  facet normal -0 0 -1
    outer loop
      vertex 10.4964 23.2836 2.4
      vertex 9.02772 22.0782 2.4
      vertex 10.4175 23.39 2.4
    endloop
  endfacet
  facet normal 0 0 -1
    outer loop
      vertex 8.83772 22.3344 2.4
      vertex 10.4175 23.39 2.4
      vertex 9.02772 22.0782 2.4
    endloop
  endfacet
  facet normal -0 0 -1
    outer loop
      vertex 10.4175 23.39 2.4
      vertex 8.83772 22.3344 2.4
      vertex 10.3494 23.5036 2.4
    endloop
  endfacet
  facet normal 0 0 -1
    outer loop
      vertex 12.6625 24.89 2.4
      vertex 14.2423 25.9456 2.4
      vertex 12.7306 24.7764 2.4
    endloop
  endfacet
  facet normal -0 0 -1
    outer loop
      vertex 14.2423 25.9456 2.4
      vertex 12.6625 24.89 2.4
      vertex 14.0523 26.2018 2.4
    endloop
  endfacet
  facet normal 0 0 -1
    outer loop
      vertex 12.5836 24.9964 2.4
      vertex 14.0523 26.2018 2.4
      vertex 12.6625 24.89 2.4
    endloop
  endfacet
  facet normal -0 0 -1
    outer loop
      vertex 14.0523 26.2018 2.4
      vertex 12.5836 24.9964 2.4
      vertex 13.8381 26.4381 2.4
    endloop
  endfacet
  facet normal 0 0 -1
    outer loop
      vertex 12.4946 25.0946 2.4
      vertex 13.8381 26.4381 2.4
      vertex 12.5836 24.9964 2.4
    endloop
  endfacet
  facet normal -0 0 -1
    outer loop
      vertex 13.8381 26.4381 2.4
      vertex 12.4946 25.0946 2.4
      vertex 13.6018 26.6523 2.4
    endloop
  endfacet
  facet normal 0 0 -1
    outer loop
      vertex 12.3964 25.1836 2.4
      vertex 13.6018 26.6523 2.4
      vertex 12.4946 25.0946 2.4
    endloop
  endfacet
  facet normal -0 0 -1
    outer loop
      vertex 13.6018 26.6523 2.4
      vertex 12.3964 25.1836 2.4
      vertex 13.3456 26.8423 2.4
    endloop
  endfacet
  facet normal 0 0 -1
    outer loop
      vertex 12.29 25.2625 2.4
      vertex 13.3456 26.8423 2.4
      vertex 12.3964 25.1836 2.4
    endloop
  endfacet
  facet normal -0 0 -1
    outer loop
      vertex 13.3456 26.8423 2.4
      vertex 12.29 25.2625 2.4
      vertex 13.072 27.0062 2.4
    endloop
  endfacet
  facet normal 0 0 -1
    outer loop
      vertex 12.1764 25.3306 2.4
      vertex 13.072 27.0062 2.4
      vertex 12.29 25.2625 2.4
    endloop
  endfacet
  facet normal -0 0 -1
    outer loop
      vertex 13.072 27.0062 2.4
      vertex 12.1764 25.3306 2.4
      vertex 12.7837 27.1426 2.4
    endloop
  endfacet
  facet normal 0 0 -1
    outer loop
      vertex 12.0566 25.3872 2.4
      vertex 12.7837 27.1426 2.4
      vertex 12.1764 25.3306 2.4
    endloop
  endfacet
  facet normal -0 0 -1
    outer loop
      vertex 12.7837 27.1426 2.4
      vertex 12.0566 25.3872 2.4
      vertex 12.4834 27.2501 2.4
    endloop
  endfacet
  facet normal 0 0 -1
    outer loop
      vertex 11.9319 25.4319 2.4
      vertex 12.4834 27.2501 2.4
      vertex 12.0566 25.3872 2.4
    endloop
  endfacet
  facet normal -0 0 -1
    outer loop
      vertex 12.4834 27.2501 2.4
      vertex 11.9319 25.4319 2.4
      vertex 12.174 27.3276 2.4
    endloop
  endfacet
  facet normal 0 0 -1
    outer loop
      vertex 11.8034 25.4641 2.4
      vertex 12.174 27.3276 2.4
      vertex 11.9319 25.4319 2.4
    endloop
  endfacet
  facet normal -0 0 -1
    outer loop
      vertex 12.174 27.3276 2.4
      vertex 11.8034 25.4641 2.4
      vertex 11.8586 27.3743 2.4
    endloop
  endfacet
  facet normal 0 0 -1
    outer loop
      vertex 11.6723 25.4835 2.4
      vertex 11.8586 27.3743 2.4
      vertex 11.8034 25.4641 2.4
    endloop
  endfacet
  facet normal 0 0 -1
    outer loop
      vertex 11.54 25.49 2.4
      vertex 11.8586 27.3743 2.4
      vertex 11.6723 25.4835 2.4
    endloop
  endfacet
  facet normal 0 0 -1
    outer loop
      vertex 11.54 25.49 2.4
      vertex 11.54 27.39 2.4
      vertex 11.8586 27.3743 2.4
    endloop
  endfacet
  facet normal 0 0 -1
    outer loop
      vertex 11.4077 25.4835 2.4
      vertex 11.54 27.39 2.4
      vertex 11.54 25.49 2.4
    endloop
  endfacet
  facet normal 0 0 -1
    outer loop
      vertex 11.2214 27.3743 2.4
      vertex 11.4077 25.4835 2.4
      vertex 11.2766 25.4641 2.4
    endloop
  endfacet
  facet normal 0 0 -1
    outer loop
      vertex 11.4077 25.4835 2.4
      vertex 11.2214 27.3743 2.4
      vertex 11.54 27.39 2.4
    endloop
  endfacet
  facet normal 0 0 -1
    outer loop
      vertex 10.906 27.3276 2.4
      vertex 11.2766 25.4641 2.4
      vertex 11.1481 25.4319 2.4
    endloop
  endfacet
  facet normal 0 0 -1
    outer loop
      vertex 10.5966 27.2501 2.4
      vertex 11.1481 25.4319 2.4
      vertex 11.0234 25.3872 2.4
    endloop
  endfacet
  facet normal 0 0 -1
    outer loop
      vertex 11.2766 25.4641 2.4
      vertex 10.906 27.3276 2.4
      vertex 11.2214 27.3743 2.4
    endloop
  endfacet
  facet normal 0 0 -1
    outer loop
      vertex 10.2963 27.1426 2.4
      vertex 11.0234 25.3872 2.4
      vertex 10.9036 25.3306 2.4
    endloop
  endfacet
  facet normal 0 0 -1
    outer loop
      vertex 10.008 27.0062 2.4
      vertex 10.9036 25.3306 2.4
      vertex 10.79 25.2625 2.4
    endloop
  endfacet
  facet normal 0 0 -1
    outer loop
      vertex 9.7344 26.8423 2.4
      vertex 10.79 25.2625 2.4
      vertex 10.6836 25.1836 2.4
    endloop
  endfacet
  facet normal 0 0 -1
    outer loop
      vertex 11.1481 25.4319 2.4
      vertex 10.5966 27.2501 2.4
      vertex 10.906 27.3276 2.4
    endloop
  endfacet
  facet normal 0 0 -1
    outer loop
      vertex 9.47822 26.6523 2.4
      vertex 10.6836 25.1836 2.4
      vertex 10.5854 25.0946 2.4
    endloop
  endfacet
  facet normal 0 0 -1
    outer loop
      vertex 9.2419 26.4381 2.4
      vertex 10.5854 25.0946 2.4
      vertex 10.4964 24.9964 2.4
    endloop
  endfacet
  facet normal 0 0 -1
    outer loop
      vertex 9.02772 26.2018 2.4
      vertex 10.4964 24.9964 2.4
      vertex 10.4175 24.89 2.4
    endloop
  endfacet
  facet normal 0 0 -1
    outer loop
      vertex 8.83772 25.9456 2.4
      vertex 10.4175 24.89 2.4
      vertex 10.3494 24.7764 2.4
    endloop
  endfacet
  facet normal 0 0 -1
    outer loop
      vertex 11.0234 25.3872 2.4
      vertex 10.2963 27.1426 2.4
      vertex 10.5966 27.2501 2.4
    endloop
  endfacet
  facet normal 0 0 -1
    outer loop
      vertex 8.67376 25.672 2.4
      vertex 10.3494 24.7764 2.4
      vertex 10.2928 24.6566 2.4
    endloop
  endfacet
  facet normal 0 0 -1
    outer loop
      vertex 8.53739 25.3837 2.4
      vertex 10.2928 24.6566 2.4
      vertex 10.2481 24.5319 2.4
    endloop
  endfacet
  facet normal 0 0 -1
    outer loop
      vertex 8.42994 25.0834 2.4
      vertex 10.2481 24.5319 2.4
      vertex 10.2159 24.4034 2.4
    endloop
  endfacet
  facet normal 0 0 -1
    outer loop
      vertex 8.35245 24.774 2.4
      vertex 10.2159 24.4034 2.4
      vertex 10.1965 24.2723 2.4
    endloop
  endfacet
  facet normal 0 0 -1
    outer loop
      vertex 8.30565 24.4586 2.4
      vertex 10.1965 24.2723 2.4
      vertex 10.19 24.14 2.4
    endloop
  endfacet
  facet normal 0 0 -1
    outer loop
      vertex 8.67376 22.608 2.4
      vertex 10.3494 23.5036 2.4
      vertex 8.83772 22.3344 2.4
    endloop
  endfacet
  facet normal 0 0 -1
    outer loop
      vertex 10.9036 25.3306 2.4
      vertex 10.008 27.0062 2.4
      vertex 10.2963 27.1426 2.4
    endloop
  endfacet
  facet normal -0 0 -1
    outer loop
      vertex 10.3494 23.5036 2.4
      vertex 8.67376 22.608 2.4
      vertex 10.2928 23.6234 2.4
    endloop
  endfacet
  facet normal 0 0 -1
    outer loop
      vertex 10.79 25.2625 2.4
      vertex 9.7344 26.8423 2.4
      vertex 10.008 27.0062 2.4
    endloop
  endfacet
  facet normal 0 0 -1
    outer loop
      vertex 8.53739 22.8963 2.4
      vertex 10.2928 23.6234 2.4
      vertex 8.67376 22.608 2.4
    endloop
  endfacet
  facet normal 0 0 -1
    outer loop
      vertex 10.6836 25.1836 2.4
      vertex 9.47822 26.6523 2.4
      vertex 9.7344 26.8423 2.4
    endloop
  endfacet
  facet normal -0 0 -1
    outer loop
      vertex 10.2928 23.6234 2.4
      vertex 8.53739 22.8963 2.4
      vertex 10.2481 23.7481 2.4
    endloop
  endfacet
  facet normal 0 0 -1
    outer loop
      vertex 10.5854 25.0946 2.4
      vertex 9.2419 26.4381 2.4
      vertex 9.47822 26.6523 2.4
    endloop
  endfacet
  facet normal 0 0 -1
    outer loop
      vertex 8.42994 23.1966 2.4
      vertex 10.2481 23.7481 2.4
      vertex 8.53739 22.8963 2.4
    endloop
  endfacet
  facet normal 0 0 -1
    outer loop
      vertex 10.4964 24.9964 2.4
      vertex 9.02772 26.2018 2.4
      vertex 9.2419 26.4381 2.4
    endloop
  endfacet
  facet normal -0 0 -1
    outer loop
      vertex 10.2481 23.7481 2.4
      vertex 8.42994 23.1966 2.4
      vertex 10.2159 23.8766 2.4
    endloop
  endfacet
  facet normal 0 0 -1
    outer loop
      vertex 10.4175 24.89 2.4
      vertex 8.83772 25.9456 2.4
      vertex 9.02772 26.2018 2.4
    endloop
  endfacet
  facet normal 0 0 -1
    outer loop
      vertex 8.35245 23.506 2.4
      vertex 10.2159 23.8766 2.4
      vertex 8.42994 23.1966 2.4
    endloop
  endfacet
  facet normal 0 0 -1
    outer loop
      vertex 10.3494 24.7764 2.4
      vertex 8.67376 25.672 2.4
      vertex 8.83772 25.9456 2.4
    endloop
  endfacet
  facet normal -0 0 -1
    outer loop
      vertex 10.2159 23.8766 2.4
      vertex 8.35245 23.506 2.4
      vertex 10.1965 24.0077 2.4
    endloop
  endfacet
  facet normal 0 0 -1
    outer loop
      vertex 10.2928 24.6566 2.4
      vertex 8.53739 25.3837 2.4
      vertex 8.67376 25.672 2.4
    endloop
  endfacet
  facet normal 0 0 -1
    outer loop
      vertex 8.30565 23.8214 2.4
      vertex 10.1965 24.0077 2.4
      vertex 8.35245 23.506 2.4
    endloop
  endfacet
  facet normal 0 0 -1
    outer loop
      vertex 10.2481 24.5319 2.4
      vertex 8.42994 25.0834 2.4
      vertex 8.53739 25.3837 2.4
    endloop
  endfacet
  facet normal -0 0 -1
    outer loop
      vertex 10.1965 24.0077 2.4
      vertex 8.30565 23.8214 2.4
      vertex 10.19 24.14 2.4
    endloop
  endfacet
  facet normal 0 0 -1
    outer loop
      vertex 10.2159 24.4034 2.4
      vertex 8.35245 24.774 2.4
      vertex 8.42994 25.0834 2.4
    endloop
  endfacet
  facet normal 0 0 -1
    outer loop
      vertex 8.29 24.14 2.4
      vertex 10.19 24.14 2.4
      vertex 8.30565 23.8214 2.4
    endloop
  endfacet
  facet normal 0 0 -1
    outer loop
      vertex 10.1965 24.2723 2.4
      vertex 8.30565 24.4586 2.4
      vertex 8.35245 24.774 2.4
    endloop
  endfacet
  facet normal 0 0 -1
    outer loop
      vertex 10.19 24.14 2.4
      vertex 8.29 24.14 2.4
      vertex 8.30565 24.4586 2.4
    endloop
  endfacet
  facet normal 0.98917 -0.146776 0
    outer loop
      vertex 14.7276 23.506 6.4
      vertex 14.7744 23.8214 2.4
      vertex 14.7744 23.8214 6.4
    endloop
  endfacet
  facet normal 0.98917 -0.146776 0
    outer loop
      vertex 14.7744 23.8214 2.4
      vertex 14.7276 23.506 6.4
      vertex 14.7276 23.506 2.4
    endloop
  endfacet
  facet normal 0.146469 0.989215 -0
    outer loop
      vertex 12.174 27.3276 2.4
      vertex 11.8586 27.3743 6.4
      vertex 12.174 27.3276 6.4
    endloop
  endfacet
  facet normal 0.146469 0.989215 0
    outer loop
      vertex 11.8586 27.3743 6.4
      vertex 12.174 27.3276 2.4
      vertex 11.8586 27.3743 2.4
    endloop
  endfacet
  facet normal 0.0492184 0.998788 -0
    outer loop
      vertex 11.8586 27.3743 2.4
      vertex 11.54 27.39 6.4
      vertex 11.8586 27.3743 6.4
    endloop
  endfacet
  facet normal 0.0492184 0.998788 0
    outer loop
      vertex 11.54 27.39 6.4
      vertex 11.8586 27.3743 2.4
      vertex 11.54 27.39 2.4
    endloop
  endfacet
  facet normal -0.740935 -0.671576 0
    outer loop
      vertex 9.2419 21.8419 2.4
      vertex 9.02772 22.0782 6.4
      vertex 9.02772 22.0782 2.4
    endloop
  endfacet
  facet normal -0.740935 -0.671576 0
    outer loop
      vertex 9.02772 22.0782 6.4
      vertex 9.2419 21.8419 2.4
      vertex 9.2419 21.8419 6.4
    endloop
  endfacet
  facet normal -0.857769 -0.514035 0
    outer loop
      vertex 8.83772 22.3344 2.4
      vertex 8.67376 22.608 6.4
      vertex 8.67376 22.608 2.4
    endloop
  endfacet
  facet normal -0.857769 -0.514035 0
    outer loop
      vertex 8.67376 22.608 6.4
      vertex 8.83772 22.3344 2.4
      vertex 8.83772 22.3344 6.4
    endloop
  endfacet
  facet normal -0.337031 0.941493 0
    outer loop
      vertex 10.5966 27.2501 2.4
      vertex 10.2963 27.1426 6.4
      vertex 10.5966 27.2501 6.4
    endloop
  endfacet
  facet normal -0.337031 0.941493 0
    outer loop
      vertex 10.2963 27.1426 6.4
      vertex 10.5966 27.2501 2.4
      vertex 10.2963 27.1426 2.4
    endloop
  endfacet
  facet normal -0.513896 -0.857852 0
    outer loop
      vertex 9.7344 21.4377 2.4
      vertex 10.008 21.2738 6.4
      vertex 9.7344 21.4377 6.4
    endloop
  endfacet
  facet normal -0.513896 -0.857852 -0
    outer loop
      vertex 10.008 21.2738 6.4
      vertex 9.7344 21.4377 2.4
      vertex 10.008 21.2738 2.4
    endloop
  endfacet
  facet normal 0.595677 -0.803224 0
    outer loop
      vertex 13.3456 21.4377 2.4
      vertex 13.6018 21.6277 6.4
      vertex 13.3456 21.4377 6.4
    endloop
  endfacet
  facet normal 0.595677 -0.803224 0
    outer loop
      vertex 13.6018 21.6277 6.4
      vertex 13.3456 21.4377 2.4
      vertex 13.6018 21.6277 2.4
    endloop
  endfacet
  facet normal -0.337031 -0.941493 0
    outer loop
      vertex 10.2963 21.1374 2.4
      vertex 10.5966 21.0299 6.4
      vertex 10.2963 21.1374 6.4
    endloop
  endfacet
  facet normal -0.337031 -0.941493 -0
    outer loop
      vertex 10.5966 21.0299 6.4
      vertex 10.2963 21.1374 2.4
      vertex 10.5966 21.0299 2.4
    endloop
  endfacet
  facet normal -0.803224 -0.595677 0
    outer loop
      vertex 9.02772 22.0782 2.4
      vertex 8.83772 22.3344 6.4
      vertex 8.83772 22.3344 2.4
    endloop
  endfacet
  facet normal -0.803224 -0.595677 0
    outer loop
      vertex 8.83772 22.3344 6.4
      vertex 9.02772 22.0782 2.4
      vertex 9.02772 22.0782 6.4
    endloop
  endfacet
  facet normal -0.903972 0.427592 0
    outer loop
      vertex 8.53739 25.3837 2.4
      vertex 8.67376 25.672 6.4
      vertex 8.67376 25.672 2.4
    endloop
  endfacet
  facet normal -0.903972 0.427592 0
    outer loop
      vertex 8.67376 25.672 6.4
      vertex 8.53739 25.3837 2.4
      vertex 8.53739 25.3837 6.4
    endloop
  endfacet
  facet normal -0.98917 -0.146776 0
    outer loop
      vertex 8.35245 23.506 2.4
      vertex 8.30565 23.8214 6.4
      vertex 8.30565 23.8214 2.4
    endloop
  endfacet
  facet normal -0.98917 -0.146776 0
    outer loop
      vertex 8.30565 23.8214 6.4
      vertex 8.35245 23.506 2.4
      vertex 8.35245 23.506 6.4
    endloop
  endfacet
  facet normal 0.242978 0.970032 -0
    outer loop
      vertex 12.4834 27.2501 2.4
      vertex 12.174 27.3276 6.4
      vertex 12.4834 27.2501 6.4
    endloop
  endfacet
  facet normal 0.242978 0.970032 0
    outer loop
      vertex 12.174 27.3276 6.4
      vertex 12.4834 27.2501 2.4
      vertex 12.174 27.3276 2.4
    endloop
  endfacet
  facet normal 0.513896 -0.857852 0
    outer loop
      vertex 13.072 21.2738 2.4
      vertex 13.3456 21.4377 6.4
      vertex 13.072 21.2738 6.4
    endloop
  endfacet
  facet normal 0.513896 -0.857852 0
    outer loop
      vertex 13.3456 21.4377 6.4
      vertex 13.072 21.2738 2.4
      vertex 13.3456 21.4377 2.4
    endloop
  endfacet
  facet normal -0.67158 -0.740932 0
    outer loop
      vertex 9.2419 21.8419 2.4
      vertex 9.47822 21.6277 6.4
      vertex 9.2419 21.8419 6.4
    endloop
  endfacet
  facet normal -0.67158 -0.740932 -0
    outer loop
      vertex 9.47822 21.6277 6.4
      vertex 9.2419 21.8419 2.4
      vertex 9.47822 21.6277 2.4
    endloop
  endfacet
  facet normal -0.0489056 -0.998803 0
    outer loop
      vertex 11.2214 20.9056 2.4
      vertex 11.54 20.89 6.4
      vertex 11.2214 20.9056 6.4
    endloop
  endfacet
  facet normal -0.0489056 -0.998803 -0
    outer loop
      vertex 11.54 20.89 6.4
      vertex 11.2214 20.9056 2.4
      vertex 11.54 20.89 2.4
    endloop
  endfacet
  facet normal 0 0 1
    outer loop
      vertex 12.89 24.14 6.4
      vertex 14.79 24.14 6.4
      vertex 14.7744 24.4586 6.4
    endloop
  endfacet
  facet normal 0 0 1
    outer loop
      vertex 12.8835 24.2723 6.4
      vertex 14.7744 24.4586 6.4
      vertex 14.7276 24.774 6.4
    endloop
  endfacet
  facet normal 0 0 1
    outer loop
      vertex 14.79 24.14 6.4
      vertex 12.89 24.14 6.4
      vertex 14.7744 23.8214 6.4
    endloop
  endfacet
  facet normal 0 0 1
    outer loop
      vertex 12.8641 24.4034 6.4
      vertex 14.7276 24.774 6.4
      vertex 14.6501 25.0834 6.4
    endloop
  endfacet
  facet normal -0 0 1
    outer loop
      vertex 12.8835 24.0077 6.4
      vertex 14.7744 23.8214 6.4
      vertex 12.89 24.14 6.4
    endloop
  endfacet
  facet normal 0 0 1
    outer loop
      vertex 12.8319 24.5319 6.4
      vertex 14.6501 25.0834 6.4
      vertex 14.5426 25.3837 6.4
    endloop
  endfacet
  facet normal 0 0 1
    outer loop
      vertex 14.7744 23.8214 6.4
      vertex 12.8835 24.0077 6.4
      vertex 14.7276 23.506 6.4
    endloop
  endfacet
  facet normal 0 0 1
    outer loop
      vertex 12.7872 24.6566 6.4
      vertex 14.5426 25.3837 6.4
      vertex 14.4062 25.672 6.4
    endloop
  endfacet
  facet normal -0 0 1
    outer loop
      vertex 12.8641 23.8766 6.4
      vertex 14.7276 23.506 6.4
      vertex 12.8835 24.0077 6.4
    endloop
  endfacet
  facet normal 0 0 1
    outer loop
      vertex 12.7306 24.7764 6.4
      vertex 14.4062 25.672 6.4
      vertex 14.2423 25.9456 6.4
    endloop
  endfacet
  facet normal 0 0 1
    outer loop
      vertex 14.7276 23.506 6.4
      vertex 12.8641 23.8766 6.4
      vertex 14.6501 23.1966 6.4
    endloop
  endfacet
  facet normal 0 0 1
    outer loop
      vertex 12.6625 24.89 6.4
      vertex 14.2423 25.9456 6.4
      vertex 14.0523 26.2018 6.4
    endloop
  endfacet
  facet normal -0 0 1
    outer loop
      vertex 12.8319 23.7481 6.4
      vertex 14.6501 23.1966 6.4
      vertex 12.8641 23.8766 6.4
    endloop
  endfacet
  facet normal 0 0 1
    outer loop
      vertex 12.5836 24.9964 6.4
      vertex 14.0523 26.2018 6.4
      vertex 13.8381 26.4381 6.4
    endloop
  endfacet
  facet normal 0 0 1
    outer loop
      vertex 14.6501 23.1966 6.4
      vertex 12.8319 23.7481 6.4
      vertex 14.5426 22.8963 6.4
    endloop
  endfacet
  facet normal 0 0 1
    outer loop
      vertex 12.4946 25.0946 6.4
      vertex 13.8381 26.4381 6.4
      vertex 13.6018 26.6523 6.4
    endloop
  endfacet
  facet normal -0 0 1
    outer loop
      vertex 12.7872 23.6234 6.4
      vertex 14.5426 22.8963 6.4
      vertex 12.8319 23.7481 6.4
    endloop
  endfacet
  facet normal 0 0 1
    outer loop
      vertex 12.3964 25.1836 6.4
      vertex 13.6018 26.6523 6.4
      vertex 13.3456 26.8423 6.4
    endloop
  endfacet
  facet normal 0 0 1
    outer loop
      vertex 14.5426 22.8963 6.4
      vertex 12.7872 23.6234 6.4
      vertex 14.4062 22.608 6.4
    endloop
  endfacet
  facet normal 0 0 1
    outer loop
      vertex 12.29 25.2625 6.4
      vertex 13.3456 26.8423 6.4
      vertex 13.072 27.0062 6.4
    endloop
  endfacet
  facet normal -0 0 1
    outer loop
      vertex 12.7306 23.5036 6.4
      vertex 14.4062 22.608 6.4
      vertex 12.7872 23.6234 6.4
    endloop
  endfacet
  facet normal 0 0 1
    outer loop
      vertex 14.4062 22.608 6.4
      vertex 12.7306 23.5036 6.4
      vertex 14.2423 22.3344 6.4
    endloop
  endfacet
  facet normal 0 0 1
    outer loop
      vertex 14.7744 24.4586 6.4
      vertex 12.8835 24.2723 6.4
      vertex 12.89 24.14 6.4
    endloop
  endfacet
  facet normal 0 0 1
    outer loop
      vertex 14.7276 24.774 6.4
      vertex 12.8641 24.4034 6.4
      vertex 12.8835 24.2723 6.4
    endloop
  endfacet
  facet normal 0 0 1
    outer loop
      vertex 14.6501 25.0834 6.4
      vertex 12.8319 24.5319 6.4
      vertex 12.8641 24.4034 6.4
    endloop
  endfacet
  facet normal 0 0 1
    outer loop
      vertex 14.5426 25.3837 6.4
      vertex 12.7872 24.6566 6.4
      vertex 12.8319 24.5319 6.4
    endloop
  endfacet
  facet normal 0 0 1
    outer loop
      vertex 12.1764 25.3306 6.4
      vertex 13.072 27.0062 6.4
      vertex 12.7837 27.1426 6.4
    endloop
  endfacet
  facet normal 0 0 1
    outer loop
      vertex 14.4062 25.672 6.4
      vertex 12.7306 24.7764 6.4
      vertex 12.7872 24.6566 6.4
    endloop
  endfacet
  facet normal 0 0 1
    outer loop
      vertex 14.2423 25.9456 6.4
      vertex 12.6625 24.89 6.4
      vertex 12.7306 24.7764 6.4
    endloop
  endfacet
  facet normal 0 0 1
    outer loop
      vertex 14.0523 26.2018 6.4
      vertex 12.5836 24.9964 6.4
      vertex 12.6625 24.89 6.4
    endloop
  endfacet
  facet normal 0 0 1
    outer loop
      vertex 13.8381 26.4381 6.4
      vertex 12.4946 25.0946 6.4
      vertex 12.5836 24.9964 6.4
    endloop
  endfacet
  facet normal 0 0 1
    outer loop
      vertex 12.0566 25.3872 6.4
      vertex 12.7837 27.1426 6.4
      vertex 12.4834 27.2501 6.4
    endloop
  endfacet
  facet normal 0 0 1
    outer loop
      vertex 13.6018 26.6523 6.4
      vertex 12.3964 25.1836 6.4
      vertex 12.4946 25.0946 6.4
    endloop
  endfacet
  facet normal 0 0 1
    outer loop
      vertex 13.3456 26.8423 6.4
      vertex 12.29 25.2625 6.4
      vertex 12.3964 25.1836 6.4
    endloop
  endfacet
  facet normal 0 0 1
    outer loop
      vertex 13.072 27.0062 6.4
      vertex 12.1764 25.3306 6.4
      vertex 12.29 25.2625 6.4
    endloop
  endfacet
  facet normal 0 0 1
    outer loop
      vertex 11.9319 25.4319 6.4
      vertex 12.4834 27.2501 6.4
      vertex 12.174 27.3276 6.4
    endloop
  endfacet
  facet normal 0 0 1
    outer loop
      vertex 12.7837 27.1426 6.4
      vertex 12.0566 25.3872 6.4
      vertex 12.1764 25.3306 6.4
    endloop
  endfacet
  facet normal 0 0 1
    outer loop
      vertex 12.4834 27.2501 6.4
      vertex 11.9319 25.4319 6.4
      vertex 12.0566 25.3872 6.4
    endloop
  endfacet
  facet normal 0 0 1
    outer loop
      vertex 11.8034 25.4641 6.4
      vertex 12.174 27.3276 6.4
      vertex 11.8586 27.3743 6.4
    endloop
  endfacet
  facet normal 0 0 1
    outer loop
      vertex 12.174 27.3276 6.4
      vertex 11.8034 25.4641 6.4
      vertex 11.9319 25.4319 6.4
    endloop
  endfacet
  facet normal 0 0 1
    outer loop
      vertex 11.8586 27.3743 6.4
      vertex 11.6723 25.4835 6.4
      vertex 11.8034 25.4641 6.4
    endloop
  endfacet
  facet normal 0 0 1
    outer loop
      vertex 11.54 27.39 6.4
      vertex 11.6723 25.4835 6.4
      vertex 11.8586 27.3743 6.4
    endloop
  endfacet
  facet normal 0 0 1
    outer loop
      vertex 11.54 27.39 6.4
      vertex 11.54 25.49 6.4
      vertex 11.6723 25.4835 6.4
    endloop
  endfacet
  facet normal 0 0 1
    outer loop
      vertex 11.54 27.39 6.4
      vertex 11.4077 25.4835 6.4
      vertex 11.54 25.49 6.4
    endloop
  endfacet
  facet normal -0 0 1
    outer loop
      vertex 11.2214 27.3743 6.4
      vertex 11.4077 25.4835 6.4
      vertex 11.54 27.39 6.4
    endloop
  endfacet
  facet normal 0 0 1
    outer loop
      vertex 11.4077 25.4835 6.4
      vertex 11.2214 27.3743 6.4
      vertex 11.2766 25.4641 6.4
    endloop
  endfacet
  facet normal -0 0 1
    outer loop
      vertex 10.906 27.3276 6.4
      vertex 11.2766 25.4641 6.4
      vertex 11.2214 27.3743 6.4
    endloop
  endfacet
  facet normal 0 0 1
    outer loop
      vertex 11.2766 25.4641 6.4
      vertex 10.906 27.3276 6.4
      vertex 11.1481 25.4319 6.4
    endloop
  endfacet
  facet normal -0 0 1
    outer loop
      vertex 10.5966 27.2501 6.4
      vertex 11.1481 25.4319 6.4
      vertex 10.906 27.3276 6.4
    endloop
  endfacet
  facet normal 0 0 1
    outer loop
      vertex 11.1481 25.4319 6.4
      vertex 10.5966 27.2501 6.4
      vertex 11.0234 25.3872 6.4
    endloop
  endfacet
  facet normal -0 0 1
    outer loop
      vertex 10.2963 27.1426 6.4
      vertex 11.0234 25.3872 6.4
      vertex 10.5966 27.2501 6.4
    endloop
  endfacet
  facet normal 0 0 1
    outer loop
      vertex 11.0234 25.3872 6.4
      vertex 10.2963 27.1426 6.4
      vertex 10.9036 25.3306 6.4
    endloop
  endfacet
  facet normal -0 0 1
    outer loop
      vertex 10.008 27.0062 6.4
      vertex 10.9036 25.3306 6.4
      vertex 10.2963 27.1426 6.4
    endloop
  endfacet
  facet normal 0 0 1
    outer loop
      vertex 10.9036 25.3306 6.4
      vertex 10.008 27.0062 6.4
      vertex 10.79 25.2625 6.4
    endloop
  endfacet
  facet normal -0 0 1
    outer loop
      vertex 9.7344 26.8423 6.4
      vertex 10.79 25.2625 6.4
      vertex 10.008 27.0062 6.4
    endloop
  endfacet
  facet normal 0 0 1
    outer loop
      vertex 10.79 25.2625 6.4
      vertex 9.7344 26.8423 6.4
      vertex 10.6836 25.1836 6.4
    endloop
  endfacet
  facet normal -0 0 1
    outer loop
      vertex 9.47822 26.6523 6.4
      vertex 10.6836 25.1836 6.4
      vertex 9.7344 26.8423 6.4
    endloop
  endfacet
  facet normal 0 0 1
    outer loop
      vertex 10.6836 25.1836 6.4
      vertex 9.47822 26.6523 6.4
      vertex 10.5854 25.0946 6.4
    endloop
  endfacet
  facet normal -0 0 1
    outer loop
      vertex 9.2419 26.4381 6.4
      vertex 10.5854 25.0946 6.4
      vertex 9.47822 26.6523 6.4
    endloop
  endfacet
  facet normal 0 0 1
    outer loop
      vertex 10.5854 25.0946 6.4
      vertex 9.2419 26.4381 6.4
      vertex 10.4964 24.9964 6.4
    endloop
  endfacet
  facet normal -0 0 1
    outer loop
      vertex 9.02772 26.2018 6.4
      vertex 10.4964 24.9964 6.4
      vertex 9.2419 26.4381 6.4
    endloop
  endfacet
  facet normal 0 0 1
    outer loop
      vertex 10.4964 24.9964 6.4
      vertex 9.02772 26.2018 6.4
      vertex 10.4175 24.89 6.4
    endloop
  endfacet
  facet normal -0 0 1
    outer loop
      vertex 8.83772 25.9456 6.4
      vertex 10.4175 24.89 6.4
      vertex 9.02772 26.2018 6.4
    endloop
  endfacet
  facet normal 0 0 1
    outer loop
      vertex 10.4175 24.89 6.4
      vertex 8.83772 25.9456 6.4
      vertex 10.3494 24.7764 6.4
    endloop
  endfacet
  facet normal -0 0 1
    outer loop
      vertex 12.6625 23.39 6.4
      vertex 14.2423 22.3344 6.4
      vertex 12.7306 23.5036 6.4
    endloop
  endfacet
  facet normal 0 0 1
    outer loop
      vertex 14.2423 22.3344 6.4
      vertex 12.6625 23.39 6.4
      vertex 14.0523 22.0782 6.4
    endloop
  endfacet
  facet normal -0 0 1
    outer loop
      vertex 12.5836 23.2836 6.4
      vertex 14.0523 22.0782 6.4
      vertex 12.6625 23.39 6.4
    endloop
  endfacet
  facet normal 0 0 1
    outer loop
      vertex 14.0523 22.0782 6.4
      vertex 12.5836 23.2836 6.4
      vertex 13.8381 21.8419 6.4
    endloop
  endfacet
  facet normal -0 0 1
    outer loop
      vertex 12.4946 23.1854 6.4
      vertex 13.8381 21.8419 6.4
      vertex 12.5836 23.2836 6.4
    endloop
  endfacet
  facet normal 0 0 1
    outer loop
      vertex 13.8381 21.8419 6.4
      vertex 12.4946 23.1854 6.4
      vertex 13.6018 21.6277 6.4
    endloop
  endfacet
  facet normal -0 0 1
    outer loop
      vertex 12.3964 23.0964 6.4
      vertex 13.6018 21.6277 6.4
      vertex 12.4946 23.1854 6.4
    endloop
  endfacet
  facet normal 0 0 1
    outer loop
      vertex 13.6018 21.6277 6.4
      vertex 12.3964 23.0964 6.4
      vertex 13.3456 21.4377 6.4
    endloop
  endfacet
  facet normal -0 0 1
    outer loop
      vertex 12.29 23.0175 6.4
      vertex 13.3456 21.4377 6.4
      vertex 12.3964 23.0964 6.4
    endloop
  endfacet
  facet normal 0 0 1
    outer loop
      vertex 13.3456 21.4377 6.4
      vertex 12.29 23.0175 6.4
      vertex 13.072 21.2738 6.4
    endloop
  endfacet
  facet normal -0 0 1
    outer loop
      vertex 12.1764 22.9494 6.4
      vertex 13.072 21.2738 6.4
      vertex 12.29 23.0175 6.4
    endloop
  endfacet
  facet normal 0 0 1
    outer loop
      vertex 13.072 21.2738 6.4
      vertex 12.1764 22.9494 6.4
      vertex 12.7837 21.1374 6.4
    endloop
  endfacet
  facet normal -0 0 1
    outer loop
      vertex 12.0566 22.8928 6.4
      vertex 12.7837 21.1374 6.4
      vertex 12.1764 22.9494 6.4
    endloop
  endfacet
  facet normal 0 0 1
    outer loop
      vertex 12.7837 21.1374 6.4
      vertex 12.0566 22.8928 6.4
      vertex 12.4834 21.0299 6.4
    endloop
  endfacet
  facet normal -0 0 1
    outer loop
      vertex 11.9319 22.8481 6.4
      vertex 12.4834 21.0299 6.4
      vertex 12.0566 22.8928 6.4
    endloop
  endfacet
  facet normal 0 0 1
    outer loop
      vertex 12.4834 21.0299 6.4
      vertex 11.9319 22.8481 6.4
      vertex 12.174 20.9524 6.4
    endloop
  endfacet
  facet normal -0 0 1
    outer loop
      vertex 11.8034 22.8159 6.4
      vertex 12.174 20.9524 6.4
      vertex 11.9319 22.8481 6.4
    endloop
  endfacet
  facet normal 0 0 1
    outer loop
      vertex 12.174 20.9524 6.4
      vertex 11.8034 22.8159 6.4
      vertex 11.8586 20.9056 6.4
    endloop
  endfacet
  facet normal -0 0 1
    outer loop
      vertex 11.6723 22.7965 6.4
      vertex 11.8586 20.9056 6.4
      vertex 11.8034 22.8159 6.4
    endloop
  endfacet
  facet normal -0 0 1
    outer loop
      vertex 11.54 22.79 6.4
      vertex 11.8586 20.9056 6.4
      vertex 11.6723 22.7965 6.4
    endloop
  endfacet
  facet normal 0 0 1
    outer loop
      vertex 11.54 22.79 6.4
      vertex 11.54 20.89 6.4
      vertex 11.8586 20.9056 6.4
    endloop
  endfacet
  facet normal 0 0 1
    outer loop
      vertex 11.4077 22.7965 6.4
      vertex 11.54 20.89 6.4
      vertex 11.54 22.79 6.4
    endloop
  endfacet
  facet normal 0 0 1
    outer loop
      vertex 11.2214 20.9056 6.4
      vertex 11.4077 22.7965 6.4
      vertex 11.2766 22.8159 6.4
    endloop
  endfacet
  facet normal 0 0 1
    outer loop
      vertex 11.4077 22.7965 6.4
      vertex 11.2214 20.9056 6.4
      vertex 11.54 20.89 6.4
    endloop
  endfacet
  facet normal 0 0 1
    outer loop
      vertex 10.906 20.9524 6.4
      vertex 11.2766 22.8159 6.4
      vertex 11.1481 22.8481 6.4
    endloop
  endfacet
  facet normal 0 0 1
    outer loop
      vertex 10.5966 21.0299 6.4
      vertex 11.1481 22.8481 6.4
      vertex 11.0234 22.8928 6.4
    endloop
  endfacet
  facet normal 0 0 1
    outer loop
      vertex 11.2766 22.8159 6.4
      vertex 10.906 20.9524 6.4
      vertex 11.2214 20.9056 6.4
    endloop
  endfacet
  facet normal 0 0 1
    outer loop
      vertex 10.2963 21.1374 6.4
      vertex 11.0234 22.8928 6.4
      vertex 10.9036 22.9494 6.4
    endloop
  endfacet
  facet normal 0 0 1
    outer loop
      vertex 10.008 21.2738 6.4
      vertex 10.9036 22.9494 6.4
      vertex 10.79 23.0175 6.4
    endloop
  endfacet
  facet normal 0 0 1
    outer loop
      vertex 9.7344 21.4377 6.4
      vertex 10.79 23.0175 6.4
      vertex 10.6836 23.0964 6.4
    endloop
  endfacet
  facet normal 0 0 1
    outer loop
      vertex 11.1481 22.8481 6.4
      vertex 10.5966 21.0299 6.4
      vertex 10.906 20.9524 6.4
    endloop
  endfacet
  facet normal 0 0 1
    outer loop
      vertex 9.47822 21.6277 6.4
      vertex 10.6836 23.0964 6.4
      vertex 10.5854 23.1854 6.4
    endloop
  endfacet
  facet normal 0 0 1
    outer loop
      vertex 9.2419 21.8419 6.4
      vertex 10.5854 23.1854 6.4
      vertex 10.4964 23.2836 6.4
    endloop
  endfacet
  facet normal 0 0 1
    outer loop
      vertex 9.02772 22.0782 6.4
      vertex 10.4964 23.2836 6.4
      vertex 10.4175 23.39 6.4
    endloop
  endfacet
  facet normal 0 0 1
    outer loop
      vertex 8.83772 22.3344 6.4
      vertex 10.4175 23.39 6.4
      vertex 10.3494 23.5036 6.4
    endloop
  endfacet
  facet normal 0 0 1
    outer loop
      vertex 11.0234 22.8928 6.4
      vertex 10.2963 21.1374 6.4
      vertex 10.5966 21.0299 6.4
    endloop
  endfacet
  facet normal 0 0 1
    outer loop
      vertex 8.67376 22.608 6.4
      vertex 10.3494 23.5036 6.4
      vertex 10.2928 23.6234 6.4
    endloop
  endfacet
  facet normal 0 0 1
    outer loop
      vertex 8.53739 22.8963 6.4
      vertex 10.2928 23.6234 6.4
      vertex 10.2481 23.7481 6.4
    endloop
  endfacet
  facet normal 0 0 1
    outer loop
      vertex 8.42994 23.1966 6.4
      vertex 10.2481 23.7481 6.4
      vertex 10.2159 23.8766 6.4
    endloop
  endfacet
  facet normal 0 0 1
    outer loop
      vertex 8.35245 23.506 6.4
      vertex 10.2159 23.8766 6.4
      vertex 10.1965 24.0077 6.4
    endloop
  endfacet
  facet normal 0 0 1
    outer loop
      vertex 8.30565 23.8214 6.4
      vertex 10.1965 24.0077 6.4
      vertex 10.19 24.14 6.4
    endloop
  endfacet
  facet normal -0 0 1
    outer loop
      vertex 8.67376 25.672 6.4
      vertex 10.3494 24.7764 6.4
      vertex 8.83772 25.9456 6.4
    endloop
  endfacet
  facet normal 0 0 1
    outer loop
      vertex 10.9036 22.9494 6.4
      vertex 10.008 21.2738 6.4
      vertex 10.2963 21.1374 6.4
    endloop
  endfacet
  facet normal 0 0 1
    outer loop
      vertex 10.3494 24.7764 6.4
      vertex 8.67376 25.672 6.4
      vertex 10.2928 24.6566 6.4
    endloop
  endfacet
  facet normal 0 0 1
    outer loop
      vertex 10.79 23.0175 6.4
      vertex 9.7344 21.4377 6.4
      vertex 10.008 21.2738 6.4
    endloop
  endfacet
  facet normal -0 0 1
    outer loop
      vertex 8.53739 25.3837 6.4
      vertex 10.2928 24.6566 6.4
      vertex 8.67376 25.672 6.4
    endloop
  endfacet
  facet normal 0 0 1
    outer loop
      vertex 10.6836 23.0964 6.4
      vertex 9.47822 21.6277 6.4
      vertex 9.7344 21.4377 6.4
    endloop
  endfacet
  facet normal 0 0 1
    outer loop
      vertex 10.2928 24.6566 6.4
      vertex 8.53739 25.3837 6.4
      vertex 10.2481 24.5319 6.4
    endloop
  endfacet
  facet normal 0 0 1
    outer loop
      vertex 10.5854 23.1854 6.4
      vertex 9.2419 21.8419 6.4
      vertex 9.47822 21.6277 6.4
    endloop
  endfacet
  facet normal -0 0 1
    outer loop
      vertex 8.42994 25.0834 6.4
      vertex 10.2481 24.5319 6.4
      vertex 8.53739 25.3837 6.4
    endloop
  endfacet
  facet normal 0 0 1
    outer loop
      vertex 10.4964 23.2836 6.4
      vertex 9.02772 22.0782 6.4
      vertex 9.2419 21.8419 6.4
    endloop
  endfacet
  facet normal 0 0 1
    outer loop
      vertex 10.2481 24.5319 6.4
      vertex 8.42994 25.0834 6.4
      vertex 10.2159 24.4034 6.4
    endloop
  endfacet
  facet normal 0 0 1
    outer loop
      vertex 10.4175 23.39 6.4
      vertex 8.83772 22.3344 6.4
      vertex 9.02772 22.0782 6.4
    endloop
  endfacet
  facet normal -0 0 1
    outer loop
      vertex 8.35245 24.774 6.4
      vertex 10.2159 24.4034 6.4
      vertex 8.42994 25.0834 6.4
    endloop
  endfacet
  facet normal 0 0 1
    outer loop
      vertex 10.3494 23.5036 6.4
      vertex 8.67376 22.608 6.4
      vertex 8.83772 22.3344 6.4
    endloop
  endfacet
  facet normal 0 0 1
    outer loop
      vertex 10.2159 24.4034 6.4
      vertex 8.35245 24.774 6.4
      vertex 10.1965 24.2723 6.4
    endloop
  endfacet
  facet normal 0 0 1
    outer loop
      vertex 10.2928 23.6234 6.4
      vertex 8.53739 22.8963 6.4
      vertex 8.67376 22.608 6.4
    endloop
  endfacet
  facet normal -0 0 1
    outer loop
      vertex 8.30565 24.4586 6.4
      vertex 10.1965 24.2723 6.4
      vertex 8.35245 24.774 6.4
    endloop
  endfacet
  facet normal 0 0 1
    outer loop
      vertex 10.2481 23.7481 6.4
      vertex 8.42994 23.1966 6.4
      vertex 8.53739 22.8963 6.4
    endloop
  endfacet
  facet normal 0 0 1
    outer loop
      vertex 10.1965 24.2723 6.4
      vertex 8.30565 24.4586 6.4
      vertex 10.19 24.14 6.4
    endloop
  endfacet
  facet normal 0 0 1
    outer loop
      vertex 10.2159 23.8766 6.4
      vertex 8.35245 23.506 6.4
      vertex 8.42994 23.1966 6.4
    endloop
  endfacet
  facet normal 0 0 1
    outer loop
      vertex 8.29 24.14 6.4
      vertex 10.19 24.14 6.4
      vertex 8.30565 24.4586 6.4
    endloop
  endfacet
  facet normal 0 0 1
    outer loop
      vertex 10.1965 24.0077 6.4
      vertex 8.30565 23.8214 6.4
      vertex 8.35245 23.506 6.4
    endloop
  endfacet
  facet normal 0 0 1
    outer loop
      vertex 10.19 24.14 6.4
      vertex 8.29 24.14 6.4
      vertex 8.30565 23.8214 6.4
    endloop
  endfacet
  facet normal -0.998796 0.049062 0
    outer loop
      vertex 8.29 24.14 2.4
      vertex 8.30565 24.4586 6.4
      vertex 8.30565 24.4586 2.4
    endloop
  endfacet
  facet normal -0.998796 0.049062 0
    outer loop
      vertex 8.30565 24.4586 6.4
      vertex 8.29 24.14 2.4
      vertex 8.29 24.14 6.4
    endloop
  endfacet
  facet normal 0.671611 -0.740904 0
    outer loop
      vertex 13.6018 21.6277 2.4
      vertex 13.8381 21.8419 6.4
      vertex 13.6018 21.6277 6.4
    endloop
  endfacet
  facet normal 0.671611 -0.740904 0
    outer loop
      vertex 13.8381 21.8419 6.4
      vertex 13.6018 21.6277 2.4
      vertex 13.8381 21.8419 2.4
    endloop
  endfacet
  facet normal -0.989228 -0.146385 0
    outer loop
      vertex 12.8835 24.2723 2.4
      vertex 12.8641 24.4034 6.4
      vertex 12.8641 24.4034 2.4
    endloop
  endfacet
  facet normal -0.989228 -0.146385 0
    outer loop
      vertex 12.8641 24.4034 6.4
      vertex 12.8835 24.2723 2.4
      vertex 12.8835 24.2723 6.4
    endloop
  endfacet
  facet normal -0.998795 -0.0490716 0
    outer loop
      vertex 12.89 24.14 2.4
      vertex 12.8835 24.2723 6.4
      vertex 12.8835 24.2723 2.4
    endloop
  endfacet
  facet normal -0.998795 -0.0490716 0
    outer loop
      vertex 12.8835 24.2723 6.4
      vertex 12.89 24.14 2.4
      vertex 12.89 24.14 6.4
    endloop
  endfacet
  facet normal -0.970009 -0.243068 0
    outer loop
      vertex 12.8641 24.4034 2.4
      vertex 12.8319 24.5319 6.4
      vertex 12.8319 24.5319 2.4
    endloop
  endfacet
  facet normal -0.970009 -0.243068 0
    outer loop
      vertex 12.8319 24.5319 6.4
      vertex 12.8641 24.4034 2.4
      vertex 12.8641 24.4034 6.4
    endloop
  endfacet
  facet normal -0.337436 -0.941348 0
    outer loop
      vertex 11.9319 25.4319 2.4
      vertex 12.0566 25.3872 6.4
      vertex 11.9319 25.4319 6.4
    endloop
  endfacet
  facet normal -0.337436 -0.941348 -0
    outer loop
      vertex 12.0566 25.3872 6.4
      vertex 11.9319 25.4319 2.4
      vertex 12.0566 25.3872 2.4
    endloop
  endfacet
  facet normal -0.989228 0.146385 0
    outer loop
      vertex 12.8641 23.8766 2.4
      vertex 12.8835 24.0077 6.4
      vertex 12.8835 24.0077 2.4
    endloop
  endfacet
  facet normal -0.989228 0.146385 0
    outer loop
      vertex 12.8835 24.0077 6.4
      vertex 12.8641 23.8766 2.4
      vertex 12.8641 23.8766 6.4
    endloop
  endfacet
  facet normal -0.803249 -0.595643 0
    outer loop
      vertex 12.6625 24.89 2.4
      vertex 12.5836 24.9964 6.4
      vertex 12.5836 24.9964 2.4
    endloop
  endfacet
  facet normal -0.803249 -0.595643 0
    outer loop
      vertex 12.5836 24.9964 6.4
      vertex 12.6625 24.89 2.4
      vertex 12.6625 24.89 6.4
    endloop
  endfacet
  facet normal -0.595643 -0.803249 0
    outer loop
      vertex 12.29 25.2625 2.4
      vertex 12.3964 25.1836 6.4
      vertex 12.29 25.2625 6.4
    endloop
  endfacet
  facet normal -0.595643 -0.803249 -0
    outer loop
      vertex 12.3964 25.1836 6.4
      vertex 12.29 25.2625 2.4
      vertex 12.3964 25.1836 2.4
    endloop
  endfacet
  facet normal -0.998795 0.0490716 0
    outer loop
      vertex 12.8835 24.0077 2.4
      vertex 12.89 24.14 6.4
      vertex 12.89 24.14 2.4
    endloop
  endfacet
  facet normal -0.998795 0.0490716 0
    outer loop
      vertex 12.89 24.14 6.4
      vertex 12.8835 24.0077 2.4
      vertex 12.8835 24.0077 6.4
    endloop
  endfacet
  facet normal -0.243068 -0.970009 0
    outer loop
      vertex 11.8034 25.4641 2.4
      vertex 11.9319 25.4319 6.4
      vertex 11.8034 25.4641 6.4
    endloop
  endfacet
  facet normal -0.243068 -0.970009 -0
    outer loop
      vertex 11.9319 25.4319 6.4
      vertex 11.8034 25.4641 2.4
      vertex 11.9319 25.4319 2.4
    endloop
  endfacet
  facet normal 0.970009 -0.243068 0
    outer loop
      vertex 10.2159 24.4034 6.4
      vertex 10.2481 24.5319 2.4
      vertex 10.2481 24.5319 6.4
    endloop
  endfacet
  facet normal 0.970009 -0.243068 0
    outer loop
      vertex 10.2481 24.5319 2.4
      vertex 10.2159 24.4034 6.4
      vertex 10.2159 24.4034 2.4
    endloop
  endfacet
  facet normal 0.740963 -0.671545 0
    outer loop
      vertex 10.4964 24.9964 6.4
      vertex 10.5854 25.0946 2.4
      vertex 10.5854 25.0946 6.4
    endloop
  endfacet
  facet normal 0.740963 -0.671545 0
    outer loop
      vertex 10.5854 25.0946 2.4
      vertex 10.4964 24.9964 6.4
      vertex 10.4964 24.9964 2.4
    endloop
  endfacet
  facet normal -0.427178 -0.904168 0
    outer loop
      vertex 12.0566 25.3872 2.4
      vertex 12.1764 25.3306 6.4
      vertex 12.0566 25.3872 6.4
    endloop
  endfacet
  facet normal -0.427178 -0.904168 -0
    outer loop
      vertex 12.1764 25.3306 6.4
      vertex 12.0566 25.3872 2.4
      vertex 12.1764 25.3306 2.4
    endloop
  endfacet
  facet normal 0.904168 0.427178 0
    outer loop
      vertex 10.3494 23.5036 6.4
      vertex 10.2928 23.6234 2.4
      vertex 10.2928 23.6234 6.4
    endloop
  endfacet
  facet normal 0.904168 0.427178 0
    outer loop
      vertex 10.2928 23.6234 2.4
      vertex 10.3494 23.5036 6.4
      vertex 10.3494 23.5036 2.4
    endloop
  endfacet
  facet normal -0.671545 0.740963 0
    outer loop
      vertex 12.4946 23.1854 2.4
      vertex 12.3964 23.0964 6.4
      vertex 12.4946 23.1854 6.4
    endloop
  endfacet
  facet normal -0.671545 0.740963 0
    outer loop
      vertex 12.3964 23.0964 6.4
      vertex 12.4946 23.1854 2.4
      vertex 12.3964 23.0964 2.4
    endloop
  endfacet
  facet normal 0.595643 0.803249 -0
    outer loop
      vertex 10.79 23.0175 2.4
      vertex 10.6836 23.0964 6.4
      vertex 10.79 23.0175 6.4
    endloop
  endfacet
  facet normal 0.595643 0.803249 0
    outer loop
      vertex 10.6836 23.0964 6.4
      vertex 10.79 23.0175 2.4
      vertex 10.6836 23.0964 2.4
    endloop
  endfacet
  facet normal -0.941348 -0.337436 0
    outer loop
      vertex 12.8319 24.5319 2.4
      vertex 12.7872 24.6566 6.4
      vertex 12.7872 24.6566 2.4
    endloop
  endfacet
  facet normal -0.941348 -0.337436 0
    outer loop
      vertex 12.7872 24.6566 6.4
      vertex 12.8319 24.5319 2.4
      vertex 12.8319 24.5319 6.4
    endloop
  endfacet
  facet normal 0.803249 0.595643 0
    outer loop
      vertex 10.4964 23.2836 6.4
      vertex 10.4175 23.39 2.4
      vertex 10.4175 23.39 6.4
    endloop
  endfacet
  facet normal 0.803249 0.595643 0
    outer loop
      vertex 10.4175 23.39 2.4
      vertex 10.4964 23.2836 6.4
      vertex 10.4964 23.2836 2.4
    endloop
  endfacet
  facet normal 0.998795 0.0490716 0
    outer loop
      vertex 10.1965 24.0077 6.4
      vertex 10.19 24.14 2.4
      vertex 10.19 24.14 6.4
    endloop
  endfacet
  facet normal 0.998795 0.0490716 0
    outer loop
      vertex 10.19 24.14 2.4
      vertex 10.1965 24.0077 6.4
      vertex 10.1965 24.0077 2.4
    endloop
  endfacet
  facet normal -0.337436 0.941348 0
    outer loop
      vertex 12.0566 22.8928 2.4
      vertex 11.9319 22.8481 6.4
      vertex 12.0566 22.8928 6.4
    endloop
  endfacet
  facet normal -0.337436 0.941348 0
    outer loop
      vertex 11.9319 22.8481 6.4
      vertex 12.0566 22.8928 2.4
      vertex 11.9319 22.8481 2.4
    endloop
  endfacet
  facet normal 0.0490716 -0.998795 0
    outer loop
      vertex 11.4077 25.4835 2.4
      vertex 11.54 25.49 6.4
      vertex 11.4077 25.4835 6.4
    endloop
  endfacet
  facet normal 0.0490716 -0.998795 0
    outer loop
      vertex 11.54 25.49 6.4
      vertex 11.4077 25.4835 2.4
      vertex 11.54 25.49 2.4
    endloop
  endfacet
  facet normal -0.595643 0.803249 0
    outer loop
      vertex 12.3964 23.0964 2.4
      vertex 12.29 23.0175 6.4
      vertex 12.3964 23.0964 6.4
    endloop
  endfacet
  facet normal -0.595643 0.803249 0
    outer loop
      vertex 12.29 23.0175 6.4
      vertex 12.3964 23.0964 2.4
      vertex 12.29 23.0175 2.4
    endloop
  endfacet
  facet normal 0.740963 0.671545 0
    outer loop
      vertex 10.5854 23.1854 6.4
      vertex 10.4964 23.2836 2.4
      vertex 10.4964 23.2836 6.4
    endloop
  endfacet
  facet normal 0.740963 0.671545 0
    outer loop
      vertex 10.4964 23.2836 2.4
      vertex 10.5854 23.1854 6.4
      vertex 10.5854 23.1854 2.4
    endloop
  endfacet
  facet normal -0.803249 0.595643 0
    outer loop
      vertex 12.5836 23.2836 2.4
      vertex 12.6625 23.39 6.4
      vertex 12.6625 23.39 2.4
    endloop
  endfacet
  facet normal -0.803249 0.595643 0
    outer loop
      vertex 12.6625 23.39 6.4
      vertex 12.5836 23.2836 2.4
      vertex 12.5836 23.2836 6.4
    endloop
  endfacet
  facet normal 0.857693 0.514163 0
    outer loop
      vertex 10.4175 23.39 6.4
      vertex 10.3494 23.5036 2.4
      vertex 10.3494 23.5036 6.4
    endloop
  endfacet
  facet normal 0.857693 0.514163 0
    outer loop
      vertex 10.3494 23.5036 2.4
      vertex 10.4175 23.39 6.4
      vertex 10.4175 23.39 2.4
    endloop
  endfacet
  facet normal -0.146385 -0.989228 0
    outer loop
      vertex 11.6723 25.4835 2.4
      vertex 11.8034 25.4641 6.4
      vertex 11.6723 25.4835 6.4
    endloop
  endfacet
  facet normal -0.146385 -0.989228 -0
    outer loop
      vertex 11.8034 25.4641 6.4
      vertex 11.6723 25.4835 2.4
      vertex 11.8034 25.4641 2.4
    endloop
  endfacet
  facet normal -0.146385 0.989228 0
    outer loop
      vertex 11.8034 22.8159 2.4
      vertex 11.6723 22.7965 6.4
      vertex 11.8034 22.8159 6.4
    endloop
  endfacet
  facet normal -0.146385 0.989228 0
    outer loop
      vertex 11.6723 22.7965 6.4
      vertex 11.8034 22.8159 2.4
      vertex 11.6723 22.7965 2.4
    endloop
  endfacet
  facet normal 0.146385 0.989228 -0
    outer loop
      vertex 11.4077 22.7965 2.4
      vertex 11.2766 22.8159 6.4
      vertex 11.4077 22.7965 6.4
    endloop
  endfacet
  facet normal 0.146385 0.989228 0
    outer loop
      vertex 11.2766 22.8159 6.4
      vertex 11.4077 22.7965 2.4
      vertex 11.2766 22.8159 2.4
    endloop
  endfacet
  facet normal 0.243068 -0.970009 0
    outer loop
      vertex 11.1481 25.4319 2.4
      vertex 11.2766 25.4641 6.4
      vertex 11.1481 25.4319 6.4
    endloop
  endfacet
  facet normal 0.243068 -0.970009 0
    outer loop
      vertex 11.2766 25.4641 6.4
      vertex 11.1481 25.4319 2.4
      vertex 11.2766 25.4641 2.4
    endloop
  endfacet
  facet normal 0.998795 -0.0490716 0
    outer loop
      vertex 10.19 24.14 6.4
      vertex 10.1965 24.2723 2.4
      vertex 10.1965 24.2723 6.4
    endloop
  endfacet
  facet normal 0.998795 -0.0490716 0
    outer loop
      vertex 10.1965 24.2723 2.4
      vertex 10.19 24.14 6.4
      vertex 10.19 24.14 2.4
    endloop
  endfacet
  facet normal -0.740963 0.671545 0
    outer loop
      vertex 12.4946 23.1854 2.4
      vertex 12.5836 23.2836 6.4
      vertex 12.5836 23.2836 2.4
    endloop
  endfacet
  facet normal -0.740963 0.671545 0
    outer loop
      vertex 12.5836 23.2836 6.4
      vertex 12.4946 23.1854 2.4
      vertex 12.4946 23.1854 6.4
    endloop
  endfacet
  facet normal -0.904168 -0.427178 0
    outer loop
      vertex 12.7872 24.6566 2.4
      vertex 12.7306 24.7764 6.4
      vertex 12.7306 24.7764 2.4
    endloop
  endfacet
  facet normal -0.904168 -0.427178 0
    outer loop
      vertex 12.7306 24.7764 6.4
      vertex 12.7872 24.6566 2.4
      vertex 12.7872 24.6566 6.4
    endloop
  endfacet
  facet normal 0.146385 -0.989228 0
    outer loop
      vertex 11.2766 25.4641 2.4
      vertex 11.4077 25.4835 6.4
      vertex 11.2766 25.4641 6.4
    endloop
  endfacet
  facet normal 0.146385 -0.989228 0
    outer loop
      vertex 11.4077 25.4835 6.4
      vertex 11.2766 25.4641 2.4
      vertex 11.4077 25.4835 2.4
    endloop
  endfacet
  facet normal 0.904168 -0.427178 0
    outer loop
      vertex 10.2928 24.6566 6.4
      vertex 10.3494 24.7764 2.4
      vertex 10.3494 24.7764 6.4
    endloop
  endfacet
  facet normal 0.904168 -0.427178 0
    outer loop
      vertex 10.3494 24.7764 2.4
      vertex 10.2928 24.6566 6.4
      vertex 10.2928 24.6566 2.4
    endloop
  endfacet
  facet normal 0.337436 -0.941348 0
    outer loop
      vertex 11.0234 25.3872 2.4
      vertex 11.1481 25.4319 6.4
      vertex 11.0234 25.3872 6.4
    endloop
  endfacet
  facet normal 0.337436 -0.941348 0
    outer loop
      vertex 11.1481 25.4319 6.4
      vertex 11.0234 25.3872 2.4
      vertex 11.1481 25.4319 2.4
    endloop
  endfacet
  facet normal -0.514163 -0.857693 0
    outer loop
      vertex 12.1764 25.3306 2.4
      vertex 12.29 25.2625 6.4
      vertex 12.1764 25.3306 6.4
    endloop
  endfacet
  facet normal -0.514163 -0.857693 -0
    outer loop
      vertex 12.29 25.2625 6.4
      vertex 12.1764 25.3306 2.4
      vertex 12.29 25.2625 2.4
    endloop
  endfacet
  facet normal -0.671545 -0.740963 0
    outer loop
      vertex 12.3964 25.1836 2.4
      vertex 12.4946 25.0946 6.4
      vertex 12.3964 25.1836 6.4
    endloop
  endfacet
  facet normal -0.671545 -0.740963 -0
    outer loop
      vertex 12.4946 25.0946 6.4
      vertex 12.3964 25.1836 2.4
      vertex 12.4946 25.0946 2.4
    endloop
  endfacet
  facet normal 0.0490716 0.998795 -0
    outer loop
      vertex 11.54 22.79 2.4
      vertex 11.4077 22.7965 6.4
      vertex 11.54 22.79 6.4
    endloop
  endfacet
  facet normal 0.0490716 0.998795 0
    outer loop
      vertex 11.4077 22.7965 6.4
      vertex 11.54 22.79 2.4
      vertex 11.4077 22.7965 2.4
    endloop
  endfacet
  facet normal 0.941348 0.337436 0
    outer loop
      vertex 10.2928 23.6234 6.4
      vertex 10.2481 23.7481 2.4
      vertex 10.2481 23.7481 6.4
    endloop
  endfacet
  facet normal 0.941348 0.337436 0
    outer loop
      vertex 10.2481 23.7481 2.4
      vertex 10.2928 23.6234 6.4
      vertex 10.2928 23.6234 2.4
    endloop
  endfacet
  facet normal -0.243068 0.970009 0
    outer loop
      vertex 11.9319 22.8481 2.4
      vertex 11.8034 22.8159 6.4
      vertex 11.9319 22.8481 6.4
    endloop
  endfacet
  facet normal -0.243068 0.970009 0
    outer loop
      vertex 11.8034 22.8159 6.4
      vertex 11.9319 22.8481 2.4
      vertex 11.8034 22.8159 2.4
    endloop
  endfacet
  facet normal -0.904168 0.427178 0
    outer loop
      vertex 12.7306 23.5036 2.4
      vertex 12.7872 23.6234 6.4
      vertex 12.7872 23.6234 2.4
    endloop
  endfacet
  facet normal -0.904168 0.427178 0
    outer loop
      vertex 12.7872 23.6234 6.4
      vertex 12.7306 23.5036 2.4
      vertex 12.7306 23.5036 6.4
    endloop
  endfacet
  facet normal -0.427178 0.904168 0
    outer loop
      vertex 12.1764 22.9494 2.4
      vertex 12.0566 22.8928 6.4
      vertex 12.1764 22.9494 6.4
    endloop
  endfacet
  facet normal -0.427178 0.904168 0
    outer loop
      vertex 12.0566 22.8928 6.4
      vertex 12.1764 22.9494 2.4
      vertex 12.0566 22.8928 2.4
    endloop
  endfacet
  facet normal 0.427178 -0.904168 0
    outer loop
      vertex 10.9036 25.3306 2.4
      vertex 11.0234 25.3872 6.4
      vertex 10.9036 25.3306 6.4
    endloop
  endfacet
  facet normal 0.427178 -0.904168 0
    outer loop
      vertex 11.0234 25.3872 6.4
      vertex 10.9036 25.3306 2.4
      vertex 11.0234 25.3872 2.4
    endloop
  endfacet
  facet normal -0.0490716 -0.998795 0
    outer loop
      vertex 11.54 25.49 2.4
      vertex 11.6723 25.4835 6.4
      vertex 11.54 25.49 6.4
    endloop
  endfacet
  facet normal -0.0490716 -0.998795 -0
    outer loop
      vertex 11.6723 25.4835 6.4
      vertex 11.54 25.49 2.4
      vertex 11.6723 25.4835 2.4
    endloop
  endfacet
  facet normal 0.514163 -0.857693 0
    outer loop
      vertex 10.79 25.2625 2.4
      vertex 10.9036 25.3306 6.4
      vertex 10.79 25.2625 6.4
    endloop
  endfacet
  facet normal 0.514163 -0.857693 0
    outer loop
      vertex 10.9036 25.3306 6.4
      vertex 10.79 25.2625 2.4
      vertex 10.9036 25.3306 2.4
    endloop
  endfacet
  facet normal -0.970009 0.243068 0
    outer loop
      vertex 12.8319 23.7481 2.4
      vertex 12.8641 23.8766 6.4
      vertex 12.8641 23.8766 2.4
    endloop
  endfacet
  facet normal -0.970009 0.243068 0
    outer loop
      vertex 12.8641 23.8766 6.4
      vertex 12.8319 23.7481 2.4
      vertex 12.8319 23.7481 6.4
    endloop
  endfacet
  facet normal -0.857693 -0.514163 0
    outer loop
      vertex 12.7306 24.7764 2.4
      vertex 12.6625 24.89 6.4
      vertex 12.6625 24.89 2.4
    endloop
  endfacet
  facet normal -0.857693 -0.514163 0
    outer loop
      vertex 12.6625 24.89 6.4
      vertex 12.7306 24.7764 2.4
      vertex 12.7306 24.7764 6.4
    endloop
  endfacet
  facet normal 0.989228 0.146385 0
    outer loop
      vertex 10.2159 23.8766 6.4
      vertex 10.1965 24.0077 2.4
      vertex 10.1965 24.0077 6.4
    endloop
  endfacet
  facet normal 0.989228 0.146385 0
    outer loop
      vertex 10.1965 24.0077 2.4
      vertex 10.2159 23.8766 6.4
      vertex 10.2159 23.8766 2.4
    endloop
  endfacet
  facet normal 0.595643 -0.803249 0
    outer loop
      vertex 10.6836 25.1836 2.4
      vertex 10.79 25.2625 6.4
      vertex 10.6836 25.1836 6.4
    endloop
  endfacet
  facet normal 0.595643 -0.803249 0
    outer loop
      vertex 10.79 25.2625 6.4
      vertex 10.6836 25.1836 2.4
      vertex 10.79 25.2625 2.4
    endloop
  endfacet
  facet normal -0.0490716 0.998795 0
    outer loop
      vertex 11.6723 22.7965 2.4
      vertex 11.54 22.79 6.4
      vertex 11.6723 22.7965 6.4
    endloop
  endfacet
  facet normal -0.0490716 0.998795 0
    outer loop
      vertex 11.54 22.79 6.4
      vertex 11.6723 22.7965 2.4
      vertex 11.54 22.79 2.4
    endloop
  endfacet
  facet normal 0.970009 0.243068 0
    outer loop
      vertex 10.2481 23.7481 6.4
      vertex 10.2159 23.8766 2.4
      vertex 10.2159 23.8766 6.4
    endloop
  endfacet
  facet normal 0.970009 0.243068 0
    outer loop
      vertex 10.2159 23.8766 2.4
      vertex 10.2481 23.7481 6.4
      vertex 10.2481 23.7481 2.4
    endloop
  endfacet
  facet normal 0.671545 0.740963 -0
    outer loop
      vertex 10.6836 23.0964 2.4
      vertex 10.5854 23.1854 6.4
      vertex 10.6836 23.0964 6.4
    endloop
  endfacet
  facet normal 0.671545 0.740963 0
    outer loop
      vertex 10.5854 23.1854 6.4
      vertex 10.6836 23.0964 2.4
      vertex 10.5854 23.1854 2.4
    endloop
  endfacet
  facet normal 0.671545 -0.740963 0
    outer loop
      vertex 10.5854 25.0946 2.4
      vertex 10.6836 25.1836 6.4
      vertex 10.5854 25.0946 6.4
    endloop
  endfacet
  facet normal 0.671545 -0.740963 0
    outer loop
      vertex 10.6836 25.1836 6.4
      vertex 10.5854 25.0946 2.4
      vertex 10.6836 25.1836 2.4
    endloop
  endfacet
  facet normal 0.857693 -0.514163 0
    outer loop
      vertex 10.3494 24.7764 6.4
      vertex 10.4175 24.89 2.4
      vertex 10.4175 24.89 6.4
    endloop
  endfacet
  facet normal 0.857693 -0.514163 0
    outer loop
      vertex 10.4175 24.89 2.4
      vertex 10.3494 24.7764 6.4
      vertex 10.3494 24.7764 2.4
    endloop
  endfacet
  facet normal 0.514163 0.857693 -0
    outer loop
      vertex 10.9036 22.9494 2.4
      vertex 10.79 23.0175 6.4
      vertex 10.9036 22.9494 6.4
    endloop
  endfacet
  facet normal 0.514163 0.857693 0
    outer loop
      vertex 10.79 23.0175 6.4
      vertex 10.9036 22.9494 2.4
      vertex 10.79 23.0175 2.4
    endloop
  endfacet
  facet normal -0.514163 0.857693 0
    outer loop
      vertex 12.29 23.0175 2.4
      vertex 12.1764 22.9494 6.4
      vertex 12.29 23.0175 6.4
    endloop
  endfacet
  facet normal -0.514163 0.857693 0
    outer loop
      vertex 12.1764 22.9494 6.4
      vertex 12.29 23.0175 2.4
      vertex 12.1764 22.9494 2.4
    endloop
  endfacet
  facet normal 0.989228 -0.146385 0
    outer loop
      vertex 10.1965 24.2723 6.4
      vertex 10.2159 24.4034 2.4
      vertex 10.2159 24.4034 6.4
    endloop
  endfacet
  facet normal 0.989228 -0.146385 0
    outer loop
      vertex 10.2159 24.4034 2.4
      vertex 10.1965 24.2723 6.4
      vertex 10.1965 24.2723 2.4
    endloop
  endfacet
  facet normal -0.740963 -0.671545 0
    outer loop
      vertex 12.5836 24.9964 2.4
      vertex 12.4946 25.0946 6.4
      vertex 12.4946 25.0946 2.4
    endloop
  endfacet
  facet normal -0.740963 -0.671545 0
    outer loop
      vertex 12.4946 25.0946 6.4
      vertex 12.5836 24.9964 2.4
      vertex 12.5836 24.9964 6.4
    endloop
  endfacet
  facet normal 0.941348 -0.337436 0
    outer loop
      vertex 10.2481 24.5319 6.4
      vertex 10.2928 24.6566 2.4
      vertex 10.2928 24.6566 6.4
    endloop
  endfacet
  facet normal 0.941348 -0.337436 0
    outer loop
      vertex 10.2928 24.6566 2.4
      vertex 10.2481 24.5319 6.4
      vertex 10.2481 24.5319 2.4
    endloop
  endfacet
  facet normal -0.857693 0.514163 0
    outer loop
      vertex 12.6625 23.39 2.4
      vertex 12.7306 23.5036 6.4
      vertex 12.7306 23.5036 2.4
    endloop
  endfacet
  facet normal -0.857693 0.514163 0
    outer loop
      vertex 12.7306 23.5036 6.4
      vertex 12.6625 23.39 2.4
      vertex 12.6625 23.39 6.4
    endloop
  endfacet
  facet normal -0.941348 0.337436 0
    outer loop
      vertex 12.7872 23.6234 2.4
      vertex 12.8319 23.7481 6.4
      vertex 12.8319 23.7481 2.4
    endloop
  endfacet
  facet normal -0.941348 0.337436 0
    outer loop
      vertex 12.8319 23.7481 6.4
      vertex 12.7872 23.6234 2.4
      vertex 12.7872 23.6234 6.4
    endloop
  endfacet
  facet normal 0.337436 0.941348 -0
    outer loop
      vertex 11.1481 22.8481 2.4
      vertex 11.0234 22.8928 6.4
      vertex 11.1481 22.8481 6.4
    endloop
  endfacet
  facet normal 0.337436 0.941348 0
    outer loop
      vertex 11.0234 22.8928 6.4
      vertex 11.1481 22.8481 2.4
      vertex 11.0234 22.8928 2.4
    endloop
  endfacet
  facet normal 0.243068 0.970009 -0
    outer loop
      vertex 11.2766 22.8159 2.4
      vertex 11.1481 22.8481 6.4
      vertex 11.2766 22.8159 6.4
    endloop
  endfacet
  facet normal 0.243068 0.970009 0
    outer loop
      vertex 11.1481 22.8481 6.4
      vertex 11.2766 22.8159 2.4
      vertex 11.1481 22.8481 2.4
    endloop
  endfacet
  facet normal 0.803249 -0.595643 0
    outer loop
      vertex 10.4175 24.89 6.4
      vertex 10.4964 24.9964 2.4
      vertex 10.4964 24.9964 6.4
    endloop
  endfacet
  facet normal 0.803249 -0.595643 0
    outer loop
      vertex 10.4964 24.9964 2.4
      vertex 10.4175 24.89 6.4
      vertex 10.4175 24.89 2.4
    endloop
  endfacet
  facet normal 0.427178 0.904168 -0
    outer loop
      vertex 11.0234 22.8928 2.4
      vertex 10.9036 22.9494 6.4
      vertex 11.0234 22.8928 6.4
    endloop
  endfacet
  facet normal 0.427178 0.904168 0
    outer loop
      vertex 10.9036 22.9494 6.4
      vertex 11.0234 22.8928 2.4
      vertex 10.9036 22.9494 2.4
    endloop
  endfacet
  facet normal 0.98917 0.146776 0
    outer loop
      vertex 63.0344 24.4586 6.4
      vertex 62.9876 24.774 2.4
      vertex 62.9876 24.774 6.4
    endloop
  endfacet
  facet normal 0.98917 0.146776 0
    outer loop
      vertex 62.9876 24.774 2.4
      vertex 63.0344 24.4586 6.4
      vertex 63.0344 24.4586 2.4
    endloop
  endfacet
  facet normal 0.998803 0.0489056 0
    outer loop
      vertex 63.05 24.14 6.4
      vertex 63.0344 24.4586 2.4
      vertex 63.0344 24.4586 6.4
    endloop
  endfacet
  facet normal 0.998803 0.0489056 0
    outer loop
      vertex 63.0344 24.4586 2.4
      vertex 63.05 24.14 6.4
      vertex 63.05 24.14 2.4
    endloop
  endfacet
  facet normal 0.970032 0.242978 0
    outer loop
      vertex 62.9876 24.774 6.4
      vertex 62.9101 25.0834 2.4
      vertex 62.9101 25.0834 6.4
    endloop
  endfacet
  facet normal 0.970032 0.242978 0
    outer loop
      vertex 62.9101 25.0834 2.4
      vertex 62.9876 24.774 6.4
      vertex 62.9876 24.774 2.4
    endloop
  endfacet
  facet normal 0.337031 -0.941493 0
    outer loop
      vertex 60.7434 21.0299 2.4
      vertex 61.0437 21.1374 6.4
      vertex 60.7434 21.0299 6.4
    endloop
  endfacet
  facet normal 0.337031 -0.941493 0
    outer loop
      vertex 61.0437 21.1374 6.4
      vertex 60.7434 21.0299 2.4
      vertex 61.0437 21.1374 2.4
    endloop
  endfacet
  facet normal 0.671611 0.740904 -0
    outer loop
      vertex 62.0981 26.4381 2.4
      vertex 61.8618 26.6523 6.4
      vertex 62.0981 26.4381 6.4
    endloop
  endfacet
  facet normal 0.671611 0.740904 0
    outer loop
      vertex 61.8618 26.6523 6.4
      vertex 62.0981 26.4381 2.4
      vertex 61.8618 26.6523 2.4
    endloop
  endfacet
  facet normal -0.857852 0.513896 0
    outer loop
      vertex 56.9338 25.672 2.4
      vertex 57.0977 25.9456 6.4
      vertex 57.0977 25.9456 2.4
    endloop
  endfacet
  facet normal -0.857852 0.513896 0
    outer loop
      vertex 57.0977 25.9456 6.4
      vertex 56.9338 25.672 2.4
      vertex 56.9338 25.672 6.4
    endloop
  endfacet
  facet normal -0.146776 -0.98917 0
    outer loop
      vertex 59.166 20.9524 2.4
      vertex 59.4814 20.9056 6.4
      vertex 59.166 20.9524 6.4
    endloop
  endfacet
  facet normal -0.146776 -0.98917 -0
    outer loop
      vertex 59.4814 20.9056 6.4
      vertex 59.166 20.9524 2.4
      vertex 59.4814 20.9056 2.4
    endloop
  endfacet
  facet normal 0.941493 0.337031 0
    outer loop
      vertex 62.9101 25.0834 6.4
      vertex 62.8026 25.3837 2.4
      vertex 62.8026 25.3837 6.4
    endloop
  endfacet
  facet normal 0.941493 0.337031 0
    outer loop
      vertex 62.8026 25.3837 2.4
      vertex 62.9101 25.0834 6.4
      vertex 62.9101 25.0834 2.4
    endloop
  endfacet
  facet normal -0.0492184 0.998788 0
    outer loop
      vertex 59.8 27.39 2.4
      vertex 59.4814 27.3743 6.4
      vertex 59.8 27.39 6.4
    endloop
  endfacet
  facet normal -0.0492184 0.998788 0
    outer loop
      vertex 59.4814 27.3743 6.4
      vertex 59.8 27.39 2.4
      vertex 59.4814 27.3743 2.4
    endloop
  endfacet
  facet normal 0.0489056 -0.998803 0
    outer loop
      vertex 59.8 20.89 2.4
      vertex 60.1186 20.9056 6.4
      vertex 59.8 20.89 6.4
    endloop
  endfacet
  facet normal 0.0489056 -0.998803 0
    outer loop
      vertex 60.1186 20.9056 6.4
      vertex 59.8 20.89 2.4
      vertex 60.1186 20.9056 2.4
    endloop
  endfacet
  facet normal -0.903936 -0.427668 0
    outer loop
      vertex 56.9338 22.608 2.4
      vertex 56.7974 22.8963 6.4
      vertex 56.7974 22.8963 2.4
    endloop
  endfacet
  facet normal -0.903936 -0.427668 0
    outer loop
      vertex 56.7974 22.8963 6.4
      vertex 56.9338 22.608 2.4
      vertex 56.9338 22.608 6.4
    endloop
  endfacet
  facet normal -0.595677 -0.803224 0
    outer loop
      vertex 57.7382 21.6277 2.4
      vertex 57.9944 21.4377 6.4
      vertex 57.7382 21.6277 6.4
    endloop
  endfacet
  facet normal -0.595677 -0.803224 -0
    outer loop
      vertex 57.9944 21.4377 6.4
      vertex 57.7382 21.6277 2.4
      vertex 57.9944 21.4377 2.4
    endloop
  endfacet
  facet normal -0.803224 0.595677 0
    outer loop
      vertex 57.0977 25.9456 2.4
      vertex 57.2877 26.2018 6.4
      vertex 57.2877 26.2018 2.4
    endloop
  endfacet
  facet normal -0.803224 0.595677 0
    outer loop
      vertex 57.2877 26.2018 6.4
      vertex 57.0977 25.9456 2.4
      vertex 57.0977 25.9456 6.4
    endloop
  endfacet
  facet normal 0.970032 -0.242978 0
    outer loop
      vertex 62.9101 23.1966 6.4
      vertex 62.9876 23.506 2.4
      vertex 62.9876 23.506 6.4
    endloop
  endfacet
  facet normal 0.970032 -0.242978 0
    outer loop
      vertex 62.9876 23.506 2.4
      vertex 62.9101 23.1966 6.4
      vertex 62.9101 23.1966 2.4
    endloop
  endfacet
  facet normal 0.857852 0.513896 0
    outer loop
      vertex 62.6662 25.672 6.4
      vertex 62.5023 25.9456 2.4
      vertex 62.5023 25.9456 6.4
    endloop
  endfacet
  facet normal 0.857852 0.513896 0
    outer loop
      vertex 62.5023 25.9456 2.4
      vertex 62.6662 25.672 6.4
      vertex 62.6662 25.672 2.4
    endloop
  endfacet
  facet normal -0.998788 -0.0492184 0
    outer loop
      vertex 56.5657 23.8214 2.4
      vertex 56.55 24.14 6.4
      vertex 56.55 24.14 2.4
    endloop
  endfacet
  facet normal -0.998788 -0.0492184 0
    outer loop
      vertex 56.55 24.14 6.4
      vertex 56.5657 23.8214 2.4
      vertex 56.5657 23.8214 6.4
    endloop
  endfacet
  facet normal 0.903936 0.427668 0
    outer loop
      vertex 62.8026 25.3837 6.4
      vertex 62.6662 25.672 2.4
      vertex 62.6662 25.672 6.4
    endloop
  endfacet
  facet normal 0.903936 0.427668 0
    outer loop
      vertex 62.6662 25.672 2.4
      vertex 62.8026 25.3837 6.4
      vertex 62.8026 25.3837 2.4
    endloop
  endfacet
  facet normal 0.941493 -0.337031 0
    outer loop
      vertex 62.8026 22.8963 6.4
      vertex 62.9101 23.1966 2.4
      vertex 62.9101 23.1966 6.4
    endloop
  endfacet
  facet normal 0.941493 -0.337031 0
    outer loop
      vertex 62.9101 23.1966 2.4
      vertex 62.8026 22.8963 6.4
      vertex 62.8026 22.8963 2.4
    endloop
  endfacet
  facet normal -0.427668 -0.903936 0
    outer loop
      vertex 58.268 21.2738 2.4
      vertex 58.5563 21.1374 6.4
      vertex 58.268 21.2738 6.4
    endloop
  endfacet
  facet normal -0.427668 -0.903936 -0
    outer loop
      vertex 58.5563 21.1374 6.4
      vertex 58.268 21.2738 2.4
      vertex 58.5563 21.1374 2.4
    endloop
  endfacet
  facet normal -0.970032 -0.242978 0
    outer loop
      vertex 56.6899 23.1966 2.4
      vertex 56.6124 23.506 6.4
      vertex 56.6124 23.506 2.4
    endloop
  endfacet
  facet normal -0.970032 -0.242978 0
    outer loop
      vertex 56.6124 23.506 6.4
      vertex 56.6899 23.1966 2.4
      vertex 56.6899 23.1966 6.4
    endloop
  endfacet
  facet normal -0.740904 0.671611 0
    outer loop
      vertex 57.2877 26.2018 2.4
      vertex 57.5019 26.4381 6.4
      vertex 57.5019 26.4381 2.4
    endloop
  endfacet
  facet normal -0.740904 0.671611 0
    outer loop
      vertex 57.5019 26.4381 6.4
      vertex 57.2877 26.2018 2.4
      vertex 57.2877 26.2018 6.4
    endloop
  endfacet
  facet normal -0.242978 -0.970032 0
    outer loop
      vertex 58.8566 21.0299 2.4
      vertex 59.166 20.9524 6.4
      vertex 58.8566 21.0299 6.4
    endloop
  endfacet
  facet normal -0.242978 -0.970032 -0
    outer loop
      vertex 59.166 20.9524 6.4
      vertex 58.8566 21.0299 2.4
      vertex 59.166 20.9524 2.4
    endloop
  endfacet
  facet normal -0.513896 0.857852 0
    outer loop
      vertex 58.268 27.0062 2.4
      vertex 57.9944 26.8423 6.4
      vertex 58.268 27.0062 6.4
    endloop
  endfacet
  facet normal -0.513896 0.857852 0
    outer loop
      vertex 57.9944 26.8423 6.4
      vertex 58.268 27.0062 2.4
      vertex 57.9944 26.8423 2.4
    endloop
  endfacet
  facet normal 0.803224 0.595677 0
    outer loop
      vertex 62.5023 25.9456 6.4
      vertex 62.3123 26.2018 2.4
      vertex 62.3123 26.2018 6.4
    endloop
  endfacet
  facet normal 0.803224 0.595677 0
    outer loop
      vertex 62.3123 26.2018 2.4
      vertex 62.5023 25.9456 6.4
      vertex 62.5023 25.9456 2.4
    endloop
  endfacet
  facet normal -0.146469 0.989215 0
    outer loop
      vertex 59.4814 27.3743 2.4
      vertex 59.166 27.3276 6.4
      vertex 59.4814 27.3743 6.4
    endloop
  endfacet
  facet normal -0.146469 0.989215 0
    outer loop
      vertex 59.166 27.3276 6.4
      vertex 59.4814 27.3743 2.4
      vertex 59.166 27.3276 2.4
    endloop
  endfacet
  facet normal 0.427668 -0.903936 0
    outer loop
      vertex 61.0437 21.1374 2.4
      vertex 61.332 21.2738 6.4
      vertex 61.0437 21.1374 6.4
    endloop
  endfacet
  facet normal 0.427668 -0.903936 0
    outer loop
      vertex 61.332 21.2738 6.4
      vertex 61.0437 21.1374 2.4
      vertex 61.332 21.2738 2.4
    endloop
  endfacet
  facet normal -0.671611 0.740904 0
    outer loop
      vertex 57.7382 26.6523 2.4
      vertex 57.5019 26.4381 6.4
      vertex 57.7382 26.6523 6.4
    endloop
  endfacet
  facet normal -0.671611 0.740904 0
    outer loop
      vertex 57.5019 26.4381 6.4
      vertex 57.7382 26.6523 2.4
      vertex 57.5019 26.4381 2.4
    endloop
  endfacet
  facet normal 0.857852 -0.513896 0
    outer loop
      vertex 62.5023 22.3344 6.4
      vertex 62.6662 22.608 2.4
      vertex 62.6662 22.608 6.4
    endloop
  endfacet
  facet normal 0.857852 -0.513896 0
    outer loop
      vertex 62.6662 22.608 2.4
      vertex 62.5023 22.3344 6.4
      vertex 62.5023 22.3344 2.4
    endloop
  endfacet
  facet normal -0.595677 0.803224 0
    outer loop
      vertex 57.9944 26.8423 2.4
      vertex 57.7382 26.6523 6.4
      vertex 57.9944 26.8423 6.4
    endloop
  endfacet
  facet normal -0.595677 0.803224 0
    outer loop
      vertex 57.7382 26.6523 6.4
      vertex 57.9944 26.8423 2.4
      vertex 57.7382 26.6523 2.4
    endloop
  endfacet
  facet normal 0.337031 0.941493 -0
    outer loop
      vertex 61.0437 27.1426 2.4
      vertex 60.7434 27.2501 6.4
      vertex 61.0437 27.1426 6.4
    endloop
  endfacet
  facet normal 0.337031 0.941493 0
    outer loop
      vertex 60.7434 27.2501 6.4
      vertex 61.0437 27.1426 2.4
      vertex 60.7434 27.2501 2.4
    endloop
  endfacet
  facet normal 0.740904 0.671611 0
    outer loop
      vertex 62.3123 26.2018 6.4
      vertex 62.0981 26.4381 2.4
      vertex 62.0981 26.4381 6.4
    endloop
  endfacet
  facet normal 0.740904 0.671611 0
    outer loop
      vertex 62.0981 26.4381 2.4
      vertex 62.3123 26.2018 6.4
      vertex 62.3123 26.2018 2.4
    endloop
  endfacet
  facet normal 0.998803 -0.0489056 0
    outer loop
      vertex 63.0344 23.8214 6.4
      vertex 63.05 24.14 2.4
      vertex 63.05 24.14 6.4
    endloop
  endfacet
  facet normal 0.998803 -0.0489056 0
    outer loop
      vertex 63.05 24.14 2.4
      vertex 63.0344 23.8214 6.4
      vertex 63.0344 23.8214 2.4
    endloop
  endfacet
  facet normal -0.941493 -0.337031 0
    outer loop
      vertex 56.7974 22.8963 2.4
      vertex 56.6899 23.1966 6.4
      vertex 56.6899 23.1966 2.4
    endloop
  endfacet
  facet normal -0.941493 -0.337031 0
    outer loop
      vertex 56.6899 23.1966 6.4
      vertex 56.7974 22.8963 2.4
      vertex 56.7974 22.8963 6.4
    endloop
  endfacet
  facet normal 0.513896 0.857852 -0
    outer loop
      vertex 61.6056 26.8423 2.4
      vertex 61.332 27.0062 6.4
      vertex 61.6056 26.8423 6.4
    endloop
  endfacet
  facet normal 0.513896 0.857852 0
    outer loop
      vertex 61.332 27.0062 6.4
      vertex 61.6056 26.8423 2.4
      vertex 61.332 27.0062 2.4
    endloop
  endfacet
  facet normal 0.595677 0.803224 -0
    outer loop
      vertex 61.8618 26.6523 2.4
      vertex 61.6056 26.8423 6.4
      vertex 61.8618 26.6523 6.4
    endloop
  endfacet
  facet normal 0.595677 0.803224 0
    outer loop
      vertex 61.6056 26.8423 6.4
      vertex 61.8618 26.6523 2.4
      vertex 61.6056 26.8423 2.4
    endloop
  endfacet
  facet normal 0.146776 -0.98917 0
    outer loop
      vertex 60.1186 20.9056 2.4
      vertex 60.434 20.9524 6.4
      vertex 60.1186 20.9056 6.4
    endloop
  endfacet
  facet normal 0.146776 -0.98917 0
    outer loop
      vertex 60.434 20.9524 6.4
      vertex 60.1186 20.9056 2.4
      vertex 60.434 20.9524 2.4
    endloop
  endfacet
  facet normal 0.740904 -0.671611 0
    outer loop
      vertex 62.0981 21.8419 6.4
      vertex 62.3123 22.0782 2.4
      vertex 62.3123 22.0782 6.4
    endloop
  endfacet
  facet normal 0.740904 -0.671611 0
    outer loop
      vertex 62.3123 22.0782 2.4
      vertex 62.0981 21.8419 6.4
      vertex 62.0981 21.8419 2.4
    endloop
  endfacet
  facet normal 0.803224 -0.595677 0
    outer loop
      vertex 62.3123 22.0782 6.4
      vertex 62.5023 22.3344 2.4
      vertex 62.5023 22.3344 6.4
    endloop
  endfacet
  facet normal 0.803224 -0.595677 0
    outer loop
      vertex 62.5023 22.3344 2.4
      vertex 62.3123 22.0782 6.4
      vertex 62.3123 22.0782 2.4
    endloop
  endfacet
  facet normal 0.242978 -0.970032 0
    outer loop
      vertex 60.434 20.9524 2.4
      vertex 60.7434 21.0299 6.4
      vertex 60.434 20.9524 6.4
    endloop
  endfacet
  facet normal 0.242978 -0.970032 0
    outer loop
      vertex 60.7434 21.0299 6.4
      vertex 60.434 20.9524 2.4
      vertex 60.7434 21.0299 2.4
    endloop
  endfacet
  facet normal 0.903936 -0.427668 0
    outer loop
      vertex 62.6662 22.608 6.4
      vertex 62.8026 22.8963 2.4
      vertex 62.8026 22.8963 6.4
    endloop
  endfacet
  facet normal 0.903936 -0.427668 0
    outer loop
      vertex 62.8026 22.8963 2.4
      vertex 62.6662 22.608 6.4
      vertex 62.6662 22.608 2.4
    endloop
  endfacet
  facet normal -0.242978 0.970032 0
    outer loop
      vertex 59.166 27.3276 2.4
      vertex 58.8566 27.2501 6.4
      vertex 59.166 27.3276 6.4
    endloop
  endfacet
  facet normal -0.242978 0.970032 0
    outer loop
      vertex 58.8566 27.2501 6.4
      vertex 59.166 27.3276 2.4
      vertex 58.8566 27.2501 2.4
    endloop
  endfacet
  facet normal -0.941493 0.337031 0
    outer loop
      vertex 56.6899 25.0834 2.4
      vertex 56.7974 25.3837 6.4
      vertex 56.7974 25.3837 2.4
    endloop
  endfacet
  facet normal -0.941493 0.337031 0
    outer loop
      vertex 56.7974 25.3837 6.4
      vertex 56.6899 25.0834 2.4
      vertex 56.6899 25.0834 6.4
    endloop
  endfacet
  facet normal -0.427668 0.903936 0
    outer loop
      vertex 58.5563 27.1426 2.4
      vertex 58.268 27.0062 6.4
      vertex 58.5563 27.1426 6.4
    endloop
  endfacet
  facet normal -0.427668 0.903936 0
    outer loop
      vertex 58.268 27.0062 6.4
      vertex 58.5563 27.1426 2.4
      vertex 58.268 27.0062 2.4
    endloop
  endfacet
  facet normal -0.989215 0.146469 0
    outer loop
      vertex 56.5657 24.4586 2.4
      vertex 56.6124 24.774 6.4
      vertex 56.6124 24.774 2.4
    endloop
  endfacet
  facet normal -0.989215 0.146469 0
    outer loop
      vertex 56.6124 24.774 6.4
      vertex 56.5657 24.4586 2.4
      vertex 56.5657 24.4586 6.4
    endloop
  endfacet
  facet normal -0.970032 0.242978 0
    outer loop
      vertex 56.6124 24.774 2.4
      vertex 56.6899 25.0834 6.4
      vertex 56.6899 25.0834 2.4
    endloop
  endfacet
  facet normal -0.970032 0.242978 0
    outer loop
      vertex 56.6899 25.0834 6.4
      vertex 56.6124 24.774 2.4
      vertex 56.6124 24.774 6.4
    endloop
  endfacet
  facet normal 0.427668 0.903936 -0
    outer loop
      vertex 61.332 27.0062 2.4
      vertex 61.0437 27.1426 6.4
      vertex 61.332 27.0062 6.4
    endloop
  endfacet
  facet normal 0.427668 0.903936 0
    outer loop
      vertex 61.0437 27.1426 6.4
      vertex 61.332 27.0062 2.4
      vertex 61.0437 27.1426 2.4
    endloop
  endfacet
  facet normal 0 0 -1
    outer loop
      vertex 61.15 24.14 2.4
      vertex 63.05 24.14 2.4
      vertex 63.0344 23.8214 2.4
    endloop
  endfacet
  facet normal 0 0 -1
    outer loop
      vertex 61.1435 24.0077 2.4
      vertex 63.0344 23.8214 2.4
      vertex 62.9876 23.506 2.4
    endloop
  endfacet
  facet normal 0 0 -1
    outer loop
      vertex 63.05 24.14 2.4
      vertex 61.15 24.14 2.4
      vertex 63.0344 24.4586 2.4
    endloop
  endfacet
  facet normal 0 0 -1
    outer loop
      vertex 61.1241 23.8766 2.4
      vertex 62.9876 23.506 2.4
      vertex 62.9101 23.1966 2.4
    endloop
  endfacet
  facet normal 0 0 -1
    outer loop
      vertex 61.1435 24.2723 2.4
      vertex 63.0344 24.4586 2.4
      vertex 61.15 24.14 2.4
    endloop
  endfacet
  facet normal 0 0 -1
    outer loop
      vertex 61.0919 23.7481 2.4
      vertex 62.9101 23.1966 2.4
      vertex 62.8026 22.8963 2.4
    endloop
  endfacet
  facet normal -0 0 -1
    outer loop
      vertex 63.0344 24.4586 2.4
      vertex 61.1435 24.2723 2.4
      vertex 62.9876 24.774 2.4
    endloop
  endfacet
  facet normal 0 0 -1
    outer loop
      vertex 61.0472 23.6234 2.4
      vertex 62.8026 22.8963 2.4
      vertex 62.6662 22.608 2.4
    endloop
  endfacet
  facet normal 0 0 -1
    outer loop
      vertex 61.1241 24.4034 2.4
      vertex 62.9876 24.774 2.4
      vertex 61.1435 24.2723 2.4
    endloop
  endfacet
  facet normal 0 0 -1
    outer loop
      vertex 60.9906 23.5036 2.4
      vertex 62.6662 22.608 2.4
      vertex 62.5023 22.3344 2.4
    endloop
  endfacet
  facet normal -0 0 -1
    outer loop
      vertex 62.9876 24.774 2.4
      vertex 61.1241 24.4034 2.4
      vertex 62.9101 25.0834 2.4
    endloop
  endfacet
  facet normal 0 0 -1
    outer loop
      vertex 60.9225 23.39 2.4
      vertex 62.5023 22.3344 2.4
      vertex 62.3123 22.0782 2.4
    endloop
  endfacet
  facet normal 0 0 -1
    outer loop
      vertex 61.0919 24.5319 2.4
      vertex 62.9101 25.0834 2.4
      vertex 61.1241 24.4034 2.4
    endloop
  endfacet
  facet normal 0 0 -1
    outer loop
      vertex 60.8436 23.2836 2.4
      vertex 62.3123 22.0782 2.4
      vertex 62.0981 21.8419 2.4
    endloop
  endfacet
  facet normal -0 0 -1
    outer loop
      vertex 62.9101 25.0834 2.4
      vertex 61.0919 24.5319 2.4
      vertex 62.8026 25.3837 2.4
    endloop
  endfacet
  facet normal 0 0 -1
    outer loop
      vertex 60.7546 23.1854 2.4
      vertex 62.0981 21.8419 2.4
      vertex 61.8618 21.6277 2.4
    endloop
  endfacet
  facet normal 0 0 -1
    outer loop
      vertex 61.0472 24.6566 2.4
      vertex 62.8026 25.3837 2.4
      vertex 61.0919 24.5319 2.4
    endloop
  endfacet
  facet normal 0 0 -1
    outer loop
      vertex 60.6564 23.0964 2.4
      vertex 61.8618 21.6277 2.4
      vertex 61.6056 21.4377 2.4
    endloop
  endfacet
  facet normal -0 0 -1
    outer loop
      vertex 62.8026 25.3837 2.4
      vertex 61.0472 24.6566 2.4
      vertex 62.6662 25.672 2.4
    endloop
  endfacet
  facet normal 0 0 -1
    outer loop
      vertex 60.55 23.0175 2.4
      vertex 61.6056 21.4377 2.4
      vertex 61.332 21.2738 2.4
    endloop
  endfacet
  facet normal 0 0 -1
    outer loop
      vertex 60.9906 24.7764 2.4
      vertex 62.6662 25.672 2.4
      vertex 61.0472 24.6566 2.4
    endloop
  endfacet
  facet normal -0 0 -1
    outer loop
      vertex 62.6662 25.672 2.4
      vertex 60.9906 24.7764 2.4
      vertex 62.5023 25.9456 2.4
    endloop
  endfacet
  facet normal 0 0 -1
    outer loop
      vertex 63.0344 23.8214 2.4
      vertex 61.1435 24.0077 2.4
      vertex 61.15 24.14 2.4
    endloop
  endfacet
  facet normal 0 0 -1
    outer loop
      vertex 62.9876 23.506 2.4
      vertex 61.1241 23.8766 2.4
      vertex 61.1435 24.0077 2.4
    endloop
  endfacet
  facet normal 0 0 -1
    outer loop
      vertex 62.9101 23.1966 2.4
      vertex 61.0919 23.7481 2.4
      vertex 61.1241 23.8766 2.4
    endloop
  endfacet
  facet normal 0 0 -1
    outer loop
      vertex 62.8026 22.8963 2.4
      vertex 61.0472 23.6234 2.4
      vertex 61.0919 23.7481 2.4
    endloop
  endfacet
  facet normal 0 0 -1
    outer loop
      vertex 60.4364 22.9494 2.4
      vertex 61.332 21.2738 2.4
      vertex 61.0437 21.1374 2.4
    endloop
  endfacet
  facet normal 0 0 -1
    outer loop
      vertex 62.6662 22.608 2.4
      vertex 60.9906 23.5036 2.4
      vertex 61.0472 23.6234 2.4
    endloop
  endfacet
  facet normal 0 0 -1
    outer loop
      vertex 62.5023 22.3344 2.4
      vertex 60.9225 23.39 2.4
      vertex 60.9906 23.5036 2.4
    endloop
  endfacet
  facet normal 0 0 -1
    outer loop
      vertex 62.3123 22.0782 2.4
      vertex 60.8436 23.2836 2.4
      vertex 60.9225 23.39 2.4
    endloop
  endfacet
  facet normal 0 0 -1
    outer loop
      vertex 62.0981 21.8419 2.4
      vertex 60.7546 23.1854 2.4
      vertex 60.8436 23.2836 2.4
    endloop
  endfacet
  facet normal 0 0 -1
    outer loop
      vertex 60.3166 22.8928 2.4
      vertex 61.0437 21.1374 2.4
      vertex 60.7434 21.0299 2.4
    endloop
  endfacet
  facet normal 0 0 -1
    outer loop
      vertex 61.8618 21.6277 2.4
      vertex 60.6564 23.0964 2.4
      vertex 60.7546 23.1854 2.4
    endloop
  endfacet
  facet normal 0 0 -1
    outer loop
      vertex 61.6056 21.4377 2.4
      vertex 60.55 23.0175 2.4
      vertex 60.6564 23.0964 2.4
    endloop
  endfacet
  facet normal 0 0 -1
    outer loop
      vertex 61.332 21.2738 2.4
      vertex 60.4364 22.9494 2.4
      vertex 60.55 23.0175 2.4
    endloop
  endfacet
  facet normal 0 0 -1
    outer loop
      vertex 60.1919 22.8481 2.4
      vertex 60.7434 21.0299 2.4
      vertex 60.434 20.9524 2.4
    endloop
  endfacet
  facet normal 0 0 -1
    outer loop
      vertex 61.0437 21.1374 2.4
      vertex 60.3166 22.8928 2.4
      vertex 60.4364 22.9494 2.4
    endloop
  endfacet
  facet normal 0 0 -1
    outer loop
      vertex 60.7434 21.0299 2.4
      vertex 60.1919 22.8481 2.4
      vertex 60.3166 22.8928 2.4
    endloop
  endfacet
  facet normal 0 0 -1
    outer loop
      vertex 60.0634 22.8159 2.4
      vertex 60.434 20.9524 2.4
      vertex 60.1186 20.9056 2.4
    endloop
  endfacet
  facet normal 0 0 -1
    outer loop
      vertex 60.434 20.9524 2.4
      vertex 60.0634 22.8159 2.4
      vertex 60.1919 22.8481 2.4
    endloop
  endfacet
  facet normal 0 0 -1
    outer loop
      vertex 60.1186 20.9056 2.4
      vertex 59.9323 22.7965 2.4
      vertex 60.0634 22.8159 2.4
    endloop
  endfacet
  facet normal 0 0 -1
    outer loop
      vertex 59.8 20.89 2.4
      vertex 59.9323 22.7965 2.4
      vertex 60.1186 20.9056 2.4
    endloop
  endfacet
  facet normal 0 0 -1
    outer loop
      vertex 59.8 20.89 2.4
      vertex 59.8 22.79 2.4
      vertex 59.9323 22.7965 2.4
    endloop
  endfacet
  facet normal 0 0 -1
    outer loop
      vertex 59.8 20.89 2.4
      vertex 59.6677 22.7965 2.4
      vertex 59.8 22.79 2.4
    endloop
  endfacet
  facet normal 0 0 -1
    outer loop
      vertex 59.4814 20.9056 2.4
      vertex 59.6677 22.7965 2.4
      vertex 59.8 20.89 2.4
    endloop
  endfacet
  facet normal -0 0 -1
    outer loop
      vertex 59.6677 22.7965 2.4
      vertex 59.4814 20.9056 2.4
      vertex 59.5366 22.8159 2.4
    endloop
  endfacet
  facet normal 0 0 -1
    outer loop
      vertex 59.166 20.9524 2.4
      vertex 59.5366 22.8159 2.4
      vertex 59.4814 20.9056 2.4
    endloop
  endfacet
  facet normal -0 0 -1
    outer loop
      vertex 59.5366 22.8159 2.4
      vertex 59.166 20.9524 2.4
      vertex 59.4081 22.8481 2.4
    endloop
  endfacet
  facet normal 0 0 -1
    outer loop
      vertex 58.8566 21.0299 2.4
      vertex 59.4081 22.8481 2.4
      vertex 59.166 20.9524 2.4
    endloop
  endfacet
  facet normal -0 0 -1
    outer loop
      vertex 59.4081 22.8481 2.4
      vertex 58.8566 21.0299 2.4
      vertex 59.2834 22.8928 2.4
    endloop
  endfacet
  facet normal 0 0 -1
    outer loop
      vertex 58.5563 21.1374 2.4
      vertex 59.2834 22.8928 2.4
      vertex 58.8566 21.0299 2.4
    endloop
  endfacet
  facet normal -0 0 -1
    outer loop
      vertex 59.2834 22.8928 2.4
      vertex 58.5563 21.1374 2.4
      vertex 59.1636 22.9494 2.4
    endloop
  endfacet
  facet normal 0 0 -1
    outer loop
      vertex 58.268 21.2738 2.4
      vertex 59.1636 22.9494 2.4
      vertex 58.5563 21.1374 2.4
    endloop
  endfacet
  facet normal -0 0 -1
    outer loop
      vertex 59.1636 22.9494 2.4
      vertex 58.268 21.2738 2.4
      vertex 59.05 23.0175 2.4
    endloop
  endfacet
  facet normal 0 0 -1
    outer loop
      vertex 57.9944 21.4377 2.4
      vertex 59.05 23.0175 2.4
      vertex 58.268 21.2738 2.4
    endloop
  endfacet
  facet normal -0 0 -1
    outer loop
      vertex 59.05 23.0175 2.4
      vertex 57.9944 21.4377 2.4
      vertex 58.9436 23.0964 2.4
    endloop
  endfacet
  facet normal 0 0 -1
    outer loop
      vertex 57.7382 21.6277 2.4
      vertex 58.9436 23.0964 2.4
      vertex 57.9944 21.4377 2.4
    endloop
  endfacet
  facet normal -0 0 -1
    outer loop
      vertex 58.9436 23.0964 2.4
      vertex 57.7382 21.6277 2.4
      vertex 58.8454 23.1854 2.4
    endloop
  endfacet
  facet normal 0 0 -1
    outer loop
      vertex 57.5019 21.8419 2.4
      vertex 58.8454 23.1854 2.4
      vertex 57.7382 21.6277 2.4
    endloop
  endfacet
  facet normal -0 0 -1
    outer loop
      vertex 58.8454 23.1854 2.4
      vertex 57.5019 21.8419 2.4
      vertex 58.7564 23.2836 2.4
    endloop
  endfacet
  facet normal 0 0 -1
    outer loop
      vertex 57.2877 22.0782 2.4
      vertex 58.7564 23.2836 2.4
      vertex 57.5019 21.8419 2.4
    endloop
  endfacet
  facet normal -0 0 -1
    outer loop
      vertex 58.7564 23.2836 2.4
      vertex 57.2877 22.0782 2.4
      vertex 58.6775 23.39 2.4
    endloop
  endfacet
  facet normal 0 0 -1
    outer loop
      vertex 57.0977 22.3344 2.4
      vertex 58.6775 23.39 2.4
      vertex 57.2877 22.0782 2.4
    endloop
  endfacet
  facet normal -0 0 -1
    outer loop
      vertex 58.6775 23.39 2.4
      vertex 57.0977 22.3344 2.4
      vertex 58.6094 23.5036 2.4
    endloop
  endfacet
  facet normal 0 0 -1
    outer loop
      vertex 60.9225 24.89 2.4
      vertex 62.5023 25.9456 2.4
      vertex 60.9906 24.7764 2.4
    endloop
  endfacet
  facet normal -0 0 -1
    outer loop
      vertex 62.5023 25.9456 2.4
      vertex 60.9225 24.89 2.4
      vertex 62.3123 26.2018 2.4
    endloop
  endfacet
  facet normal 0 0 -1
    outer loop
      vertex 60.8436 24.9964 2.4
      vertex 62.3123 26.2018 2.4
      vertex 60.9225 24.89 2.4
    endloop
  endfacet
  facet normal -0 0 -1
    outer loop
      vertex 62.3123 26.2018 2.4
      vertex 60.8436 24.9964 2.4
      vertex 62.0981 26.4381 2.4
    endloop
  endfacet
  facet normal 0 0 -1
    outer loop
      vertex 60.7546 25.0946 2.4
      vertex 62.0981 26.4381 2.4
      vertex 60.8436 24.9964 2.4
    endloop
  endfacet
  facet normal -0 0 -1
    outer loop
      vertex 62.0981 26.4381 2.4
      vertex 60.7546 25.0946 2.4
      vertex 61.8618 26.6523 2.4
    endloop
  endfacet
  facet normal 0 0 -1
    outer loop
      vertex 60.6564 25.1836 2.4
      vertex 61.8618 26.6523 2.4
      vertex 60.7546 25.0946 2.4
    endloop
  endfacet
  facet normal -0 0 -1
    outer loop
      vertex 61.8618 26.6523 2.4
      vertex 60.6564 25.1836 2.4
      vertex 61.6056 26.8423 2.4
    endloop
  endfacet
  facet normal 0 0 -1
    outer loop
      vertex 60.55 25.2625 2.4
      vertex 61.6056 26.8423 2.4
      vertex 60.6564 25.1836 2.4
    endloop
  endfacet
  facet normal -0 0 -1
    outer loop
      vertex 61.6056 26.8423 2.4
      vertex 60.55 25.2625 2.4
      vertex 61.332 27.0062 2.4
    endloop
  endfacet
  facet normal 0 0 -1
    outer loop
      vertex 60.4364 25.3306 2.4
      vertex 61.332 27.0062 2.4
      vertex 60.55 25.2625 2.4
    endloop
  endfacet
  facet normal -0 0 -1
    outer loop
      vertex 61.332 27.0062 2.4
      vertex 60.4364 25.3306 2.4
      vertex 61.0437 27.1426 2.4
    endloop
  endfacet
  facet normal 0 0 -1
    outer loop
      vertex 60.3166 25.3872 2.4
      vertex 61.0437 27.1426 2.4
      vertex 60.4364 25.3306 2.4
    endloop
  endfacet
  facet normal -0 0 -1
    outer loop
      vertex 61.0437 27.1426 2.4
      vertex 60.3166 25.3872 2.4
      vertex 60.7434 27.2501 2.4
    endloop
  endfacet
  facet normal 0 0 -1
    outer loop
      vertex 60.1919 25.4319 2.4
      vertex 60.7434 27.2501 2.4
      vertex 60.3166 25.3872 2.4
    endloop
  endfacet
  facet normal -0 0 -1
    outer loop
      vertex 60.7434 27.2501 2.4
      vertex 60.1919 25.4319 2.4
      vertex 60.434 27.3276 2.4
    endloop
  endfacet
  facet normal 0 0 -1
    outer loop
      vertex 60.0634 25.4641 2.4
      vertex 60.434 27.3276 2.4
      vertex 60.1919 25.4319 2.4
    endloop
  endfacet
  facet normal -0 0 -1
    outer loop
      vertex 60.434 27.3276 2.4
      vertex 60.0634 25.4641 2.4
      vertex 60.1186 27.3743 2.4
    endloop
  endfacet
  facet normal 0 0 -1
    outer loop
      vertex 59.9323 25.4835 2.4
      vertex 60.1186 27.3743 2.4
      vertex 60.0634 25.4641 2.4
    endloop
  endfacet
  facet normal 0 0 -1
    outer loop
      vertex 59.8 25.49 2.4
      vertex 60.1186 27.3743 2.4
      vertex 59.9323 25.4835 2.4
    endloop
  endfacet
  facet normal 0 0 -1
    outer loop
      vertex 59.8 25.49 2.4
      vertex 59.8 27.39 2.4
      vertex 60.1186 27.3743 2.4
    endloop
  endfacet
  facet normal 0 0 -1
    outer loop
      vertex 59.6677 25.4835 2.4
      vertex 59.8 27.39 2.4
      vertex 59.8 25.49 2.4
    endloop
  endfacet
  facet normal 0 0 -1
    outer loop
      vertex 59.4814 27.3743 2.4
      vertex 59.6677 25.4835 2.4
      vertex 59.5366 25.4641 2.4
    endloop
  endfacet
  facet normal 0 0 -1
    outer loop
      vertex 59.6677 25.4835 2.4
      vertex 59.4814 27.3743 2.4
      vertex 59.8 27.39 2.4
    endloop
  endfacet
  facet normal 0 0 -1
    outer loop
      vertex 59.166 27.3276 2.4
      vertex 59.5366 25.4641 2.4
      vertex 59.4081 25.4319 2.4
    endloop
  endfacet
  facet normal 0 0 -1
    outer loop
      vertex 58.8566 27.2501 2.4
      vertex 59.4081 25.4319 2.4
      vertex 59.2834 25.3872 2.4
    endloop
  endfacet
  facet normal 0 0 -1
    outer loop
      vertex 59.5366 25.4641 2.4
      vertex 59.166 27.3276 2.4
      vertex 59.4814 27.3743 2.4
    endloop
  endfacet
  facet normal 0 0 -1
    outer loop
      vertex 58.5563 27.1426 2.4
      vertex 59.2834 25.3872 2.4
      vertex 59.1636 25.3306 2.4
    endloop
  endfacet
  facet normal 0 0 -1
    outer loop
      vertex 58.268 27.0062 2.4
      vertex 59.1636 25.3306 2.4
      vertex 59.05 25.2625 2.4
    endloop
  endfacet
  facet normal 0 0 -1
    outer loop
      vertex 57.9944 26.8423 2.4
      vertex 59.05 25.2625 2.4
      vertex 58.9436 25.1836 2.4
    endloop
  endfacet
  facet normal 0 0 -1
    outer loop
      vertex 59.4081 25.4319 2.4
      vertex 58.8566 27.2501 2.4
      vertex 59.166 27.3276 2.4
    endloop
  endfacet
  facet normal 0 0 -1
    outer loop
      vertex 57.7382 26.6523 2.4
      vertex 58.9436 25.1836 2.4
      vertex 58.8454 25.0946 2.4
    endloop
  endfacet
  facet normal 0 0 -1
    outer loop
      vertex 57.5019 26.4381 2.4
      vertex 58.8454 25.0946 2.4
      vertex 58.7564 24.9964 2.4
    endloop
  endfacet
  facet normal 0 0 -1
    outer loop
      vertex 57.2877 26.2018 2.4
      vertex 58.7564 24.9964 2.4
      vertex 58.6775 24.89 2.4
    endloop
  endfacet
  facet normal 0 0 -1
    outer loop
      vertex 57.0977 25.9456 2.4
      vertex 58.6775 24.89 2.4
      vertex 58.6094 24.7764 2.4
    endloop
  endfacet
  facet normal 0 0 -1
    outer loop
      vertex 59.2834 25.3872 2.4
      vertex 58.5563 27.1426 2.4
      vertex 58.8566 27.2501 2.4
    endloop
  endfacet
  facet normal 0 0 -1
    outer loop
      vertex 56.9338 25.672 2.4
      vertex 58.6094 24.7764 2.4
      vertex 58.5528 24.6566 2.4
    endloop
  endfacet
  facet normal 0 0 -1
    outer loop
      vertex 56.7974 25.3837 2.4
      vertex 58.5528 24.6566 2.4
      vertex 58.5081 24.5319 2.4
    endloop
  endfacet
  facet normal 0 0 -1
    outer loop
      vertex 56.6899 25.0834 2.4
      vertex 58.5081 24.5319 2.4
      vertex 58.4759 24.4034 2.4
    endloop
  endfacet
  facet normal 0 0 -1
    outer loop
      vertex 56.6124 24.774 2.4
      vertex 58.4759 24.4034 2.4
      vertex 58.4565 24.2723 2.4
    endloop
  endfacet
  facet normal 0 0 -1
    outer loop
      vertex 56.5657 24.4586 2.4
      vertex 58.4565 24.2723 2.4
      vertex 58.45 24.14 2.4
    endloop
  endfacet
  facet normal 0 0 -1
    outer loop
      vertex 56.9338 22.608 2.4
      vertex 58.6094 23.5036 2.4
      vertex 57.0977 22.3344 2.4
    endloop
  endfacet
  facet normal 0 0 -1
    outer loop
      vertex 59.1636 25.3306 2.4
      vertex 58.268 27.0062 2.4
      vertex 58.5563 27.1426 2.4
    endloop
  endfacet
  facet normal -0 0 -1
    outer loop
      vertex 58.6094 23.5036 2.4
      vertex 56.9338 22.608 2.4
      vertex 58.5528 23.6234 2.4
    endloop
  endfacet
  facet normal 0 0 -1
    outer loop
      vertex 59.05 25.2625 2.4
      vertex 57.9944 26.8423 2.4
      vertex 58.268 27.0062 2.4
    endloop
  endfacet
  facet normal 0 0 -1
    outer loop
      vertex 56.7974 22.8963 2.4
      vertex 58.5528 23.6234 2.4
      vertex 56.9338 22.608 2.4
    endloop
  endfacet
  facet normal 0 0 -1
    outer loop
      vertex 58.9436 25.1836 2.4
      vertex 57.7382 26.6523 2.4
      vertex 57.9944 26.8423 2.4
    endloop
  endfacet
  facet normal -0 0 -1
    outer loop
      vertex 58.5528 23.6234 2.4
      vertex 56.7974 22.8963 2.4
      vertex 58.5081 23.7481 2.4
    endloop
  endfacet
  facet normal 0 0 -1
    outer loop
      vertex 58.8454 25.0946 2.4
      vertex 57.5019 26.4381 2.4
      vertex 57.7382 26.6523 2.4
    endloop
  endfacet
  facet normal 0 0 -1
    outer loop
      vertex 56.6899 23.1966 2.4
      vertex 58.5081 23.7481 2.4
      vertex 56.7974 22.8963 2.4
    endloop
  endfacet
  facet normal 0 0 -1
    outer loop
      vertex 58.7564 24.9964 2.4
      vertex 57.2877 26.2018 2.4
      vertex 57.5019 26.4381 2.4
    endloop
  endfacet
  facet normal -0 0 -1
    outer loop
      vertex 58.5081 23.7481 2.4
      vertex 56.6899 23.1966 2.4
      vertex 58.4759 23.8766 2.4
    endloop
  endfacet
  facet normal 0 0 -1
    outer loop
      vertex 58.6775 24.89 2.4
      vertex 57.0977 25.9456 2.4
      vertex 57.2877 26.2018 2.4
    endloop
  endfacet
  facet normal 0 0 -1
    outer loop
      vertex 56.6124 23.506 2.4
      vertex 58.4759 23.8766 2.4
      vertex 56.6899 23.1966 2.4
    endloop
  endfacet
  facet normal 0 0 -1
    outer loop
      vertex 58.6094 24.7764 2.4
      vertex 56.9338 25.672 2.4
      vertex 57.0977 25.9456 2.4
    endloop
  endfacet
  facet normal -0 0 -1
    outer loop
      vertex 58.4759 23.8766 2.4
      vertex 56.6124 23.506 2.4
      vertex 58.4565 24.0077 2.4
    endloop
  endfacet
  facet normal 0 0 -1
    outer loop
      vertex 58.5528 24.6566 2.4
      vertex 56.7974 25.3837 2.4
      vertex 56.9338 25.672 2.4
    endloop
  endfacet
  facet normal 0 0 -1
    outer loop
      vertex 56.5657 23.8214 2.4
      vertex 58.4565 24.0077 2.4
      vertex 56.6124 23.506 2.4
    endloop
  endfacet
  facet normal 0 0 -1
    outer loop
      vertex 58.5081 24.5319 2.4
      vertex 56.6899 25.0834 2.4
      vertex 56.7974 25.3837 2.4
    endloop
  endfacet
  facet normal -0 0 -1
    outer loop
      vertex 58.4565 24.0077 2.4
      vertex 56.5657 23.8214 2.4
      vertex 58.45 24.14 2.4
    endloop
  endfacet
  facet normal 0 0 -1
    outer loop
      vertex 58.4759 24.4034 2.4
      vertex 56.6124 24.774 2.4
      vertex 56.6899 25.0834 2.4
    endloop
  endfacet
  facet normal 0 0 -1
    outer loop
      vertex 56.55 24.14 2.4
      vertex 58.45 24.14 2.4
      vertex 56.5657 23.8214 2.4
    endloop
  endfacet
  facet normal 0 0 -1
    outer loop
      vertex 58.4565 24.2723 2.4
      vertex 56.5657 24.4586 2.4
      vertex 56.6124 24.774 2.4
    endloop
  endfacet
  facet normal 0 0 -1
    outer loop
      vertex 58.45 24.14 2.4
      vertex 56.55 24.14 2.4
      vertex 56.5657 24.4586 2.4
    endloop
  endfacet
  facet normal 0.98917 -0.146776 0
    outer loop
      vertex 62.9876 23.506 6.4
      vertex 63.0344 23.8214 2.4
      vertex 63.0344 23.8214 6.4
    endloop
  endfacet
  facet normal 0.98917 -0.146776 0
    outer loop
      vertex 63.0344 23.8214 2.4
      vertex 62.9876 23.506 6.4
      vertex 62.9876 23.506 2.4
    endloop
  endfacet
  facet normal 0.146469 0.989215 -0
    outer loop
      vertex 60.434 27.3276 2.4
      vertex 60.1186 27.3743 6.4
      vertex 60.434 27.3276 6.4
    endloop
  endfacet
  facet normal 0.146469 0.989215 0
    outer loop
      vertex 60.1186 27.3743 6.4
      vertex 60.434 27.3276 2.4
      vertex 60.1186 27.3743 2.4
    endloop
  endfacet
  facet normal 0.0492184 0.998788 -0
    outer loop
      vertex 60.1186 27.3743 2.4
      vertex 59.8 27.39 6.4
      vertex 60.1186 27.3743 6.4
    endloop
  endfacet
  facet normal 0.0492184 0.998788 0
    outer loop
      vertex 59.8 27.39 6.4
      vertex 60.1186 27.3743 2.4
      vertex 59.8 27.39 2.4
    endloop
  endfacet
  facet normal -0.740904 -0.671611 0
    outer loop
      vertex 57.5019 21.8419 2.4
      vertex 57.2877 22.0782 6.4
      vertex 57.2877 22.0782 2.4
    endloop
  endfacet
  facet normal -0.740904 -0.671611 0
    outer loop
      vertex 57.2877 22.0782 6.4
      vertex 57.5019 21.8419 2.4
      vertex 57.5019 21.8419 6.4
    endloop
  endfacet
  facet normal -0.857852 -0.513896 0
    outer loop
      vertex 57.0977 22.3344 2.4
      vertex 56.9338 22.608 6.4
      vertex 56.9338 22.608 2.4
    endloop
  endfacet
  facet normal -0.857852 -0.513896 0
    outer loop
      vertex 56.9338 22.608 6.4
      vertex 57.0977 22.3344 2.4
      vertex 57.0977 22.3344 6.4
    endloop
  endfacet
  facet normal -0.337031 0.941493 0
    outer loop
      vertex 58.8566 27.2501 2.4
      vertex 58.5563 27.1426 6.4
      vertex 58.8566 27.2501 6.4
    endloop
  endfacet
  facet normal -0.337031 0.941493 0
    outer loop
      vertex 58.5563 27.1426 6.4
      vertex 58.8566 27.2501 2.4
      vertex 58.5563 27.1426 2.4
    endloop
  endfacet
  facet normal -0.513896 -0.857852 0
    outer loop
      vertex 57.9944 21.4377 2.4
      vertex 58.268 21.2738 6.4
      vertex 57.9944 21.4377 6.4
    endloop
  endfacet
  facet normal -0.513896 -0.857852 -0
    outer loop
      vertex 58.268 21.2738 6.4
      vertex 57.9944 21.4377 2.4
      vertex 58.268 21.2738 2.4
    endloop
  endfacet
  facet normal 0.595677 -0.803224 0
    outer loop
      vertex 61.6056 21.4377 2.4
      vertex 61.8618 21.6277 6.4
      vertex 61.6056 21.4377 6.4
    endloop
  endfacet
  facet normal 0.595677 -0.803224 0
    outer loop
      vertex 61.8618 21.6277 6.4
      vertex 61.6056 21.4377 2.4
      vertex 61.8618 21.6277 2.4
    endloop
  endfacet
  facet normal -0.337031 -0.941493 0
    outer loop
      vertex 58.5563 21.1374 2.4
      vertex 58.8566 21.0299 6.4
      vertex 58.5563 21.1374 6.4
    endloop
  endfacet
  facet normal -0.337031 -0.941493 -0
    outer loop
      vertex 58.8566 21.0299 6.4
      vertex 58.5563 21.1374 2.4
      vertex 58.8566 21.0299 2.4
    endloop
  endfacet
  facet normal -0.803224 -0.595677 0
    outer loop
      vertex 57.2877 22.0782 2.4
      vertex 57.0977 22.3344 6.4
      vertex 57.0977 22.3344 2.4
    endloop
  endfacet
  facet normal -0.803224 -0.595677 0
    outer loop
      vertex 57.0977 22.3344 6.4
      vertex 57.2877 22.0782 2.4
      vertex 57.2877 22.0782 6.4
    endloop
  endfacet
  facet normal -0.903936 0.427668 0
    outer loop
      vertex 56.7974 25.3837 2.4
      vertex 56.9338 25.672 6.4
      vertex 56.9338 25.672 2.4
    endloop
  endfacet
  facet normal -0.903936 0.427668 0
    outer loop
      vertex 56.9338 25.672 6.4
      vertex 56.7974 25.3837 2.4
      vertex 56.7974 25.3837 6.4
    endloop
  endfacet
  facet normal -0.989215 -0.146469 0
    outer loop
      vertex 56.6124 23.506 2.4
      vertex 56.5657 23.8214 6.4
      vertex 56.5657 23.8214 2.4
    endloop
  endfacet
  facet normal -0.989215 -0.146469 0
    outer loop
      vertex 56.5657 23.8214 6.4
      vertex 56.6124 23.506 2.4
      vertex 56.6124 23.506 6.4
    endloop
  endfacet
  facet normal 0.242978 0.970032 -0
    outer loop
      vertex 60.7434 27.2501 2.4
      vertex 60.434 27.3276 6.4
      vertex 60.7434 27.2501 6.4
    endloop
  endfacet
  facet normal 0.242978 0.970032 0
    outer loop
      vertex 60.434 27.3276 6.4
      vertex 60.7434 27.2501 2.4
      vertex 60.434 27.3276 2.4
    endloop
  endfacet
  facet normal 0.513896 -0.857852 0
    outer loop
      vertex 61.332 21.2738 2.4
      vertex 61.6056 21.4377 6.4
      vertex 61.332 21.2738 6.4
    endloop
  endfacet
  facet normal 0.513896 -0.857852 0
    outer loop
      vertex 61.6056 21.4377 6.4
      vertex 61.332 21.2738 2.4
      vertex 61.6056 21.4377 2.4
    endloop
  endfacet
  facet normal -0.671611 -0.740904 0
    outer loop
      vertex 57.5019 21.8419 2.4
      vertex 57.7382 21.6277 6.4
      vertex 57.5019 21.8419 6.4
    endloop
  endfacet
  facet normal -0.671611 -0.740904 -0
    outer loop
      vertex 57.7382 21.6277 6.4
      vertex 57.5019 21.8419 2.4
      vertex 57.7382 21.6277 2.4
    endloop
  endfacet
  facet normal -0.0489056 -0.998803 0
    outer loop
      vertex 59.4814 20.9056 2.4
      vertex 59.8 20.89 6.4
      vertex 59.4814 20.9056 6.4
    endloop
  endfacet
  facet normal -0.0489056 -0.998803 -0
    outer loop
      vertex 59.8 20.89 6.4
      vertex 59.4814 20.9056 2.4
      vertex 59.8 20.89 2.4
    endloop
  endfacet
  facet normal 0 0 1
    outer loop
      vertex 61.15 24.14 6.4
      vertex 63.05 24.14 6.4
      vertex 63.0344 24.4586 6.4
    endloop
  endfacet
  facet normal 0 0 1
    outer loop
      vertex 61.1435 24.2723 6.4
      vertex 63.0344 24.4586 6.4
      vertex 62.9876 24.774 6.4
    endloop
  endfacet
  facet normal 0 0 1
    outer loop
      vertex 63.05 24.14 6.4
      vertex 61.15 24.14 6.4
      vertex 63.0344 23.8214 6.4
    endloop
  endfacet
  facet normal 0 0 1
    outer loop
      vertex 61.1241 24.4034 6.4
      vertex 62.9876 24.774 6.4
      vertex 62.9101 25.0834 6.4
    endloop
  endfacet
  facet normal -0 0 1
    outer loop
      vertex 61.1435 24.0077 6.4
      vertex 63.0344 23.8214 6.4
      vertex 61.15 24.14 6.4
    endloop
  endfacet
  facet normal 0 0 1
    outer loop
      vertex 61.0919 24.5319 6.4
      vertex 62.9101 25.0834 6.4
      vertex 62.8026 25.3837 6.4
    endloop
  endfacet
  facet normal 0 0 1
    outer loop
      vertex 63.0344 23.8214 6.4
      vertex 61.1435 24.0077 6.4
      vertex 62.9876 23.506 6.4
    endloop
  endfacet
  facet normal 0 0 1
    outer loop
      vertex 61.0472 24.6566 6.4
      vertex 62.8026 25.3837 6.4
      vertex 62.6662 25.672 6.4
    endloop
  endfacet
  facet normal -0 0 1
    outer loop
      vertex 61.1241 23.8766 6.4
      vertex 62.9876 23.506 6.4
      vertex 61.1435 24.0077 6.4
    endloop
  endfacet
  facet normal 0 0 1
    outer loop
      vertex 60.9906 24.7764 6.4
      vertex 62.6662 25.672 6.4
      vertex 62.5023 25.9456 6.4
    endloop
  endfacet
  facet normal 0 0 1
    outer loop
      vertex 62.9876 23.506 6.4
      vertex 61.1241 23.8766 6.4
      vertex 62.9101 23.1966 6.4
    endloop
  endfacet
  facet normal 0 0 1
    outer loop
      vertex 60.9225 24.89 6.4
      vertex 62.5023 25.9456 6.4
      vertex 62.3123 26.2018 6.4
    endloop
  endfacet
  facet normal -0 0 1
    outer loop
      vertex 61.0919 23.7481 6.4
      vertex 62.9101 23.1966 6.4
      vertex 61.1241 23.8766 6.4
    endloop
  endfacet
  facet normal 0 0 1
    outer loop
      vertex 60.8436 24.9964 6.4
      vertex 62.3123 26.2018 6.4
      vertex 62.0981 26.4381 6.4
    endloop
  endfacet
  facet normal 0 0 1
    outer loop
      vertex 62.9101 23.1966 6.4
      vertex 61.0919 23.7481 6.4
      vertex 62.8026 22.8963 6.4
    endloop
  endfacet
  facet normal 0 0 1
    outer loop
      vertex 60.7546 25.0946 6.4
      vertex 62.0981 26.4381 6.4
      vertex 61.8618 26.6523 6.4
    endloop
  endfacet
  facet normal -0 0 1
    outer loop
      vertex 61.0472 23.6234 6.4
      vertex 62.8026 22.8963 6.4
      vertex 61.0919 23.7481 6.4
    endloop
  endfacet
  facet normal 0 0 1
    outer loop
      vertex 60.6564 25.1836 6.4
      vertex 61.8618 26.6523 6.4
      vertex 61.6056 26.8423 6.4
    endloop
  endfacet
  facet normal 0 0 1
    outer loop
      vertex 62.8026 22.8963 6.4
      vertex 61.0472 23.6234 6.4
      vertex 62.6662 22.608 6.4
    endloop
  endfacet
  facet normal 0 0 1
    outer loop
      vertex 60.55 25.2625 6.4
      vertex 61.6056 26.8423 6.4
      vertex 61.332 27.0062 6.4
    endloop
  endfacet
  facet normal -0 0 1
    outer loop
      vertex 60.9906 23.5036 6.4
      vertex 62.6662 22.608 6.4
      vertex 61.0472 23.6234 6.4
    endloop
  endfacet
  facet normal 0 0 1
    outer loop
      vertex 62.6662 22.608 6.4
      vertex 60.9906 23.5036 6.4
      vertex 62.5023 22.3344 6.4
    endloop
  endfacet
  facet normal 0 0 1
    outer loop
      vertex 63.0344 24.4586 6.4
      vertex 61.1435 24.2723 6.4
      vertex 61.15 24.14 6.4
    endloop
  endfacet
  facet normal 0 0 1
    outer loop
      vertex 62.9876 24.774 6.4
      vertex 61.1241 24.4034 6.4
      vertex 61.1435 24.2723 6.4
    endloop
  endfacet
  facet normal 0 0 1
    outer loop
      vertex 62.9101 25.0834 6.4
      vertex 61.0919 24.5319 6.4
      vertex 61.1241 24.4034 6.4
    endloop
  endfacet
  facet normal 0 0 1
    outer loop
      vertex 62.8026 25.3837 6.4
      vertex 61.0472 24.6566 6.4
      vertex 61.0919 24.5319 6.4
    endloop
  endfacet
  facet normal 0 0 1
    outer loop
      vertex 60.4364 25.3306 6.4
      vertex 61.332 27.0062 6.4
      vertex 61.0437 27.1426 6.4
    endloop
  endfacet
  facet normal 0 0 1
    outer loop
      vertex 62.6662 25.672 6.4
      vertex 60.9906 24.7764 6.4
      vertex 61.0472 24.6566 6.4
    endloop
  endfacet
  facet normal 0 0 1
    outer loop
      vertex 62.5023 25.9456 6.4
      vertex 60.9225 24.89 6.4
      vertex 60.9906 24.7764 6.4
    endloop
  endfacet
  facet normal 0 0 1
    outer loop
      vertex 62.3123 26.2018 6.4
      vertex 60.8436 24.9964 6.4
      vertex 60.9225 24.89 6.4
    endloop
  endfacet
  facet normal 0 0 1
    outer loop
      vertex 62.0981 26.4381 6.4
      vertex 60.7546 25.0946 6.4
      vertex 60.8436 24.9964 6.4
    endloop
  endfacet
  facet normal 0 0 1
    outer loop
      vertex 60.3166 25.3872 6.4
      vertex 61.0437 27.1426 6.4
      vertex 60.7434 27.2501 6.4
    endloop
  endfacet
  facet normal 0 0 1
    outer loop
      vertex 61.8618 26.6523 6.4
      vertex 60.6564 25.1836 6.4
      vertex 60.7546 25.0946 6.4
    endloop
  endfacet
  facet normal 0 0 1
    outer loop
      vertex 61.6056 26.8423 6.4
      vertex 60.55 25.2625 6.4
      vertex 60.6564 25.1836 6.4
    endloop
  endfacet
  facet normal 0 0 1
    outer loop
      vertex 61.332 27.0062 6.4
      vertex 60.4364 25.3306 6.4
      vertex 60.55 25.2625 6.4
    endloop
  endfacet
  facet normal 0 0 1
    outer loop
      vertex 60.1919 25.4319 6.4
      vertex 60.7434 27.2501 6.4
      vertex 60.434 27.3276 6.4
    endloop
  endfacet
  facet normal 0 0 1
    outer loop
      vertex 61.0437 27.1426 6.4
      vertex 60.3166 25.3872 6.4
      vertex 60.4364 25.3306 6.4
    endloop
  endfacet
  facet normal 0 0 1
    outer loop
      vertex 60.7434 27.2501 6.4
      vertex 60.1919 25.4319 6.4
      vertex 60.3166 25.3872 6.4
    endloop
  endfacet
  facet normal 0 0 1
    outer loop
      vertex 60.0634 25.4641 6.4
      vertex 60.434 27.3276 6.4
      vertex 60.1186 27.3743 6.4
    endloop
  endfacet
  facet normal 0 0 1
    outer loop
      vertex 60.434 27.3276 6.4
      vertex 60.0634 25.4641 6.4
      vertex 60.1919 25.4319 6.4
    endloop
  endfacet
  facet normal 0 0 1
    outer loop
      vertex 60.1186 27.3743 6.4
      vertex 59.9323 25.4835 6.4
      vertex 60.0634 25.4641 6.4
    endloop
  endfacet
  facet normal 0 0 1
    outer loop
      vertex 59.8 27.39 6.4
      vertex 59.9323 25.4835 6.4
      vertex 60.1186 27.3743 6.4
    endloop
  endfacet
  facet normal 0 0 1
    outer loop
      vertex 59.8 27.39 6.4
      vertex 59.8 25.49 6.4
      vertex 59.9323 25.4835 6.4
    endloop
  endfacet
  facet normal 0 0 1
    outer loop
      vertex 59.8 27.39 6.4
      vertex 59.6677 25.4835 6.4
      vertex 59.8 25.49 6.4
    endloop
  endfacet
  facet normal -0 0 1
    outer loop
      vertex 59.4814 27.3743 6.4
      vertex 59.6677 25.4835 6.4
      vertex 59.8 27.39 6.4
    endloop
  endfacet
  facet normal 0 0 1
    outer loop
      vertex 59.6677 25.4835 6.4
      vertex 59.4814 27.3743 6.4
      vertex 59.5366 25.4641 6.4
    endloop
  endfacet
  facet normal -0 0 1
    outer loop
      vertex 59.166 27.3276 6.4
      vertex 59.5366 25.4641 6.4
      vertex 59.4814 27.3743 6.4
    endloop
  endfacet
  facet normal 0 0 1
    outer loop
      vertex 59.5366 25.4641 6.4
      vertex 59.166 27.3276 6.4
      vertex 59.4081 25.4319 6.4
    endloop
  endfacet
  facet normal -0 0 1
    outer loop
      vertex 58.8566 27.2501 6.4
      vertex 59.4081 25.4319 6.4
      vertex 59.166 27.3276 6.4
    endloop
  endfacet
  facet normal 0 0 1
    outer loop
      vertex 59.4081 25.4319 6.4
      vertex 58.8566 27.2501 6.4
      vertex 59.2834 25.3872 6.4
    endloop
  endfacet
  facet normal -0 0 1
    outer loop
      vertex 58.5563 27.1426 6.4
      vertex 59.2834 25.3872 6.4
      vertex 58.8566 27.2501 6.4
    endloop
  endfacet
  facet normal 0 0 1
    outer loop
      vertex 59.2834 25.3872 6.4
      vertex 58.5563 27.1426 6.4
      vertex 59.1636 25.3306 6.4
    endloop
  endfacet
  facet normal -0 0 1
    outer loop
      vertex 58.268 27.0062 6.4
      vertex 59.1636 25.3306 6.4
      vertex 58.5563 27.1426 6.4
    endloop
  endfacet
  facet normal 0 0 1
    outer loop
      vertex 59.1636 25.3306 6.4
      vertex 58.268 27.0062 6.4
      vertex 59.05 25.2625 6.4
    endloop
  endfacet
  facet normal -0 0 1
    outer loop
      vertex 57.9944 26.8423 6.4
      vertex 59.05 25.2625 6.4
      vertex 58.268 27.0062 6.4
    endloop
  endfacet
  facet normal 0 0 1
    outer loop
      vertex 59.05 25.2625 6.4
      vertex 57.9944 26.8423 6.4
      vertex 58.9436 25.1836 6.4
    endloop
  endfacet
  facet normal -0 0 1
    outer loop
      vertex 57.7382 26.6523 6.4
      vertex 58.9436 25.1836 6.4
      vertex 57.9944 26.8423 6.4
    endloop
  endfacet
  facet normal 0 0 1
    outer loop
      vertex 58.9436 25.1836 6.4
      vertex 57.7382 26.6523 6.4
      vertex 58.8454 25.0946 6.4
    endloop
  endfacet
  facet normal -0 0 1
    outer loop
      vertex 57.5019 26.4381 6.4
      vertex 58.8454 25.0946 6.4
      vertex 57.7382 26.6523 6.4
    endloop
  endfacet
  facet normal 0 0 1
    outer loop
      vertex 58.8454 25.0946 6.4
      vertex 57.5019 26.4381 6.4
      vertex 58.7564 24.9964 6.4
    endloop
  endfacet
  facet normal -0 0 1
    outer loop
      vertex 57.2877 26.2018 6.4
      vertex 58.7564 24.9964 6.4
      vertex 57.5019 26.4381 6.4
    endloop
  endfacet
  facet normal 0 0 1
    outer loop
      vertex 58.7564 24.9964 6.4
      vertex 57.2877 26.2018 6.4
      vertex 58.6775 24.89 6.4
    endloop
  endfacet
  facet normal -0 0 1
    outer loop
      vertex 57.0977 25.9456 6.4
      vertex 58.6775 24.89 6.4
      vertex 57.2877 26.2018 6.4
    endloop
  endfacet
  facet normal 0 0 1
    outer loop
      vertex 58.6775 24.89 6.4
      vertex 57.0977 25.9456 6.4
      vertex 58.6094 24.7764 6.4
    endloop
  endfacet
  facet normal -0 0 1
    outer loop
      vertex 60.9225 23.39 6.4
      vertex 62.5023 22.3344 6.4
      vertex 60.9906 23.5036 6.4
    endloop
  endfacet
  facet normal 0 0 1
    outer loop
      vertex 62.5023 22.3344 6.4
      vertex 60.9225 23.39 6.4
      vertex 62.3123 22.0782 6.4
    endloop
  endfacet
  facet normal -0 0 1
    outer loop
      vertex 60.8436 23.2836 6.4
      vertex 62.3123 22.0782 6.4
      vertex 60.9225 23.39 6.4
    endloop
  endfacet
  facet normal 0 0 1
    outer loop
      vertex 62.3123 22.0782 6.4
      vertex 60.8436 23.2836 6.4
      vertex 62.0981 21.8419 6.4
    endloop
  endfacet
  facet normal -0 0 1
    outer loop
      vertex 60.7546 23.1854 6.4
      vertex 62.0981 21.8419 6.4
      vertex 60.8436 23.2836 6.4
    endloop
  endfacet
  facet normal 0 0 1
    outer loop
      vertex 62.0981 21.8419 6.4
      vertex 60.7546 23.1854 6.4
      vertex 61.8618 21.6277 6.4
    endloop
  endfacet
  facet normal -0 0 1
    outer loop
      vertex 60.6564 23.0964 6.4
      vertex 61.8618 21.6277 6.4
      vertex 60.7546 23.1854 6.4
    endloop
  endfacet
  facet normal 0 0 1
    outer loop
      vertex 61.8618 21.6277 6.4
      vertex 60.6564 23.0964 6.4
      vertex 61.6056 21.4377 6.4
    endloop
  endfacet
  facet normal -0 0 1
    outer loop
      vertex 60.55 23.0175 6.4
      vertex 61.6056 21.4377 6.4
      vertex 60.6564 23.0964 6.4
    endloop
  endfacet
  facet normal 0 0 1
    outer loop
      vertex 61.6056 21.4377 6.4
      vertex 60.55 23.0175 6.4
      vertex 61.332 21.2738 6.4
    endloop
  endfacet
  facet normal -0 0 1
    outer loop
      vertex 60.4364 22.9494 6.4
      vertex 61.332 21.2738 6.4
      vertex 60.55 23.0175 6.4
    endloop
  endfacet
  facet normal 0 0 1
    outer loop
      vertex 61.332 21.2738 6.4
      vertex 60.4364 22.9494 6.4
      vertex 61.0437 21.1374 6.4
    endloop
  endfacet
  facet normal -0 0 1
    outer loop
      vertex 60.3166 22.8928 6.4
      vertex 61.0437 21.1374 6.4
      vertex 60.4364 22.9494 6.4
    endloop
  endfacet
  facet normal 0 0 1
    outer loop
      vertex 61.0437 21.1374 6.4
      vertex 60.3166 22.8928 6.4
      vertex 60.7434 21.0299 6.4
    endloop
  endfacet
  facet normal -0 0 1
    outer loop
      vertex 60.1919 22.8481 6.4
      vertex 60.7434 21.0299 6.4
      vertex 60.3166 22.8928 6.4
    endloop
  endfacet
  facet normal 0 0 1
    outer loop
      vertex 60.7434 21.0299 6.4
      vertex 60.1919 22.8481 6.4
      vertex 60.434 20.9524 6.4
    endloop
  endfacet
  facet normal -0 0 1
    outer loop
      vertex 60.0634 22.8159 6.4
      vertex 60.434 20.9524 6.4
      vertex 60.1919 22.8481 6.4
    endloop
  endfacet
  facet normal 0 0 1
    outer loop
      vertex 60.434 20.9524 6.4
      vertex 60.0634 22.8159 6.4
      vertex 60.1186 20.9056 6.4
    endloop
  endfacet
  facet normal -0 0 1
    outer loop
      vertex 59.9323 22.7965 6.4
      vertex 60.1186 20.9056 6.4
      vertex 60.0634 22.8159 6.4
    endloop
  endfacet
  facet normal -0 0 1
    outer loop
      vertex 59.8 22.79 6.4
      vertex 60.1186 20.9056 6.4
      vertex 59.9323 22.7965 6.4
    endloop
  endfacet
  facet normal 0 0 1
    outer loop
      vertex 59.8 22.79 6.4
      vertex 59.8 20.89 6.4
      vertex 60.1186 20.9056 6.4
    endloop
  endfacet
  facet normal 0 0 1
    outer loop
      vertex 59.6677 22.7965 6.4
      vertex 59.8 20.89 6.4
      vertex 59.8 22.79 6.4
    endloop
  endfacet
  facet normal 0 0 1
    outer loop
      vertex 59.4814 20.9056 6.4
      vertex 59.6677 22.7965 6.4
      vertex 59.5366 22.8159 6.4
    endloop
  endfacet
  facet normal 0 0 1
    outer loop
      vertex 59.6677 22.7965 6.4
      vertex 59.4814 20.9056 6.4
      vertex 59.8 20.89 6.4
    endloop
  endfacet
  facet normal 0 0 1
    outer loop
      vertex 59.166 20.9524 6.4
      vertex 59.5366 22.8159 6.4
      vertex 59.4081 22.8481 6.4
    endloop
  endfacet
  facet normal 0 0 1
    outer loop
      vertex 58.8566 21.0299 6.4
      vertex 59.4081 22.8481 6.4
      vertex 59.2834 22.8928 6.4
    endloop
  endfacet
  facet normal 0 0 1
    outer loop
      vertex 59.5366 22.8159 6.4
      vertex 59.166 20.9524 6.4
      vertex 59.4814 20.9056 6.4
    endloop
  endfacet
  facet normal 0 0 1
    outer loop
      vertex 58.5563 21.1374 6.4
      vertex 59.2834 22.8928 6.4
      vertex 59.1636 22.9494 6.4
    endloop
  endfacet
  facet normal 0 0 1
    outer loop
      vertex 58.268 21.2738 6.4
      vertex 59.1636 22.9494 6.4
      vertex 59.05 23.0175 6.4
    endloop
  endfacet
  facet normal 0 0 1
    outer loop
      vertex 57.9944 21.4377 6.4
      vertex 59.05 23.0175 6.4
      vertex 58.9436 23.0964 6.4
    endloop
  endfacet
  facet normal 0 0 1
    outer loop
      vertex 59.4081 22.8481 6.4
      vertex 58.8566 21.0299 6.4
      vertex 59.166 20.9524 6.4
    endloop
  endfacet
  facet normal 0 0 1
    outer loop
      vertex 57.7382 21.6277 6.4
      vertex 58.9436 23.0964 6.4
      vertex 58.8454 23.1854 6.4
    endloop
  endfacet
  facet normal 0 0 1
    outer loop
      vertex 57.5019 21.8419 6.4
      vertex 58.8454 23.1854 6.4
      vertex 58.7564 23.2836 6.4
    endloop
  endfacet
  facet normal 0 0 1
    outer loop
      vertex 57.2877 22.0782 6.4
      vertex 58.7564 23.2836 6.4
      vertex 58.6775 23.39 6.4
    endloop
  endfacet
  facet normal 0 0 1
    outer loop
      vertex 57.0977 22.3344 6.4
      vertex 58.6775 23.39 6.4
      vertex 58.6094 23.5036 6.4
    endloop
  endfacet
  facet normal 0 0 1
    outer loop
      vertex 59.2834 22.8928 6.4
      vertex 58.5563 21.1374 6.4
      vertex 58.8566 21.0299 6.4
    endloop
  endfacet
  facet normal 0 0 1
    outer loop
      vertex 56.9338 22.608 6.4
      vertex 58.6094 23.5036 6.4
      vertex 58.5528 23.6234 6.4
    endloop
  endfacet
  facet normal 0 0 1
    outer loop
      vertex 56.7974 22.8963 6.4
      vertex 58.5528 23.6234 6.4
      vertex 58.5081 23.7481 6.4
    endloop
  endfacet
  facet normal 0 0 1
    outer loop
      vertex 56.6899 23.1966 6.4
      vertex 58.5081 23.7481 6.4
      vertex 58.4759 23.8766 6.4
    endloop
  endfacet
  facet normal 0 0 1
    outer loop
      vertex 56.6124 23.506 6.4
      vertex 58.4759 23.8766 6.4
      vertex 58.4565 24.0077 6.4
    endloop
  endfacet
  facet normal 0 0 1
    outer loop
      vertex 56.5657 23.8214 6.4
      vertex 58.4565 24.0077 6.4
      vertex 58.45 24.14 6.4
    endloop
  endfacet
  facet normal -0 0 1
    outer loop
      vertex 56.9338 25.672 6.4
      vertex 58.6094 24.7764 6.4
      vertex 57.0977 25.9456 6.4
    endloop
  endfacet
  facet normal 0 0 1
    outer loop
      vertex 59.1636 22.9494 6.4
      vertex 58.268 21.2738 6.4
      vertex 58.5563 21.1374 6.4
    endloop
  endfacet
  facet normal 0 0 1
    outer loop
      vertex 58.6094 24.7764 6.4
      vertex 56.9338 25.672 6.4
      vertex 58.5528 24.6566 6.4
    endloop
  endfacet
  facet normal 0 0 1
    outer loop
      vertex 59.05 23.0175 6.4
      vertex 57.9944 21.4377 6.4
      vertex 58.268 21.2738 6.4
    endloop
  endfacet
  facet normal -0 0 1
    outer loop
      vertex 56.7974 25.3837 6.4
      vertex 58.5528 24.6566 6.4
      vertex 56.9338 25.672 6.4
    endloop
  endfacet
  facet normal 0 0 1
    outer loop
      vertex 58.9436 23.0964 6.4
      vertex 57.7382 21.6277 6.4
      vertex 57.9944 21.4377 6.4
    endloop
  endfacet
  facet normal 0 0 1
    outer loop
      vertex 58.5528 24.6566 6.4
      vertex 56.7974 25.3837 6.4
      vertex 58.5081 24.5319 6.4
    endloop
  endfacet
  facet normal 0 0 1
    outer loop
      vertex 58.8454 23.1854 6.4
      vertex 57.5019 21.8419 6.4
      vertex 57.7382 21.6277 6.4
    endloop
  endfacet
  facet normal -0 0 1
    outer loop
      vertex 56.6899 25.0834 6.4
      vertex 58.5081 24.5319 6.4
      vertex 56.7974 25.3837 6.4
    endloop
  endfacet
  facet normal 0 0 1
    outer loop
      vertex 58.7564 23.2836 6.4
      vertex 57.2877 22.0782 6.4
      vertex 57.5019 21.8419 6.4
    endloop
  endfacet
  facet normal 0 0 1
    outer loop
      vertex 58.5081 24.5319 6.4
      vertex 56.6899 25.0834 6.4
      vertex 58.4759 24.4034 6.4
    endloop
  endfacet
  facet normal 0 0 1
    outer loop
      vertex 58.6775 23.39 6.4
      vertex 57.0977 22.3344 6.4
      vertex 57.2877 22.0782 6.4
    endloop
  endfacet
  facet normal -0 0 1
    outer loop
      vertex 56.6124 24.774 6.4
      vertex 58.4759 24.4034 6.4
      vertex 56.6899 25.0834 6.4
    endloop
  endfacet
  facet normal 0 0 1
    outer loop
      vertex 58.6094 23.5036 6.4
      vertex 56.9338 22.608 6.4
      vertex 57.0977 22.3344 6.4
    endloop
  endfacet
  facet normal 0 0 1
    outer loop
      vertex 58.4759 24.4034 6.4
      vertex 56.6124 24.774 6.4
      vertex 58.4565 24.2723 6.4
    endloop
  endfacet
  facet normal 0 0 1
    outer loop
      vertex 58.5528 23.6234 6.4
      vertex 56.7974 22.8963 6.4
      vertex 56.9338 22.608 6.4
    endloop
  endfacet
  facet normal -0 0 1
    outer loop
      vertex 56.5657 24.4586 6.4
      vertex 58.4565 24.2723 6.4
      vertex 56.6124 24.774 6.4
    endloop
  endfacet
  facet normal 0 0 1
    outer loop
      vertex 58.5081 23.7481 6.4
      vertex 56.6899 23.1966 6.4
      vertex 56.7974 22.8963 6.4
    endloop
  endfacet
  facet normal 0 0 1
    outer loop
      vertex 58.4565 24.2723 6.4
      vertex 56.5657 24.4586 6.4
      vertex 58.45 24.14 6.4
    endloop
  endfacet
  facet normal 0 0 1
    outer loop
      vertex 58.4759 23.8766 6.4
      vertex 56.6124 23.506 6.4
      vertex 56.6899 23.1966 6.4
    endloop
  endfacet
  facet normal 0 0 1
    outer loop
      vertex 56.55 24.14 6.4
      vertex 58.45 24.14 6.4
      vertex 56.5657 24.4586 6.4
    endloop
  endfacet
  facet normal 0 0 1
    outer loop
      vertex 58.4565 24.0077 6.4
      vertex 56.5657 23.8214 6.4
      vertex 56.6124 23.506 6.4
    endloop
  endfacet
  facet normal 0 0 1
    outer loop
      vertex 58.45 24.14 6.4
      vertex 56.55 24.14 6.4
      vertex 56.5657 23.8214 6.4
    endloop
  endfacet
  facet normal -0.998788 0.0492184 0
    outer loop
      vertex 56.55 24.14 2.4
      vertex 56.5657 24.4586 6.4
      vertex 56.5657 24.4586 2.4
    endloop
  endfacet
  facet normal -0.998788 0.0492184 0
    outer loop
      vertex 56.5657 24.4586 6.4
      vertex 56.55 24.14 2.4
      vertex 56.55 24.14 6.4
    endloop
  endfacet
  facet normal 0.671611 -0.740904 0
    outer loop
      vertex 61.8618 21.6277 2.4
      vertex 62.0981 21.8419 6.4
      vertex 61.8618 21.6277 6.4
    endloop
  endfacet
  facet normal 0.671611 -0.740904 0
    outer loop
      vertex 62.0981 21.8419 6.4
      vertex 61.8618 21.6277 2.4
      vertex 62.0981 21.8419 2.4
    endloop
  endfacet
  facet normal -0.989228 -0.146385 0
    outer loop
      vertex 61.1435 24.2723 2.4
      vertex 61.1241 24.4034 6.4
      vertex 61.1241 24.4034 2.4
    endloop
  endfacet
  facet normal -0.989228 -0.146385 0
    outer loop
      vertex 61.1241 24.4034 6.4
      vertex 61.1435 24.2723 2.4
      vertex 61.1435 24.2723 6.4
    endloop
  endfacet
  facet normal -0.998795 -0.0490716 0
    outer loop
      vertex 61.15 24.14 2.4
      vertex 61.1435 24.2723 6.4
      vertex 61.1435 24.2723 2.4
    endloop
  endfacet
  facet normal -0.998795 -0.0490716 0
    outer loop
      vertex 61.1435 24.2723 6.4
      vertex 61.15 24.14 2.4
      vertex 61.15 24.14 6.4
    endloop
  endfacet
  facet normal -0.970009 -0.243068 0
    outer loop
      vertex 61.1241 24.4034 2.4
      vertex 61.0919 24.5319 6.4
      vertex 61.0919 24.5319 2.4
    endloop
  endfacet
  facet normal -0.970009 -0.243068 0
    outer loop
      vertex 61.0919 24.5319 6.4
      vertex 61.1241 24.4034 2.4
      vertex 61.1241 24.4034 6.4
    endloop
  endfacet
  facet normal -0.337436 -0.941348 0
    outer loop
      vertex 60.1919 25.4319 2.4
      vertex 60.3166 25.3872 6.4
      vertex 60.1919 25.4319 6.4
    endloop
  endfacet
  facet normal -0.337436 -0.941348 -0
    outer loop
      vertex 60.3166 25.3872 6.4
      vertex 60.1919 25.4319 2.4
      vertex 60.3166 25.3872 2.4
    endloop
  endfacet
  facet normal -0.989228 0.146385 0
    outer loop
      vertex 61.1241 23.8766 2.4
      vertex 61.1435 24.0077 6.4
      vertex 61.1435 24.0077 2.4
    endloop
  endfacet
  facet normal -0.989228 0.146385 0
    outer loop
      vertex 61.1435 24.0077 6.4
      vertex 61.1241 23.8766 2.4
      vertex 61.1241 23.8766 6.4
    endloop
  endfacet
  facet normal -0.803249 -0.595643 0
    outer loop
      vertex 60.9225 24.89 2.4
      vertex 60.8436 24.9964 6.4
      vertex 60.8436 24.9964 2.4
    endloop
  endfacet
  facet normal -0.803249 -0.595643 0
    outer loop
      vertex 60.8436 24.9964 6.4
      vertex 60.9225 24.89 2.4
      vertex 60.9225 24.89 6.4
    endloop
  endfacet
  facet normal -0.595643 -0.803249 0
    outer loop
      vertex 60.55 25.2625 2.4
      vertex 60.6564 25.1836 6.4
      vertex 60.55 25.2625 6.4
    endloop
  endfacet
  facet normal -0.595643 -0.803249 -0
    outer loop
      vertex 60.6564 25.1836 6.4
      vertex 60.55 25.2625 2.4
      vertex 60.6564 25.1836 2.4
    endloop
  endfacet
  facet normal -0.998795 0.0490716 0
    outer loop
      vertex 61.1435 24.0077 2.4
      vertex 61.15 24.14 6.4
      vertex 61.15 24.14 2.4
    endloop
  endfacet
  facet normal -0.998795 0.0490716 0
    outer loop
      vertex 61.15 24.14 6.4
      vertex 61.1435 24.0077 2.4
      vertex 61.1435 24.0077 6.4
    endloop
  endfacet
  facet normal -0.243068 -0.970009 0
    outer loop
      vertex 60.0634 25.4641 2.4
      vertex 60.1919 25.4319 6.4
      vertex 60.0634 25.4641 6.4
    endloop
  endfacet
  facet normal -0.243068 -0.970009 -0
    outer loop
      vertex 60.1919 25.4319 6.4
      vertex 60.0634 25.4641 2.4
      vertex 60.1919 25.4319 2.4
    endloop
  endfacet
  facet normal 0.970009 -0.243068 0
    outer loop
      vertex 58.4759 24.4034 6.4
      vertex 58.5081 24.5319 2.4
      vertex 58.5081 24.5319 6.4
    endloop
  endfacet
  facet normal 0.970009 -0.243068 0
    outer loop
      vertex 58.5081 24.5319 2.4
      vertex 58.4759 24.4034 6.4
      vertex 58.4759 24.4034 2.4
    endloop
  endfacet
  facet normal 0.740963 -0.671545 0
    outer loop
      vertex 58.7564 24.9964 6.4
      vertex 58.8454 25.0946 2.4
      vertex 58.8454 25.0946 6.4
    endloop
  endfacet
  facet normal 0.740963 -0.671545 0
    outer loop
      vertex 58.8454 25.0946 2.4
      vertex 58.7564 24.9964 6.4
      vertex 58.7564 24.9964 2.4
    endloop
  endfacet
  facet normal -0.427178 -0.904168 0
    outer loop
      vertex 60.3166 25.3872 2.4
      vertex 60.4364 25.3306 6.4
      vertex 60.3166 25.3872 6.4
    endloop
  endfacet
  facet normal -0.427178 -0.904168 -0
    outer loop
      vertex 60.4364 25.3306 6.4
      vertex 60.3166 25.3872 2.4
      vertex 60.4364 25.3306 2.4
    endloop
  endfacet
  facet normal 0.904168 0.427178 0
    outer loop
      vertex 58.6094 23.5036 6.4
      vertex 58.5528 23.6234 2.4
      vertex 58.5528 23.6234 6.4
    endloop
  endfacet
  facet normal 0.904168 0.427178 0
    outer loop
      vertex 58.5528 23.6234 2.4
      vertex 58.6094 23.5036 6.4
      vertex 58.6094 23.5036 2.4
    endloop
  endfacet
  facet normal -0.671545 0.740963 0
    outer loop
      vertex 60.7546 23.1854 2.4
      vertex 60.6564 23.0964 6.4
      vertex 60.7546 23.1854 6.4
    endloop
  endfacet
  facet normal -0.671545 0.740963 0
    outer loop
      vertex 60.6564 23.0964 6.4
      vertex 60.7546 23.1854 2.4
      vertex 60.6564 23.0964 2.4
    endloop
  endfacet
  facet normal 0.595643 0.803249 -0
    outer loop
      vertex 59.05 23.0175 2.4
      vertex 58.9436 23.0964 6.4
      vertex 59.05 23.0175 6.4
    endloop
  endfacet
  facet normal 0.595643 0.803249 0
    outer loop
      vertex 58.9436 23.0964 6.4
      vertex 59.05 23.0175 2.4
      vertex 58.9436 23.0964 2.4
    endloop
  endfacet
  facet normal -0.941348 -0.337436 0
    outer loop
      vertex 61.0919 24.5319 2.4
      vertex 61.0472 24.6566 6.4
      vertex 61.0472 24.6566 2.4
    endloop
  endfacet
  facet normal -0.941348 -0.337436 0
    outer loop
      vertex 61.0472 24.6566 6.4
      vertex 61.0919 24.5319 2.4
      vertex 61.0919 24.5319 6.4
    endloop
  endfacet
  facet normal 0.803249 0.595643 0
    outer loop
      vertex 58.7564 23.2836 6.4
      vertex 58.6775 23.39 2.4
      vertex 58.6775 23.39 6.4
    endloop
  endfacet
  facet normal 0.803249 0.595643 0
    outer loop
      vertex 58.6775 23.39 2.4
      vertex 58.7564 23.2836 6.4
      vertex 58.7564 23.2836 2.4
    endloop
  endfacet
  facet normal 0.998795 0.0490716 0
    outer loop
      vertex 58.4565 24.0077 6.4
      vertex 58.45 24.14 2.4
      vertex 58.45 24.14 6.4
    endloop
  endfacet
  facet normal 0.998795 0.0490716 0
    outer loop
      vertex 58.45 24.14 2.4
      vertex 58.4565 24.0077 6.4
      vertex 58.4565 24.0077 2.4
    endloop
  endfacet
  facet normal -0.337436 0.941348 0
    outer loop
      vertex 60.3166 22.8928 2.4
      vertex 60.1919 22.8481 6.4
      vertex 60.3166 22.8928 6.4
    endloop
  endfacet
  facet normal -0.337436 0.941348 0
    outer loop
      vertex 60.1919 22.8481 6.4
      vertex 60.3166 22.8928 2.4
      vertex 60.1919 22.8481 2.4
    endloop
  endfacet
  facet normal 0.0490716 -0.998795 0
    outer loop
      vertex 59.6677 25.4835 2.4
      vertex 59.8 25.49 6.4
      vertex 59.6677 25.4835 6.4
    endloop
  endfacet
  facet normal 0.0490716 -0.998795 0
    outer loop
      vertex 59.8 25.49 6.4
      vertex 59.6677 25.4835 2.4
      vertex 59.8 25.49 2.4
    endloop
  endfacet
  facet normal -0.595643 0.803249 0
    outer loop
      vertex 60.6564 23.0964 2.4
      vertex 60.55 23.0175 6.4
      vertex 60.6564 23.0964 6.4
    endloop
  endfacet
  facet normal -0.595643 0.803249 0
    outer loop
      vertex 60.55 23.0175 6.4
      vertex 60.6564 23.0964 2.4
      vertex 60.55 23.0175 2.4
    endloop
  endfacet
  facet normal 0.740963 0.671545 0
    outer loop
      vertex 58.8454 23.1854 6.4
      vertex 58.7564 23.2836 2.4
      vertex 58.7564 23.2836 6.4
    endloop
  endfacet
  facet normal 0.740963 0.671545 0
    outer loop
      vertex 58.7564 23.2836 2.4
      vertex 58.8454 23.1854 6.4
      vertex 58.8454 23.1854 2.4
    endloop
  endfacet
  facet normal -0.803249 0.595643 0
    outer loop
      vertex 60.8436 23.2836 2.4
      vertex 60.9225 23.39 6.4
      vertex 60.9225 23.39 2.4
    endloop
  endfacet
  facet normal -0.803249 0.595643 0
    outer loop
      vertex 60.9225 23.39 6.4
      vertex 60.8436 23.2836 2.4
      vertex 60.8436 23.2836 6.4
    endloop
  endfacet
  facet normal 0.857693 0.514163 0
    outer loop
      vertex 58.6775 23.39 6.4
      vertex 58.6094 23.5036 2.4
      vertex 58.6094 23.5036 6.4
    endloop
  endfacet
  facet normal 0.857693 0.514163 0
    outer loop
      vertex 58.6094 23.5036 2.4
      vertex 58.6775 23.39 6.4
      vertex 58.6775 23.39 2.4
    endloop
  endfacet
  facet normal -0.146385 -0.989228 0
    outer loop
      vertex 59.9323 25.4835 2.4
      vertex 60.0634 25.4641 6.4
      vertex 59.9323 25.4835 6.4
    endloop
  endfacet
  facet normal -0.146385 -0.989228 -0
    outer loop
      vertex 60.0634 25.4641 6.4
      vertex 59.9323 25.4835 2.4
      vertex 60.0634 25.4641 2.4
    endloop
  endfacet
  facet normal -0.146385 0.989228 0
    outer loop
      vertex 60.0634 22.8159 2.4
      vertex 59.9323 22.7965 6.4
      vertex 60.0634 22.8159 6.4
    endloop
  endfacet
  facet normal -0.146385 0.989228 0
    outer loop
      vertex 59.9323 22.7965 6.4
      vertex 60.0634 22.8159 2.4
      vertex 59.9323 22.7965 2.4
    endloop
  endfacet
  facet normal 0.146385 0.989228 -0
    outer loop
      vertex 59.6677 22.7965 2.4
      vertex 59.5366 22.8159 6.4
      vertex 59.6677 22.7965 6.4
    endloop
  endfacet
  facet normal 0.146385 0.989228 0
    outer loop
      vertex 59.5366 22.8159 6.4
      vertex 59.6677 22.7965 2.4
      vertex 59.5366 22.8159 2.4
    endloop
  endfacet
  facet normal 0.243068 -0.970009 0
    outer loop
      vertex 59.4081 25.4319 2.4
      vertex 59.5366 25.4641 6.4
      vertex 59.4081 25.4319 6.4
    endloop
  endfacet
  facet normal 0.243068 -0.970009 0
    outer loop
      vertex 59.5366 25.4641 6.4
      vertex 59.4081 25.4319 2.4
      vertex 59.5366 25.4641 2.4
    endloop
  endfacet
  facet normal 0.998795 -0.0490716 0
    outer loop
      vertex 58.45 24.14 6.4
      vertex 58.4565 24.2723 2.4
      vertex 58.4565 24.2723 6.4
    endloop
  endfacet
  facet normal 0.998795 -0.0490716 0
    outer loop
      vertex 58.4565 24.2723 2.4
      vertex 58.45 24.14 6.4
      vertex 58.45 24.14 2.4
    endloop
  endfacet
  facet normal -0.740963 0.671545 0
    outer loop
      vertex 60.7546 23.1854 2.4
      vertex 60.8436 23.2836 6.4
      vertex 60.8436 23.2836 2.4
    endloop
  endfacet
  facet normal -0.740963 0.671545 0
    outer loop
      vertex 60.8436 23.2836 6.4
      vertex 60.7546 23.1854 2.4
      vertex 60.7546 23.1854 6.4
    endloop
  endfacet
  facet normal -0.904168 -0.427178 0
    outer loop
      vertex 61.0472 24.6566 2.4
      vertex 60.9906 24.7764 6.4
      vertex 60.9906 24.7764 2.4
    endloop
  endfacet
  facet normal -0.904168 -0.427178 0
    outer loop
      vertex 60.9906 24.7764 6.4
      vertex 61.0472 24.6566 2.4
      vertex 61.0472 24.6566 6.4
    endloop
  endfacet
  facet normal 0.146385 -0.989228 0
    outer loop
      vertex 59.5366 25.4641 2.4
      vertex 59.6677 25.4835 6.4
      vertex 59.5366 25.4641 6.4
    endloop
  endfacet
  facet normal 0.146385 -0.989228 0
    outer loop
      vertex 59.6677 25.4835 6.4
      vertex 59.5366 25.4641 2.4
      vertex 59.6677 25.4835 2.4
    endloop
  endfacet
  facet normal 0.904168 -0.427178 0
    outer loop
      vertex 58.5528 24.6566 6.4
      vertex 58.6094 24.7764 2.4
      vertex 58.6094 24.7764 6.4
    endloop
  endfacet
  facet normal 0.904168 -0.427178 0
    outer loop
      vertex 58.6094 24.7764 2.4
      vertex 58.5528 24.6566 6.4
      vertex 58.5528 24.6566 2.4
    endloop
  endfacet
  facet normal 0.337436 -0.941348 0
    outer loop
      vertex 59.2834 25.3872 2.4
      vertex 59.4081 25.4319 6.4
      vertex 59.2834 25.3872 6.4
    endloop
  endfacet
  facet normal 0.337436 -0.941348 0
    outer loop
      vertex 59.4081 25.4319 6.4
      vertex 59.2834 25.3872 2.4
      vertex 59.4081 25.4319 2.4
    endloop
  endfacet
  facet normal -0.514163 -0.857693 0
    outer loop
      vertex 60.4364 25.3306 2.4
      vertex 60.55 25.2625 6.4
      vertex 60.4364 25.3306 6.4
    endloop
  endfacet
  facet normal -0.514163 -0.857693 -0
    outer loop
      vertex 60.55 25.2625 6.4
      vertex 60.4364 25.3306 2.4
      vertex 60.55 25.2625 2.4
    endloop
  endfacet
  facet normal -0.671545 -0.740963 0
    outer loop
      vertex 60.6564 25.1836 2.4
      vertex 60.7546 25.0946 6.4
      vertex 60.6564 25.1836 6.4
    endloop
  endfacet
  facet normal -0.671545 -0.740963 -0
    outer loop
      vertex 60.7546 25.0946 6.4
      vertex 60.6564 25.1836 2.4
      vertex 60.7546 25.0946 2.4
    endloop
  endfacet
  facet normal 0.0490716 0.998795 -0
    outer loop
      vertex 59.8 22.79 2.4
      vertex 59.6677 22.7965 6.4
      vertex 59.8 22.79 6.4
    endloop
  endfacet
  facet normal 0.0490716 0.998795 0
    outer loop
      vertex 59.6677 22.7965 6.4
      vertex 59.8 22.79 2.4
      vertex 59.6677 22.7965 2.4
    endloop
  endfacet
  facet normal 0.941348 0.337436 0
    outer loop
      vertex 58.5528 23.6234 6.4
      vertex 58.5081 23.7481 2.4
      vertex 58.5081 23.7481 6.4
    endloop
  endfacet
  facet normal 0.941348 0.337436 0
    outer loop
      vertex 58.5081 23.7481 2.4
      vertex 58.5528 23.6234 6.4
      vertex 58.5528 23.6234 2.4
    endloop
  endfacet
  facet normal -0.243068 0.970009 0
    outer loop
      vertex 60.1919 22.8481 2.4
      vertex 60.0634 22.8159 6.4
      vertex 60.1919 22.8481 6.4
    endloop
  endfacet
  facet normal -0.243068 0.970009 0
    outer loop
      vertex 60.0634 22.8159 6.4
      vertex 60.1919 22.8481 2.4
      vertex 60.0634 22.8159 2.4
    endloop
  endfacet
  facet normal -0.904168 0.427178 0
    outer loop
      vertex 60.9906 23.5036 2.4
      vertex 61.0472 23.6234 6.4
      vertex 61.0472 23.6234 2.4
    endloop
  endfacet
  facet normal -0.904168 0.427178 0
    outer loop
      vertex 61.0472 23.6234 6.4
      vertex 60.9906 23.5036 2.4
      vertex 60.9906 23.5036 6.4
    endloop
  endfacet
  facet normal -0.427178 0.904168 0
    outer loop
      vertex 60.4364 22.9494 2.4
      vertex 60.3166 22.8928 6.4
      vertex 60.4364 22.9494 6.4
    endloop
  endfacet
  facet normal -0.427178 0.904168 0
    outer loop
      vertex 60.3166 22.8928 6.4
      vertex 60.4364 22.9494 2.4
      vertex 60.3166 22.8928 2.4
    endloop
  endfacet
  facet normal 0.427178 -0.904168 0
    outer loop
      vertex 59.1636 25.3306 2.4
      vertex 59.2834 25.3872 6.4
      vertex 59.1636 25.3306 6.4
    endloop
  endfacet
  facet normal 0.427178 -0.904168 0
    outer loop
      vertex 59.2834 25.3872 6.4
      vertex 59.1636 25.3306 2.4
      vertex 59.2834 25.3872 2.4
    endloop
  endfacet
  facet normal -0.0490716 -0.998795 0
    outer loop
      vertex 59.8 25.49 2.4
      vertex 59.9323 25.4835 6.4
      vertex 59.8 25.49 6.4
    endloop
  endfacet
  facet normal -0.0490716 -0.998795 -0
    outer loop
      vertex 59.9323 25.4835 6.4
      vertex 59.8 25.49 2.4
      vertex 59.9323 25.4835 2.4
    endloop
  endfacet
  facet normal 0.514163 -0.857693 0
    outer loop
      vertex 59.05 25.2625 2.4
      vertex 59.1636 25.3306 6.4
      vertex 59.05 25.2625 6.4
    endloop
  endfacet
  facet normal 0.514163 -0.857693 0
    outer loop
      vertex 59.1636 25.3306 6.4
      vertex 59.05 25.2625 2.4
      vertex 59.1636 25.3306 2.4
    endloop
  endfacet
  facet normal -0.970009 0.243068 0
    outer loop
      vertex 61.0919 23.7481 2.4
      vertex 61.1241 23.8766 6.4
      vertex 61.1241 23.8766 2.4
    endloop
  endfacet
  facet normal -0.970009 0.243068 0
    outer loop
      vertex 61.1241 23.8766 6.4
      vertex 61.0919 23.7481 2.4
      vertex 61.0919 23.7481 6.4
    endloop
  endfacet
  facet normal -0.857693 -0.514163 0
    outer loop
      vertex 60.9906 24.7764 2.4
      vertex 60.9225 24.89 6.4
      vertex 60.9225 24.89 2.4
    endloop
  endfacet
  facet normal -0.857693 -0.514163 0
    outer loop
      vertex 60.9225 24.89 6.4
      vertex 60.9906 24.7764 2.4
      vertex 60.9906 24.7764 6.4
    endloop
  endfacet
  facet normal 0.989228 0.146385 0
    outer loop
      vertex 58.4759 23.8766 6.4
      vertex 58.4565 24.0077 2.4
      vertex 58.4565 24.0077 6.4
    endloop
  endfacet
  facet normal 0.989228 0.146385 0
    outer loop
      vertex 58.4565 24.0077 2.4
      vertex 58.4759 23.8766 6.4
      vertex 58.4759 23.8766 2.4
    endloop
  endfacet
  facet normal 0.595643 -0.803249 0
    outer loop
      vertex 58.9436 25.1836 2.4
      vertex 59.05 25.2625 6.4
      vertex 58.9436 25.1836 6.4
    endloop
  endfacet
  facet normal 0.595643 -0.803249 0
    outer loop
      vertex 59.05 25.2625 6.4
      vertex 58.9436 25.1836 2.4
      vertex 59.05 25.2625 2.4
    endloop
  endfacet
  facet normal -0.0490716 0.998795 0
    outer loop
      vertex 59.9323 22.7965 2.4
      vertex 59.8 22.79 6.4
      vertex 59.9323 22.7965 6.4
    endloop
  endfacet
  facet normal -0.0490716 0.998795 0
    outer loop
      vertex 59.8 22.79 6.4
      vertex 59.9323 22.7965 2.4
      vertex 59.8 22.79 2.4
    endloop
  endfacet
  facet normal 0.970009 0.243068 0
    outer loop
      vertex 58.5081 23.7481 6.4
      vertex 58.4759 23.8766 2.4
      vertex 58.4759 23.8766 6.4
    endloop
  endfacet
  facet normal 0.970009 0.243068 0
    outer loop
      vertex 58.4759 23.8766 2.4
      vertex 58.5081 23.7481 6.4
      vertex 58.5081 23.7481 2.4
    endloop
  endfacet
  facet normal 0.671545 0.740963 -0
    outer loop
      vertex 58.9436 23.0964 2.4
      vertex 58.8454 23.1854 6.4
      vertex 58.9436 23.0964 6.4
    endloop
  endfacet
  facet normal 0.671545 0.740963 0
    outer loop
      vertex 58.8454 23.1854 6.4
      vertex 58.9436 23.0964 2.4
      vertex 58.8454 23.1854 2.4
    endloop
  endfacet
  facet normal 0.671545 -0.740963 0
    outer loop
      vertex 58.8454 25.0946 2.4
      vertex 58.9436 25.1836 6.4
      vertex 58.8454 25.0946 6.4
    endloop
  endfacet
  facet normal 0.671545 -0.740963 0
    outer loop
      vertex 58.9436 25.1836 6.4
      vertex 58.8454 25.0946 2.4
      vertex 58.9436 25.1836 2.4
    endloop
  endfacet
  facet normal 0.857693 -0.514163 0
    outer loop
      vertex 58.6094 24.7764 6.4
      vertex 58.6775 24.89 2.4
      vertex 58.6775 24.89 6.4
    endloop
  endfacet
  facet normal 0.857693 -0.514163 0
    outer loop
      vertex 58.6775 24.89 2.4
      vertex 58.6094 24.7764 6.4
      vertex 58.6094 24.7764 2.4
    endloop
  endfacet
  facet normal 0.514163 0.857693 -0
    outer loop
      vertex 59.1636 22.9494 2.4
      vertex 59.05 23.0175 6.4
      vertex 59.1636 22.9494 6.4
    endloop
  endfacet
  facet normal 0.514163 0.857693 0
    outer loop
      vertex 59.05 23.0175 6.4
      vertex 59.1636 22.9494 2.4
      vertex 59.05 23.0175 2.4
    endloop
  endfacet
  facet normal -0.514163 0.857693 0
    outer loop
      vertex 60.55 23.0175 2.4
      vertex 60.4364 22.9494 6.4
      vertex 60.55 23.0175 6.4
    endloop
  endfacet
  facet normal -0.514163 0.857693 0
    outer loop
      vertex 60.4364 22.9494 6.4
      vertex 60.55 23.0175 2.4
      vertex 60.4364 22.9494 2.4
    endloop
  endfacet
  facet normal 0.989228 -0.146385 0
    outer loop
      vertex 58.4565 24.2723 6.4
      vertex 58.4759 24.4034 2.4
      vertex 58.4759 24.4034 6.4
    endloop
  endfacet
  facet normal 0.989228 -0.146385 0
    outer loop
      vertex 58.4759 24.4034 2.4
      vertex 58.4565 24.2723 6.4
      vertex 58.4565 24.2723 2.4
    endloop
  endfacet
  facet normal -0.740963 -0.671545 0
    outer loop
      vertex 60.8436 24.9964 2.4
      vertex 60.7546 25.0946 6.4
      vertex 60.7546 25.0946 2.4
    endloop
  endfacet
  facet normal -0.740963 -0.671545 0
    outer loop
      vertex 60.7546 25.0946 6.4
      vertex 60.8436 24.9964 2.4
      vertex 60.8436 24.9964 6.4
    endloop
  endfacet
  facet normal 0.941348 -0.337436 0
    outer loop
      vertex 58.5081 24.5319 6.4
      vertex 58.5528 24.6566 2.4
      vertex 58.5528 24.6566 6.4
    endloop
  endfacet
  facet normal 0.941348 -0.337436 0
    outer loop
      vertex 58.5528 24.6566 2.4
      vertex 58.5081 24.5319 6.4
      vertex 58.5081 24.5319 2.4
    endloop
  endfacet
  facet normal -0.857693 0.514163 0
    outer loop
      vertex 60.9225 23.39 2.4
      vertex 60.9906 23.5036 6.4
      vertex 60.9906 23.5036 2.4
    endloop
  endfacet
  facet normal -0.857693 0.514163 0
    outer loop
      vertex 60.9906 23.5036 6.4
      vertex 60.9225 23.39 2.4
      vertex 60.9225 23.39 6.4
    endloop
  endfacet
  facet normal -0.941348 0.337436 0
    outer loop
      vertex 61.0472 23.6234 2.4
      vertex 61.0919 23.7481 6.4
      vertex 61.0919 23.7481 2.4
    endloop
  endfacet
  facet normal -0.941348 0.337436 0
    outer loop
      vertex 61.0919 23.7481 6.4
      vertex 61.0472 23.6234 2.4
      vertex 61.0472 23.6234 6.4
    endloop
  endfacet
  facet normal 0.337436 0.941348 -0
    outer loop
      vertex 59.4081 22.8481 2.4
      vertex 59.2834 22.8928 6.4
      vertex 59.4081 22.8481 6.4
    endloop
  endfacet
  facet normal 0.337436 0.941348 0
    outer loop
      vertex 59.2834 22.8928 6.4
      vertex 59.4081 22.8481 2.4
      vertex 59.2834 22.8928 2.4
    endloop
  endfacet
  facet normal 0.243068 0.970009 -0
    outer loop
      vertex 59.5366 22.8159 2.4
      vertex 59.4081 22.8481 6.4
      vertex 59.5366 22.8159 6.4
    endloop
  endfacet
  facet normal 0.243068 0.970009 0
    outer loop
      vertex 59.4081 22.8481 6.4
      vertex 59.5366 22.8159 2.4
      vertex 59.4081 22.8481 2.4
    endloop
  endfacet
  facet normal 0.803249 -0.595643 0
    outer loop
      vertex 58.6775 24.89 6.4
      vertex 58.7564 24.9964 2.4
      vertex 58.7564 24.9964 6.4
    endloop
  endfacet
  facet normal 0.803249 -0.595643 0
    outer loop
      vertex 58.7564 24.9964 2.4
      vertex 58.6775 24.89 6.4
      vertex 58.6775 24.89 2.4
    endloop
  endfacet
  facet normal 0.427178 0.904168 -0
    outer loop
      vertex 59.2834 22.8928 2.4
      vertex 59.1636 22.9494 6.4
      vertex 59.2834 22.8928 6.4
    endloop
  endfacet
  facet normal 0.427178 0.904168 0
    outer loop
      vertex 59.1636 22.9494 6.4
      vertex 59.2834 22.8928 2.4
      vertex 59.1636 22.9494 2.4
    endloop
  endfacet
  facet normal 0.98917 0.146776 0
    outer loop
      vertex 30.0144 75.2586 6.4
      vertex 29.9676 75.574 2.4
      vertex 29.9676 75.574 6.4
    endloop
  endfacet
  facet normal 0.98917 0.146776 0
    outer loop
      vertex 29.9676 75.574 2.4
      vertex 30.0144 75.2586 6.4
      vertex 30.0144 75.2586 2.4
    endloop
  endfacet
  facet normal 0.998803 0.0489056 0
    outer loop
      vertex 30.03 74.94 6.4
      vertex 30.0144 75.2586 2.4
      vertex 30.0144 75.2586 6.4
    endloop
  endfacet
  facet normal 0.998803 0.0489056 0
    outer loop
      vertex 30.0144 75.2586 2.4
      vertex 30.03 74.94 6.4
      vertex 30.03 74.94 2.4
    endloop
  endfacet
  facet normal 0.970032 0.242978 0
    outer loop
      vertex 29.9676 75.574 6.4
      vertex 29.8901 75.8834 2.4
      vertex 29.8901 75.8834 6.4
    endloop
  endfacet
  facet normal 0.970032 0.242978 0
    outer loop
      vertex 29.8901 75.8834 2.4
      vertex 29.9676 75.574 6.4
      vertex 29.9676 75.574 2.4
    endloop
  endfacet
  facet normal 0.337031 -0.941493 0
    outer loop
      vertex 27.7234 71.8299 2.4
      vertex 28.0237 71.9374 6.4
      vertex 27.7234 71.8299 6.4
    endloop
  endfacet
  facet normal 0.337031 -0.941493 0
    outer loop
      vertex 28.0237 71.9374 6.4
      vertex 27.7234 71.8299 2.4
      vertex 28.0237 71.9374 2.4
    endloop
  endfacet
  facet normal 0.671611 0.740904 -0
    outer loop
      vertex 29.0781 77.2381 2.4
      vertex 28.8418 77.4523 6.4
      vertex 29.0781 77.2381 6.4
    endloop
  endfacet
  facet normal 0.671611 0.740904 0
    outer loop
      vertex 28.8418 77.4523 6.4
      vertex 29.0781 77.2381 2.4
      vertex 28.8418 77.4523 2.4
    endloop
  endfacet
  facet normal -0.857852 0.513896 0
    outer loop
      vertex 23.9138 76.472 2.4
      vertex 24.0777 76.7456 6.4
      vertex 24.0777 76.7456 2.4
    endloop
  endfacet
  facet normal -0.857852 0.513896 0
    outer loop
      vertex 24.0777 76.7456 6.4
      vertex 23.9138 76.472 2.4
      vertex 23.9138 76.472 6.4
    endloop
  endfacet
  facet normal -0.146469 -0.989215 0
    outer loop
      vertex 26.146 71.7524 2.4
      vertex 26.4614 71.7057 6.4
      vertex 26.146 71.7524 6.4
    endloop
  endfacet
  facet normal -0.146469 -0.989215 -0
    outer loop
      vertex 26.4614 71.7057 6.4
      vertex 26.146 71.7524 2.4
      vertex 26.4614 71.7057 2.4
    endloop
  endfacet
  facet normal 0.941493 0.337031 0
    outer loop
      vertex 29.8901 75.8834 6.4
      vertex 29.7826 76.1837 2.4
      vertex 29.7826 76.1837 6.4
    endloop
  endfacet
  facet normal 0.941493 0.337031 0
    outer loop
      vertex 29.7826 76.1837 2.4
      vertex 29.8901 75.8834 6.4
      vertex 29.8901 75.8834 2.4
    endloop
  endfacet
  facet normal -0.0492184 0.998788 0
    outer loop
      vertex 26.78 78.19 2.4
      vertex 26.4614 78.1743 6.4
      vertex 26.78 78.19 6.4
    endloop
  endfacet
  facet normal -0.0492184 0.998788 0
    outer loop
      vertex 26.4614 78.1743 6.4
      vertex 26.78 78.19 2.4
      vertex 26.4614 78.1743 2.4
    endloop
  endfacet
  facet normal 0.0492184 -0.998788 0
    outer loop
      vertex 26.78 71.69 2.4
      vertex 27.0986 71.7057 6.4
      vertex 26.78 71.69 6.4
    endloop
  endfacet
  facet normal 0.0492184 -0.998788 0
    outer loop
      vertex 27.0986 71.7057 6.4
      vertex 26.78 71.69 2.4
      vertex 27.0986 71.7057 2.4
    endloop
  endfacet
  facet normal -0.903936 -0.427668 0
    outer loop
      vertex 23.9138 73.408 2.4
      vertex 23.7774 73.6963 6.4
      vertex 23.7774 73.6963 2.4
    endloop
  endfacet
  facet normal -0.903936 -0.427668 0
    outer loop
      vertex 23.7774 73.6963 6.4
      vertex 23.9138 73.408 2.4
      vertex 23.9138 73.408 6.4
    endloop
  endfacet
  facet normal -0.595677 -0.803224 0
    outer loop
      vertex 24.7182 72.4277 2.4
      vertex 24.9744 72.2377 6.4
      vertex 24.7182 72.4277 6.4
    endloop
  endfacet
  facet normal -0.595677 -0.803224 -0
    outer loop
      vertex 24.9744 72.2377 6.4
      vertex 24.7182 72.4277 2.4
      vertex 24.9744 72.2377 2.4
    endloop
  endfacet
  facet normal -0.803224 0.595677 0
    outer loop
      vertex 24.0777 76.7456 2.4
      vertex 24.2677 77.0018 6.4
      vertex 24.2677 77.0018 2.4
    endloop
  endfacet
  facet normal -0.803224 0.595677 0
    outer loop
      vertex 24.2677 77.0018 6.4
      vertex 24.0777 76.7456 2.4
      vertex 24.0777 76.7456 6.4
    endloop
  endfacet
  facet normal 0.970032 -0.242978 0
    outer loop
      vertex 29.8901 73.9966 6.4
      vertex 29.9676 74.306 2.4
      vertex 29.9676 74.306 6.4
    endloop
  endfacet
  facet normal 0.970032 -0.242978 0
    outer loop
      vertex 29.9676 74.306 2.4
      vertex 29.8901 73.9966 6.4
      vertex 29.8901 73.9966 2.4
    endloop
  endfacet
  facet normal 0.857852 0.513896 0
    outer loop
      vertex 29.6462 76.472 6.4
      vertex 29.4823 76.7456 2.4
      vertex 29.4823 76.7456 6.4
    endloop
  endfacet
  facet normal 0.857852 0.513896 0
    outer loop
      vertex 29.4823 76.7456 2.4
      vertex 29.6462 76.472 6.4
      vertex 29.6462 76.472 2.4
    endloop
  endfacet
  facet normal -0.998788 -0.0492184 0
    outer loop
      vertex 23.5457 74.6214 2.4
      vertex 23.53 74.94 6.4
      vertex 23.53 74.94 2.4
    endloop
  endfacet
  facet normal -0.998788 -0.0492184 0
    outer loop
      vertex 23.53 74.94 6.4
      vertex 23.5457 74.6214 2.4
      vertex 23.5457 74.6214 6.4
    endloop
  endfacet
  facet normal 0.903936 0.427668 0
    outer loop
      vertex 29.7826 76.1837 6.4
      vertex 29.6462 76.472 2.4
      vertex 29.6462 76.472 6.4
    endloop
  endfacet
  facet normal 0.903936 0.427668 0
    outer loop
      vertex 29.6462 76.472 2.4
      vertex 29.7826 76.1837 6.4
      vertex 29.7826 76.1837 2.4
    endloop
  endfacet
  facet normal 0.941493 -0.337031 0
    outer loop
      vertex 29.7826 73.6963 6.4
      vertex 29.8901 73.9966 2.4
      vertex 29.8901 73.9966 6.4
    endloop
  endfacet
  facet normal 0.941493 -0.337031 0
    outer loop
      vertex 29.8901 73.9966 2.4
      vertex 29.7826 73.6963 6.4
      vertex 29.7826 73.6963 2.4
    endloop
  endfacet
  facet normal -0.427668 -0.903936 0
    outer loop
      vertex 25.248 72.0738 2.4
      vertex 25.5363 71.9374 6.4
      vertex 25.248 72.0738 6.4
    endloop
  endfacet
  facet normal -0.427668 -0.903936 -0
    outer loop
      vertex 25.5363 71.9374 6.4
      vertex 25.248 72.0738 2.4
      vertex 25.5363 71.9374 2.4
    endloop
  endfacet
  facet normal -0.970032 -0.242978 0
    outer loop
      vertex 23.6699 73.9966 2.4
      vertex 23.5924 74.306 6.4
      vertex 23.5924 74.306 2.4
    endloop
  endfacet
  facet normal -0.970032 -0.242978 0
    outer loop
      vertex 23.5924 74.306 6.4
      vertex 23.6699 73.9966 2.4
      vertex 23.6699 73.9966 6.4
    endloop
  endfacet
  facet normal -0.740904 0.671611 0
    outer loop
      vertex 24.2677 77.0018 2.4
      vertex 24.4819 77.2381 6.4
      vertex 24.4819 77.2381 2.4
    endloop
  endfacet
  facet normal -0.740904 0.671611 0
    outer loop
      vertex 24.4819 77.2381 6.4
      vertex 24.2677 77.0018 2.4
      vertex 24.2677 77.0018 6.4
    endloop
  endfacet
  facet normal -0.242978 -0.970032 0
    outer loop
      vertex 25.8366 71.8299 2.4
      vertex 26.146 71.7524 6.4
      vertex 25.8366 71.8299 6.4
    endloop
  endfacet
  facet normal -0.242978 -0.970032 -0
    outer loop
      vertex 26.146 71.7524 6.4
      vertex 25.8366 71.8299 2.4
      vertex 26.146 71.7524 2.4
    endloop
  endfacet
  facet normal -0.513896 0.857852 0
    outer loop
      vertex 25.248 77.8062 2.4
      vertex 24.9744 77.6423 6.4
      vertex 25.248 77.8062 6.4
    endloop
  endfacet
  facet normal -0.513896 0.857852 0
    outer loop
      vertex 24.9744 77.6423 6.4
      vertex 25.248 77.8062 2.4
      vertex 24.9744 77.6423 2.4
    endloop
  endfacet
  facet normal 0.803224 0.595677 0
    outer loop
      vertex 29.4823 76.7456 6.4
      vertex 29.2923 77.0018 2.4
      vertex 29.2923 77.0018 6.4
    endloop
  endfacet
  facet normal 0.803224 0.595677 0
    outer loop
      vertex 29.2923 77.0018 2.4
      vertex 29.4823 76.7456 6.4
      vertex 29.4823 76.7456 2.4
    endloop
  endfacet
  facet normal -0.146776 0.98917 0
    outer loop
      vertex 26.4614 78.1743 2.4
      vertex 26.146 78.1275 6.4
      vertex 26.4614 78.1743 6.4
    endloop
  endfacet
  facet normal -0.146776 0.98917 0
    outer loop
      vertex 26.146 78.1275 6.4
      vertex 26.4614 78.1743 2.4
      vertex 26.146 78.1275 2.4
    endloop
  endfacet
  facet normal 0.427668 -0.903936 0
    outer loop
      vertex 28.0237 71.9374 2.4
      vertex 28.312 72.0738 6.4
      vertex 28.0237 71.9374 6.4
    endloop
  endfacet
  facet normal 0.427668 -0.903936 0
    outer loop
      vertex 28.312 72.0738 6.4
      vertex 28.0237 71.9374 2.4
      vertex 28.312 72.0738 2.4
    endloop
  endfacet
  facet normal -0.671611 0.740904 0
    outer loop
      vertex 24.7182 77.4523 2.4
      vertex 24.4819 77.2381 6.4
      vertex 24.7182 77.4523 6.4
    endloop
  endfacet
  facet normal -0.671611 0.740904 0
    outer loop
      vertex 24.4819 77.2381 6.4
      vertex 24.7182 77.4523 2.4
      vertex 24.4819 77.2381 2.4
    endloop
  endfacet
  facet normal 0.857852 -0.513896 0
    outer loop
      vertex 29.4823 73.1344 6.4
      vertex 29.6462 73.408 2.4
      vertex 29.6462 73.408 6.4
    endloop
  endfacet
  facet normal 0.857852 -0.513896 0
    outer loop
      vertex 29.6462 73.408 2.4
      vertex 29.4823 73.1344 6.4
      vertex 29.4823 73.1344 2.4
    endloop
  endfacet
  facet normal -0.595677 0.803224 0
    outer loop
      vertex 24.9744 77.6423 2.4
      vertex 24.7182 77.4523 6.4
      vertex 24.9744 77.6423 6.4
    endloop
  endfacet
  facet normal -0.595677 0.803224 0
    outer loop
      vertex 24.7182 77.4523 6.4
      vertex 24.9744 77.6423 2.4
      vertex 24.7182 77.4523 2.4
    endloop
  endfacet
  facet normal 0.337031 0.941493 -0
    outer loop
      vertex 28.0237 77.9426 2.4
      vertex 27.7234 78.0501 6.4
      vertex 28.0237 77.9426 6.4
    endloop
  endfacet
  facet normal 0.337031 0.941493 0
    outer loop
      vertex 27.7234 78.0501 6.4
      vertex 28.0237 77.9426 2.4
      vertex 27.7234 78.0501 2.4
    endloop
  endfacet
  facet normal 0.740904 0.671611 0
    outer loop
      vertex 29.2923 77.0018 6.4
      vertex 29.0781 77.2381 2.4
      vertex 29.0781 77.2381 6.4
    endloop
  endfacet
  facet normal 0.740904 0.671611 0
    outer loop
      vertex 29.0781 77.2381 2.4
      vertex 29.2923 77.0018 6.4
      vertex 29.2923 77.0018 2.4
    endloop
  endfacet
  facet normal 0.998803 -0.0489056 0
    outer loop
      vertex 30.0144 74.6214 6.4
      vertex 30.03 74.94 2.4
      vertex 30.03 74.94 6.4
    endloop
  endfacet
  facet normal 0.998803 -0.0489056 0
    outer loop
      vertex 30.03 74.94 2.4
      vertex 30.0144 74.6214 6.4
      vertex 30.0144 74.6214 2.4
    endloop
  endfacet
  facet normal -0.941493 -0.337031 0
    outer loop
      vertex 23.7774 73.6963 2.4
      vertex 23.6699 73.9966 6.4
      vertex 23.6699 73.9966 2.4
    endloop
  endfacet
  facet normal -0.941493 -0.337031 0
    outer loop
      vertex 23.6699 73.9966 6.4
      vertex 23.7774 73.6963 2.4
      vertex 23.7774 73.6963 6.4
    endloop
  endfacet
  facet normal 0.513896 0.857852 -0
    outer loop
      vertex 28.5856 77.6423 2.4
      vertex 28.312 77.8062 6.4
      vertex 28.5856 77.6423 6.4
    endloop
  endfacet
  facet normal 0.513896 0.857852 0
    outer loop
      vertex 28.312 77.8062 6.4
      vertex 28.5856 77.6423 2.4
      vertex 28.312 77.8062 2.4
    endloop
  endfacet
  facet normal 0.595677 0.803224 -0
    outer loop
      vertex 28.8418 77.4523 2.4
      vertex 28.5856 77.6423 6.4
      vertex 28.8418 77.4523 6.4
    endloop
  endfacet
  facet normal 0.595677 0.803224 0
    outer loop
      vertex 28.5856 77.6423 6.4
      vertex 28.8418 77.4523 2.4
      vertex 28.5856 77.6423 2.4
    endloop
  endfacet
  facet normal 0.146469 -0.989215 0
    outer loop
      vertex 27.0986 71.7057 2.4
      vertex 27.414 71.7524 6.4
      vertex 27.0986 71.7057 6.4
    endloop
  endfacet
  facet normal 0.146469 -0.989215 0
    outer loop
      vertex 27.414 71.7524 6.4
      vertex 27.0986 71.7057 2.4
      vertex 27.414 71.7524 2.4
    endloop
  endfacet
  facet normal 0.740904 -0.671611 0
    outer loop
      vertex 29.0781 72.6419 6.4
      vertex 29.2923 72.8782 2.4
      vertex 29.2923 72.8782 6.4
    endloop
  endfacet
  facet normal 0.740904 -0.671611 0
    outer loop
      vertex 29.2923 72.8782 2.4
      vertex 29.0781 72.6419 6.4
      vertex 29.0781 72.6419 2.4
    endloop
  endfacet
  facet normal 0.803224 -0.595677 0
    outer loop
      vertex 29.2923 72.8782 6.4
      vertex 29.4823 73.1344 2.4
      vertex 29.4823 73.1344 6.4
    endloop
  endfacet
  facet normal 0.803224 -0.595677 0
    outer loop
      vertex 29.4823 73.1344 2.4
      vertex 29.2923 72.8782 6.4
      vertex 29.2923 72.8782 2.4
    endloop
  endfacet
  facet normal 0.242978 -0.970032 0
    outer loop
      vertex 27.414 71.7524 2.4
      vertex 27.7234 71.8299 6.4
      vertex 27.414 71.7524 6.4
    endloop
  endfacet
  facet normal 0.242978 -0.970032 0
    outer loop
      vertex 27.7234 71.8299 6.4
      vertex 27.414 71.7524 2.4
      vertex 27.7234 71.8299 2.4
    endloop
  endfacet
  facet normal 0.903936 -0.427668 0
    outer loop
      vertex 29.6462 73.408 6.4
      vertex 29.7826 73.6963 2.4
      vertex 29.7826 73.6963 6.4
    endloop
  endfacet
  facet normal 0.903936 -0.427668 0
    outer loop
      vertex 29.7826 73.6963 2.4
      vertex 29.6462 73.408 6.4
      vertex 29.6462 73.408 2.4
    endloop
  endfacet
  facet normal -0.242683 0.970106 0
    outer loop
      vertex 26.146 78.1275 2.4
      vertex 25.8366 78.0501 6.4
      vertex 26.146 78.1275 6.4
    endloop
  endfacet
  facet normal -0.242683 0.970106 0
    outer loop
      vertex 25.8366 78.0501 6.4
      vertex 26.146 78.1275 2.4
      vertex 25.8366 78.0501 2.4
    endloop
  endfacet
  facet normal -0.941493 0.337031 0
    outer loop
      vertex 23.6699 75.8834 2.4
      vertex 23.7774 76.1837 6.4
      vertex 23.7774 76.1837 2.4
    endloop
  endfacet
  facet normal -0.941493 0.337031 0
    outer loop
      vertex 23.7774 76.1837 6.4
      vertex 23.6699 75.8834 2.4
      vertex 23.6699 75.8834 6.4
    endloop
  endfacet
  facet normal -0.427668 0.903936 0
    outer loop
      vertex 25.5363 77.9426 2.4
      vertex 25.248 77.8062 6.4
      vertex 25.5363 77.9426 6.4
    endloop
  endfacet
  facet normal -0.427668 0.903936 0
    outer loop
      vertex 25.248 77.8062 6.4
      vertex 25.5363 77.9426 2.4
      vertex 25.248 77.8062 2.4
    endloop
  endfacet
  facet normal -0.989215 0.146469 0
    outer loop
      vertex 23.5457 75.2586 2.4
      vertex 23.5924 75.574 6.4
      vertex 23.5924 75.574 2.4
    endloop
  endfacet
  facet normal -0.989215 0.146469 0
    outer loop
      vertex 23.5924 75.574 6.4
      vertex 23.5457 75.2586 2.4
      vertex 23.5457 75.2586 6.4
    endloop
  endfacet
  facet normal -0.970032 0.242978 0
    outer loop
      vertex 23.5924 75.574 2.4
      vertex 23.6699 75.8834 6.4
      vertex 23.6699 75.8834 2.4
    endloop
  endfacet
  facet normal -0.970032 0.242978 0
    outer loop
      vertex 23.6699 75.8834 6.4
      vertex 23.5924 75.574 2.4
      vertex 23.5924 75.574 6.4
    endloop
  endfacet
  facet normal 0.427668 0.903936 -0
    outer loop
      vertex 28.312 77.8062 2.4
      vertex 28.0237 77.9426 6.4
      vertex 28.312 77.8062 6.4
    endloop
  endfacet
  facet normal 0.427668 0.903936 0
    outer loop
      vertex 28.0237 77.9426 6.4
      vertex 28.312 77.8062 2.4
      vertex 28.0237 77.9426 2.4
    endloop
  endfacet
  facet normal 0 0 -1
    outer loop
      vertex 28.13 74.94 2.4
      vertex 30.03 74.94 2.4
      vertex 30.0144 74.6214 2.4
    endloop
  endfacet
  facet normal 0 0 -1
    outer loop
      vertex 28.1235 74.8077 2.4
      vertex 30.0144 74.6214 2.4
      vertex 29.9676 74.306 2.4
    endloop
  endfacet
  facet normal 0 0 -1
    outer loop
      vertex 30.03 74.94 2.4
      vertex 28.13 74.94 2.4
      vertex 30.0144 75.2586 2.4
    endloop
  endfacet
  facet normal 0 0 -1
    outer loop
      vertex 28.1041 74.6766 2.4
      vertex 29.9676 74.306 2.4
      vertex 29.8901 73.9966 2.4
    endloop
  endfacet
  facet normal 0 0 -1
    outer loop
      vertex 28.1235 75.0723 2.4
      vertex 30.0144 75.2586 2.4
      vertex 28.13 74.94 2.4
    endloop
  endfacet
  facet normal 0 0 -1
    outer loop
      vertex 28.0719 74.5481 2.4
      vertex 29.8901 73.9966 2.4
      vertex 29.7826 73.6963 2.4
    endloop
  endfacet
  facet normal -0 0 -1
    outer loop
      vertex 30.0144 75.2586 2.4
      vertex 28.1235 75.0723 2.4
      vertex 29.9676 75.574 2.4
    endloop
  endfacet
  facet normal 0 0 -1
    outer loop
      vertex 28.0272 74.4234 2.4
      vertex 29.7826 73.6963 2.4
      vertex 29.6462 73.408 2.4
    endloop
  endfacet
  facet normal 0 0 -1
    outer loop
      vertex 28.1041 75.2034 2.4
      vertex 29.9676 75.574 2.4
      vertex 28.1235 75.0723 2.4
    endloop
  endfacet
  facet normal 0 0 -1
    outer loop
      vertex 27.9706 74.3036 2.4
      vertex 29.6462 73.408 2.4
      vertex 29.4823 73.1344 2.4
    endloop
  endfacet
  facet normal -0 0 -1
    outer loop
      vertex 29.9676 75.574 2.4
      vertex 28.1041 75.2034 2.4
      vertex 29.8901 75.8834 2.4
    endloop
  endfacet
  facet normal 0 0 -1
    outer loop
      vertex 27.9025 74.19 2.4
      vertex 29.4823 73.1344 2.4
      vertex 29.2923 72.8782 2.4
    endloop
  endfacet
  facet normal 0 0 -1
    outer loop
      vertex 28.0719 75.3319 2.4
      vertex 29.8901 75.8834 2.4
      vertex 28.1041 75.2034 2.4
    endloop
  endfacet
  facet normal 0 0 -1
    outer loop
      vertex 27.8236 74.0836 2.4
      vertex 29.2923 72.8782 2.4
      vertex 29.0781 72.6419 2.4
    endloop
  endfacet
  facet normal -0 0 -1
    outer loop
      vertex 29.8901 75.8834 2.4
      vertex 28.0719 75.3319 2.4
      vertex 29.7826 76.1837 2.4
    endloop
  endfacet
  facet normal 0 0 -1
    outer loop
      vertex 27.7346 73.9854 2.4
      vertex 29.0781 72.6419 2.4
      vertex 28.8418 72.4277 2.4
    endloop
  endfacet
  facet normal 0 0 -1
    outer loop
      vertex 28.0272 75.4566 2.4
      vertex 29.7826 76.1837 2.4
      vertex 28.0719 75.3319 2.4
    endloop
  endfacet
  facet normal 0 0 -1
    outer loop
      vertex 27.6364 73.8964 2.4
      vertex 28.8418 72.4277 2.4
      vertex 28.5856 72.2377 2.4
    endloop
  endfacet
  facet normal -0 0 -1
    outer loop
      vertex 29.7826 76.1837 2.4
      vertex 28.0272 75.4566 2.4
      vertex 29.6462 76.472 2.4
    endloop
  endfacet
  facet normal 0 0 -1
    outer loop
      vertex 27.53 73.8175 2.4
      vertex 28.5856 72.2377 2.4
      vertex 28.312 72.0738 2.4
    endloop
  endfacet
  facet normal 0 0 -1
    outer loop
      vertex 27.9706 75.5764 2.4
      vertex 29.6462 76.472 2.4
      vertex 28.0272 75.4566 2.4
    endloop
  endfacet
  facet normal -0 0 -1
    outer loop
      vertex 29.6462 76.472 2.4
      vertex 27.9706 75.5764 2.4
      vertex 29.4823 76.7456 2.4
    endloop
  endfacet
  facet normal 0 0 -1
    outer loop
      vertex 30.0144 74.6214 2.4
      vertex 28.1235 74.8077 2.4
      vertex 28.13 74.94 2.4
    endloop
  endfacet
  facet normal 0 0 -1
    outer loop
      vertex 29.9676 74.306 2.4
      vertex 28.1041 74.6766 2.4
      vertex 28.1235 74.8077 2.4
    endloop
  endfacet
  facet normal 0 0 -1
    outer loop
      vertex 29.8901 73.9966 2.4
      vertex 28.0719 74.5481 2.4
      vertex 28.1041 74.6766 2.4
    endloop
  endfacet
  facet normal 0 0 -1
    outer loop
      vertex 29.7826 73.6963 2.4
      vertex 28.0272 74.4234 2.4
      vertex 28.0719 74.5481 2.4
    endloop
  endfacet
  facet normal 0 0 -1
    outer loop
      vertex 27.4164 73.7494 2.4
      vertex 28.312 72.0738 2.4
      vertex 28.0237 71.9374 2.4
    endloop
  endfacet
  facet normal 0 0 -1
    outer loop
      vertex 29.6462 73.408 2.4
      vertex 27.9706 74.3036 2.4
      vertex 28.0272 74.4234 2.4
    endloop
  endfacet
  facet normal 0 0 -1
    outer loop
      vertex 29.4823 73.1344 2.4
      vertex 27.9025 74.19 2.4
      vertex 27.9706 74.3036 2.4
    endloop
  endfacet
  facet normal 0 0 -1
    outer loop
      vertex 29.2923 72.8782 2.4
      vertex 27.8236 74.0836 2.4
      vertex 27.9025 74.19 2.4
    endloop
  endfacet
  facet normal 0 0 -1
    outer loop
      vertex 29.0781 72.6419 2.4
      vertex 27.7346 73.9854 2.4
      vertex 27.8236 74.0836 2.4
    endloop
  endfacet
  facet normal 0 0 -1
    outer loop
      vertex 27.2966 73.6928 2.4
      vertex 28.0237 71.9374 2.4
      vertex 27.7234 71.8299 2.4
    endloop
  endfacet
  facet normal 0 0 -1
    outer loop
      vertex 28.8418 72.4277 2.4
      vertex 27.6364 73.8964 2.4
      vertex 27.7346 73.9854 2.4
    endloop
  endfacet
  facet normal 0 0 -1
    outer loop
      vertex 28.5856 72.2377 2.4
      vertex 27.53 73.8175 2.4
      vertex 27.6364 73.8964 2.4
    endloop
  endfacet
  facet normal 0 0 -1
    outer loop
      vertex 28.312 72.0738 2.4
      vertex 27.4164 73.7494 2.4
      vertex 27.53 73.8175 2.4
    endloop
  endfacet
  facet normal 0 0 -1
    outer loop
      vertex 27.1719 73.6481 2.4
      vertex 27.7234 71.8299 2.4
      vertex 27.414 71.7524 2.4
    endloop
  endfacet
  facet normal 0 0 -1
    outer loop
      vertex 28.0237 71.9374 2.4
      vertex 27.2966 73.6928 2.4
      vertex 27.4164 73.7494 2.4
    endloop
  endfacet
  facet normal 0 0 -1
    outer loop
      vertex 27.7234 71.8299 2.4
      vertex 27.1719 73.6481 2.4
      vertex 27.2966 73.6928 2.4
    endloop
  endfacet
  facet normal 0 0 -1
    outer loop
      vertex 27.0434 73.6159 2.4
      vertex 27.414 71.7524 2.4
      vertex 27.0986 71.7057 2.4
    endloop
  endfacet
  facet normal 0 0 -1
    outer loop
      vertex 27.414 71.7524 2.4
      vertex 27.0434 73.6159 2.4
      vertex 27.1719 73.6481 2.4
    endloop
  endfacet
  facet normal 0 0 -1
    outer loop
      vertex 27.0986 71.7057 2.4
      vertex 26.9123 73.5965 2.4
      vertex 27.0434 73.6159 2.4
    endloop
  endfacet
  facet normal 0 0 -1
    outer loop
      vertex 26.78 71.69 2.4
      vertex 26.9123 73.5965 2.4
      vertex 27.0986 71.7057 2.4
    endloop
  endfacet
  facet normal 0 0 -1
    outer loop
      vertex 26.78 71.69 2.4
      vertex 26.78 73.59 2.4
      vertex 26.9123 73.5965 2.4
    endloop
  endfacet
  facet normal 0 0 -1
    outer loop
      vertex 26.78 71.69 2.4
      vertex 26.6477 73.5965 2.4
      vertex 26.78 73.59 2.4
    endloop
  endfacet
  facet normal 0 0 -1
    outer loop
      vertex 26.4614 71.7057 2.4
      vertex 26.6477 73.5965 2.4
      vertex 26.78 71.69 2.4
    endloop
  endfacet
  facet normal -0 0 -1
    outer loop
      vertex 26.6477 73.5965 2.4
      vertex 26.4614 71.7057 2.4
      vertex 26.5166 73.6159 2.4
    endloop
  endfacet
  facet normal 0 0 -1
    outer loop
      vertex 26.146 71.7524 2.4
      vertex 26.5166 73.6159 2.4
      vertex 26.4614 71.7057 2.4
    endloop
  endfacet
  facet normal -0 0 -1
    outer loop
      vertex 26.5166 73.6159 2.4
      vertex 26.146 71.7524 2.4
      vertex 26.3881 73.6481 2.4
    endloop
  endfacet
  facet normal 0 0 -1
    outer loop
      vertex 25.8366 71.8299 2.4
      vertex 26.3881 73.6481 2.4
      vertex 26.146 71.7524 2.4
    endloop
  endfacet
  facet normal -0 0 -1
    outer loop
      vertex 26.3881 73.6481 2.4
      vertex 25.8366 71.8299 2.4
      vertex 26.2634 73.6928 2.4
    endloop
  endfacet
  facet normal 0 0 -1
    outer loop
      vertex 25.5363 71.9374 2.4
      vertex 26.2634 73.6928 2.4
      vertex 25.8366 71.8299 2.4
    endloop
  endfacet
  facet normal -0 0 -1
    outer loop
      vertex 26.2634 73.6928 2.4
      vertex 25.5363 71.9374 2.4
      vertex 26.1436 73.7494 2.4
    endloop
  endfacet
  facet normal 0 0 -1
    outer loop
      vertex 25.248 72.0738 2.4
      vertex 26.1436 73.7494 2.4
      vertex 25.5363 71.9374 2.4
    endloop
  endfacet
  facet normal -0 0 -1
    outer loop
      vertex 26.1436 73.7494 2.4
      vertex 25.248 72.0738 2.4
      vertex 26.03 73.8175 2.4
    endloop
  endfacet
  facet normal 0 0 -1
    outer loop
      vertex 24.9744 72.2377 2.4
      vertex 26.03 73.8175 2.4
      vertex 25.248 72.0738 2.4
    endloop
  endfacet
  facet normal -0 0 -1
    outer loop
      vertex 26.03 73.8175 2.4
      vertex 24.9744 72.2377 2.4
      vertex 25.9236 73.8964 2.4
    endloop
  endfacet
  facet normal 0 0 -1
    outer loop
      vertex 24.7182 72.4277 2.4
      vertex 25.9236 73.8964 2.4
      vertex 24.9744 72.2377 2.4
    endloop
  endfacet
  facet normal -0 0 -1
    outer loop
      vertex 25.9236 73.8964 2.4
      vertex 24.7182 72.4277 2.4
      vertex 25.8254 73.9854 2.4
    endloop
  endfacet
  facet normal 0 0 -1
    outer loop
      vertex 24.4819 72.6419 2.4
      vertex 25.8254 73.9854 2.4
      vertex 24.7182 72.4277 2.4
    endloop
  endfacet
  facet normal -0 0 -1
    outer loop
      vertex 25.8254 73.9854 2.4
      vertex 24.4819 72.6419 2.4
      vertex 25.7364 74.0836 2.4
    endloop
  endfacet
  facet normal 0 0 -1
    outer loop
      vertex 24.2677 72.8782 2.4
      vertex 25.7364 74.0836 2.4
      vertex 24.4819 72.6419 2.4
    endloop
  endfacet
  facet normal -0 0 -1
    outer loop
      vertex 25.7364 74.0836 2.4
      vertex 24.2677 72.8782 2.4
      vertex 25.6575 74.19 2.4
    endloop
  endfacet
  facet normal 0 0 -1
    outer loop
      vertex 24.0777 73.1344 2.4
      vertex 25.6575 74.19 2.4
      vertex 24.2677 72.8782 2.4
    endloop
  endfacet
  facet normal -0 0 -1
    outer loop
      vertex 25.6575 74.19 2.4
      vertex 24.0777 73.1344 2.4
      vertex 25.5894 74.3036 2.4
    endloop
  endfacet
  facet normal 0 0 -1
    outer loop
      vertex 27.9025 75.69 2.4
      vertex 29.4823 76.7456 2.4
      vertex 27.9706 75.5764 2.4
    endloop
  endfacet
  facet normal -0 0 -1
    outer loop
      vertex 29.4823 76.7456 2.4
      vertex 27.9025 75.69 2.4
      vertex 29.2923 77.0018 2.4
    endloop
  endfacet
  facet normal 0 0 -1
    outer loop
      vertex 27.8236 75.7964 2.4
      vertex 29.2923 77.0018 2.4
      vertex 27.9025 75.69 2.4
    endloop
  endfacet
  facet normal -0 0 -1
    outer loop
      vertex 29.2923 77.0018 2.4
      vertex 27.8236 75.7964 2.4
      vertex 29.0781 77.2381 2.4
    endloop
  endfacet
  facet normal 0 0 -1
    outer loop
      vertex 27.7346 75.8946 2.4
      vertex 29.0781 77.2381 2.4
      vertex 27.8236 75.7964 2.4
    endloop
  endfacet
  facet normal -0 0 -1
    outer loop
      vertex 29.0781 77.2381 2.4
      vertex 27.7346 75.8946 2.4
      vertex 28.8418 77.4523 2.4
    endloop
  endfacet
  facet normal 0 0 -1
    outer loop
      vertex 27.6364 75.9836 2.4
      vertex 28.8418 77.4523 2.4
      vertex 27.7346 75.8946 2.4
    endloop
  endfacet
  facet normal -0 0 -1
    outer loop
      vertex 28.8418 77.4523 2.4
      vertex 27.6364 75.9836 2.4
      vertex 28.5856 77.6423 2.4
    endloop
  endfacet
  facet normal 0 0 -1
    outer loop
      vertex 27.53 76.0625 2.4
      vertex 28.5856 77.6423 2.4
      vertex 27.6364 75.9836 2.4
    endloop
  endfacet
  facet normal -0 0 -1
    outer loop
      vertex 28.5856 77.6423 2.4
      vertex 27.53 76.0625 2.4
      vertex 28.312 77.8062 2.4
    endloop
  endfacet
  facet normal 0 0 -1
    outer loop
      vertex 27.4164 76.1306 2.4
      vertex 28.312 77.8062 2.4
      vertex 27.53 76.0625 2.4
    endloop
  endfacet
  facet normal -0 0 -1
    outer loop
      vertex 28.312 77.8062 2.4
      vertex 27.4164 76.1306 2.4
      vertex 28.0237 77.9426 2.4
    endloop
  endfacet
  facet normal 0 0 -1
    outer loop
      vertex 27.2966 76.1872 2.4
      vertex 28.0237 77.9426 2.4
      vertex 27.4164 76.1306 2.4
    endloop
  endfacet
  facet normal -0 0 -1
    outer loop
      vertex 28.0237 77.9426 2.4
      vertex 27.2966 76.1872 2.4
      vertex 27.7234 78.0501 2.4
    endloop
  endfacet
  facet normal 0 0 -1
    outer loop
      vertex 27.1719 76.2319 2.4
      vertex 27.7234 78.0501 2.4
      vertex 27.2966 76.1872 2.4
    endloop
  endfacet
  facet normal -0 0 -1
    outer loop
      vertex 27.7234 78.0501 2.4
      vertex 27.1719 76.2319 2.4
      vertex 27.414 78.1275 2.4
    endloop
  endfacet
  facet normal 0 0 -1
    outer loop
      vertex 27.0434 76.2641 2.4
      vertex 27.414 78.1275 2.4
      vertex 27.1719 76.2319 2.4
    endloop
  endfacet
  facet normal -0 0 -1
    outer loop
      vertex 27.414 78.1275 2.4
      vertex 27.0434 76.2641 2.4
      vertex 27.0986 78.1743 2.4
    endloop
  endfacet
  facet normal 0 0 -1
    outer loop
      vertex 26.9123 76.2835 2.4
      vertex 27.0986 78.1743 2.4
      vertex 27.0434 76.2641 2.4
    endloop
  endfacet
  facet normal 0 0 -1
    outer loop
      vertex 26.78 76.29 2.4
      vertex 27.0986 78.1743 2.4
      vertex 26.9123 76.2835 2.4
    endloop
  endfacet
  facet normal 0 0 -1
    outer loop
      vertex 26.78 76.29 2.4
      vertex 26.78 78.19 2.4
      vertex 27.0986 78.1743 2.4
    endloop
  endfacet
  facet normal 0 0 -1
    outer loop
      vertex 26.6477 76.2835 2.4
      vertex 26.78 78.19 2.4
      vertex 26.78 76.29 2.4
    endloop
  endfacet
  facet normal 0 0 -1
    outer loop
      vertex 26.4614 78.1743 2.4
      vertex 26.6477 76.2835 2.4
      vertex 26.5166 76.2641 2.4
    endloop
  endfacet
  facet normal 0 0 -1
    outer loop
      vertex 26.6477 76.2835 2.4
      vertex 26.4614 78.1743 2.4
      vertex 26.78 78.19 2.4
    endloop
  endfacet
  facet normal 0 0 -1
    outer loop
      vertex 26.146 78.1275 2.4
      vertex 26.5166 76.2641 2.4
      vertex 26.3881 76.2319 2.4
    endloop
  endfacet
  facet normal 0 0 -1
    outer loop
      vertex 25.8366 78.0501 2.4
      vertex 26.3881 76.2319 2.4
      vertex 26.2634 76.1872 2.4
    endloop
  endfacet
  facet normal 0 0 -1
    outer loop
      vertex 26.5166 76.2641 2.4
      vertex 26.146 78.1275 2.4
      vertex 26.4614 78.1743 2.4
    endloop
  endfacet
  facet normal 0 0 -1
    outer loop
      vertex 25.5363 77.9426 2.4
      vertex 26.2634 76.1872 2.4
      vertex 26.1436 76.1306 2.4
    endloop
  endfacet
  facet normal 0 0 -1
    outer loop
      vertex 25.248 77.8062 2.4
      vertex 26.1436 76.1306 2.4
      vertex 26.03 76.0625 2.4
    endloop
  endfacet
  facet normal 0 0 -1
    outer loop
      vertex 24.9744 77.6423 2.4
      vertex 26.03 76.0625 2.4
      vertex 25.9236 75.9836 2.4
    endloop
  endfacet
  facet normal 0 0 -1
    outer loop
      vertex 26.3881 76.2319 2.4
      vertex 25.8366 78.0501 2.4
      vertex 26.146 78.1275 2.4
    endloop
  endfacet
  facet normal 0 0 -1
    outer loop
      vertex 24.7182 77.4523 2.4
      vertex 25.9236 75.9836 2.4
      vertex 25.8254 75.8946 2.4
    endloop
  endfacet
  facet normal 0 0 -1
    outer loop
      vertex 24.4819 77.2381 2.4
      vertex 25.8254 75.8946 2.4
      vertex 25.7364 75.7964 2.4
    endloop
  endfacet
  facet normal 0 0 -1
    outer loop
      vertex 24.2677 77.0018 2.4
      vertex 25.7364 75.7964 2.4
      vertex 25.6575 75.69 2.4
    endloop
  endfacet
  facet normal 0 0 -1
    outer loop
      vertex 24.0777 76.7456 2.4
      vertex 25.6575 75.69 2.4
      vertex 25.5894 75.5764 2.4
    endloop
  endfacet
  facet normal 0 0 -1
    outer loop
      vertex 26.2634 76.1872 2.4
      vertex 25.5363 77.9426 2.4
      vertex 25.8366 78.0501 2.4
    endloop
  endfacet
  facet normal 0 0 -1
    outer loop
      vertex 23.9138 76.472 2.4
      vertex 25.5894 75.5764 2.4
      vertex 25.5328 75.4566 2.4
    endloop
  endfacet
  facet normal 0 0 -1
    outer loop
      vertex 23.7774 76.1837 2.4
      vertex 25.5328 75.4566 2.4
      vertex 25.4881 75.3319 2.4
    endloop
  endfacet
  facet normal 0 0 -1
    outer loop
      vertex 23.6699 75.8834 2.4
      vertex 25.4881 75.3319 2.4
      vertex 25.4559 75.2034 2.4
    endloop
  endfacet
  facet normal 0 0 -1
    outer loop
      vertex 23.5924 75.574 2.4
      vertex 25.4559 75.2034 2.4
      vertex 25.4365 75.0723 2.4
    endloop
  endfacet
  facet normal 0 0 -1
    outer loop
      vertex 23.5457 75.2586 2.4
      vertex 25.4365 75.0723 2.4
      vertex 25.43 74.94 2.4
    endloop
  endfacet
  facet normal 0 0 -1
    outer loop
      vertex 23.9138 73.408 2.4
      vertex 25.5894 74.3036 2.4
      vertex 24.0777 73.1344 2.4
    endloop
  endfacet
  facet normal 0 0 -1
    outer loop
      vertex 26.1436 76.1306 2.4
      vertex 25.248 77.8062 2.4
      vertex 25.5363 77.9426 2.4
    endloop
  endfacet
  facet normal -0 0 -1
    outer loop
      vertex 25.5894 74.3036 2.4
      vertex 23.9138 73.408 2.4
      vertex 25.5328 74.4234 2.4
    endloop
  endfacet
  facet normal 0 0 -1
    outer loop
      vertex 26.03 76.0625 2.4
      vertex 24.9744 77.6423 2.4
      vertex 25.248 77.8062 2.4
    endloop
  endfacet
  facet normal 0 0 -1
    outer loop
      vertex 23.7774 73.6963 2.4
      vertex 25.5328 74.4234 2.4
      vertex 23.9138 73.408 2.4
    endloop
  endfacet
  facet normal 0 0 -1
    outer loop
      vertex 25.9236 75.9836 2.4
      vertex 24.7182 77.4523 2.4
      vertex 24.9744 77.6423 2.4
    endloop
  endfacet
  facet normal -0 0 -1
    outer loop
      vertex 25.5328 74.4234 2.4
      vertex 23.7774 73.6963 2.4
      vertex 25.4881 74.5481 2.4
    endloop
  endfacet
  facet normal 0 0 -1
    outer loop
      vertex 25.8254 75.8946 2.4
      vertex 24.4819 77.2381 2.4
      vertex 24.7182 77.4523 2.4
    endloop
  endfacet
  facet normal 0 0 -1
    outer loop
      vertex 23.6699 73.9966 2.4
      vertex 25.4881 74.5481 2.4
      vertex 23.7774 73.6963 2.4
    endloop
  endfacet
  facet normal 0 0 -1
    outer loop
      vertex 25.7364 75.7964 2.4
      vertex 24.2677 77.0018 2.4
      vertex 24.4819 77.2381 2.4
    endloop
  endfacet
  facet normal -0 0 -1
    outer loop
      vertex 25.4881 74.5481 2.4
      vertex 23.6699 73.9966 2.4
      vertex 25.4559 74.6766 2.4
    endloop
  endfacet
  facet normal 0 0 -1
    outer loop
      vertex 25.6575 75.69 2.4
      vertex 24.0777 76.7456 2.4
      vertex 24.2677 77.0018 2.4
    endloop
  endfacet
  facet normal 0 0 -1
    outer loop
      vertex 23.5924 74.306 2.4
      vertex 25.4559 74.6766 2.4
      vertex 23.6699 73.9966 2.4
    endloop
  endfacet
  facet normal 0 0 -1
    outer loop
      vertex 25.5894 75.5764 2.4
      vertex 23.9138 76.472 2.4
      vertex 24.0777 76.7456 2.4
    endloop
  endfacet
  facet normal -0 0 -1
    outer loop
      vertex 25.4559 74.6766 2.4
      vertex 23.5924 74.306 2.4
      vertex 25.4365 74.8077 2.4
    endloop
  endfacet
  facet normal 0 0 -1
    outer loop
      vertex 25.5328 75.4566 2.4
      vertex 23.7774 76.1837 2.4
      vertex 23.9138 76.472 2.4
    endloop
  endfacet
  facet normal 0 0 -1
    outer loop
      vertex 23.5457 74.6214 2.4
      vertex 25.4365 74.8077 2.4
      vertex 23.5924 74.306 2.4
    endloop
  endfacet
  facet normal 0 0 -1
    outer loop
      vertex 25.4881 75.3319 2.4
      vertex 23.6699 75.8834 2.4
      vertex 23.7774 76.1837 2.4
    endloop
  endfacet
  facet normal -0 0 -1
    outer loop
      vertex 25.4365 74.8077 2.4
      vertex 23.5457 74.6214 2.4
      vertex 25.43 74.94 2.4
    endloop
  endfacet
  facet normal 0 0 -1
    outer loop
      vertex 25.4559 75.2034 2.4
      vertex 23.5924 75.574 2.4
      vertex 23.6699 75.8834 2.4
    endloop
  endfacet
  facet normal 0 0 -1
    outer loop
      vertex 23.53 74.94 2.4
      vertex 25.43 74.94 2.4
      vertex 23.5457 74.6214 2.4
    endloop
  endfacet
  facet normal 0 0 -1
    outer loop
      vertex 25.4365 75.0723 2.4
      vertex 23.5457 75.2586 2.4
      vertex 23.5924 75.574 2.4
    endloop
  endfacet
  facet normal 0 0 -1
    outer loop
      vertex 25.43 74.94 2.4
      vertex 23.53 74.94 2.4
      vertex 23.5457 75.2586 2.4
    endloop
  endfacet
  facet normal 0.98917 -0.146776 0
    outer loop
      vertex 29.9676 74.306 6.4
      vertex 30.0144 74.6214 2.4
      vertex 30.0144 74.6214 6.4
    endloop
  endfacet
  facet normal 0.98917 -0.146776 0
    outer loop
      vertex 30.0144 74.6214 2.4
      vertex 29.9676 74.306 6.4
      vertex 29.9676 74.306 2.4
    endloop
  endfacet
  facet normal 0.146776 0.98917 -0
    outer loop
      vertex 27.414 78.1275 2.4
      vertex 27.0986 78.1743 6.4
      vertex 27.414 78.1275 6.4
    endloop
  endfacet
  facet normal 0.146776 0.98917 0
    outer loop
      vertex 27.0986 78.1743 6.4
      vertex 27.414 78.1275 2.4
      vertex 27.0986 78.1743 2.4
    endloop
  endfacet
  facet normal 0.0492184 0.998788 -0
    outer loop
      vertex 27.0986 78.1743 2.4
      vertex 26.78 78.19 6.4
      vertex 27.0986 78.1743 6.4
    endloop
  endfacet
  facet normal 0.0492184 0.998788 0
    outer loop
      vertex 26.78 78.19 6.4
      vertex 27.0986 78.1743 2.4
      vertex 26.78 78.19 2.4
    endloop
  endfacet
  facet normal -0.740904 -0.671611 0
    outer loop
      vertex 24.4819 72.6419 2.4
      vertex 24.2677 72.8782 6.4
      vertex 24.2677 72.8782 2.4
    endloop
  endfacet
  facet normal -0.740904 -0.671611 0
    outer loop
      vertex 24.2677 72.8782 6.4
      vertex 24.4819 72.6419 2.4
      vertex 24.4819 72.6419 6.4
    endloop
  endfacet
  facet normal -0.857852 -0.513896 0
    outer loop
      vertex 24.0777 73.1344 2.4
      vertex 23.9138 73.408 6.4
      vertex 23.9138 73.408 2.4
    endloop
  endfacet
  facet normal -0.857852 -0.513896 0
    outer loop
      vertex 23.9138 73.408 6.4
      vertex 24.0777 73.1344 2.4
      vertex 24.0777 73.1344 6.4
    endloop
  endfacet
  facet normal -0.337031 0.941493 0
    outer loop
      vertex 25.8366 78.0501 2.4
      vertex 25.5363 77.9426 6.4
      vertex 25.8366 78.0501 6.4
    endloop
  endfacet
  facet normal -0.337031 0.941493 0
    outer loop
      vertex 25.5363 77.9426 6.4
      vertex 25.8366 78.0501 2.4
      vertex 25.5363 77.9426 2.4
    endloop
  endfacet
  facet normal -0.513896 -0.857852 0
    outer loop
      vertex 24.9744 72.2377 2.4
      vertex 25.248 72.0738 6.4
      vertex 24.9744 72.2377 6.4
    endloop
  endfacet
  facet normal -0.513896 -0.857852 -0
    outer loop
      vertex 25.248 72.0738 6.4
      vertex 24.9744 72.2377 2.4
      vertex 25.248 72.0738 2.4
    endloop
  endfacet
  facet normal 0.595677 -0.803224 0
    outer loop
      vertex 28.5856 72.2377 2.4
      vertex 28.8418 72.4277 6.4
      vertex 28.5856 72.2377 6.4
    endloop
  endfacet
  facet normal 0.595677 -0.803224 0
    outer loop
      vertex 28.8418 72.4277 6.4
      vertex 28.5856 72.2377 2.4
      vertex 28.8418 72.4277 2.4
    endloop
  endfacet
  facet normal -0.337031 -0.941493 0
    outer loop
      vertex 25.5363 71.9374 2.4
      vertex 25.8366 71.8299 6.4
      vertex 25.5363 71.9374 6.4
    endloop
  endfacet
  facet normal -0.337031 -0.941493 -0
    outer loop
      vertex 25.8366 71.8299 6.4
      vertex 25.5363 71.9374 2.4
      vertex 25.8366 71.8299 2.4
    endloop
  endfacet
  facet normal -0.803224 -0.595677 0
    outer loop
      vertex 24.2677 72.8782 2.4
      vertex 24.0777 73.1344 6.4
      vertex 24.0777 73.1344 2.4
    endloop
  endfacet
  facet normal -0.803224 -0.595677 0
    outer loop
      vertex 24.0777 73.1344 6.4
      vertex 24.2677 72.8782 2.4
      vertex 24.2677 72.8782 6.4
    endloop
  endfacet
  facet normal -0.903936 0.427668 0
    outer loop
      vertex 23.7774 76.1837 2.4
      vertex 23.9138 76.472 6.4
      vertex 23.9138 76.472 2.4
    endloop
  endfacet
  facet normal -0.903936 0.427668 0
    outer loop
      vertex 23.9138 76.472 6.4
      vertex 23.7774 76.1837 2.4
      vertex 23.7774 76.1837 6.4
    endloop
  endfacet
  facet normal -0.989215 -0.146469 0
    outer loop
      vertex 23.5924 74.306 2.4
      vertex 23.5457 74.6214 6.4
      vertex 23.5457 74.6214 2.4
    endloop
  endfacet
  facet normal -0.989215 -0.146469 0
    outer loop
      vertex 23.5457 74.6214 6.4
      vertex 23.5924 74.306 2.4
      vertex 23.5924 74.306 6.4
    endloop
  endfacet
  facet normal 0.242683 0.970106 -0
    outer loop
      vertex 27.7234 78.0501 2.4
      vertex 27.414 78.1275 6.4
      vertex 27.7234 78.0501 6.4
    endloop
  endfacet
  facet normal 0.242683 0.970106 0
    outer loop
      vertex 27.414 78.1275 6.4
      vertex 27.7234 78.0501 2.4
      vertex 27.414 78.1275 2.4
    endloop
  endfacet
  facet normal 0.513896 -0.857852 0
    outer loop
      vertex 28.312 72.0738 2.4
      vertex 28.5856 72.2377 6.4
      vertex 28.312 72.0738 6.4
    endloop
  endfacet
  facet normal 0.513896 -0.857852 0
    outer loop
      vertex 28.5856 72.2377 6.4
      vertex 28.312 72.0738 2.4
      vertex 28.5856 72.2377 2.4
    endloop
  endfacet
  facet normal -0.671611 -0.740904 0
    outer loop
      vertex 24.4819 72.6419 2.4
      vertex 24.7182 72.4277 6.4
      vertex 24.4819 72.6419 6.4
    endloop
  endfacet
  facet normal -0.671611 -0.740904 -0
    outer loop
      vertex 24.7182 72.4277 6.4
      vertex 24.4819 72.6419 2.4
      vertex 24.7182 72.4277 2.4
    endloop
  endfacet
  facet normal -0.0492184 -0.998788 0
    outer loop
      vertex 26.4614 71.7057 2.4
      vertex 26.78 71.69 6.4
      vertex 26.4614 71.7057 6.4
    endloop
  endfacet
  facet normal -0.0492184 -0.998788 -0
    outer loop
      vertex 26.78 71.69 6.4
      vertex 26.4614 71.7057 2.4
      vertex 26.78 71.69 2.4
    endloop
  endfacet
  facet normal 0 0 1
    outer loop
      vertex 28.13 74.94 6.4
      vertex 30.03 74.94 6.4
      vertex 30.0144 75.2586 6.4
    endloop
  endfacet
  facet normal 0 0 1
    outer loop
      vertex 28.1235 75.0723 6.4
      vertex 30.0144 75.2586 6.4
      vertex 29.9676 75.574 6.4
    endloop
  endfacet
  facet normal 0 0 1
    outer loop
      vertex 30.03 74.94 6.4
      vertex 28.13 74.94 6.4
      vertex 30.0144 74.6214 6.4
    endloop
  endfacet
  facet normal 0 0 1
    outer loop
      vertex 28.1041 75.2034 6.4
      vertex 29.9676 75.574 6.4
      vertex 29.8901 75.8834 6.4
    endloop
  endfacet
  facet normal -0 0 1
    outer loop
      vertex 28.1235 74.8077 6.4
      vertex 30.0144 74.6214 6.4
      vertex 28.13 74.94 6.4
    endloop
  endfacet
  facet normal 0 0 1
    outer loop
      vertex 28.0719 75.3319 6.4
      vertex 29.8901 75.8834 6.4
      vertex 29.7826 76.1837 6.4
    endloop
  endfacet
  facet normal 0 0 1
    outer loop
      vertex 30.0144 74.6214 6.4
      vertex 28.1235 74.8077 6.4
      vertex 29.9676 74.306 6.4
    endloop
  endfacet
  facet normal 0 0 1
    outer loop
      vertex 28.0272 75.4566 6.4
      vertex 29.7826 76.1837 6.4
      vertex 29.6462 76.472 6.4
    endloop
  endfacet
  facet normal -0 0 1
    outer loop
      vertex 28.1041 74.6766 6.4
      vertex 29.9676 74.306 6.4
      vertex 28.1235 74.8077 6.4
    endloop
  endfacet
  facet normal 0 0 1
    outer loop
      vertex 27.9706 75.5764 6.4
      vertex 29.6462 76.472 6.4
      vertex 29.4823 76.7456 6.4
    endloop
  endfacet
  facet normal 0 0 1
    outer loop
      vertex 29.9676 74.306 6.4
      vertex 28.1041 74.6766 6.4
      vertex 29.8901 73.9966 6.4
    endloop
  endfacet
  facet normal 0 0 1
    outer loop
      vertex 27.9025 75.69 6.4
      vertex 29.4823 76.7456 6.4
      vertex 29.2923 77.0018 6.4
    endloop
  endfacet
  facet normal -0 0 1
    outer loop
      vertex 28.0719 74.5481 6.4
      vertex 29.8901 73.9966 6.4
      vertex 28.1041 74.6766 6.4
    endloop
  endfacet
  facet normal 0 0 1
    outer loop
      vertex 27.8236 75.7964 6.4
      vertex 29.2923 77.0018 6.4
      vertex 29.0781 77.2381 6.4
    endloop
  endfacet
  facet normal 0 0 1
    outer loop
      vertex 29.8901 73.9966 6.4
      vertex 28.0719 74.5481 6.4
      vertex 29.7826 73.6963 6.4
    endloop
  endfacet
  facet normal 0 0 1
    outer loop
      vertex 27.7346 75.8946 6.4
      vertex 29.0781 77.2381 6.4
      vertex 28.8418 77.4523 6.4
    endloop
  endfacet
  facet normal -0 0 1
    outer loop
      vertex 28.0272 74.4234 6.4
      vertex 29.7826 73.6963 6.4
      vertex 28.0719 74.5481 6.4
    endloop
  endfacet
  facet normal 0 0 1
    outer loop
      vertex 27.6364 75.9836 6.4
      vertex 28.8418 77.4523 6.4
      vertex 28.5856 77.6423 6.4
    endloop
  endfacet
  facet normal 0 0 1
    outer loop
      vertex 29.7826 73.6963 6.4
      vertex 28.0272 74.4234 6.4
      vertex 29.6462 73.408 6.4
    endloop
  endfacet
  facet normal 0 0 1
    outer loop
      vertex 27.53 76.0625 6.4
      vertex 28.5856 77.6423 6.4
      vertex 28.312 77.8062 6.4
    endloop
  endfacet
  facet normal -0 0 1
    outer loop
      vertex 27.9706 74.3036 6.4
      vertex 29.6462 73.408 6.4
      vertex 28.0272 74.4234 6.4
    endloop
  endfacet
  facet normal 0 0 1
    outer loop
      vertex 29.6462 73.408 6.4
      vertex 27.9706 74.3036 6.4
      vertex 29.4823 73.1344 6.4
    endloop
  endfacet
  facet normal 0 0 1
    outer loop
      vertex 30.0144 75.2586 6.4
      vertex 28.1235 75.0723 6.4
      vertex 28.13 74.94 6.4
    endloop
  endfacet
  facet normal 0 0 1
    outer loop
      vertex 29.9676 75.574 6.4
      vertex 28.1041 75.2034 6.4
      vertex 28.1235 75.0723 6.4
    endloop
  endfacet
  facet normal 0 0 1
    outer loop
      vertex 29.8901 75.8834 6.4
      vertex 28.0719 75.3319 6.4
      vertex 28.1041 75.2034 6.4
    endloop
  endfacet
  facet normal 0 0 1
    outer loop
      vertex 29.7826 76.1837 6.4
      vertex 28.0272 75.4566 6.4
      vertex 28.0719 75.3319 6.4
    endloop
  endfacet
  facet normal 0 0 1
    outer loop
      vertex 27.4164 76.1306 6.4
      vertex 28.312 77.8062 6.4
      vertex 28.0237 77.9426 6.4
    endloop
  endfacet
  facet normal 0 0 1
    outer loop
      vertex 29.6462 76.472 6.4
      vertex 27.9706 75.5764 6.4
      vertex 28.0272 75.4566 6.4
    endloop
  endfacet
  facet normal 0 0 1
    outer loop
      vertex 29.4823 76.7456 6.4
      vertex 27.9025 75.69 6.4
      vertex 27.9706 75.5764 6.4
    endloop
  endfacet
  facet normal 0 0 1
    outer loop
      vertex 29.2923 77.0018 6.4
      vertex 27.8236 75.7964 6.4
      vertex 27.9025 75.69 6.4
    endloop
  endfacet
  facet normal 0 0 1
    outer loop
      vertex 29.0781 77.2381 6.4
      vertex 27.7346 75.8946 6.4
      vertex 27.8236 75.7964 6.4
    endloop
  endfacet
  facet normal 0 0 1
    outer loop
      vertex 27.2966 76.1872 6.4
      vertex 28.0237 77.9426 6.4
      vertex 27.7234 78.0501 6.4
    endloop
  endfacet
  facet normal 0 0 1
    outer loop
      vertex 28.8418 77.4523 6.4
      vertex 27.6364 75.9836 6.4
      vertex 27.7346 75.8946 6.4
    endloop
  endfacet
  facet normal 0 0 1
    outer loop
      vertex 28.5856 77.6423 6.4
      vertex 27.53 76.0625 6.4
      vertex 27.6364 75.9836 6.4
    endloop
  endfacet
  facet normal 0 0 1
    outer loop
      vertex 28.312 77.8062 6.4
      vertex 27.4164 76.1306 6.4
      vertex 27.53 76.0625 6.4
    endloop
  endfacet
  facet normal 0 0 1
    outer loop
      vertex 27.1719 76.2319 6.4
      vertex 27.7234 78.0501 6.4
      vertex 27.414 78.1275 6.4
    endloop
  endfacet
  facet normal 0 0 1
    outer loop
      vertex 28.0237 77.9426 6.4
      vertex 27.2966 76.1872 6.4
      vertex 27.4164 76.1306 6.4
    endloop
  endfacet
  facet normal 0 0 1
    outer loop
      vertex 27.7234 78.0501 6.4
      vertex 27.1719 76.2319 6.4
      vertex 27.2966 76.1872 6.4
    endloop
  endfacet
  facet normal 0 0 1
    outer loop
      vertex 27.0434 76.2641 6.4
      vertex 27.414 78.1275 6.4
      vertex 27.0986 78.1743 6.4
    endloop
  endfacet
  facet normal 0 0 1
    outer loop
      vertex 27.414 78.1275 6.4
      vertex 27.0434 76.2641 6.4
      vertex 27.1719 76.2319 6.4
    endloop
  endfacet
  facet normal 0 0 1
    outer loop
      vertex 27.0986 78.1743 6.4
      vertex 26.9123 76.2835 6.4
      vertex 27.0434 76.2641 6.4
    endloop
  endfacet
  facet normal 0 0 1
    outer loop
      vertex 26.78 78.19 6.4
      vertex 26.9123 76.2835 6.4
      vertex 27.0986 78.1743 6.4
    endloop
  endfacet
  facet normal 0 0 1
    outer loop
      vertex 26.78 78.19 6.4
      vertex 26.78 76.29 6.4
      vertex 26.9123 76.2835 6.4
    endloop
  endfacet
  facet normal 0 0 1
    outer loop
      vertex 26.78 78.19 6.4
      vertex 26.6477 76.2835 6.4
      vertex 26.78 76.29 6.4
    endloop
  endfacet
  facet normal -0 0 1
    outer loop
      vertex 26.4614 78.1743 6.4
      vertex 26.6477 76.2835 6.4
      vertex 26.78 78.19 6.4
    endloop
  endfacet
  facet normal 0 0 1
    outer loop
      vertex 26.6477 76.2835 6.4
      vertex 26.4614 78.1743 6.4
      vertex 26.5166 76.2641 6.4
    endloop
  endfacet
  facet normal -0 0 1
    outer loop
      vertex 26.146 78.1275 6.4
      vertex 26.5166 76.2641 6.4
      vertex 26.4614 78.1743 6.4
    endloop
  endfacet
  facet normal 0 0 1
    outer loop
      vertex 26.5166 76.2641 6.4
      vertex 26.146 78.1275 6.4
      vertex 26.3881 76.2319 6.4
    endloop
  endfacet
  facet normal -0 0 1
    outer loop
      vertex 25.8366 78.0501 6.4
      vertex 26.3881 76.2319 6.4
      vertex 26.146 78.1275 6.4
    endloop
  endfacet
  facet normal 0 0 1
    outer loop
      vertex 26.3881 76.2319 6.4
      vertex 25.8366 78.0501 6.4
      vertex 26.2634 76.1872 6.4
    endloop
  endfacet
  facet normal -0 0 1
    outer loop
      vertex 25.5363 77.9426 6.4
      vertex 26.2634 76.1872 6.4
      vertex 25.8366 78.0501 6.4
    endloop
  endfacet
  facet normal 0 0 1
    outer loop
      vertex 26.2634 76.1872 6.4
      vertex 25.5363 77.9426 6.4
      vertex 26.1436 76.1306 6.4
    endloop
  endfacet
  facet normal -0 0 1
    outer loop
      vertex 25.248 77.8062 6.4
      vertex 26.1436 76.1306 6.4
      vertex 25.5363 77.9426 6.4
    endloop
  endfacet
  facet normal 0 0 1
    outer loop
      vertex 26.1436 76.1306 6.4
      vertex 25.248 77.8062 6.4
      vertex 26.03 76.0625 6.4
    endloop
  endfacet
  facet normal -0 0 1
    outer loop
      vertex 24.9744 77.6423 6.4
      vertex 26.03 76.0625 6.4
      vertex 25.248 77.8062 6.4
    endloop
  endfacet
  facet normal 0 0 1
    outer loop
      vertex 26.03 76.0625 6.4
      vertex 24.9744 77.6423 6.4
      vertex 25.9236 75.9836 6.4
    endloop
  endfacet
  facet normal -0 0 1
    outer loop
      vertex 24.7182 77.4523 6.4
      vertex 25.9236 75.9836 6.4
      vertex 24.9744 77.6423 6.4
    endloop
  endfacet
  facet normal 0 0 1
    outer loop
      vertex 25.9236 75.9836 6.4
      vertex 24.7182 77.4523 6.4
      vertex 25.8254 75.8946 6.4
    endloop
  endfacet
  facet normal -0 0 1
    outer loop
      vertex 24.4819 77.2381 6.4
      vertex 25.8254 75.8946 6.4
      vertex 24.7182 77.4523 6.4
    endloop
  endfacet
  facet normal 0 0 1
    outer loop
      vertex 25.8254 75.8946 6.4
      vertex 24.4819 77.2381 6.4
      vertex 25.7364 75.7964 6.4
    endloop
  endfacet
  facet normal -0 0 1
    outer loop
      vertex 24.2677 77.0018 6.4
      vertex 25.7364 75.7964 6.4
      vertex 24.4819 77.2381 6.4
    endloop
  endfacet
  facet normal 0 0 1
    outer loop
      vertex 25.7364 75.7964 6.4
      vertex 24.2677 77.0018 6.4
      vertex 25.6575 75.69 6.4
    endloop
  endfacet
  facet normal -0 0 1
    outer loop
      vertex 24.0777 76.7456 6.4
      vertex 25.6575 75.69 6.4
      vertex 24.2677 77.0018 6.4
    endloop
  endfacet
  facet normal 0 0 1
    outer loop
      vertex 25.6575 75.69 6.4
      vertex 24.0777 76.7456 6.4
      vertex 25.5894 75.5764 6.4
    endloop
  endfacet
  facet normal -0 0 1
    outer loop
      vertex 27.9025 74.19 6.4
      vertex 29.4823 73.1344 6.4
      vertex 27.9706 74.3036 6.4
    endloop
  endfacet
  facet normal 0 0 1
    outer loop
      vertex 29.4823 73.1344 6.4
      vertex 27.9025 74.19 6.4
      vertex 29.2923 72.8782 6.4
    endloop
  endfacet
  facet normal -0 0 1
    outer loop
      vertex 27.8236 74.0836 6.4
      vertex 29.2923 72.8782 6.4
      vertex 27.9025 74.19 6.4
    endloop
  endfacet
  facet normal 0 0 1
    outer loop
      vertex 29.2923 72.8782 6.4
      vertex 27.8236 74.0836 6.4
      vertex 29.0781 72.6419 6.4
    endloop
  endfacet
  facet normal -0 0 1
    outer loop
      vertex 27.7346 73.9854 6.4
      vertex 29.0781 72.6419 6.4
      vertex 27.8236 74.0836 6.4
    endloop
  endfacet
  facet normal 0 0 1
    outer loop
      vertex 29.0781 72.6419 6.4
      vertex 27.7346 73.9854 6.4
      vertex 28.8418 72.4277 6.4
    endloop
  endfacet
  facet normal -0 0 1
    outer loop
      vertex 27.6364 73.8964 6.4
      vertex 28.8418 72.4277 6.4
      vertex 27.7346 73.9854 6.4
    endloop
  endfacet
  facet normal 0 0 1
    outer loop
      vertex 28.8418 72.4277 6.4
      vertex 27.6364 73.8964 6.4
      vertex 28.5856 72.2377 6.4
    endloop
  endfacet
  facet normal -0 0 1
    outer loop
      vertex 27.53 73.8175 6.4
      vertex 28.5856 72.2377 6.4
      vertex 27.6364 73.8964 6.4
    endloop
  endfacet
  facet normal 0 0 1
    outer loop
      vertex 28.5856 72.2377 6.4
      vertex 27.53 73.8175 6.4
      vertex 28.312 72.0738 6.4
    endloop
  endfacet
  facet normal -0 0 1
    outer loop
      vertex 27.4164 73.7494 6.4
      vertex 28.312 72.0738 6.4
      vertex 27.53 73.8175 6.4
    endloop
  endfacet
  facet normal 0 0 1
    outer loop
      vertex 28.312 72.0738 6.4
      vertex 27.4164 73.7494 6.4
      vertex 28.0237 71.9374 6.4
    endloop
  endfacet
  facet normal -0 0 1
    outer loop
      vertex 27.2966 73.6928 6.4
      vertex 28.0237 71.9374 6.4
      vertex 27.4164 73.7494 6.4
    endloop
  endfacet
  facet normal 0 0 1
    outer loop
      vertex 28.0237 71.9374 6.4
      vertex 27.2966 73.6928 6.4
      vertex 27.7234 71.8299 6.4
    endloop
  endfacet
  facet normal -0 0 1
    outer loop
      vertex 27.1719 73.6481 6.4
      vertex 27.7234 71.8299 6.4
      vertex 27.2966 73.6928 6.4
    endloop
  endfacet
  facet normal 0 0 1
    outer loop
      vertex 27.7234 71.8299 6.4
      vertex 27.1719 73.6481 6.4
      vertex 27.414 71.7524 6.4
    endloop
  endfacet
  facet normal -0 0 1
    outer loop
      vertex 27.0434 73.6159 6.4
      vertex 27.414 71.7524 6.4
      vertex 27.1719 73.6481 6.4
    endloop
  endfacet
  facet normal 0 0 1
    outer loop
      vertex 27.414 71.7524 6.4
      vertex 27.0434 73.6159 6.4
      vertex 27.0986 71.7057 6.4
    endloop
  endfacet
  facet normal -0 0 1
    outer loop
      vertex 26.9123 73.5965 6.4
      vertex 27.0986 71.7057 6.4
      vertex 27.0434 73.6159 6.4
    endloop
  endfacet
  facet normal -0 0 1
    outer loop
      vertex 26.78 73.59 6.4
      vertex 27.0986 71.7057 6.4
      vertex 26.9123 73.5965 6.4
    endloop
  endfacet
  facet normal 0 0 1
    outer loop
      vertex 26.78 73.59 6.4
      vertex 26.78 71.69 6.4
      vertex 27.0986 71.7057 6.4
    endloop
  endfacet
  facet normal 0 0 1
    outer loop
      vertex 26.6477 73.5965 6.4
      vertex 26.78 71.69 6.4
      vertex 26.78 73.59 6.4
    endloop
  endfacet
  facet normal 0 0 1
    outer loop
      vertex 26.4614 71.7057 6.4
      vertex 26.6477 73.5965 6.4
      vertex 26.5166 73.6159 6.4
    endloop
  endfacet
  facet normal 0 0 1
    outer loop
      vertex 26.6477 73.5965 6.4
      vertex 26.4614 71.7057 6.4
      vertex 26.78 71.69 6.4
    endloop
  endfacet
  facet normal 0 0 1
    outer loop
      vertex 26.146 71.7524 6.4
      vertex 26.5166 73.6159 6.4
      vertex 26.3881 73.6481 6.4
    endloop
  endfacet
  facet normal 0 0 1
    outer loop
      vertex 25.8366 71.8299 6.4
      vertex 26.3881 73.6481 6.4
      vertex 26.2634 73.6928 6.4
    endloop
  endfacet
  facet normal 0 0 1
    outer loop
      vertex 26.5166 73.6159 6.4
      vertex 26.146 71.7524 6.4
      vertex 26.4614 71.7057 6.4
    endloop
  endfacet
  facet normal 0 0 1
    outer loop
      vertex 25.5363 71.9374 6.4
      vertex 26.2634 73.6928 6.4
      vertex 26.1436 73.7494 6.4
    endloop
  endfacet
  facet normal 0 0 1
    outer loop
      vertex 25.248 72.0738 6.4
      vertex 26.1436 73.7494 6.4
      vertex 26.03 73.8175 6.4
    endloop
  endfacet
  facet normal 0 0 1
    outer loop
      vertex 24.9744 72.2377 6.4
      vertex 26.03 73.8175 6.4
      vertex 25.9236 73.8964 6.4
    endloop
  endfacet
  facet normal 0 0 1
    outer loop
      vertex 26.3881 73.6481 6.4
      vertex 25.8366 71.8299 6.4
      vertex 26.146 71.7524 6.4
    endloop
  endfacet
  facet normal 0 0 1
    outer loop
      vertex 24.7182 72.4277 6.4
      vertex 25.9236 73.8964 6.4
      vertex 25.8254 73.9854 6.4
    endloop
  endfacet
  facet normal 0 0 1
    outer loop
      vertex 24.4819 72.6419 6.4
      vertex 25.8254 73.9854 6.4
      vertex 25.7364 74.0836 6.4
    endloop
  endfacet
  facet normal 0 0 1
    outer loop
      vertex 24.2677 72.8782 6.4
      vertex 25.7364 74.0836 6.4
      vertex 25.6575 74.19 6.4
    endloop
  endfacet
  facet normal 0 0 1
    outer loop
      vertex 24.0777 73.1344 6.4
      vertex 25.6575 74.19 6.4
      vertex 25.5894 74.3036 6.4
    endloop
  endfacet
  facet normal 0 0 1
    outer loop
      vertex 26.2634 73.6928 6.4
      vertex 25.5363 71.9374 6.4
      vertex 25.8366 71.8299 6.4
    endloop
  endfacet
  facet normal 0 0 1
    outer loop
      vertex 23.9138 73.408 6.4
      vertex 25.5894 74.3036 6.4
      vertex 25.5328 74.4234 6.4
    endloop
  endfacet
  facet normal 0 0 1
    outer loop
      vertex 23.7774 73.6963 6.4
      vertex 25.5328 74.4234 6.4
      vertex 25.4881 74.5481 6.4
    endloop
  endfacet
  facet normal 0 0 1
    outer loop
      vertex 23.6699 73.9966 6.4
      vertex 25.4881 74.5481 6.4
      vertex 25.4559 74.6766 6.4
    endloop
  endfacet
  facet normal 0 0 1
    outer loop
      vertex 23.5924 74.306 6.4
      vertex 25.4559 74.6766 6.4
      vertex 25.4365 74.8077 6.4
    endloop
  endfacet
  facet normal 0 0 1
    outer loop
      vertex 23.5457 74.6214 6.4
      vertex 25.4365 74.8077 6.4
      vertex 25.43 74.94 6.4
    endloop
  endfacet
  facet normal -0 0 1
    outer loop
      vertex 23.9138 76.472 6.4
      vertex 25.5894 75.5764 6.4
      vertex 24.0777 76.7456 6.4
    endloop
  endfacet
  facet normal 0 0 1
    outer loop
      vertex 26.1436 73.7494 6.4
      vertex 25.248 72.0738 6.4
      vertex 25.5363 71.9374 6.4
    endloop
  endfacet
  facet normal 0 0 1
    outer loop
      vertex 25.5894 75.5764 6.4
      vertex 23.9138 76.472 6.4
      vertex 25.5328 75.4566 6.4
    endloop
  endfacet
  facet normal 0 0 1
    outer loop
      vertex 26.03 73.8175 6.4
      vertex 24.9744 72.2377 6.4
      vertex 25.248 72.0738 6.4
    endloop
  endfacet
  facet normal -0 0 1
    outer loop
      vertex 23.7774 76.1837 6.4
      vertex 25.5328 75.4566 6.4
      vertex 23.9138 76.472 6.4
    endloop
  endfacet
  facet normal 0 0 1
    outer loop
      vertex 25.9236 73.8964 6.4
      vertex 24.7182 72.4277 6.4
      vertex 24.9744 72.2377 6.4
    endloop
  endfacet
  facet normal 0 0 1
    outer loop
      vertex 25.5328 75.4566 6.4
      vertex 23.7774 76.1837 6.4
      vertex 25.4881 75.3319 6.4
    endloop
  endfacet
  facet normal 0 0 1
    outer loop
      vertex 25.8254 73.9854 6.4
      vertex 24.4819 72.6419 6.4
      vertex 24.7182 72.4277 6.4
    endloop
  endfacet
  facet normal -0 0 1
    outer loop
      vertex 23.6699 75.8834 6.4
      vertex 25.4881 75.3319 6.4
      vertex 23.7774 76.1837 6.4
    endloop
  endfacet
  facet normal 0 0 1
    outer loop
      vertex 25.7364 74.0836 6.4
      vertex 24.2677 72.8782 6.4
      vertex 24.4819 72.6419 6.4
    endloop
  endfacet
  facet normal 0 0 1
    outer loop
      vertex 25.4881 75.3319 6.4
      vertex 23.6699 75.8834 6.4
      vertex 25.4559 75.2034 6.4
    endloop
  endfacet
  facet normal 0 0 1
    outer loop
      vertex 25.6575 74.19 6.4
      vertex 24.0777 73.1344 6.4
      vertex 24.2677 72.8782 6.4
    endloop
  endfacet
  facet normal -0 0 1
    outer loop
      vertex 23.5924 75.574 6.4
      vertex 25.4559 75.2034 6.4
      vertex 23.6699 75.8834 6.4
    endloop
  endfacet
  facet normal 0 0 1
    outer loop
      vertex 25.5894 74.3036 6.4
      vertex 23.9138 73.408 6.4
      vertex 24.0777 73.1344 6.4
    endloop
  endfacet
  facet normal 0 0 1
    outer loop
      vertex 25.4559 75.2034 6.4
      vertex 23.5924 75.574 6.4
      vertex 25.4365 75.0723 6.4
    endloop
  endfacet
  facet normal 0 0 1
    outer loop
      vertex 25.5328 74.4234 6.4
      vertex 23.7774 73.6963 6.4
      vertex 23.9138 73.408 6.4
    endloop
  endfacet
  facet normal -0 0 1
    outer loop
      vertex 23.5457 75.2586 6.4
      vertex 25.4365 75.0723 6.4
      vertex 23.5924 75.574 6.4
    endloop
  endfacet
  facet normal 0 0 1
    outer loop
      vertex 25.4881 74.5481 6.4
      vertex 23.6699 73.9966 6.4
      vertex 23.7774 73.6963 6.4
    endloop
  endfacet
  facet normal 0 0 1
    outer loop
      vertex 25.4365 75.0723 6.4
      vertex 23.5457 75.2586 6.4
      vertex 25.43 74.94 6.4
    endloop
  endfacet
  facet normal 0 0 1
    outer loop
      vertex 25.4559 74.6766 6.4
      vertex 23.5924 74.306 6.4
      vertex 23.6699 73.9966 6.4
    endloop
  endfacet
  facet normal 0 0 1
    outer loop
      vertex 23.53 74.94 6.4
      vertex 25.43 74.94 6.4
      vertex 23.5457 75.2586 6.4
    endloop
  endfacet
  facet normal 0 0 1
    outer loop
      vertex 25.4365 74.8077 6.4
      vertex 23.5457 74.6214 6.4
      vertex 23.5924 74.306 6.4
    endloop
  endfacet
  facet normal 0 0 1
    outer loop
      vertex 25.43 74.94 6.4
      vertex 23.53 74.94 6.4
      vertex 23.5457 74.6214 6.4
    endloop
  endfacet
  facet normal -0.998788 0.0492184 0
    outer loop
      vertex 23.53 74.94 2.4
      vertex 23.5457 75.2586 6.4
      vertex 23.5457 75.2586 2.4
    endloop
  endfacet
  facet normal -0.998788 0.0492184 0
    outer loop
      vertex 23.5457 75.2586 6.4
      vertex 23.53 74.94 2.4
      vertex 23.53 74.94 6.4
    endloop
  endfacet
  facet normal 0.671611 -0.740904 0
    outer loop
      vertex 28.8418 72.4277 2.4
      vertex 29.0781 72.6419 6.4
      vertex 28.8418 72.4277 6.4
    endloop
  endfacet
  facet normal 0.671611 -0.740904 0
    outer loop
      vertex 29.0781 72.6419 6.4
      vertex 28.8418 72.4277 2.4
      vertex 29.0781 72.6419 2.4
    endloop
  endfacet
  facet normal -0.989228 -0.146385 0
    outer loop
      vertex 28.1235 75.0723 2.4
      vertex 28.1041 75.2034 6.4
      vertex 28.1041 75.2034 2.4
    endloop
  endfacet
  facet normal -0.989228 -0.146385 0
    outer loop
      vertex 28.1041 75.2034 6.4
      vertex 28.1235 75.0723 2.4
      vertex 28.1235 75.0723 6.4
    endloop
  endfacet
  facet normal -0.998795 -0.0490716 0
    outer loop
      vertex 28.13 74.94 2.4
      vertex 28.1235 75.0723 6.4
      vertex 28.1235 75.0723 2.4
    endloop
  endfacet
  facet normal -0.998795 -0.0490716 0
    outer loop
      vertex 28.1235 75.0723 6.4
      vertex 28.13 74.94 2.4
      vertex 28.13 74.94 6.4
    endloop
  endfacet
  facet normal -0.970009 -0.243068 0
    outer loop
      vertex 28.1041 75.2034 2.4
      vertex 28.0719 75.3319 6.4
      vertex 28.0719 75.3319 2.4
    endloop
  endfacet
  facet normal -0.970009 -0.243068 0
    outer loop
      vertex 28.0719 75.3319 6.4
      vertex 28.1041 75.2034 2.4
      vertex 28.1041 75.2034 6.4
    endloop
  endfacet
  facet normal -0.337436 -0.941348 0
    outer loop
      vertex 27.1719 76.2319 2.4
      vertex 27.2966 76.1872 6.4
      vertex 27.1719 76.2319 6.4
    endloop
  endfacet
  facet normal -0.337436 -0.941348 -0
    outer loop
      vertex 27.2966 76.1872 6.4
      vertex 27.1719 76.2319 2.4
      vertex 27.2966 76.1872 2.4
    endloop
  endfacet
  facet normal -0.989228 0.146385 0
    outer loop
      vertex 28.1041 74.6766 2.4
      vertex 28.1235 74.8077 6.4
      vertex 28.1235 74.8077 2.4
    endloop
  endfacet
  facet normal -0.989228 0.146385 0
    outer loop
      vertex 28.1235 74.8077 6.4
      vertex 28.1041 74.6766 2.4
      vertex 28.1041 74.6766 6.4
    endloop
  endfacet
  facet normal -0.803249 -0.595643 0
    outer loop
      vertex 27.9025 75.69 2.4
      vertex 27.8236 75.7964 6.4
      vertex 27.8236 75.7964 2.4
    endloop
  endfacet
  facet normal -0.803249 -0.595643 0
    outer loop
      vertex 27.8236 75.7964 6.4
      vertex 27.9025 75.69 2.4
      vertex 27.9025 75.69 6.4
    endloop
  endfacet
  facet normal -0.595643 -0.803249 0
    outer loop
      vertex 27.53 76.0625 2.4
      vertex 27.6364 75.9836 6.4
      vertex 27.53 76.0625 6.4
    endloop
  endfacet
  facet normal -0.595643 -0.803249 -0
    outer loop
      vertex 27.6364 75.9836 6.4
      vertex 27.53 76.0625 2.4
      vertex 27.6364 75.9836 2.4
    endloop
  endfacet
  facet normal -0.998795 0.0490716 0
    outer loop
      vertex 28.1235 74.8077 2.4
      vertex 28.13 74.94 6.4
      vertex 28.13 74.94 2.4
    endloop
  endfacet
  facet normal -0.998795 0.0490716 0
    outer loop
      vertex 28.13 74.94 6.4
      vertex 28.1235 74.8077 2.4
      vertex 28.1235 74.8077 6.4
    endloop
  endfacet
  facet normal -0.243068 -0.970009 0
    outer loop
      vertex 27.0434 76.2641 2.4
      vertex 27.1719 76.2319 6.4
      vertex 27.0434 76.2641 6.4
    endloop
  endfacet
  facet normal -0.243068 -0.970009 -0
    outer loop
      vertex 27.1719 76.2319 6.4
      vertex 27.0434 76.2641 2.4
      vertex 27.1719 76.2319 2.4
    endloop
  endfacet
  facet normal 0.970009 -0.243068 0
    outer loop
      vertex 25.4559 75.2034 6.4
      vertex 25.4881 75.3319 2.4
      vertex 25.4881 75.3319 6.4
    endloop
  endfacet
  facet normal 0.970009 -0.243068 0
    outer loop
      vertex 25.4881 75.3319 2.4
      vertex 25.4559 75.2034 6.4
      vertex 25.4559 75.2034 2.4
    endloop
  endfacet
  facet normal 0.740963 -0.671545 0
    outer loop
      vertex 25.7364 75.7964 6.4
      vertex 25.8254 75.8946 2.4
      vertex 25.8254 75.8946 6.4
    endloop
  endfacet
  facet normal 0.740963 -0.671545 0
    outer loop
      vertex 25.8254 75.8946 2.4
      vertex 25.7364 75.7964 6.4
      vertex 25.7364 75.7964 2.4
    endloop
  endfacet
  facet normal -0.427178 -0.904168 0
    outer loop
      vertex 27.2966 76.1872 2.4
      vertex 27.4164 76.1306 6.4
      vertex 27.2966 76.1872 6.4
    endloop
  endfacet
  facet normal -0.427178 -0.904168 -0
    outer loop
      vertex 27.4164 76.1306 6.4
      vertex 27.2966 76.1872 2.4
      vertex 27.4164 76.1306 2.4
    endloop
  endfacet
  facet normal 0.904168 0.427178 0
    outer loop
      vertex 25.5894 74.3036 6.4
      vertex 25.5328 74.4234 2.4
      vertex 25.5328 74.4234 6.4
    endloop
  endfacet
  facet normal 0.904168 0.427178 0
    outer loop
      vertex 25.5328 74.4234 2.4
      vertex 25.5894 74.3036 6.4
      vertex 25.5894 74.3036 2.4
    endloop
  endfacet
  facet normal -0.671545 0.740963 0
    outer loop
      vertex 27.7346 73.9854 2.4
      vertex 27.6364 73.8964 6.4
      vertex 27.7346 73.9854 6.4
    endloop
  endfacet
  facet normal -0.671545 0.740963 0
    outer loop
      vertex 27.6364 73.8964 6.4
      vertex 27.7346 73.9854 2.4
      vertex 27.6364 73.8964 2.4
    endloop
  endfacet
  facet normal 0.595643 0.803249 -0
    outer loop
      vertex 26.03 73.8175 2.4
      vertex 25.9236 73.8964 6.4
      vertex 26.03 73.8175 6.4
    endloop
  endfacet
  facet normal 0.595643 0.803249 0
    outer loop
      vertex 25.9236 73.8964 6.4
      vertex 26.03 73.8175 2.4
      vertex 25.9236 73.8964 2.4
    endloop
  endfacet
  facet normal -0.941348 -0.337436 0
    outer loop
      vertex 28.0719 75.3319 2.4
      vertex 28.0272 75.4566 6.4
      vertex 28.0272 75.4566 2.4
    endloop
  endfacet
  facet normal -0.941348 -0.337436 0
    outer loop
      vertex 28.0272 75.4566 6.4
      vertex 28.0719 75.3319 2.4
      vertex 28.0719 75.3319 6.4
    endloop
  endfacet
  facet normal 0.803249 0.595643 0
    outer loop
      vertex 25.7364 74.0836 6.4
      vertex 25.6575 74.19 2.4
      vertex 25.6575 74.19 6.4
    endloop
  endfacet
  facet normal 0.803249 0.595643 0
    outer loop
      vertex 25.6575 74.19 2.4
      vertex 25.7364 74.0836 6.4
      vertex 25.7364 74.0836 2.4
    endloop
  endfacet
  facet normal 0.998795 0.0490716 0
    outer loop
      vertex 25.4365 74.8077 6.4
      vertex 25.43 74.94 2.4
      vertex 25.43 74.94 6.4
    endloop
  endfacet
  facet normal 0.998795 0.0490716 0
    outer loop
      vertex 25.43 74.94 2.4
      vertex 25.4365 74.8077 6.4
      vertex 25.4365 74.8077 2.4
    endloop
  endfacet
  facet normal -0.337436 0.941348 0
    outer loop
      vertex 27.2966 73.6928 2.4
      vertex 27.1719 73.6481 6.4
      vertex 27.2966 73.6928 6.4
    endloop
  endfacet
  facet normal -0.337436 0.941348 0
    outer loop
      vertex 27.1719 73.6481 6.4
      vertex 27.2966 73.6928 2.4
      vertex 27.1719 73.6481 2.4
    endloop
  endfacet
  facet normal 0.0490716 -0.998795 0
    outer loop
      vertex 26.6477 76.2835 2.4
      vertex 26.78 76.29 6.4
      vertex 26.6477 76.2835 6.4
    endloop
  endfacet
  facet normal 0.0490716 -0.998795 0
    outer loop
      vertex 26.78 76.29 6.4
      vertex 26.6477 76.2835 2.4
      vertex 26.78 76.29 2.4
    endloop
  endfacet
  facet normal -0.595643 0.803249 0
    outer loop
      vertex 27.6364 73.8964 2.4
      vertex 27.53 73.8175 6.4
      vertex 27.6364 73.8964 6.4
    endloop
  endfacet
  facet normal -0.595643 0.803249 0
    outer loop
      vertex 27.53 73.8175 6.4
      vertex 27.6364 73.8964 2.4
      vertex 27.53 73.8175 2.4
    endloop
  endfacet
  facet normal 0.740963 0.671545 0
    outer loop
      vertex 25.8254 73.9854 6.4
      vertex 25.7364 74.0836 2.4
      vertex 25.7364 74.0836 6.4
    endloop
  endfacet
  facet normal 0.740963 0.671545 0
    outer loop
      vertex 25.7364 74.0836 2.4
      vertex 25.8254 73.9854 6.4
      vertex 25.8254 73.9854 2.4
    endloop
  endfacet
  facet normal -0.803249 0.595643 0
    outer loop
      vertex 27.8236 74.0836 2.4
      vertex 27.9025 74.19 6.4
      vertex 27.9025 74.19 2.4
    endloop
  endfacet
  facet normal -0.803249 0.595643 0
    outer loop
      vertex 27.9025 74.19 6.4
      vertex 27.8236 74.0836 2.4
      vertex 27.8236 74.0836 6.4
    endloop
  endfacet
  facet normal 0.857693 0.514163 0
    outer loop
      vertex 25.6575 74.19 6.4
      vertex 25.5894 74.3036 2.4
      vertex 25.5894 74.3036 6.4
    endloop
  endfacet
  facet normal 0.857693 0.514163 0
    outer loop
      vertex 25.5894 74.3036 2.4
      vertex 25.6575 74.19 6.4
      vertex 25.6575 74.19 2.4
    endloop
  endfacet
  facet normal -0.146385 -0.989228 0
    outer loop
      vertex 26.9123 76.2835 2.4
      vertex 27.0434 76.2641 6.4
      vertex 26.9123 76.2835 6.4
    endloop
  endfacet
  facet normal -0.146385 -0.989228 -0
    outer loop
      vertex 27.0434 76.2641 6.4
      vertex 26.9123 76.2835 2.4
      vertex 27.0434 76.2641 2.4
    endloop
  endfacet
  facet normal -0.146385 0.989228 0
    outer loop
      vertex 27.0434 73.6159 2.4
      vertex 26.9123 73.5965 6.4
      vertex 27.0434 73.6159 6.4
    endloop
  endfacet
  facet normal -0.146385 0.989228 0
    outer loop
      vertex 26.9123 73.5965 6.4
      vertex 27.0434 73.6159 2.4
      vertex 26.9123 73.5965 2.4
    endloop
  endfacet
  facet normal 0.146385 0.989228 -0
    outer loop
      vertex 26.6477 73.5965 2.4
      vertex 26.5166 73.6159 6.4
      vertex 26.6477 73.5965 6.4
    endloop
  endfacet
  facet normal 0.146385 0.989228 0
    outer loop
      vertex 26.5166 73.6159 6.4
      vertex 26.6477 73.5965 2.4
      vertex 26.5166 73.6159 2.4
    endloop
  endfacet
  facet normal 0.243068 -0.970009 0
    outer loop
      vertex 26.3881 76.2319 2.4
      vertex 26.5166 76.2641 6.4
      vertex 26.3881 76.2319 6.4
    endloop
  endfacet
  facet normal 0.243068 -0.970009 0
    outer loop
      vertex 26.5166 76.2641 6.4
      vertex 26.3881 76.2319 2.4
      vertex 26.5166 76.2641 2.4
    endloop
  endfacet
  facet normal 0.998795 -0.0490716 0
    outer loop
      vertex 25.43 74.94 6.4
      vertex 25.4365 75.0723 2.4
      vertex 25.4365 75.0723 6.4
    endloop
  endfacet
  facet normal 0.998795 -0.0490716 0
    outer loop
      vertex 25.4365 75.0723 2.4
      vertex 25.43 74.94 6.4
      vertex 25.43 74.94 2.4
    endloop
  endfacet
  facet normal -0.740963 0.671545 0
    outer loop
      vertex 27.7346 73.9854 2.4
      vertex 27.8236 74.0836 6.4
      vertex 27.8236 74.0836 2.4
    endloop
  endfacet
  facet normal -0.740963 0.671545 0
    outer loop
      vertex 27.8236 74.0836 6.4
      vertex 27.7346 73.9854 2.4
      vertex 27.7346 73.9854 6.4
    endloop
  endfacet
  facet normal -0.904168 -0.427178 0
    outer loop
      vertex 28.0272 75.4566 2.4
      vertex 27.9706 75.5764 6.4
      vertex 27.9706 75.5764 2.4
    endloop
  endfacet
  facet normal -0.904168 -0.427178 0
    outer loop
      vertex 27.9706 75.5764 6.4
      vertex 28.0272 75.4566 2.4
      vertex 28.0272 75.4566 6.4
    endloop
  endfacet
  facet normal 0.146385 -0.989228 0
    outer loop
      vertex 26.5166 76.2641 2.4
      vertex 26.6477 76.2835 6.4
      vertex 26.5166 76.2641 6.4
    endloop
  endfacet
  facet normal 0.146385 -0.989228 0
    outer loop
      vertex 26.6477 76.2835 6.4
      vertex 26.5166 76.2641 2.4
      vertex 26.6477 76.2835 2.4
    endloop
  endfacet
  facet normal 0.904168 -0.427178 0
    outer loop
      vertex 25.5328 75.4566 6.4
      vertex 25.5894 75.5764 2.4
      vertex 25.5894 75.5764 6.4
    endloop
  endfacet
  facet normal 0.904168 -0.427178 0
    outer loop
      vertex 25.5894 75.5764 2.4
      vertex 25.5328 75.4566 6.4
      vertex 25.5328 75.4566 2.4
    endloop
  endfacet
  facet normal 0.337436 -0.941348 0
    outer loop
      vertex 26.2634 76.1872 2.4
      vertex 26.3881 76.2319 6.4
      vertex 26.2634 76.1872 6.4
    endloop
  endfacet
  facet normal 0.337436 -0.941348 0
    outer loop
      vertex 26.3881 76.2319 6.4
      vertex 26.2634 76.1872 2.4
      vertex 26.3881 76.2319 2.4
    endloop
  endfacet
  facet normal -0.514163 -0.857693 0
    outer loop
      vertex 27.4164 76.1306 2.4
      vertex 27.53 76.0625 6.4
      vertex 27.4164 76.1306 6.4
    endloop
  endfacet
  facet normal -0.514163 -0.857693 -0
    outer loop
      vertex 27.53 76.0625 6.4
      vertex 27.4164 76.1306 2.4
      vertex 27.53 76.0625 2.4
    endloop
  endfacet
  facet normal -0.671545 -0.740963 0
    outer loop
      vertex 27.6364 75.9836 2.4
      vertex 27.7346 75.8946 6.4
      vertex 27.6364 75.9836 6.4
    endloop
  endfacet
  facet normal -0.671545 -0.740963 -0
    outer loop
      vertex 27.7346 75.8946 6.4
      vertex 27.6364 75.9836 2.4
      vertex 27.7346 75.8946 2.4
    endloop
  endfacet
  facet normal 0.0490716 0.998795 -0
    outer loop
      vertex 26.78 73.59 2.4
      vertex 26.6477 73.5965 6.4
      vertex 26.78 73.59 6.4
    endloop
  endfacet
  facet normal 0.0490716 0.998795 0
    outer loop
      vertex 26.6477 73.5965 6.4
      vertex 26.78 73.59 2.4
      vertex 26.6477 73.5965 2.4
    endloop
  endfacet
  facet normal 0.941348 0.337436 0
    outer loop
      vertex 25.5328 74.4234 6.4
      vertex 25.4881 74.5481 2.4
      vertex 25.4881 74.5481 6.4
    endloop
  endfacet
  facet normal 0.941348 0.337436 0
    outer loop
      vertex 25.4881 74.5481 2.4
      vertex 25.5328 74.4234 6.4
      vertex 25.5328 74.4234 2.4
    endloop
  endfacet
  facet normal -0.243068 0.970009 0
    outer loop
      vertex 27.1719 73.6481 2.4
      vertex 27.0434 73.6159 6.4
      vertex 27.1719 73.6481 6.4
    endloop
  endfacet
  facet normal -0.243068 0.970009 0
    outer loop
      vertex 27.0434 73.6159 6.4
      vertex 27.1719 73.6481 2.4
      vertex 27.0434 73.6159 2.4
    endloop
  endfacet
  facet normal -0.904168 0.427178 0
    outer loop
      vertex 27.9706 74.3036 2.4
      vertex 28.0272 74.4234 6.4
      vertex 28.0272 74.4234 2.4
    endloop
  endfacet
  facet normal -0.904168 0.427178 0
    outer loop
      vertex 28.0272 74.4234 6.4
      vertex 27.9706 74.3036 2.4
      vertex 27.9706 74.3036 6.4
    endloop
  endfacet
  facet normal -0.427178 0.904168 0
    outer loop
      vertex 27.4164 73.7494 2.4
      vertex 27.2966 73.6928 6.4
      vertex 27.4164 73.7494 6.4
    endloop
  endfacet
  facet normal -0.427178 0.904168 0
    outer loop
      vertex 27.2966 73.6928 6.4
      vertex 27.4164 73.7494 2.4
      vertex 27.2966 73.6928 2.4
    endloop
  endfacet
  facet normal 0.427178 -0.904168 0
    outer loop
      vertex 26.1436 76.1306 2.4
      vertex 26.2634 76.1872 6.4
      vertex 26.1436 76.1306 6.4
    endloop
  endfacet
  facet normal 0.427178 -0.904168 0
    outer loop
      vertex 26.2634 76.1872 6.4
      vertex 26.1436 76.1306 2.4
      vertex 26.2634 76.1872 2.4
    endloop
  endfacet
  facet normal -0.0490716 -0.998795 0
    outer loop
      vertex 26.78 76.29 2.4
      vertex 26.9123 76.2835 6.4
      vertex 26.78 76.29 6.4
    endloop
  endfacet
  facet normal -0.0490716 -0.998795 -0
    outer loop
      vertex 26.9123 76.2835 6.4
      vertex 26.78 76.29 2.4
      vertex 26.9123 76.2835 2.4
    endloop
  endfacet
  facet normal 0.514163 -0.857693 0
    outer loop
      vertex 26.03 76.0625 2.4
      vertex 26.1436 76.1306 6.4
      vertex 26.03 76.0625 6.4
    endloop
  endfacet
  facet normal 0.514163 -0.857693 0
    outer loop
      vertex 26.1436 76.1306 6.4
      vertex 26.03 76.0625 2.4
      vertex 26.1436 76.1306 2.4
    endloop
  endfacet
  facet normal -0.970009 0.243068 0
    outer loop
      vertex 28.0719 74.5481 2.4
      vertex 28.1041 74.6766 6.4
      vertex 28.1041 74.6766 2.4
    endloop
  endfacet
  facet normal -0.970009 0.243068 0
    outer loop
      vertex 28.1041 74.6766 6.4
      vertex 28.0719 74.5481 2.4
      vertex 28.0719 74.5481 6.4
    endloop
  endfacet
  facet normal -0.857693 -0.514163 0
    outer loop
      vertex 27.9706 75.5764 2.4
      vertex 27.9025 75.69 6.4
      vertex 27.9025 75.69 2.4
    endloop
  endfacet
  facet normal -0.857693 -0.514163 0
    outer loop
      vertex 27.9025 75.69 6.4
      vertex 27.9706 75.5764 2.4
      vertex 27.9706 75.5764 6.4
    endloop
  endfacet
  facet normal 0.989228 0.146385 0
    outer loop
      vertex 25.4559 74.6766 6.4
      vertex 25.4365 74.8077 2.4
      vertex 25.4365 74.8077 6.4
    endloop
  endfacet
  facet normal 0.989228 0.146385 0
    outer loop
      vertex 25.4365 74.8077 2.4
      vertex 25.4559 74.6766 6.4
      vertex 25.4559 74.6766 2.4
    endloop
  endfacet
  facet normal 0.595643 -0.803249 0
    outer loop
      vertex 25.9236 75.9836 2.4
      vertex 26.03 76.0625 6.4
      vertex 25.9236 75.9836 6.4
    endloop
  endfacet
  facet normal 0.595643 -0.803249 0
    outer loop
      vertex 26.03 76.0625 6.4
      vertex 25.9236 75.9836 2.4
      vertex 26.03 76.0625 2.4
    endloop
  endfacet
  facet normal -0.0490716 0.998795 0
    outer loop
      vertex 26.9123 73.5965 2.4
      vertex 26.78 73.59 6.4
      vertex 26.9123 73.5965 6.4
    endloop
  endfacet
  facet normal -0.0490716 0.998795 0
    outer loop
      vertex 26.78 73.59 6.4
      vertex 26.9123 73.5965 2.4
      vertex 26.78 73.59 2.4
    endloop
  endfacet
  facet normal 0.970009 0.243068 0
    outer loop
      vertex 25.4881 74.5481 6.4
      vertex 25.4559 74.6766 2.4
      vertex 25.4559 74.6766 6.4
    endloop
  endfacet
  facet normal 0.970009 0.243068 0
    outer loop
      vertex 25.4559 74.6766 2.4
      vertex 25.4881 74.5481 6.4
      vertex 25.4881 74.5481 2.4
    endloop
  endfacet
  facet normal 0.671545 0.740963 -0
    outer loop
      vertex 25.9236 73.8964 2.4
      vertex 25.8254 73.9854 6.4
      vertex 25.9236 73.8964 6.4
    endloop
  endfacet
  facet normal 0.671545 0.740963 0
    outer loop
      vertex 25.8254 73.9854 6.4
      vertex 25.9236 73.8964 2.4
      vertex 25.8254 73.9854 2.4
    endloop
  endfacet
  facet normal 0.671545 -0.740963 0
    outer loop
      vertex 25.8254 75.8946 2.4
      vertex 25.9236 75.9836 6.4
      vertex 25.8254 75.8946 6.4
    endloop
  endfacet
  facet normal 0.671545 -0.740963 0
    outer loop
      vertex 25.9236 75.9836 6.4
      vertex 25.8254 75.8946 2.4
      vertex 25.9236 75.9836 2.4
    endloop
  endfacet
  facet normal 0.857693 -0.514163 0
    outer loop
      vertex 25.5894 75.5764 6.4
      vertex 25.6575 75.69 2.4
      vertex 25.6575 75.69 6.4
    endloop
  endfacet
  facet normal 0.857693 -0.514163 0
    outer loop
      vertex 25.6575 75.69 2.4
      vertex 25.5894 75.5764 6.4
      vertex 25.5894 75.5764 2.4
    endloop
  endfacet
  facet normal 0.514163 0.857693 -0
    outer loop
      vertex 26.1436 73.7494 2.4
      vertex 26.03 73.8175 6.4
      vertex 26.1436 73.7494 6.4
    endloop
  endfacet
  facet normal 0.514163 0.857693 0
    outer loop
      vertex 26.03 73.8175 6.4
      vertex 26.1436 73.7494 2.4
      vertex 26.03 73.8175 2.4
    endloop
  endfacet
  facet normal -0.514163 0.857693 0
    outer loop
      vertex 27.53 73.8175 2.4
      vertex 27.4164 73.7494 6.4
      vertex 27.53 73.8175 6.4
    endloop
  endfacet
  facet normal -0.514163 0.857693 0
    outer loop
      vertex 27.4164 73.7494 6.4
      vertex 27.53 73.8175 2.4
      vertex 27.4164 73.7494 2.4
    endloop
  endfacet
  facet normal 0.989228 -0.146385 0
    outer loop
      vertex 25.4365 75.0723 6.4
      vertex 25.4559 75.2034 2.4
      vertex 25.4559 75.2034 6.4
    endloop
  endfacet
  facet normal 0.989228 -0.146385 0
    outer loop
      vertex 25.4559 75.2034 2.4
      vertex 25.4365 75.0723 6.4
      vertex 25.4365 75.0723 2.4
    endloop
  endfacet
  facet normal -0.740963 -0.671545 0
    outer loop
      vertex 27.8236 75.7964 2.4
      vertex 27.7346 75.8946 6.4
      vertex 27.7346 75.8946 2.4
    endloop
  endfacet
  facet normal -0.740963 -0.671545 0
    outer loop
      vertex 27.7346 75.8946 6.4
      vertex 27.8236 75.7964 2.4
      vertex 27.8236 75.7964 6.4
    endloop
  endfacet
  facet normal 0.941348 -0.337436 0
    outer loop
      vertex 25.4881 75.3319 6.4
      vertex 25.5328 75.4566 2.4
      vertex 25.5328 75.4566 6.4
    endloop
  endfacet
  facet normal 0.941348 -0.337436 0
    outer loop
      vertex 25.5328 75.4566 2.4
      vertex 25.4881 75.3319 6.4
      vertex 25.4881 75.3319 2.4
    endloop
  endfacet
  facet normal -0.857693 0.514163 0
    outer loop
      vertex 27.9025 74.19 2.4
      vertex 27.9706 74.3036 6.4
      vertex 27.9706 74.3036 2.4
    endloop
  endfacet
  facet normal -0.857693 0.514163 0
    outer loop
      vertex 27.9706 74.3036 6.4
      vertex 27.9025 74.19 2.4
      vertex 27.9025 74.19 6.4
    endloop
  endfacet
  facet normal -0.941348 0.337436 0
    outer loop
      vertex 28.0272 74.4234 2.4
      vertex 28.0719 74.5481 6.4
      vertex 28.0719 74.5481 2.4
    endloop
  endfacet
  facet normal -0.941348 0.337436 0
    outer loop
      vertex 28.0719 74.5481 6.4
      vertex 28.0272 74.4234 2.4
      vertex 28.0272 74.4234 6.4
    endloop
  endfacet
  facet normal 0.337436 0.941348 -0
    outer loop
      vertex 26.3881 73.6481 2.4
      vertex 26.2634 73.6928 6.4
      vertex 26.3881 73.6481 6.4
    endloop
  endfacet
  facet normal 0.337436 0.941348 0
    outer loop
      vertex 26.2634 73.6928 6.4
      vertex 26.3881 73.6481 2.4
      vertex 26.2634 73.6928 2.4
    endloop
  endfacet
  facet normal 0.243068 0.970009 -0
    outer loop
      vertex 26.5166 73.6159 2.4
      vertex 26.3881 73.6481 6.4
      vertex 26.5166 73.6159 6.4
    endloop
  endfacet
  facet normal 0.243068 0.970009 0
    outer loop
      vertex 26.3881 73.6481 6.4
      vertex 26.5166 73.6159 2.4
      vertex 26.3881 73.6481 2.4
    endloop
  endfacet
  facet normal 0.803249 -0.595643 0
    outer loop
      vertex 25.6575 75.69 6.4
      vertex 25.7364 75.7964 2.4
      vertex 25.7364 75.7964 6.4
    endloop
  endfacet
  facet normal 0.803249 -0.595643 0
    outer loop
      vertex 25.7364 75.7964 2.4
      vertex 25.6575 75.69 6.4
      vertex 25.6575 75.69 2.4
    endloop
  endfacet
  facet normal 0.427178 0.904168 -0
    outer loop
      vertex 26.2634 73.6928 2.4
      vertex 26.1436 73.7494 6.4
      vertex 26.2634 73.6928 6.4
    endloop
  endfacet
  facet normal 0.427178 0.904168 0
    outer loop
      vertex 26.1436 73.7494 6.4
      vertex 26.2634 73.6928 2.4
      vertex 26.1436 73.7494 2.4
    endloop
  endfacet
  facet normal 0.989215 0.146469 0
    outer loop
      vertex 57.9543 75.2586 6.4
      vertex 57.9076 75.574 2.4
      vertex 57.9076 75.574 6.4
    endloop
  endfacet
  facet normal 0.989215 0.146469 0
    outer loop
      vertex 57.9076 75.574 2.4
      vertex 57.9543 75.2586 6.4
      vertex 57.9543 75.2586 2.4
    endloop
  endfacet
  facet normal 0.998788 0.0492184 0
    outer loop
      vertex 57.97 74.94 6.4
      vertex 57.9543 75.2586 2.4
      vertex 57.9543 75.2586 6.4
    endloop
  endfacet
  facet normal 0.998788 0.0492184 0
    outer loop
      vertex 57.9543 75.2586 2.4
      vertex 57.97 74.94 6.4
      vertex 57.97 74.94 2.4
    endloop
  endfacet
  facet normal 0.970032 0.242978 0
    outer loop
      vertex 57.9076 75.574 6.4
      vertex 57.8301 75.8834 2.4
      vertex 57.8301 75.8834 6.4
    endloop
  endfacet
  facet normal 0.970032 0.242978 0
    outer loop
      vertex 57.8301 75.8834 2.4
      vertex 57.9076 75.574 6.4
      vertex 57.9076 75.574 2.4
    endloop
  endfacet
  facet normal 0.337031 -0.941493 0
    outer loop
      vertex 55.6634 71.8299 2.4
      vertex 55.9637 71.9374 6.4
      vertex 55.6634 71.8299 6.4
    endloop
  endfacet
  facet normal 0.337031 -0.941493 0
    outer loop
      vertex 55.9637 71.9374 6.4
      vertex 55.6634 71.8299 2.4
      vertex 55.9637 71.9374 2.4
    endloop
  endfacet
  facet normal 0.671611 0.740904 -0
    outer loop
      vertex 57.0181 77.2381 2.4
      vertex 56.7818 77.4523 6.4
      vertex 57.0181 77.2381 6.4
    endloop
  endfacet
  facet normal 0.671611 0.740904 0
    outer loop
      vertex 56.7818 77.4523 6.4
      vertex 57.0181 77.2381 2.4
      vertex 56.7818 77.4523 2.4
    endloop
  endfacet
  facet normal -0.857852 0.513896 0
    outer loop
      vertex 51.8538 76.472 2.4
      vertex 52.0177 76.7456 6.4
      vertex 52.0177 76.7456 2.4
    endloop
  endfacet
  facet normal -0.857852 0.513896 0
    outer loop
      vertex 52.0177 76.7456 6.4
      vertex 51.8538 76.472 2.4
      vertex 51.8538 76.472 6.4
    endloop
  endfacet
  facet normal -0.146469 -0.989215 0
    outer loop
      vertex 54.086 71.7524 2.4
      vertex 54.4014 71.7057 6.4
      vertex 54.086 71.7524 6.4
    endloop
  endfacet
  facet normal -0.146469 -0.989215 -0
    outer loop
      vertex 54.4014 71.7057 6.4
      vertex 54.086 71.7524 2.4
      vertex 54.4014 71.7057 2.4
    endloop
  endfacet
  facet normal 0.941493 0.337031 0
    outer loop
      vertex 57.8301 75.8834 6.4
      vertex 57.7226 76.1837 2.4
      vertex 57.7226 76.1837 6.4
    endloop
  endfacet
  facet normal 0.941493 0.337031 0
    outer loop
      vertex 57.7226 76.1837 2.4
      vertex 57.8301 75.8834 6.4
      vertex 57.8301 75.8834 2.4
    endloop
  endfacet
  facet normal -0.0492184 0.998788 0
    outer loop
      vertex 54.72 78.19 2.4
      vertex 54.4014 78.1743 6.4
      vertex 54.72 78.19 6.4
    endloop
  endfacet
  facet normal -0.0492184 0.998788 0
    outer loop
      vertex 54.4014 78.1743 6.4
      vertex 54.72 78.19 2.4
      vertex 54.4014 78.1743 2.4
    endloop
  endfacet
  facet normal 0.0492184 -0.998788 0
    outer loop
      vertex 54.72 71.69 2.4
      vertex 55.0386 71.7057 6.4
      vertex 54.72 71.69 6.4
    endloop
  endfacet
  facet normal 0.0492184 -0.998788 0
    outer loop
      vertex 55.0386 71.7057 6.4
      vertex 54.72 71.69 2.4
      vertex 55.0386 71.7057 2.4
    endloop
  endfacet
  facet normal -0.903936 -0.427668 0
    outer loop
      vertex 51.8538 73.408 2.4
      vertex 51.7174 73.6963 6.4
      vertex 51.7174 73.6963 2.4
    endloop
  endfacet
  facet normal -0.903936 -0.427668 0
    outer loop
      vertex 51.7174 73.6963 6.4
      vertex 51.8538 73.408 2.4
      vertex 51.8538 73.408 6.4
    endloop
  endfacet
  facet normal -0.595677 -0.803224 0
    outer loop
      vertex 52.6582 72.4277 2.4
      vertex 52.9144 72.2377 6.4
      vertex 52.6582 72.4277 6.4
    endloop
  endfacet
  facet normal -0.595677 -0.803224 -0
    outer loop
      vertex 52.9144 72.2377 6.4
      vertex 52.6582 72.4277 2.4
      vertex 52.9144 72.2377 2.4
    endloop
  endfacet
  facet normal -0.803224 0.595677 0
    outer loop
      vertex 52.0177 76.7456 2.4
      vertex 52.2077 77.0018 6.4
      vertex 52.2077 77.0018 2.4
    endloop
  endfacet
  facet normal -0.803224 0.595677 0
    outer loop
      vertex 52.2077 77.0018 6.4
      vertex 52.0177 76.7456 2.4
      vertex 52.0177 76.7456 6.4
    endloop
  endfacet
  facet normal 0.970032 -0.242978 0
    outer loop
      vertex 57.8301 73.9966 6.4
      vertex 57.9076 74.306 2.4
      vertex 57.9076 74.306 6.4
    endloop
  endfacet
  facet normal 0.970032 -0.242978 0
    outer loop
      vertex 57.9076 74.306 2.4
      vertex 57.8301 73.9966 6.4
      vertex 57.8301 73.9966 2.4
    endloop
  endfacet
  facet normal 0.857852 0.513896 0
    outer loop
      vertex 57.5862 76.472 6.4
      vertex 57.4223 76.7456 2.4
      vertex 57.4223 76.7456 6.4
    endloop
  endfacet
  facet normal 0.857852 0.513896 0
    outer loop
      vertex 57.4223 76.7456 2.4
      vertex 57.5862 76.472 6.4
      vertex 57.5862 76.472 2.4
    endloop
  endfacet
  facet normal -0.998803 -0.0489056 0
    outer loop
      vertex 51.4856 74.6214 2.4
      vertex 51.47 74.94 6.4
      vertex 51.47 74.94 2.4
    endloop
  endfacet
  facet normal -0.998803 -0.0489056 0
    outer loop
      vertex 51.47 74.94 6.4
      vertex 51.4856 74.6214 2.4
      vertex 51.4856 74.6214 6.4
    endloop
  endfacet
  facet normal 0.903936 0.427668 0
    outer loop
      vertex 57.7226 76.1837 6.4
      vertex 57.5862 76.472 2.4
      vertex 57.5862 76.472 6.4
    endloop
  endfacet
  facet normal 0.903936 0.427668 0
    outer loop
      vertex 57.5862 76.472 2.4
      vertex 57.7226 76.1837 6.4
      vertex 57.7226 76.1837 2.4
    endloop
  endfacet
  facet normal 0.941493 -0.337031 0
    outer loop
      vertex 57.7226 73.6963 6.4
      vertex 57.8301 73.9966 2.4
      vertex 57.8301 73.9966 6.4
    endloop
  endfacet
  facet normal 0.941493 -0.337031 0
    outer loop
      vertex 57.8301 73.9966 2.4
      vertex 57.7226 73.6963 6.4
      vertex 57.7226 73.6963 2.4
    endloop
  endfacet
  facet normal -0.427668 -0.903936 0
    outer loop
      vertex 53.188 72.0738 2.4
      vertex 53.4763 71.9374 6.4
      vertex 53.188 72.0738 6.4
    endloop
  endfacet
  facet normal -0.427668 -0.903936 -0
    outer loop
      vertex 53.4763 71.9374 6.4
      vertex 53.188 72.0738 2.4
      vertex 53.4763 71.9374 2.4
    endloop
  endfacet
  facet normal -0.970032 -0.242978 0
    outer loop
      vertex 51.6099 73.9966 2.4
      vertex 51.5324 74.306 6.4
      vertex 51.5324 74.306 2.4
    endloop
  endfacet
  facet normal -0.970032 -0.242978 0
    outer loop
      vertex 51.5324 74.306 6.4
      vertex 51.6099 73.9966 2.4
      vertex 51.6099 73.9966 6.4
    endloop
  endfacet
  facet normal -0.740904 0.671611 0
    outer loop
      vertex 52.2077 77.0018 2.4
      vertex 52.4219 77.2381 6.4
      vertex 52.4219 77.2381 2.4
    endloop
  endfacet
  facet normal -0.740904 0.671611 0
    outer loop
      vertex 52.4219 77.2381 6.4
      vertex 52.2077 77.0018 2.4
      vertex 52.2077 77.0018 6.4
    endloop
  endfacet
  facet normal -0.242978 -0.970032 0
    outer loop
      vertex 53.7766 71.8299 2.4
      vertex 54.086 71.7524 6.4
      vertex 53.7766 71.8299 6.4
    endloop
  endfacet
  facet normal -0.242978 -0.970032 -0
    outer loop
      vertex 54.086 71.7524 6.4
      vertex 53.7766 71.8299 2.4
      vertex 54.086 71.7524 2.4
    endloop
  endfacet
  facet normal -0.513896 0.857852 0
    outer loop
      vertex 53.188 77.8062 2.4
      vertex 52.9144 77.6423 6.4
      vertex 53.188 77.8062 6.4
    endloop
  endfacet
  facet normal -0.513896 0.857852 0
    outer loop
      vertex 52.9144 77.6423 6.4
      vertex 53.188 77.8062 2.4
      vertex 52.9144 77.6423 2.4
    endloop
  endfacet
  facet normal 0.803224 0.595677 0
    outer loop
      vertex 57.4223 76.7456 6.4
      vertex 57.2323 77.0018 2.4
      vertex 57.2323 77.0018 6.4
    endloop
  endfacet
  facet normal 0.803224 0.595677 0
    outer loop
      vertex 57.2323 77.0018 2.4
      vertex 57.4223 76.7456 6.4
      vertex 57.4223 76.7456 2.4
    endloop
  endfacet
  facet normal -0.146776 0.98917 0
    outer loop
      vertex 54.4014 78.1743 2.4
      vertex 54.086 78.1275 6.4
      vertex 54.4014 78.1743 6.4
    endloop
  endfacet
  facet normal -0.146776 0.98917 0
    outer loop
      vertex 54.086 78.1275 6.4
      vertex 54.4014 78.1743 2.4
      vertex 54.086 78.1275 2.4
    endloop
  endfacet
  facet normal 0.427668 -0.903936 0
    outer loop
      vertex 55.9637 71.9374 2.4
      vertex 56.252 72.0738 6.4
      vertex 55.9637 71.9374 6.4
    endloop
  endfacet
  facet normal 0.427668 -0.903936 0
    outer loop
      vertex 56.252 72.0738 6.4
      vertex 55.9637 71.9374 2.4
      vertex 56.252 72.0738 2.4
    endloop
  endfacet
  facet normal -0.671611 0.740904 0
    outer loop
      vertex 52.6582 77.4523 2.4
      vertex 52.4219 77.2381 6.4
      vertex 52.6582 77.4523 6.4
    endloop
  endfacet
  facet normal -0.671611 0.740904 0
    outer loop
      vertex 52.4219 77.2381 6.4
      vertex 52.6582 77.4523 2.4
      vertex 52.4219 77.2381 2.4
    endloop
  endfacet
  facet normal 0.857852 -0.513896 0
    outer loop
      vertex 57.4223 73.1344 6.4
      vertex 57.5862 73.408 2.4
      vertex 57.5862 73.408 6.4
    endloop
  endfacet
  facet normal 0.857852 -0.513896 0
    outer loop
      vertex 57.5862 73.408 2.4
      vertex 57.4223 73.1344 6.4
      vertex 57.4223 73.1344 2.4
    endloop
  endfacet
  facet normal -0.595677 0.803224 0
    outer loop
      vertex 52.9144 77.6423 2.4
      vertex 52.6582 77.4523 6.4
      vertex 52.9144 77.6423 6.4
    endloop
  endfacet
  facet normal -0.595677 0.803224 0
    outer loop
      vertex 52.6582 77.4523 6.4
      vertex 52.9144 77.6423 2.4
      vertex 52.6582 77.4523 2.4
    endloop
  endfacet
  facet normal 0.337031 0.941493 -0
    outer loop
      vertex 55.9637 77.9426 2.4
      vertex 55.6634 78.0501 6.4
      vertex 55.9637 77.9426 6.4
    endloop
  endfacet
  facet normal 0.337031 0.941493 0
    outer loop
      vertex 55.6634 78.0501 6.4
      vertex 55.9637 77.9426 2.4
      vertex 55.6634 78.0501 2.4
    endloop
  endfacet
  facet normal 0.740904 0.671611 0
    outer loop
      vertex 57.2323 77.0018 6.4
      vertex 57.0181 77.2381 2.4
      vertex 57.0181 77.2381 6.4
    endloop
  endfacet
  facet normal 0.740904 0.671611 0
    outer loop
      vertex 57.0181 77.2381 2.4
      vertex 57.2323 77.0018 6.4
      vertex 57.2323 77.0018 2.4
    endloop
  endfacet
  facet normal 0.998788 -0.0492184 0
    outer loop
      vertex 57.9543 74.6214 6.4
      vertex 57.97 74.94 2.4
      vertex 57.97 74.94 6.4
    endloop
  endfacet
  facet normal 0.998788 -0.0492184 0
    outer loop
      vertex 57.97 74.94 2.4
      vertex 57.9543 74.6214 6.4
      vertex 57.9543 74.6214 2.4
    endloop
  endfacet
  facet normal -0.941493 -0.337031 0
    outer loop
      vertex 51.7174 73.6963 2.4
      vertex 51.6099 73.9966 6.4
      vertex 51.6099 73.9966 2.4
    endloop
  endfacet
  facet normal -0.941493 -0.337031 0
    outer loop
      vertex 51.6099 73.9966 6.4
      vertex 51.7174 73.6963 2.4
      vertex 51.7174 73.6963 6.4
    endloop
  endfacet
  facet normal 0.513896 0.857852 -0
    outer loop
      vertex 56.5256 77.6423 2.4
      vertex 56.252 77.8062 6.4
      vertex 56.5256 77.6423 6.4
    endloop
  endfacet
  facet normal 0.513896 0.857852 0
    outer loop
      vertex 56.252 77.8062 6.4
      vertex 56.5256 77.6423 2.4
      vertex 56.252 77.8062 2.4
    endloop
  endfacet
  facet normal 0.595677 0.803224 -0
    outer loop
      vertex 56.7818 77.4523 2.4
      vertex 56.5256 77.6423 6.4
      vertex 56.7818 77.4523 6.4
    endloop
  endfacet
  facet normal 0.595677 0.803224 0
    outer loop
      vertex 56.5256 77.6423 6.4
      vertex 56.7818 77.4523 2.4
      vertex 56.5256 77.6423 2.4
    endloop
  endfacet
  facet normal 0.146469 -0.989215 0
    outer loop
      vertex 55.0386 71.7057 2.4
      vertex 55.354 71.7524 6.4
      vertex 55.0386 71.7057 6.4
    endloop
  endfacet
  facet normal 0.146469 -0.989215 0
    outer loop
      vertex 55.354 71.7524 6.4
      vertex 55.0386 71.7057 2.4
      vertex 55.354 71.7524 2.4
    endloop
  endfacet
  facet normal 0.740904 -0.671611 0
    outer loop
      vertex 57.0181 72.6419 6.4
      vertex 57.2323 72.8782 2.4
      vertex 57.2323 72.8782 6.4
    endloop
  endfacet
  facet normal 0.740904 -0.671611 0
    outer loop
      vertex 57.2323 72.8782 2.4
      vertex 57.0181 72.6419 6.4
      vertex 57.0181 72.6419 2.4
    endloop
  endfacet
  facet normal 0.803224 -0.595677 0
    outer loop
      vertex 57.2323 72.8782 6.4
      vertex 57.4223 73.1344 2.4
      vertex 57.4223 73.1344 6.4
    endloop
  endfacet
  facet normal 0.803224 -0.595677 0
    outer loop
      vertex 57.4223 73.1344 2.4
      vertex 57.2323 72.8782 6.4
      vertex 57.2323 72.8782 2.4
    endloop
  endfacet
  facet normal 0.242978 -0.970032 0
    outer loop
      vertex 55.354 71.7524 2.4
      vertex 55.6634 71.8299 6.4
      vertex 55.354 71.7524 6.4
    endloop
  endfacet
  facet normal 0.242978 -0.970032 0
    outer loop
      vertex 55.6634 71.8299 6.4
      vertex 55.354 71.7524 2.4
      vertex 55.6634 71.8299 2.4
    endloop
  endfacet
  facet normal 0.903936 -0.427668 0
    outer loop
      vertex 57.5862 73.408 6.4
      vertex 57.7226 73.6963 2.4
      vertex 57.7226 73.6963 6.4
    endloop
  endfacet
  facet normal 0.903936 -0.427668 0
    outer loop
      vertex 57.7226 73.6963 2.4
      vertex 57.5862 73.408 6.4
      vertex 57.5862 73.408 2.4
    endloop
  endfacet
  facet normal -0.242683 0.970106 0
    outer loop
      vertex 54.086 78.1275 2.4
      vertex 53.7766 78.0501 6.4
      vertex 54.086 78.1275 6.4
    endloop
  endfacet
  facet normal -0.242683 0.970106 0
    outer loop
      vertex 53.7766 78.0501 6.4
      vertex 54.086 78.1275 2.4
      vertex 53.7766 78.0501 2.4
    endloop
  endfacet
  facet normal -0.941493 0.337031 0
    outer loop
      vertex 51.6099 75.8834 2.4
      vertex 51.7174 76.1837 6.4
      vertex 51.7174 76.1837 2.4
    endloop
  endfacet
  facet normal -0.941493 0.337031 0
    outer loop
      vertex 51.7174 76.1837 6.4
      vertex 51.6099 75.8834 2.4
      vertex 51.6099 75.8834 6.4
    endloop
  endfacet
  facet normal -0.427668 0.903936 0
    outer loop
      vertex 53.4763 77.9426 2.4
      vertex 53.188 77.8062 6.4
      vertex 53.4763 77.9426 6.4
    endloop
  endfacet
  facet normal -0.427668 0.903936 0
    outer loop
      vertex 53.188 77.8062 6.4
      vertex 53.4763 77.9426 2.4
      vertex 53.188 77.8062 2.4
    endloop
  endfacet
  facet normal -0.98917 0.146776 0
    outer loop
      vertex 51.4856 75.2586 2.4
      vertex 51.5324 75.574 6.4
      vertex 51.5324 75.574 2.4
    endloop
  endfacet
  facet normal -0.98917 0.146776 0
    outer loop
      vertex 51.5324 75.574 6.4
      vertex 51.4856 75.2586 2.4
      vertex 51.4856 75.2586 6.4
    endloop
  endfacet
  facet normal -0.970032 0.242978 0
    outer loop
      vertex 51.5324 75.574 2.4
      vertex 51.6099 75.8834 6.4
      vertex 51.6099 75.8834 2.4
    endloop
  endfacet
  facet normal -0.970032 0.242978 0
    outer loop
      vertex 51.6099 75.8834 6.4
      vertex 51.5324 75.574 2.4
      vertex 51.5324 75.574 6.4
    endloop
  endfacet
  facet normal 0.427668 0.903936 -0
    outer loop
      vertex 56.252 77.8062 2.4
      vertex 55.9637 77.9426 6.4
      vertex 56.252 77.8062 6.4
    endloop
  endfacet
  facet normal 0.427668 0.903936 0
    outer loop
      vertex 55.9637 77.9426 6.4
      vertex 56.252 77.8062 2.4
      vertex 55.9637 77.9426 2.4
    endloop
  endfacet
  facet normal 0 0 -1
    outer loop
      vertex 56.07 74.94 2.4
      vertex 57.97 74.94 2.4
      vertex 57.9543 74.6214 2.4
    endloop
  endfacet
  facet normal 0 0 -1
    outer loop
      vertex 56.0635 74.8077 2.4
      vertex 57.9543 74.6214 2.4
      vertex 57.9076 74.306 2.4
    endloop
  endfacet
  facet normal 0 0 -1
    outer loop
      vertex 57.97 74.94 2.4
      vertex 56.07 74.94 2.4
      vertex 57.9543 75.2586 2.4
    endloop
  endfacet
  facet normal 0 0 -1
    outer loop
      vertex 56.0441 74.6766 2.4
      vertex 57.9076 74.306 2.4
      vertex 57.8301 73.9966 2.4
    endloop
  endfacet
  facet normal 0 0 -1
    outer loop
      vertex 56.0635 75.0723 2.4
      vertex 57.9543 75.2586 2.4
      vertex 56.07 74.94 2.4
    endloop
  endfacet
  facet normal 0 0 -1
    outer loop
      vertex 56.0119 74.5481 2.4
      vertex 57.8301 73.9966 2.4
      vertex 57.7226 73.6963 2.4
    endloop
  endfacet
  facet normal -0 0 -1
    outer loop
      vertex 57.9543 75.2586 2.4
      vertex 56.0635 75.0723 2.4
      vertex 57.9076 75.574 2.4
    endloop
  endfacet
  facet normal 0 0 -1
    outer loop
      vertex 55.9672 74.4234 2.4
      vertex 57.7226 73.6963 2.4
      vertex 57.5862 73.408 2.4
    endloop
  endfacet
  facet normal 0 0 -1
    outer loop
      vertex 56.0441 75.2034 2.4
      vertex 57.9076 75.574 2.4
      vertex 56.0635 75.0723 2.4
    endloop
  endfacet
  facet normal 0 0 -1
    outer loop
      vertex 55.9106 74.3036 2.4
      vertex 57.5862 73.408 2.4
      vertex 57.4223 73.1344 2.4
    endloop
  endfacet
  facet normal -0 0 -1
    outer loop
      vertex 57.9076 75.574 2.4
      vertex 56.0441 75.2034 2.4
      vertex 57.8301 75.8834 2.4
    endloop
  endfacet
  facet normal 0 0 -1
    outer loop
      vertex 55.8425 74.19 2.4
      vertex 57.4223 73.1344 2.4
      vertex 57.2323 72.8782 2.4
    endloop
  endfacet
  facet normal 0 0 -1
    outer loop
      vertex 56.0119 75.3319 2.4
      vertex 57.8301 75.8834 2.4
      vertex 56.0441 75.2034 2.4
    endloop
  endfacet
  facet normal 0 0 -1
    outer loop
      vertex 55.7636 74.0836 2.4
      vertex 57.2323 72.8782 2.4
      vertex 57.0181 72.6419 2.4
    endloop
  endfacet
  facet normal -0 0 -1
    outer loop
      vertex 57.8301 75.8834 2.4
      vertex 56.0119 75.3319 2.4
      vertex 57.7226 76.1837 2.4
    endloop
  endfacet
  facet normal 0 0 -1
    outer loop
      vertex 55.6746 73.9854 2.4
      vertex 57.0181 72.6419 2.4
      vertex 56.7818 72.4277 2.4
    endloop
  endfacet
  facet normal 0 0 -1
    outer loop
      vertex 55.9672 75.4566 2.4
      vertex 57.7226 76.1837 2.4
      vertex 56.0119 75.3319 2.4
    endloop
  endfacet
  facet normal 0 0 -1
    outer loop
      vertex 55.5764 73.8964 2.4
      vertex 56.7818 72.4277 2.4
      vertex 56.5256 72.2377 2.4
    endloop
  endfacet
  facet normal -0 0 -1
    outer loop
      vertex 57.7226 76.1837 2.4
      vertex 55.9672 75.4566 2.4
      vertex 57.5862 76.472 2.4
    endloop
  endfacet
  facet normal 0 0 -1
    outer loop
      vertex 55.47 73.8175 2.4
      vertex 56.5256 72.2377 2.4
      vertex 56.252 72.0738 2.4
    endloop
  endfacet
  facet normal 0 0 -1
    outer loop
      vertex 55.9106 75.5764 2.4
      vertex 57.5862 76.472 2.4
      vertex 55.9672 75.4566 2.4
    endloop
  endfacet
  facet normal -0 0 -1
    outer loop
      vertex 57.5862 76.472 2.4
      vertex 55.9106 75.5764 2.4
      vertex 57.4223 76.7456 2.4
    endloop
  endfacet
  facet normal 0 0 -1
    outer loop
      vertex 57.9543 74.6214 2.4
      vertex 56.0635 74.8077 2.4
      vertex 56.07 74.94 2.4
    endloop
  endfacet
  facet normal 0 0 -1
    outer loop
      vertex 57.9076 74.306 2.4
      vertex 56.0441 74.6766 2.4
      vertex 56.0635 74.8077 2.4
    endloop
  endfacet
  facet normal 0 0 -1
    outer loop
      vertex 57.8301 73.9966 2.4
      vertex 56.0119 74.5481 2.4
      vertex 56.0441 74.6766 2.4
    endloop
  endfacet
  facet normal 0 0 -1
    outer loop
      vertex 57.7226 73.6963 2.4
      vertex 55.9672 74.4234 2.4
      vertex 56.0119 74.5481 2.4
    endloop
  endfacet
  facet normal 0 0 -1
    outer loop
      vertex 55.3564 73.7494 2.4
      vertex 56.252 72.0738 2.4
      vertex 55.9637 71.9374 2.4
    endloop
  endfacet
  facet normal 0 0 -1
    outer loop
      vertex 57.5862 73.408 2.4
      vertex 55.9106 74.3036 2.4
      vertex 55.9672 74.4234 2.4
    endloop
  endfacet
  facet normal 0 0 -1
    outer loop
      vertex 57.4223 73.1344 2.4
      vertex 55.8425 74.19 2.4
      vertex 55.9106 74.3036 2.4
    endloop
  endfacet
  facet normal 0 0 -1
    outer loop
      vertex 57.2323 72.8782 2.4
      vertex 55.7636 74.0836 2.4
      vertex 55.8425 74.19 2.4
    endloop
  endfacet
  facet normal 0 0 -1
    outer loop
      vertex 57.0181 72.6419 2.4
      vertex 55.6746 73.9854 2.4
      vertex 55.7636 74.0836 2.4
    endloop
  endfacet
  facet normal 0 0 -1
    outer loop
      vertex 55.2366 73.6928 2.4
      vertex 55.9637 71.9374 2.4
      vertex 55.6634 71.8299 2.4
    endloop
  endfacet
  facet normal 0 0 -1
    outer loop
      vertex 56.7818 72.4277 2.4
      vertex 55.5764 73.8964 2.4
      vertex 55.6746 73.9854 2.4
    endloop
  endfacet
  facet normal 0 0 -1
    outer loop
      vertex 56.5256 72.2377 2.4
      vertex 55.47 73.8175 2.4
      vertex 55.5764 73.8964 2.4
    endloop
  endfacet
  facet normal 0 0 -1
    outer loop
      vertex 56.252 72.0738 2.4
      vertex 55.3564 73.7494 2.4
      vertex 55.47 73.8175 2.4
    endloop
  endfacet
  facet normal 0 0 -1
    outer loop
      vertex 55.1119 73.6481 2.4
      vertex 55.6634 71.8299 2.4
      vertex 55.354 71.7524 2.4
    endloop
  endfacet
  facet normal 0 0 -1
    outer loop
      vertex 55.9637 71.9374 2.4
      vertex 55.2366 73.6928 2.4
      vertex 55.3564 73.7494 2.4
    endloop
  endfacet
  facet normal 0 0 -1
    outer loop
      vertex 55.6634 71.8299 2.4
      vertex 55.1119 73.6481 2.4
      vertex 55.2366 73.6928 2.4
    endloop
  endfacet
  facet normal 0 0 -1
    outer loop
      vertex 54.9834 73.6159 2.4
      vertex 55.354 71.7524 2.4
      vertex 55.0386 71.7057 2.4
    endloop
  endfacet
  facet normal 0 0 -1
    outer loop
      vertex 55.354 71.7524 2.4
      vertex 54.9834 73.6159 2.4
      vertex 55.1119 73.6481 2.4
    endloop
  endfacet
  facet normal 0 0 -1
    outer loop
      vertex 55.0386 71.7057 2.4
      vertex 54.8523 73.5965 2.4
      vertex 54.9834 73.6159 2.4
    endloop
  endfacet
  facet normal 0 0 -1
    outer loop
      vertex 54.72 71.69 2.4
      vertex 54.8523 73.5965 2.4
      vertex 55.0386 71.7057 2.4
    endloop
  endfacet
  facet normal 0 0 -1
    outer loop
      vertex 54.72 71.69 2.4
      vertex 54.72 73.59 2.4
      vertex 54.8523 73.5965 2.4
    endloop
  endfacet
  facet normal 0 0 -1
    outer loop
      vertex 54.72 71.69 2.4
      vertex 54.5877 73.5965 2.4
      vertex 54.72 73.59 2.4
    endloop
  endfacet
  facet normal 0 0 -1
    outer loop
      vertex 54.4014 71.7057 2.4
      vertex 54.5877 73.5965 2.4
      vertex 54.72 71.69 2.4
    endloop
  endfacet
  facet normal -0 0 -1
    outer loop
      vertex 54.5877 73.5965 2.4
      vertex 54.4014 71.7057 2.4
      vertex 54.4566 73.6159 2.4
    endloop
  endfacet
  facet normal 0 0 -1
    outer loop
      vertex 54.086 71.7524 2.4
      vertex 54.4566 73.6159 2.4
      vertex 54.4014 71.7057 2.4
    endloop
  endfacet
  facet normal -0 0 -1
    outer loop
      vertex 54.4566 73.6159 2.4
      vertex 54.086 71.7524 2.4
      vertex 54.3281 73.6481 2.4
    endloop
  endfacet
  facet normal 0 0 -1
    outer loop
      vertex 53.7766 71.8299 2.4
      vertex 54.3281 73.6481 2.4
      vertex 54.086 71.7524 2.4
    endloop
  endfacet
  facet normal -0 0 -1
    outer loop
      vertex 54.3281 73.6481 2.4
      vertex 53.7766 71.8299 2.4
      vertex 54.2034 73.6928 2.4
    endloop
  endfacet
  facet normal 0 0 -1
    outer loop
      vertex 53.4763 71.9374 2.4
      vertex 54.2034 73.6928 2.4
      vertex 53.7766 71.8299 2.4
    endloop
  endfacet
  facet normal -0 0 -1
    outer loop
      vertex 54.2034 73.6928 2.4
      vertex 53.4763 71.9374 2.4
      vertex 54.0836 73.7494 2.4
    endloop
  endfacet
  facet normal 0 0 -1
    outer loop
      vertex 53.188 72.0738 2.4
      vertex 54.0836 73.7494 2.4
      vertex 53.4763 71.9374 2.4
    endloop
  endfacet
  facet normal -0 0 -1
    outer loop
      vertex 54.0836 73.7494 2.4
      vertex 53.188 72.0738 2.4
      vertex 53.97 73.8175 2.4
    endloop
  endfacet
  facet normal 0 0 -1
    outer loop
      vertex 52.9144 72.2377 2.4
      vertex 53.97 73.8175 2.4
      vertex 53.188 72.0738 2.4
    endloop
  endfacet
  facet normal -0 0 -1
    outer loop
      vertex 53.97 73.8175 2.4
      vertex 52.9144 72.2377 2.4
      vertex 53.8636 73.8964 2.4
    endloop
  endfacet
  facet normal 0 0 -1
    outer loop
      vertex 52.6582 72.4277 2.4
      vertex 53.8636 73.8964 2.4
      vertex 52.9144 72.2377 2.4
    endloop
  endfacet
  facet normal -0 0 -1
    outer loop
      vertex 53.8636 73.8964 2.4
      vertex 52.6582 72.4277 2.4
      vertex 53.7654 73.9854 2.4
    endloop
  endfacet
  facet normal 0 0 -1
    outer loop
      vertex 52.4219 72.6419 2.4
      vertex 53.7654 73.9854 2.4
      vertex 52.6582 72.4277 2.4
    endloop
  endfacet
  facet normal -0 0 -1
    outer loop
      vertex 53.7654 73.9854 2.4
      vertex 52.4219 72.6419 2.4
      vertex 53.6764 74.0836 2.4
    endloop
  endfacet
  facet normal 0 0 -1
    outer loop
      vertex 52.2077 72.8782 2.4
      vertex 53.6764 74.0836 2.4
      vertex 52.4219 72.6419 2.4
    endloop
  endfacet
  facet normal -0 0 -1
    outer loop
      vertex 53.6764 74.0836 2.4
      vertex 52.2077 72.8782 2.4
      vertex 53.5975 74.19 2.4
    endloop
  endfacet
  facet normal 0 0 -1
    outer loop
      vertex 52.0177 73.1344 2.4
      vertex 53.5975 74.19 2.4
      vertex 52.2077 72.8782 2.4
    endloop
  endfacet
  facet normal -0 0 -1
    outer loop
      vertex 53.5975 74.19 2.4
      vertex 52.0177 73.1344 2.4
      vertex 53.5294 74.3036 2.4
    endloop
  endfacet
  facet normal 0 0 -1
    outer loop
      vertex 55.8425 75.69 2.4
      vertex 57.4223 76.7456 2.4
      vertex 55.9106 75.5764 2.4
    endloop
  endfacet
  facet normal -0 0 -1
    outer loop
      vertex 57.4223 76.7456 2.4
      vertex 55.8425 75.69 2.4
      vertex 57.2323 77.0018 2.4
    endloop
  endfacet
  facet normal 0 0 -1
    outer loop
      vertex 55.7636 75.7964 2.4
      vertex 57.2323 77.0018 2.4
      vertex 55.8425 75.69 2.4
    endloop
  endfacet
  facet normal -0 0 -1
    outer loop
      vertex 57.2323 77.0018 2.4
      vertex 55.7636 75.7964 2.4
      vertex 57.0181 77.2381 2.4
    endloop
  endfacet
  facet normal 0 0 -1
    outer loop
      vertex 55.6746 75.8946 2.4
      vertex 57.0181 77.2381 2.4
      vertex 55.7636 75.7964 2.4
    endloop
  endfacet
  facet normal -0 0 -1
    outer loop
      vertex 57.0181 77.2381 2.4
      vertex 55.6746 75.8946 2.4
      vertex 56.7818 77.4523 2.4
    endloop
  endfacet
  facet normal 0 0 -1
    outer loop
      vertex 55.5764 75.9836 2.4
      vertex 56.7818 77.4523 2.4
      vertex 55.6746 75.8946 2.4
    endloop
  endfacet
  facet normal -0 0 -1
    outer loop
      vertex 56.7818 77.4523 2.4
      vertex 55.5764 75.9836 2.4
      vertex 56.5256 77.6423 2.4
    endloop
  endfacet
  facet normal 0 0 -1
    outer loop
      vertex 55.47 76.0625 2.4
      vertex 56.5256 77.6423 2.4
      vertex 55.5764 75.9836 2.4
    endloop
  endfacet
  facet normal -0 0 -1
    outer loop
      vertex 56.5256 77.6423 2.4
      vertex 55.47 76.0625 2.4
      vertex 56.252 77.8062 2.4
    endloop
  endfacet
  facet normal 0 0 -1
    outer loop
      vertex 55.3564 76.1306 2.4
      vertex 56.252 77.8062 2.4
      vertex 55.47 76.0625 2.4
    endloop
  endfacet
  facet normal -0 0 -1
    outer loop
      vertex 56.252 77.8062 2.4
      vertex 55.3564 76.1306 2.4
      vertex 55.9637 77.9426 2.4
    endloop
  endfacet
  facet normal 0 0 -1
    outer loop
      vertex 55.2366 76.1872 2.4
      vertex 55.9637 77.9426 2.4
      vertex 55.3564 76.1306 2.4
    endloop
  endfacet
  facet normal -0 0 -1
    outer loop
      vertex 55.9637 77.9426 2.4
      vertex 55.2366 76.1872 2.4
      vertex 55.6634 78.0501 2.4
    endloop
  endfacet
  facet normal 0 0 -1
    outer loop
      vertex 55.1119 76.2319 2.4
      vertex 55.6634 78.0501 2.4
      vertex 55.2366 76.1872 2.4
    endloop
  endfacet
  facet normal -0 0 -1
    outer loop
      vertex 55.6634 78.0501 2.4
      vertex 55.1119 76.2319 2.4
      vertex 55.354 78.1275 2.4
    endloop
  endfacet
  facet normal 0 0 -1
    outer loop
      vertex 54.9834 76.2641 2.4
      vertex 55.354 78.1275 2.4
      vertex 55.1119 76.2319 2.4
    endloop
  endfacet
  facet normal -0 0 -1
    outer loop
      vertex 55.354 78.1275 2.4
      vertex 54.9834 76.2641 2.4
      vertex 55.0386 78.1743 2.4
    endloop
  endfacet
  facet normal 0 0 -1
    outer loop
      vertex 54.8523 76.2835 2.4
      vertex 55.0386 78.1743 2.4
      vertex 54.9834 76.2641 2.4
    endloop
  endfacet
  facet normal 0 0 -1
    outer loop
      vertex 54.72 76.29 2.4
      vertex 55.0386 78.1743 2.4
      vertex 54.8523 76.2835 2.4
    endloop
  endfacet
  facet normal 0 0 -1
    outer loop
      vertex 54.72 76.29 2.4
      vertex 54.72 78.19 2.4
      vertex 55.0386 78.1743 2.4
    endloop
  endfacet
  facet normal 0 0 -1
    outer loop
      vertex 54.5877 76.2835 2.4
      vertex 54.72 78.19 2.4
      vertex 54.72 76.29 2.4
    endloop
  endfacet
  facet normal 0 0 -1
    outer loop
      vertex 54.4014 78.1743 2.4
      vertex 54.5877 76.2835 2.4
      vertex 54.4566 76.2641 2.4
    endloop
  endfacet
  facet normal 0 0 -1
    outer loop
      vertex 54.5877 76.2835 2.4
      vertex 54.4014 78.1743 2.4
      vertex 54.72 78.19 2.4
    endloop
  endfacet
  facet normal 0 0 -1
    outer loop
      vertex 54.086 78.1275 2.4
      vertex 54.4566 76.2641 2.4
      vertex 54.3281 76.2319 2.4
    endloop
  endfacet
  facet normal 0 0 -1
    outer loop
      vertex 53.7766 78.0501 2.4
      vertex 54.3281 76.2319 2.4
      vertex 54.2034 76.1872 2.4
    endloop
  endfacet
  facet normal 0 0 -1
    outer loop
      vertex 54.4566 76.2641 2.4
      vertex 54.086 78.1275 2.4
      vertex 54.4014 78.1743 2.4
    endloop
  endfacet
  facet normal 0 0 -1
    outer loop
      vertex 53.4763 77.9426 2.4
      vertex 54.2034 76.1872 2.4
      vertex 54.0836 76.1306 2.4
    endloop
  endfacet
  facet normal 0 0 -1
    outer loop
      vertex 53.188 77.8062 2.4
      vertex 54.0836 76.1306 2.4
      vertex 53.97 76.0625 2.4
    endloop
  endfacet
  facet normal 0 0 -1
    outer loop
      vertex 52.9144 77.6423 2.4
      vertex 53.97 76.0625 2.4
      vertex 53.8636 75.9836 2.4
    endloop
  endfacet
  facet normal 0 0 -1
    outer loop
      vertex 54.3281 76.2319 2.4
      vertex 53.7766 78.0501 2.4
      vertex 54.086 78.1275 2.4
    endloop
  endfacet
  facet normal 0 0 -1
    outer loop
      vertex 52.6582 77.4523 2.4
      vertex 53.8636 75.9836 2.4
      vertex 53.7654 75.8946 2.4
    endloop
  endfacet
  facet normal 0 0 -1
    outer loop
      vertex 52.4219 77.2381 2.4
      vertex 53.7654 75.8946 2.4
      vertex 53.6764 75.7964 2.4
    endloop
  endfacet
  facet normal 0 0 -1
    outer loop
      vertex 52.2077 77.0018 2.4
      vertex 53.6764 75.7964 2.4
      vertex 53.5975 75.69 2.4
    endloop
  endfacet
  facet normal 0 0 -1
    outer loop
      vertex 52.0177 76.7456 2.4
      vertex 53.5975 75.69 2.4
      vertex 53.5294 75.5764 2.4
    endloop
  endfacet
  facet normal 0 0 -1
    outer loop
      vertex 54.2034 76.1872 2.4
      vertex 53.4763 77.9426 2.4
      vertex 53.7766 78.0501 2.4
    endloop
  endfacet
  facet normal 0 0 -1
    outer loop
      vertex 51.8538 76.472 2.4
      vertex 53.5294 75.5764 2.4
      vertex 53.4728 75.4566 2.4
    endloop
  endfacet
  facet normal 0 0 -1
    outer loop
      vertex 51.7174 76.1837 2.4
      vertex 53.4728 75.4566 2.4
      vertex 53.4281 75.3319 2.4
    endloop
  endfacet
  facet normal 0 0 -1
    outer loop
      vertex 51.6099 75.8834 2.4
      vertex 53.4281 75.3319 2.4
      vertex 53.3959 75.2034 2.4
    endloop
  endfacet
  facet normal 0 0 -1
    outer loop
      vertex 51.5324 75.574 2.4
      vertex 53.3959 75.2034 2.4
      vertex 53.3765 75.0723 2.4
    endloop
  endfacet
  facet normal 0 0 -1
    outer loop
      vertex 51.4856 75.2586 2.4
      vertex 53.3765 75.0723 2.4
      vertex 53.37 74.94 2.4
    endloop
  endfacet
  facet normal 0 0 -1
    outer loop
      vertex 51.8538 73.408 2.4
      vertex 53.5294 74.3036 2.4
      vertex 52.0177 73.1344 2.4
    endloop
  endfacet
  facet normal 0 0 -1
    outer loop
      vertex 54.0836 76.1306 2.4
      vertex 53.188 77.8062 2.4
      vertex 53.4763 77.9426 2.4
    endloop
  endfacet
  facet normal -0 0 -1
    outer loop
      vertex 53.5294 74.3036 2.4
      vertex 51.8538 73.408 2.4
      vertex 53.4728 74.4234 2.4
    endloop
  endfacet
  facet normal 0 0 -1
    outer loop
      vertex 53.97 76.0625 2.4
      vertex 52.9144 77.6423 2.4
      vertex 53.188 77.8062 2.4
    endloop
  endfacet
  facet normal 0 0 -1
    outer loop
      vertex 51.7174 73.6963 2.4
      vertex 53.4728 74.4234 2.4
      vertex 51.8538 73.408 2.4
    endloop
  endfacet
  facet normal 0 0 -1
    outer loop
      vertex 53.8636 75.9836 2.4
      vertex 52.6582 77.4523 2.4
      vertex 52.9144 77.6423 2.4
    endloop
  endfacet
  facet normal -0 0 -1
    outer loop
      vertex 53.4728 74.4234 2.4
      vertex 51.7174 73.6963 2.4
      vertex 53.4281 74.5481 2.4
    endloop
  endfacet
  facet normal 0 0 -1
    outer loop
      vertex 53.7654 75.8946 2.4
      vertex 52.4219 77.2381 2.4
      vertex 52.6582 77.4523 2.4
    endloop
  endfacet
  facet normal 0 0 -1
    outer loop
      vertex 51.6099 73.9966 2.4
      vertex 53.4281 74.5481 2.4
      vertex 51.7174 73.6963 2.4
    endloop
  endfacet
  facet normal 0 0 -1
    outer loop
      vertex 53.6764 75.7964 2.4
      vertex 52.2077 77.0018 2.4
      vertex 52.4219 77.2381 2.4
    endloop
  endfacet
  facet normal -0 0 -1
    outer loop
      vertex 53.4281 74.5481 2.4
      vertex 51.6099 73.9966 2.4
      vertex 53.3959 74.6766 2.4
    endloop
  endfacet
  facet normal 0 0 -1
    outer loop
      vertex 53.5975 75.69 2.4
      vertex 52.0177 76.7456 2.4
      vertex 52.2077 77.0018 2.4
    endloop
  endfacet
  facet normal 0 0 -1
    outer loop
      vertex 51.5324 74.306 2.4
      vertex 53.3959 74.6766 2.4
      vertex 51.6099 73.9966 2.4
    endloop
  endfacet
  facet normal 0 0 -1
    outer loop
      vertex 53.5294 75.5764 2.4
      vertex 51.8538 76.472 2.4
      vertex 52.0177 76.7456 2.4
    endloop
  endfacet
  facet normal -0 0 -1
    outer loop
      vertex 53.3959 74.6766 2.4
      vertex 51.5324 74.306 2.4
      vertex 53.3765 74.8077 2.4
    endloop
  endfacet
  facet normal 0 0 -1
    outer loop
      vertex 53.4728 75.4566 2.4
      vertex 51.7174 76.1837 2.4
      vertex 51.8538 76.472 2.4
    endloop
  endfacet
  facet normal 0 0 -1
    outer loop
      vertex 51.4856 74.6214 2.4
      vertex 53.3765 74.8077 2.4
      vertex 51.5324 74.306 2.4
    endloop
  endfacet
  facet normal 0 0 -1
    outer loop
      vertex 53.4281 75.3319 2.4
      vertex 51.6099 75.8834 2.4
      vertex 51.7174 76.1837 2.4
    endloop
  endfacet
  facet normal -0 0 -1
    outer loop
      vertex 53.3765 74.8077 2.4
      vertex 51.4856 74.6214 2.4
      vertex 53.37 74.94 2.4
    endloop
  endfacet
  facet normal 0 0 -1
    outer loop
      vertex 53.3959 75.2034 2.4
      vertex 51.5324 75.574 2.4
      vertex 51.6099 75.8834 2.4
    endloop
  endfacet
  facet normal 0 0 -1
    outer loop
      vertex 51.47 74.94 2.4
      vertex 53.37 74.94 2.4
      vertex 51.4856 74.6214 2.4
    endloop
  endfacet
  facet normal 0 0 -1
    outer loop
      vertex 53.3765 75.0723 2.4
      vertex 51.4856 75.2586 2.4
      vertex 51.5324 75.574 2.4
    endloop
  endfacet
  facet normal 0 0 -1
    outer loop
      vertex 53.37 74.94 2.4
      vertex 51.47 74.94 2.4
      vertex 51.4856 75.2586 2.4
    endloop
  endfacet
  facet normal 0.989215 -0.146469 0
    outer loop
      vertex 57.9076 74.306 6.4
      vertex 57.9543 74.6214 2.4
      vertex 57.9543 74.6214 6.4
    endloop
  endfacet
  facet normal 0.989215 -0.146469 0
    outer loop
      vertex 57.9543 74.6214 2.4
      vertex 57.9076 74.306 6.4
      vertex 57.9076 74.306 2.4
    endloop
  endfacet
  facet normal 0.146776 0.98917 -0
    outer loop
      vertex 55.354 78.1275 2.4
      vertex 55.0386 78.1743 6.4
      vertex 55.354 78.1275 6.4
    endloop
  endfacet
  facet normal 0.146776 0.98917 0
    outer loop
      vertex 55.0386 78.1743 6.4
      vertex 55.354 78.1275 2.4
      vertex 55.0386 78.1743 2.4
    endloop
  endfacet
  facet normal 0.0492184 0.998788 -0
    outer loop
      vertex 55.0386 78.1743 2.4
      vertex 54.72 78.19 6.4
      vertex 55.0386 78.1743 6.4
    endloop
  endfacet
  facet normal 0.0492184 0.998788 0
    outer loop
      vertex 54.72 78.19 6.4
      vertex 55.0386 78.1743 2.4
      vertex 54.72 78.19 2.4
    endloop
  endfacet
  facet normal -0.740904 -0.671611 0
    outer loop
      vertex 52.4219 72.6419 2.4
      vertex 52.2077 72.8782 6.4
      vertex 52.2077 72.8782 2.4
    endloop
  endfacet
  facet normal -0.740904 -0.671611 0
    outer loop
      vertex 52.2077 72.8782 6.4
      vertex 52.4219 72.6419 2.4
      vertex 52.4219 72.6419 6.4
    endloop
  endfacet
  facet normal -0.857852 -0.513896 0
    outer loop
      vertex 52.0177 73.1344 2.4
      vertex 51.8538 73.408 6.4
      vertex 51.8538 73.408 2.4
    endloop
  endfacet
  facet normal -0.857852 -0.513896 0
    outer loop
      vertex 51.8538 73.408 6.4
      vertex 52.0177 73.1344 2.4
      vertex 52.0177 73.1344 6.4
    endloop
  endfacet
  facet normal -0.337031 0.941493 0
    outer loop
      vertex 53.7766 78.0501 2.4
      vertex 53.4763 77.9426 6.4
      vertex 53.7766 78.0501 6.4
    endloop
  endfacet
  facet normal -0.337031 0.941493 0
    outer loop
      vertex 53.4763 77.9426 6.4
      vertex 53.7766 78.0501 2.4
      vertex 53.4763 77.9426 2.4
    endloop
  endfacet
  facet normal -0.513896 -0.857852 0
    outer loop
      vertex 52.9144 72.2377 2.4
      vertex 53.188 72.0738 6.4
      vertex 52.9144 72.2377 6.4
    endloop
  endfacet
  facet normal -0.513896 -0.857852 -0
    outer loop
      vertex 53.188 72.0738 6.4
      vertex 52.9144 72.2377 2.4
      vertex 53.188 72.0738 2.4
    endloop
  endfacet
  facet normal 0.595677 -0.803224 0
    outer loop
      vertex 56.5256 72.2377 2.4
      vertex 56.7818 72.4277 6.4
      vertex 56.5256 72.2377 6.4
    endloop
  endfacet
  facet normal 0.595677 -0.803224 0
    outer loop
      vertex 56.7818 72.4277 6.4
      vertex 56.5256 72.2377 2.4
      vertex 56.7818 72.4277 2.4
    endloop
  endfacet
  facet normal -0.337031 -0.941493 0
    outer loop
      vertex 53.4763 71.9374 2.4
      vertex 53.7766 71.8299 6.4
      vertex 53.4763 71.9374 6.4
    endloop
  endfacet
  facet normal -0.337031 -0.941493 -0
    outer loop
      vertex 53.7766 71.8299 6.4
      vertex 53.4763 71.9374 2.4
      vertex 53.7766 71.8299 2.4
    endloop
  endfacet
  facet normal -0.803224 -0.595677 0
    outer loop
      vertex 52.2077 72.8782 2.4
      vertex 52.0177 73.1344 6.4
      vertex 52.0177 73.1344 2.4
    endloop
  endfacet
  facet normal -0.803224 -0.595677 0
    outer loop
      vertex 52.0177 73.1344 6.4
      vertex 52.2077 72.8782 2.4
      vertex 52.2077 72.8782 6.4
    endloop
  endfacet
  facet normal -0.903936 0.427668 0
    outer loop
      vertex 51.7174 76.1837 2.4
      vertex 51.8538 76.472 6.4
      vertex 51.8538 76.472 2.4
    endloop
  endfacet
  facet normal -0.903936 0.427668 0
    outer loop
      vertex 51.8538 76.472 6.4
      vertex 51.7174 76.1837 2.4
      vertex 51.7174 76.1837 6.4
    endloop
  endfacet
  facet normal -0.98917 -0.146776 0
    outer loop
      vertex 51.5324 74.306 2.4
      vertex 51.4856 74.6214 6.4
      vertex 51.4856 74.6214 2.4
    endloop
  endfacet
  facet normal -0.98917 -0.146776 0
    outer loop
      vertex 51.4856 74.6214 6.4
      vertex 51.5324 74.306 2.4
      vertex 51.5324 74.306 6.4
    endloop
  endfacet
  facet normal 0.242683 0.970106 -0
    outer loop
      vertex 55.6634 78.0501 2.4
      vertex 55.354 78.1275 6.4
      vertex 55.6634 78.0501 6.4
    endloop
  endfacet
  facet normal 0.242683 0.970106 0
    outer loop
      vertex 55.354 78.1275 6.4
      vertex 55.6634 78.0501 2.4
      vertex 55.354 78.1275 2.4
    endloop
  endfacet
  facet normal 0.513896 -0.857852 0
    outer loop
      vertex 56.252 72.0738 2.4
      vertex 56.5256 72.2377 6.4
      vertex 56.252 72.0738 6.4
    endloop
  endfacet
  facet normal 0.513896 -0.857852 0
    outer loop
      vertex 56.5256 72.2377 6.4
      vertex 56.252 72.0738 2.4
      vertex 56.5256 72.2377 2.4
    endloop
  endfacet
  facet normal -0.671611 -0.740904 0
    outer loop
      vertex 52.4219 72.6419 2.4
      vertex 52.6582 72.4277 6.4
      vertex 52.4219 72.6419 6.4
    endloop
  endfacet
  facet normal -0.671611 -0.740904 -0
    outer loop
      vertex 52.6582 72.4277 6.4
      vertex 52.4219 72.6419 2.4
      vertex 52.6582 72.4277 2.4
    endloop
  endfacet
  facet normal -0.0492184 -0.998788 0
    outer loop
      vertex 54.4014 71.7057 2.4
      vertex 54.72 71.69 6.4
      vertex 54.4014 71.7057 6.4
    endloop
  endfacet
  facet normal -0.0492184 -0.998788 -0
    outer loop
      vertex 54.72 71.69 6.4
      vertex 54.4014 71.7057 2.4
      vertex 54.72 71.69 2.4
    endloop
  endfacet
  facet normal 0 0 1
    outer loop
      vertex 56.07 74.94 6.4
      vertex 57.97 74.94 6.4
      vertex 57.9543 75.2586 6.4
    endloop
  endfacet
  facet normal 0 0 1
    outer loop
      vertex 56.0635 75.0723 6.4
      vertex 57.9543 75.2586 6.4
      vertex 57.9076 75.574 6.4
    endloop
  endfacet
  facet normal 0 0 1
    outer loop
      vertex 57.97 74.94 6.4
      vertex 56.07 74.94 6.4
      vertex 57.9543 74.6214 6.4
    endloop
  endfacet
  facet normal 0 0 1
    outer loop
      vertex 56.0441 75.2034 6.4
      vertex 57.9076 75.574 6.4
      vertex 57.8301 75.8834 6.4
    endloop
  endfacet
  facet normal -0 0 1
    outer loop
      vertex 56.0635 74.8077 6.4
      vertex 57.9543 74.6214 6.4
      vertex 56.07 74.94 6.4
    endloop
  endfacet
  facet normal 0 0 1
    outer loop
      vertex 56.0119 75.3319 6.4
      vertex 57.8301 75.8834 6.4
      vertex 57.7226 76.1837 6.4
    endloop
  endfacet
  facet normal 0 0 1
    outer loop
      vertex 57.9543 74.6214 6.4
      vertex 56.0635 74.8077 6.4
      vertex 57.9076 74.306 6.4
    endloop
  endfacet
  facet normal 0 0 1
    outer loop
      vertex 55.9672 75.4566 6.4
      vertex 57.7226 76.1837 6.4
      vertex 57.5862 76.472 6.4
    endloop
  endfacet
  facet normal -0 0 1
    outer loop
      vertex 56.0441 74.6766 6.4
      vertex 57.9076 74.306 6.4
      vertex 56.0635 74.8077 6.4
    endloop
  endfacet
  facet normal 0 0 1
    outer loop
      vertex 55.9106 75.5764 6.4
      vertex 57.5862 76.472 6.4
      vertex 57.4223 76.7456 6.4
    endloop
  endfacet
  facet normal 0 0 1
    outer loop
      vertex 57.9076 74.306 6.4
      vertex 56.0441 74.6766 6.4
      vertex 57.8301 73.9966 6.4
    endloop
  endfacet
  facet normal 0 0 1
    outer loop
      vertex 55.8425 75.69 6.4
      vertex 57.4223 76.7456 6.4
      vertex 57.2323 77.0018 6.4
    endloop
  endfacet
  facet normal -0 0 1
    outer loop
      vertex 56.0119 74.5481 6.4
      vertex 57.8301 73.9966 6.4
      vertex 56.0441 74.6766 6.4
    endloop
  endfacet
  facet normal 0 0 1
    outer loop
      vertex 55.7636 75.7964 6.4
      vertex 57.2323 77.0018 6.4
      vertex 57.0181 77.2381 6.4
    endloop
  endfacet
  facet normal 0 0 1
    outer loop
      vertex 57.8301 73.9966 6.4
      vertex 56.0119 74.5481 6.4
      vertex 57.7226 73.6963 6.4
    endloop
  endfacet
  facet normal 0 0 1
    outer loop
      vertex 55.6746 75.8946 6.4
      vertex 57.0181 77.2381 6.4
      vertex 56.7818 77.4523 6.4
    endloop
  endfacet
  facet normal -0 0 1
    outer loop
      vertex 55.9672 74.4234 6.4
      vertex 57.7226 73.6963 6.4
      vertex 56.0119 74.5481 6.4
    endloop
  endfacet
  facet normal 0 0 1
    outer loop
      vertex 55.5764 75.9836 6.4
      vertex 56.7818 77.4523 6.4
      vertex 56.5256 77.6423 6.4
    endloop
  endfacet
  facet normal 0 0 1
    outer loop
      vertex 57.7226 73.6963 6.4
      vertex 55.9672 74.4234 6.4
      vertex 57.5862 73.408 6.4
    endloop
  endfacet
  facet normal 0 0 1
    outer loop
      vertex 55.47 76.0625 6.4
      vertex 56.5256 77.6423 6.4
      vertex 56.252 77.8062 6.4
    endloop
  endfacet
  facet normal -0 0 1
    outer loop
      vertex 55.9106 74.3036 6.4
      vertex 57.5862 73.408 6.4
      vertex 55.9672 74.4234 6.4
    endloop
  endfacet
  facet normal 0 0 1
    outer loop
      vertex 57.5862 73.408 6.4
      vertex 55.9106 74.3036 6.4
      vertex 57.4223 73.1344 6.4
    endloop
  endfacet
  facet normal 0 0 1
    outer loop
      vertex 57.9543 75.2586 6.4
      vertex 56.0635 75.0723 6.4
      vertex 56.07 74.94 6.4
    endloop
  endfacet
  facet normal 0 0 1
    outer loop
      vertex 57.9076 75.574 6.4
      vertex 56.0441 75.2034 6.4
      vertex 56.0635 75.0723 6.4
    endloop
  endfacet
  facet normal 0 0 1
    outer loop
      vertex 57.8301 75.8834 6.4
      vertex 56.0119 75.3319 6.4
      vertex 56.0441 75.2034 6.4
    endloop
  endfacet
  facet normal 0 0 1
    outer loop
      vertex 57.7226 76.1837 6.4
      vertex 55.9672 75.4566 6.4
      vertex 56.0119 75.3319 6.4
    endloop
  endfacet
  facet normal 0 0 1
    outer loop
      vertex 55.3564 76.1306 6.4
      vertex 56.252 77.8062 6.4
      vertex 55.9637 77.9426 6.4
    endloop
  endfacet
  facet normal 0 0 1
    outer loop
      vertex 57.5862 76.472 6.4
      vertex 55.9106 75.5764 6.4
      vertex 55.9672 75.4566 6.4
    endloop
  endfacet
  facet normal 0 0 1
    outer loop
      vertex 57.4223 76.7456 6.4
      vertex 55.8425 75.69 6.4
      vertex 55.9106 75.5764 6.4
    endloop
  endfacet
  facet normal 0 0 1
    outer loop
      vertex 57.2323 77.0018 6.4
      vertex 55.7636 75.7964 6.4
      vertex 55.8425 75.69 6.4
    endloop
  endfacet
  facet normal 0 0 1
    outer loop
      vertex 57.0181 77.2381 6.4
      vertex 55.6746 75.8946 6.4
      vertex 55.7636 75.7964 6.4
    endloop
  endfacet
  facet normal 0 0 1
    outer loop
      vertex 55.2366 76.1872 6.4
      vertex 55.9637 77.9426 6.4
      vertex 55.6634 78.0501 6.4
    endloop
  endfacet
  facet normal 0 0 1
    outer loop
      vertex 56.7818 77.4523 6.4
      vertex 55.5764 75.9836 6.4
      vertex 55.6746 75.8946 6.4
    endloop
  endfacet
  facet normal 0 0 1
    outer loop
      vertex 56.5256 77.6423 6.4
      vertex 55.47 76.0625 6.4
      vertex 55.5764 75.9836 6.4
    endloop
  endfacet
  facet normal 0 0 1
    outer loop
      vertex 56.252 77.8062 6.4
      vertex 55.3564 76.1306 6.4
      vertex 55.47 76.0625 6.4
    endloop
  endfacet
  facet normal 0 0 1
    outer loop
      vertex 55.1119 76.2319 6.4
      vertex 55.6634 78.0501 6.4
      vertex 55.354 78.1275 6.4
    endloop
  endfacet
  facet normal 0 0 1
    outer loop
      vertex 55.9637 77.9426 6.4
      vertex 55.2366 76.1872 6.4
      vertex 55.3564 76.1306 6.4
    endloop
  endfacet
  facet normal 0 0 1
    outer loop
      vertex 55.6634 78.0501 6.4
      vertex 55.1119 76.2319 6.4
      vertex 55.2366 76.1872 6.4
    endloop
  endfacet
  facet normal 0 0 1
    outer loop
      vertex 54.9834 76.2641 6.4
      vertex 55.354 78.1275 6.4
      vertex 55.0386 78.1743 6.4
    endloop
  endfacet
  facet normal 0 0 1
    outer loop
      vertex 55.354 78.1275 6.4
      vertex 54.9834 76.2641 6.4
      vertex 55.1119 76.2319 6.4
    endloop
  endfacet
  facet normal 0 0 1
    outer loop
      vertex 55.0386 78.1743 6.4
      vertex 54.8523 76.2835 6.4
      vertex 54.9834 76.2641 6.4
    endloop
  endfacet
  facet normal 0 0 1
    outer loop
      vertex 54.72 78.19 6.4
      vertex 54.8523 76.2835 6.4
      vertex 55.0386 78.1743 6.4
    endloop
  endfacet
  facet normal 0 0 1
    outer loop
      vertex 54.72 78.19 6.4
      vertex 54.72 76.29 6.4
      vertex 54.8523 76.2835 6.4
    endloop
  endfacet
  facet normal 0 0 1
    outer loop
      vertex 54.72 78.19 6.4
      vertex 54.5877 76.2835 6.4
      vertex 54.72 76.29 6.4
    endloop
  endfacet
  facet normal -0 0 1
    outer loop
      vertex 54.4014 78.1743 6.4
      vertex 54.5877 76.2835 6.4
      vertex 54.72 78.19 6.4
    endloop
  endfacet
  facet normal 0 0 1
    outer loop
      vertex 54.5877 76.2835 6.4
      vertex 54.4014 78.1743 6.4
      vertex 54.4566 76.2641 6.4
    endloop
  endfacet
  facet normal -0 0 1
    outer loop
      vertex 54.086 78.1275 6.4
      vertex 54.4566 76.2641 6.4
      vertex 54.4014 78.1743 6.4
    endloop
  endfacet
  facet normal 0 0 1
    outer loop
      vertex 54.4566 76.2641 6.4
      vertex 54.086 78.1275 6.4
      vertex 54.3281 76.2319 6.4
    endloop
  endfacet
  facet normal -0 0 1
    outer loop
      vertex 53.7766 78.0501 6.4
      vertex 54.3281 76.2319 6.4
      vertex 54.086 78.1275 6.4
    endloop
  endfacet
  facet normal 0 0 1
    outer loop
      vertex 54.3281 76.2319 6.4
      vertex 53.7766 78.0501 6.4
      vertex 54.2034 76.1872 6.4
    endloop
  endfacet
  facet normal -0 0 1
    outer loop
      vertex 53.4763 77.9426 6.4
      vertex 54.2034 76.1872 6.4
      vertex 53.7766 78.0501 6.4
    endloop
  endfacet
  facet normal 0 0 1
    outer loop
      vertex 54.2034 76.1872 6.4
      vertex 53.4763 77.9426 6.4
      vertex 54.0836 76.1306 6.4
    endloop
  endfacet
  facet normal -0 0 1
    outer loop
      vertex 53.188 77.8062 6.4
      vertex 54.0836 76.1306 6.4
      vertex 53.4763 77.9426 6.4
    endloop
  endfacet
  facet normal 0 0 1
    outer loop
      vertex 54.0836 76.1306 6.4
      vertex 53.188 77.8062 6.4
      vertex 53.97 76.0625 6.4
    endloop
  endfacet
  facet normal -0 0 1
    outer loop
      vertex 52.9144 77.6423 6.4
      vertex 53.97 76.0625 6.4
      vertex 53.188 77.8062 6.4
    endloop
  endfacet
  facet normal 0 0 1
    outer loop
      vertex 53.97 76.0625 6.4
      vertex 52.9144 77.6423 6.4
      vertex 53.8636 75.9836 6.4
    endloop
  endfacet
  facet normal -0 0 1
    outer loop
      vertex 52.6582 77.4523 6.4
      vertex 53.8636 75.9836 6.4
      vertex 52.9144 77.6423 6.4
    endloop
  endfacet
  facet normal 0 0 1
    outer loop
      vertex 53.8636 75.9836 6.4
      vertex 52.6582 77.4523 6.4
      vertex 53.7654 75.8946 6.4
    endloop
  endfacet
  facet normal -0 0 1
    outer loop
      vertex 52.4219 77.2381 6.4
      vertex 53.7654 75.8946 6.4
      vertex 52.6582 77.4523 6.4
    endloop
  endfacet
  facet normal 0 0 1
    outer loop
      vertex 53.7654 75.8946 6.4
      vertex 52.4219 77.2381 6.4
      vertex 53.6764 75.7964 6.4
    endloop
  endfacet
  facet normal -0 0 1
    outer loop
      vertex 52.2077 77.0018 6.4
      vertex 53.6764 75.7964 6.4
      vertex 52.4219 77.2381 6.4
    endloop
  endfacet
  facet normal 0 0 1
    outer loop
      vertex 53.6764 75.7964 6.4
      vertex 52.2077 77.0018 6.4
      vertex 53.5975 75.69 6.4
    endloop
  endfacet
  facet normal -0 0 1
    outer loop
      vertex 52.0177 76.7456 6.4
      vertex 53.5975 75.69 6.4
      vertex 52.2077 77.0018 6.4
    endloop
  endfacet
  facet normal 0 0 1
    outer loop
      vertex 53.5975 75.69 6.4
      vertex 52.0177 76.7456 6.4
      vertex 53.5294 75.5764 6.4
    endloop
  endfacet
  facet normal -0 0 1
    outer loop
      vertex 55.8425 74.19 6.4
      vertex 57.4223 73.1344 6.4
      vertex 55.9106 74.3036 6.4
    endloop
  endfacet
  facet normal 0 0 1
    outer loop
      vertex 57.4223 73.1344 6.4
      vertex 55.8425 74.19 6.4
      vertex 57.2323 72.8782 6.4
    endloop
  endfacet
  facet normal -0 0 1
    outer loop
      vertex 55.7636 74.0836 6.4
      vertex 57.2323 72.8782 6.4
      vertex 55.8425 74.19 6.4
    endloop
  endfacet
  facet normal 0 0 1
    outer loop
      vertex 57.2323 72.8782 6.4
      vertex 55.7636 74.0836 6.4
      vertex 57.0181 72.6419 6.4
    endloop
  endfacet
  facet normal -0 0 1
    outer loop
      vertex 55.6746 73.9854 6.4
      vertex 57.0181 72.6419 6.4
      vertex 55.7636 74.0836 6.4
    endloop
  endfacet
  facet normal 0 0 1
    outer loop
      vertex 57.0181 72.6419 6.4
      vertex 55.6746 73.9854 6.4
      vertex 56.7818 72.4277 6.4
    endloop
  endfacet
  facet normal -0 0 1
    outer loop
      vertex 55.5764 73.8964 6.4
      vertex 56.7818 72.4277 6.4
      vertex 55.6746 73.9854 6.4
    endloop
  endfacet
  facet normal 0 0 1
    outer loop
      vertex 56.7818 72.4277 6.4
      vertex 55.5764 73.8964 6.4
      vertex 56.5256 72.2377 6.4
    endloop
  endfacet
  facet normal -0 0 1
    outer loop
      vertex 55.47 73.8175 6.4
      vertex 56.5256 72.2377 6.4
      vertex 55.5764 73.8964 6.4
    endloop
  endfacet
  facet normal 0 0 1
    outer loop
      vertex 56.5256 72.2377 6.4
      vertex 55.47 73.8175 6.4
      vertex 56.252 72.0738 6.4
    endloop
  endfacet
  facet normal -0 0 1
    outer loop
      vertex 55.3564 73.7494 6.4
      vertex 56.252 72.0738 6.4
      vertex 55.47 73.8175 6.4
    endloop
  endfacet
  facet normal 0 0 1
    outer loop
      vertex 56.252 72.0738 6.4
      vertex 55.3564 73.7494 6.4
      vertex 55.9637 71.9374 6.4
    endloop
  endfacet
  facet normal -0 0 1
    outer loop
      vertex 55.2366 73.6928 6.4
      vertex 55.9637 71.9374 6.4
      vertex 55.3564 73.7494 6.4
    endloop
  endfacet
  facet normal 0 0 1
    outer loop
      vertex 55.9637 71.9374 6.4
      vertex 55.2366 73.6928 6.4
      vertex 55.6634 71.8299 6.4
    endloop
  endfacet
  facet normal -0 0 1
    outer loop
      vertex 55.1119 73.6481 6.4
      vertex 55.6634 71.8299 6.4
      vertex 55.2366 73.6928 6.4
    endloop
  endfacet
  facet normal 0 0 1
    outer loop
      vertex 55.6634 71.8299 6.4
      vertex 55.1119 73.6481 6.4
      vertex 55.354 71.7524 6.4
    endloop
  endfacet
  facet normal -0 0 1
    outer loop
      vertex 54.9834 73.6159 6.4
      vertex 55.354 71.7524 6.4
      vertex 55.1119 73.6481 6.4
    endloop
  endfacet
  facet normal 0 0 1
    outer loop
      vertex 55.354 71.7524 6.4
      vertex 54.9834 73.6159 6.4
      vertex 55.0386 71.7057 6.4
    endloop
  endfacet
  facet normal -0 0 1
    outer loop
      vertex 54.8523 73.5965 6.4
      vertex 55.0386 71.7057 6.4
      vertex 54.9834 73.6159 6.4
    endloop
  endfacet
  facet normal -0 0 1
    outer loop
      vertex 54.72 73.59 6.4
      vertex 55.0386 71.7057 6.4
      vertex 54.8523 73.5965 6.4
    endloop
  endfacet
  facet normal 0 0 1
    outer loop
      vertex 54.72 73.59 6.4
      vertex 54.72 71.69 6.4
      vertex 55.0386 71.7057 6.4
    endloop
  endfacet
  facet normal 0 0 1
    outer loop
      vertex 54.5877 73.5965 6.4
      vertex 54.72 71.69 6.4
      vertex 54.72 73.59 6.4
    endloop
  endfacet
  facet normal 0 0 1
    outer loop
      vertex 54.4014 71.7057 6.4
      vertex 54.5877 73.5965 6.4
      vertex 54.4566 73.6159 6.4
    endloop
  endfacet
  facet normal 0 0 1
    outer loop
      vertex 54.5877 73.5965 6.4
      vertex 54.4014 71.7057 6.4
      vertex 54.72 71.69 6.4
    endloop
  endfacet
  facet normal 0 0 1
    outer loop
      vertex 54.086 71.7524 6.4
      vertex 54.4566 73.6159 6.4
      vertex 54.3281 73.6481 6.4
    endloop
  endfacet
  facet normal 0 0 1
    outer loop
      vertex 53.7766 71.8299 6.4
      vertex 54.3281 73.6481 6.4
      vertex 54.2034 73.6928 6.4
    endloop
  endfacet
  facet normal 0 0 1
    outer loop
      vertex 54.4566 73.6159 6.4
      vertex 54.086 71.7524 6.4
      vertex 54.4014 71.7057 6.4
    endloop
  endfacet
  facet normal 0 0 1
    outer loop
      vertex 53.4763 71.9374 6.4
      vertex 54.2034 73.6928 6.4
      vertex 54.0836 73.7494 6.4
    endloop
  endfacet
  facet normal 0 0 1
    outer loop
      vertex 53.188 72.0738 6.4
      vertex 54.0836 73.7494 6.4
      vertex 53.97 73.8175 6.4
    endloop
  endfacet
  facet normal 0 0 1
    outer loop
      vertex 52.9144 72.2377 6.4
      vertex 53.97 73.8175 6.4
      vertex 53.8636 73.8964 6.4
    endloop
  endfacet
  facet normal 0 0 1
    outer loop
      vertex 54.3281 73.6481 6.4
      vertex 53.7766 71.8299 6.4
      vertex 54.086 71.7524 6.4
    endloop
  endfacet
  facet normal 0 0 1
    outer loop
      vertex 52.6582 72.4277 6.4
      vertex 53.8636 73.8964 6.4
      vertex 53.7654 73.9854 6.4
    endloop
  endfacet
  facet normal 0 0 1
    outer loop
      vertex 52.4219 72.6419 6.4
      vertex 53.7654 73.9854 6.4
      vertex 53.6764 74.0836 6.4
    endloop
  endfacet
  facet normal 0 0 1
    outer loop
      vertex 52.2077 72.8782 6.4
      vertex 53.6764 74.0836 6.4
      vertex 53.5975 74.19 6.4
    endloop
  endfacet
  facet normal 0 0 1
    outer loop
      vertex 52.0177 73.1344 6.4
      vertex 53.5975 74.19 6.4
      vertex 53.5294 74.3036 6.4
    endloop
  endfacet
  facet normal 0 0 1
    outer loop
      vertex 54.2034 73.6928 6.4
      vertex 53.4763 71.9374 6.4
      vertex 53.7766 71.8299 6.4
    endloop
  endfacet
  facet normal 0 0 1
    outer loop
      vertex 51.8538 73.408 6.4
      vertex 53.5294 74.3036 6.4
      vertex 53.4728 74.4234 6.4
    endloop
  endfacet
  facet normal 0 0 1
    outer loop
      vertex 51.7174 73.6963 6.4
      vertex 53.4728 74.4234 6.4
      vertex 53.4281 74.5481 6.4
    endloop
  endfacet
  facet normal 0 0 1
    outer loop
      vertex 51.6099 73.9966 6.4
      vertex 53.4281 74.5481 6.4
      vertex 53.3959 74.6766 6.4
    endloop
  endfacet
  facet normal 0 0 1
    outer loop
      vertex 51.5324 74.306 6.4
      vertex 53.3959 74.6766 6.4
      vertex 53.3765 74.8077 6.4
    endloop
  endfacet
  facet normal 0 0 1
    outer loop
      vertex 51.4856 74.6214 6.4
      vertex 53.3765 74.8077 6.4
      vertex 53.37 74.94 6.4
    endloop
  endfacet
  facet normal -0 0 1
    outer loop
      vertex 51.8538 76.472 6.4
      vertex 53.5294 75.5764 6.4
      vertex 52.0177 76.7456 6.4
    endloop
  endfacet
  facet normal 0 0 1
    outer loop
      vertex 54.0836 73.7494 6.4
      vertex 53.188 72.0738 6.4
      vertex 53.4763 71.9374 6.4
    endloop
  endfacet
  facet normal 0 0 1
    outer loop
      vertex 53.5294 75.5764 6.4
      vertex 51.8538 76.472 6.4
      vertex 53.4728 75.4566 6.4
    endloop
  endfacet
  facet normal 0 0 1
    outer loop
      vertex 53.97 73.8175 6.4
      vertex 52.9144 72.2377 6.4
      vertex 53.188 72.0738 6.4
    endloop
  endfacet
  facet normal -0 0 1
    outer loop
      vertex 51.7174 76.1837 6.4
      vertex 53.4728 75.4566 6.4
      vertex 51.8538 76.472 6.4
    endloop
  endfacet
  facet normal 0 0 1
    outer loop
      vertex 53.8636 73.8964 6.4
      vertex 52.6582 72.4277 6.4
      vertex 52.9144 72.2377 6.4
    endloop
  endfacet
  facet normal 0 0 1
    outer loop
      vertex 53.4728 75.4566 6.4
      vertex 51.7174 76.1837 6.4
      vertex 53.4281 75.3319 6.4
    endloop
  endfacet
  facet normal 0 0 1
    outer loop
      vertex 53.7654 73.9854 6.4
      vertex 52.4219 72.6419 6.4
      vertex 52.6582 72.4277 6.4
    endloop
  endfacet
  facet normal -0 0 1
    outer loop
      vertex 51.6099 75.8834 6.4
      vertex 53.4281 75.3319 6.4
      vertex 51.7174 76.1837 6.4
    endloop
  endfacet
  facet normal 0 0 1
    outer loop
      vertex 53.6764 74.0836 6.4
      vertex 52.2077 72.8782 6.4
      vertex 52.4219 72.6419 6.4
    endloop
  endfacet
  facet normal 0 0 1
    outer loop
      vertex 53.4281 75.3319 6.4
      vertex 51.6099 75.8834 6.4
      vertex 53.3959 75.2034 6.4
    endloop
  endfacet
  facet normal 0 0 1
    outer loop
      vertex 53.5975 74.19 6.4
      vertex 52.0177 73.1344 6.4
      vertex 52.2077 72.8782 6.4
    endloop
  endfacet
  facet normal -0 0 1
    outer loop
      vertex 51.5324 75.574 6.4
      vertex 53.3959 75.2034 6.4
      vertex 51.6099 75.8834 6.4
    endloop
  endfacet
  facet normal 0 0 1
    outer loop
      vertex 53.5294 74.3036 6.4
      vertex 51.8538 73.408 6.4
      vertex 52.0177 73.1344 6.4
    endloop
  endfacet
  facet normal 0 0 1
    outer loop
      vertex 53.3959 75.2034 6.4
      vertex 51.5324 75.574 6.4
      vertex 53.3765 75.0723 6.4
    endloop
  endfacet
  facet normal 0 0 1
    outer loop
      vertex 53.4728 74.4234 6.4
      vertex 51.7174 73.6963 6.4
      vertex 51.8538 73.408 6.4
    endloop
  endfacet
  facet normal -0 0 1
    outer loop
      vertex 51.4856 75.2586 6.4
      vertex 53.3765 75.0723 6.4
      vertex 51.5324 75.574 6.4
    endloop
  endfacet
  facet normal 0 0 1
    outer loop
      vertex 53.4281 74.5481 6.4
      vertex 51.6099 73.9966 6.4
      vertex 51.7174 73.6963 6.4
    endloop
  endfacet
  facet normal 0 0 1
    outer loop
      vertex 53.3765 75.0723 6.4
      vertex 51.4856 75.2586 6.4
      vertex 53.37 74.94 6.4
    endloop
  endfacet
  facet normal 0 0 1
    outer loop
      vertex 53.3959 74.6766 6.4
      vertex 51.5324 74.306 6.4
      vertex 51.6099 73.9966 6.4
    endloop
  endfacet
  facet normal 0 0 1
    outer loop
      vertex 51.47 74.94 6.4
      vertex 53.37 74.94 6.4
      vertex 51.4856 75.2586 6.4
    endloop
  endfacet
  facet normal 0 0 1
    outer loop
      vertex 53.3765 74.8077 6.4
      vertex 51.4856 74.6214 6.4
      vertex 51.5324 74.306 6.4
    endloop
  endfacet
  facet normal 0 0 1
    outer loop
      vertex 53.37 74.94 6.4
      vertex 51.47 74.94 6.4
      vertex 51.4856 74.6214 6.4
    endloop
  endfacet
  facet normal -0.998803 0.0489056 0
    outer loop
      vertex 51.47 74.94 2.4
      vertex 51.4856 75.2586 6.4
      vertex 51.4856 75.2586 2.4
    endloop
  endfacet
  facet normal -0.998803 0.0489056 0
    outer loop
      vertex 51.4856 75.2586 6.4
      vertex 51.47 74.94 2.4
      vertex 51.47 74.94 6.4
    endloop
  endfacet
  facet normal 0.671611 -0.740904 0
    outer loop
      vertex 56.7818 72.4277 2.4
      vertex 57.0181 72.6419 6.4
      vertex 56.7818 72.4277 6.4
    endloop
  endfacet
  facet normal 0.671611 -0.740904 0
    outer loop
      vertex 57.0181 72.6419 6.4
      vertex 56.7818 72.4277 2.4
      vertex 57.0181 72.6419 2.4
    endloop
  endfacet
  facet normal -0.989228 -0.146385 0
    outer loop
      vertex 56.0635 75.0723 2.4
      vertex 56.0441 75.2034 6.4
      vertex 56.0441 75.2034 2.4
    endloop
  endfacet
  facet normal -0.989228 -0.146385 0
    outer loop
      vertex 56.0441 75.2034 6.4
      vertex 56.0635 75.0723 2.4
      vertex 56.0635 75.0723 6.4
    endloop
  endfacet
  facet normal -0.998795 -0.0490716 0
    outer loop
      vertex 56.07 74.94 2.4
      vertex 56.0635 75.0723 6.4
      vertex 56.0635 75.0723 2.4
    endloop
  endfacet
  facet normal -0.998795 -0.0490716 0
    outer loop
      vertex 56.0635 75.0723 6.4
      vertex 56.07 74.94 2.4
      vertex 56.07 74.94 6.4
    endloop
  endfacet
  facet normal -0.970009 -0.243068 0
    outer loop
      vertex 56.0441 75.2034 2.4
      vertex 56.0119 75.3319 6.4
      vertex 56.0119 75.3319 2.4
    endloop
  endfacet
  facet normal -0.970009 -0.243068 0
    outer loop
      vertex 56.0119 75.3319 6.4
      vertex 56.0441 75.2034 2.4
      vertex 56.0441 75.2034 6.4
    endloop
  endfacet
  facet normal -0.337436 -0.941348 0
    outer loop
      vertex 55.1119 76.2319 2.4
      vertex 55.2366 76.1872 6.4
      vertex 55.1119 76.2319 6.4
    endloop
  endfacet
  facet normal -0.337436 -0.941348 -0
    outer loop
      vertex 55.2366 76.1872 6.4
      vertex 55.1119 76.2319 2.4
      vertex 55.2366 76.1872 2.4
    endloop
  endfacet
  facet normal -0.989228 0.146385 0
    outer loop
      vertex 56.0441 74.6766 2.4
      vertex 56.0635 74.8077 6.4
      vertex 56.0635 74.8077 2.4
    endloop
  endfacet
  facet normal -0.989228 0.146385 0
    outer loop
      vertex 56.0635 74.8077 6.4
      vertex 56.0441 74.6766 2.4
      vertex 56.0441 74.6766 6.4
    endloop
  endfacet
  facet normal -0.803249 -0.595643 0
    outer loop
      vertex 55.8425 75.69 2.4
      vertex 55.7636 75.7964 6.4
      vertex 55.7636 75.7964 2.4
    endloop
  endfacet
  facet normal -0.803249 -0.595643 0
    outer loop
      vertex 55.7636 75.7964 6.4
      vertex 55.8425 75.69 2.4
      vertex 55.8425 75.69 6.4
    endloop
  endfacet
  facet normal -0.595643 -0.803249 0
    outer loop
      vertex 55.47 76.0625 2.4
      vertex 55.5764 75.9836 6.4
      vertex 55.47 76.0625 6.4
    endloop
  endfacet
  facet normal -0.595643 -0.803249 -0
    outer loop
      vertex 55.5764 75.9836 6.4
      vertex 55.47 76.0625 2.4
      vertex 55.5764 75.9836 2.4
    endloop
  endfacet
  facet normal -0.998795 0.0490716 0
    outer loop
      vertex 56.0635 74.8077 2.4
      vertex 56.07 74.94 6.4
      vertex 56.07 74.94 2.4
    endloop
  endfacet
  facet normal -0.998795 0.0490716 0
    outer loop
      vertex 56.07 74.94 6.4
      vertex 56.0635 74.8077 2.4
      vertex 56.0635 74.8077 6.4
    endloop
  endfacet
  facet normal -0.243068 -0.970009 0
    outer loop
      vertex 54.9834 76.2641 2.4
      vertex 55.1119 76.2319 6.4
      vertex 54.9834 76.2641 6.4
    endloop
  endfacet
  facet normal -0.243068 -0.970009 -0
    outer loop
      vertex 55.1119 76.2319 6.4
      vertex 54.9834 76.2641 2.4
      vertex 55.1119 76.2319 2.4
    endloop
  endfacet
  facet normal 0.970009 -0.243068 0
    outer loop
      vertex 53.3959 75.2034 6.4
      vertex 53.4281 75.3319 2.4
      vertex 53.4281 75.3319 6.4
    endloop
  endfacet
  facet normal 0.970009 -0.243068 0
    outer loop
      vertex 53.4281 75.3319 2.4
      vertex 53.3959 75.2034 6.4
      vertex 53.3959 75.2034 2.4
    endloop
  endfacet
  facet normal 0.740963 -0.671545 0
    outer loop
      vertex 53.6764 75.7964 6.4
      vertex 53.7654 75.8946 2.4
      vertex 53.7654 75.8946 6.4
    endloop
  endfacet
  facet normal 0.740963 -0.671545 0
    outer loop
      vertex 53.7654 75.8946 2.4
      vertex 53.6764 75.7964 6.4
      vertex 53.6764 75.7964 2.4
    endloop
  endfacet
  facet normal -0.427178 -0.904168 0
    outer loop
      vertex 55.2366 76.1872 2.4
      vertex 55.3564 76.1306 6.4
      vertex 55.2366 76.1872 6.4
    endloop
  endfacet
  facet normal -0.427178 -0.904168 -0
    outer loop
      vertex 55.3564 76.1306 6.4
      vertex 55.2366 76.1872 2.4
      vertex 55.3564 76.1306 2.4
    endloop
  endfacet
  facet normal 0.904168 0.427178 0
    outer loop
      vertex 53.5294 74.3036 6.4
      vertex 53.4728 74.4234 2.4
      vertex 53.4728 74.4234 6.4
    endloop
  endfacet
  facet normal 0.904168 0.427178 0
    outer loop
      vertex 53.4728 74.4234 2.4
      vertex 53.5294 74.3036 6.4
      vertex 53.5294 74.3036 2.4
    endloop
  endfacet
  facet normal -0.671545 0.740963 0
    outer loop
      vertex 55.6746 73.9854 2.4
      vertex 55.5764 73.8964 6.4
      vertex 55.6746 73.9854 6.4
    endloop
  endfacet
  facet normal -0.671545 0.740963 0
    outer loop
      vertex 55.5764 73.8964 6.4
      vertex 55.6746 73.9854 2.4
      vertex 55.5764 73.8964 2.4
    endloop
  endfacet
  facet normal 0.595643 0.803249 -0
    outer loop
      vertex 53.97 73.8175 2.4
      vertex 53.8636 73.8964 6.4
      vertex 53.97 73.8175 6.4
    endloop
  endfacet
  facet normal 0.595643 0.803249 0
    outer loop
      vertex 53.8636 73.8964 6.4
      vertex 53.97 73.8175 2.4
      vertex 53.8636 73.8964 2.4
    endloop
  endfacet
  facet normal -0.941348 -0.337436 0
    outer loop
      vertex 56.0119 75.3319 2.4
      vertex 55.9672 75.4566 6.4
      vertex 55.9672 75.4566 2.4
    endloop
  endfacet
  facet normal -0.941348 -0.337436 0
    outer loop
      vertex 55.9672 75.4566 6.4
      vertex 56.0119 75.3319 2.4
      vertex 56.0119 75.3319 6.4
    endloop
  endfacet
  facet normal 0.803249 0.595643 0
    outer loop
      vertex 53.6764 74.0836 6.4
      vertex 53.5975 74.19 2.4
      vertex 53.5975 74.19 6.4
    endloop
  endfacet
  facet normal 0.803249 0.595643 0
    outer loop
      vertex 53.5975 74.19 2.4
      vertex 53.6764 74.0836 6.4
      vertex 53.6764 74.0836 2.4
    endloop
  endfacet
  facet normal 0.998795 0.0490716 0
    outer loop
      vertex 53.3765 74.8077 6.4
      vertex 53.37 74.94 2.4
      vertex 53.37 74.94 6.4
    endloop
  endfacet
  facet normal 0.998795 0.0490716 0
    outer loop
      vertex 53.37 74.94 2.4
      vertex 53.3765 74.8077 6.4
      vertex 53.3765 74.8077 2.4
    endloop
  endfacet
  facet normal -0.337436 0.941348 0
    outer loop
      vertex 55.2366 73.6928 2.4
      vertex 55.1119 73.6481 6.4
      vertex 55.2366 73.6928 6.4
    endloop
  endfacet
  facet normal -0.337436 0.941348 0
    outer loop
      vertex 55.1119 73.6481 6.4
      vertex 55.2366 73.6928 2.4
      vertex 55.1119 73.6481 2.4
    endloop
  endfacet
  facet normal 0.0490716 -0.998795 0
    outer loop
      vertex 54.5877 76.2835 2.4
      vertex 54.72 76.29 6.4
      vertex 54.5877 76.2835 6.4
    endloop
  endfacet
  facet normal 0.0490716 -0.998795 0
    outer loop
      vertex 54.72 76.29 6.4
      vertex 54.5877 76.2835 2.4
      vertex 54.72 76.29 2.4
    endloop
  endfacet
  facet normal -0.595643 0.803249 0
    outer loop
      vertex 55.5764 73.8964 2.4
      vertex 55.47 73.8175 6.4
      vertex 55.5764 73.8964 6.4
    endloop
  endfacet
  facet normal -0.595643 0.803249 0
    outer loop
      vertex 55.47 73.8175 6.4
      vertex 55.5764 73.8964 2.4
      vertex 55.47 73.8175 2.4
    endloop
  endfacet
  facet normal 0.740963 0.671545 0
    outer loop
      vertex 53.7654 73.9854 6.4
      vertex 53.6764 74.0836 2.4
      vertex 53.6764 74.0836 6.4
    endloop
  endfacet
  facet normal 0.740963 0.671545 0
    outer loop
      vertex 53.6764 74.0836 2.4
      vertex 53.7654 73.9854 6.4
      vertex 53.7654 73.9854 2.4
    endloop
  endfacet
  facet normal -0.803249 0.595643 0
    outer loop
      vertex 55.7636 74.0836 2.4
      vertex 55.8425 74.19 6.4
      vertex 55.8425 74.19 2.4
    endloop
  endfacet
  facet normal -0.803249 0.595643 0
    outer loop
      vertex 55.8425 74.19 6.4
      vertex 55.7636 74.0836 2.4
      vertex 55.7636 74.0836 6.4
    endloop
  endfacet
  facet normal 0.857693 0.514163 0
    outer loop
      vertex 53.5975 74.19 6.4
      vertex 53.5294 74.3036 2.4
      vertex 53.5294 74.3036 6.4
    endloop
  endfacet
  facet normal 0.857693 0.514163 0
    outer loop
      vertex 53.5294 74.3036 2.4
      vertex 53.5975 74.19 6.4
      vertex 53.5975 74.19 2.4
    endloop
  endfacet
  facet normal -0.146385 -0.989228 0
    outer loop
      vertex 54.8523 76.2835 2.4
      vertex 54.9834 76.2641 6.4
      vertex 54.8523 76.2835 6.4
    endloop
  endfacet
  facet normal -0.146385 -0.989228 -0
    outer loop
      vertex 54.9834 76.2641 6.4
      vertex 54.8523 76.2835 2.4
      vertex 54.9834 76.2641 2.4
    endloop
  endfacet
  facet normal -0.146385 0.989228 0
    outer loop
      vertex 54.9834 73.6159 2.4
      vertex 54.8523 73.5965 6.4
      vertex 54.9834 73.6159 6.4
    endloop
  endfacet
  facet normal -0.146385 0.989228 0
    outer loop
      vertex 54.8523 73.5965 6.4
      vertex 54.9834 73.6159 2.4
      vertex 54.8523 73.5965 2.4
    endloop
  endfacet
  facet normal 0.146385 0.989228 -0
    outer loop
      vertex 54.5877 73.5965 2.4
      vertex 54.4566 73.6159 6.4
      vertex 54.5877 73.5965 6.4
    endloop
  endfacet
  facet normal 0.146385 0.989228 0
    outer loop
      vertex 54.4566 73.6159 6.4
      vertex 54.5877 73.5965 2.4
      vertex 54.4566 73.6159 2.4
    endloop
  endfacet
  facet normal 0.243068 -0.970009 0
    outer loop
      vertex 54.3281 76.2319 2.4
      vertex 54.4566 76.2641 6.4
      vertex 54.3281 76.2319 6.4
    endloop
  endfacet
  facet normal 0.243068 -0.970009 0
    outer loop
      vertex 54.4566 76.2641 6.4
      vertex 54.3281 76.2319 2.4
      vertex 54.4566 76.2641 2.4
    endloop
  endfacet
  facet normal 0.998795 -0.0490716 0
    outer loop
      vertex 53.37 74.94 6.4
      vertex 53.3765 75.0723 2.4
      vertex 53.3765 75.0723 6.4
    endloop
  endfacet
  facet normal 0.998795 -0.0490716 0
    outer loop
      vertex 53.3765 75.0723 2.4
      vertex 53.37 74.94 6.4
      vertex 53.37 74.94 2.4
    endloop
  endfacet
  facet normal -0.740963 0.671545 0
    outer loop
      vertex 55.6746 73.9854 2.4
      vertex 55.7636 74.0836 6.4
      vertex 55.7636 74.0836 2.4
    endloop
  endfacet
  facet normal -0.740963 0.671545 0
    outer loop
      vertex 55.7636 74.0836 6.4
      vertex 55.6746 73.9854 2.4
      vertex 55.6746 73.9854 6.4
    endloop
  endfacet
  facet normal -0.904168 -0.427178 0
    outer loop
      vertex 55.9672 75.4566 2.4
      vertex 55.9106 75.5764 6.4
      vertex 55.9106 75.5764 2.4
    endloop
  endfacet
  facet normal -0.904168 -0.427178 0
    outer loop
      vertex 55.9106 75.5764 6.4
      vertex 55.9672 75.4566 2.4
      vertex 55.9672 75.4566 6.4
    endloop
  endfacet
  facet normal 0.146385 -0.989228 0
    outer loop
      vertex 54.4566 76.2641 2.4
      vertex 54.5877 76.2835 6.4
      vertex 54.4566 76.2641 6.4
    endloop
  endfacet
  facet normal 0.146385 -0.989228 0
    outer loop
      vertex 54.5877 76.2835 6.4
      vertex 54.4566 76.2641 2.4
      vertex 54.5877 76.2835 2.4
    endloop
  endfacet
  facet normal 0.904168 -0.427178 0
    outer loop
      vertex 53.4728 75.4566 6.4
      vertex 53.5294 75.5764 2.4
      vertex 53.5294 75.5764 6.4
    endloop
  endfacet
  facet normal 0.904168 -0.427178 0
    outer loop
      vertex 53.5294 75.5764 2.4
      vertex 53.4728 75.4566 6.4
      vertex 53.4728 75.4566 2.4
    endloop
  endfacet
  facet normal 0.337436 -0.941348 0
    outer loop
      vertex 54.2034 76.1872 2.4
      vertex 54.3281 76.2319 6.4
      vertex 54.2034 76.1872 6.4
    endloop
  endfacet
  facet normal 0.337436 -0.941348 0
    outer loop
      vertex 54.3281 76.2319 6.4
      vertex 54.2034 76.1872 2.4
      vertex 54.3281 76.2319 2.4
    endloop
  endfacet
  facet normal -0.514163 -0.857693 0
    outer loop
      vertex 55.3564 76.1306 2.4
      vertex 55.47 76.0625 6.4
      vertex 55.3564 76.1306 6.4
    endloop
  endfacet
  facet normal -0.514163 -0.857693 -0
    outer loop
      vertex 55.47 76.0625 6.4
      vertex 55.3564 76.1306 2.4
      vertex 55.47 76.0625 2.4
    endloop
  endfacet
  facet normal -0.671545 -0.740963 0
    outer loop
      vertex 55.5764 75.9836 2.4
      vertex 55.6746 75.8946 6.4
      vertex 55.5764 75.9836 6.4
    endloop
  endfacet
  facet normal -0.671545 -0.740963 -0
    outer loop
      vertex 55.6746 75.8946 6.4
      vertex 55.5764 75.9836 2.4
      vertex 55.6746 75.8946 2.4
    endloop
  endfacet
  facet normal 0.0490716 0.998795 -0
    outer loop
      vertex 54.72 73.59 2.4
      vertex 54.5877 73.5965 6.4
      vertex 54.72 73.59 6.4
    endloop
  endfacet
  facet normal 0.0490716 0.998795 0
    outer loop
      vertex 54.5877 73.5965 6.4
      vertex 54.72 73.59 2.4
      vertex 54.5877 73.5965 2.4
    endloop
  endfacet
  facet normal 0.941348 0.337436 0
    outer loop
      vertex 53.4728 74.4234 6.4
      vertex 53.4281 74.5481 2.4
      vertex 53.4281 74.5481 6.4
    endloop
  endfacet
  facet normal 0.941348 0.337436 0
    outer loop
      vertex 53.4281 74.5481 2.4
      vertex 53.4728 74.4234 6.4
      vertex 53.4728 74.4234 2.4
    endloop
  endfacet
  facet normal -0.243068 0.970009 0
    outer loop
      vertex 55.1119 73.6481 2.4
      vertex 54.9834 73.6159 6.4
      vertex 55.1119 73.6481 6.4
    endloop
  endfacet
  facet normal -0.243068 0.970009 0
    outer loop
      vertex 54.9834 73.6159 6.4
      vertex 55.1119 73.6481 2.4
      vertex 54.9834 73.6159 2.4
    endloop
  endfacet
  facet normal -0.904168 0.427178 0
    outer loop
      vertex 55.9106 74.3036 2.4
      vertex 55.9672 74.4234 6.4
      vertex 55.9672 74.4234 2.4
    endloop
  endfacet
  facet normal -0.904168 0.427178 0
    outer loop
      vertex 55.9672 74.4234 6.4
      vertex 55.9106 74.3036 2.4
      vertex 55.9106 74.3036 6.4
    endloop
  endfacet
  facet normal -0.427178 0.904168 0
    outer loop
      vertex 55.3564 73.7494 2.4
      vertex 55.2366 73.6928 6.4
      vertex 55.3564 73.7494 6.4
    endloop
  endfacet
  facet normal -0.427178 0.904168 0
    outer loop
      vertex 55.2366 73.6928 6.4
      vertex 55.3564 73.7494 2.4
      vertex 55.2366 73.6928 2.4
    endloop
  endfacet
  facet normal 0.427178 -0.904168 0
    outer loop
      vertex 54.0836 76.1306 2.4
      vertex 54.2034 76.1872 6.4
      vertex 54.0836 76.1306 6.4
    endloop
  endfacet
  facet normal 0.427178 -0.904168 0
    outer loop
      vertex 54.2034 76.1872 6.4
      vertex 54.0836 76.1306 2.4
      vertex 54.2034 76.1872 2.4
    endloop
  endfacet
  facet normal -0.0490716 -0.998795 0
    outer loop
      vertex 54.72 76.29 2.4
      vertex 54.8523 76.2835 6.4
      vertex 54.72 76.29 6.4
    endloop
  endfacet
  facet normal -0.0490716 -0.998795 -0
    outer loop
      vertex 54.8523 76.2835 6.4
      vertex 54.72 76.29 2.4
      vertex 54.8523 76.2835 2.4
    endloop
  endfacet
  facet normal 0.514163 -0.857693 0
    outer loop
      vertex 53.97 76.0625 2.4
      vertex 54.0836 76.1306 6.4
      vertex 53.97 76.0625 6.4
    endloop
  endfacet
  facet normal 0.514163 -0.857693 0
    outer loop
      vertex 54.0836 76.1306 6.4
      vertex 53.97 76.0625 2.4
      vertex 54.0836 76.1306 2.4
    endloop
  endfacet
  facet normal -0.970009 0.243068 0
    outer loop
      vertex 56.0119 74.5481 2.4
      vertex 56.0441 74.6766 6.4
      vertex 56.0441 74.6766 2.4
    endloop
  endfacet
  facet normal -0.970009 0.243068 0
    outer loop
      vertex 56.0441 74.6766 6.4
      vertex 56.0119 74.5481 2.4
      vertex 56.0119 74.5481 6.4
    endloop
  endfacet
  facet normal -0.857693 -0.514163 0
    outer loop
      vertex 55.9106 75.5764 2.4
      vertex 55.8425 75.69 6.4
      vertex 55.8425 75.69 2.4
    endloop
  endfacet
  facet normal -0.857693 -0.514163 0
    outer loop
      vertex 55.8425 75.69 6.4
      vertex 55.9106 75.5764 2.4
      vertex 55.9106 75.5764 6.4
    endloop
  endfacet
  facet normal 0.989228 0.146385 0
    outer loop
      vertex 53.3959 74.6766 6.4
      vertex 53.3765 74.8077 2.4
      vertex 53.3765 74.8077 6.4
    endloop
  endfacet
  facet normal 0.989228 0.146385 0
    outer loop
      vertex 53.3765 74.8077 2.4
      vertex 53.3959 74.6766 6.4
      vertex 53.3959 74.6766 2.4
    endloop
  endfacet
  facet normal 0.595643 -0.803249 0
    outer loop
      vertex 53.8636 75.9836 2.4
      vertex 53.97 76.0625 6.4
      vertex 53.8636 75.9836 6.4
    endloop
  endfacet
  facet normal 0.595643 -0.803249 0
    outer loop
      vertex 53.97 76.0625 6.4
      vertex 53.8636 75.9836 2.4
      vertex 53.97 76.0625 2.4
    endloop
  endfacet
  facet normal -0.0490716 0.998795 0
    outer loop
      vertex 54.8523 73.5965 2.4
      vertex 54.72 73.59 6.4
      vertex 54.8523 73.5965 6.4
    endloop
  endfacet
  facet normal -0.0490716 0.998795 0
    outer loop
      vertex 54.72 73.59 6.4
      vertex 54.8523 73.5965 2.4
      vertex 54.72 73.59 2.4
    endloop
  endfacet
  facet normal 0.970009 0.243068 0
    outer loop
      vertex 53.4281 74.5481 6.4
      vertex 53.3959 74.6766 2.4
      vertex 53.3959 74.6766 6.4
    endloop
  endfacet
  facet normal 0.970009 0.243068 0
    outer loop
      vertex 53.3959 74.6766 2.4
      vertex 53.4281 74.5481 6.4
      vertex 53.4281 74.5481 2.4
    endloop
  endfacet
  facet normal 0.671545 0.740963 -0
    outer loop
      vertex 53.8636 73.8964 2.4
      vertex 53.7654 73.9854 6.4
      vertex 53.8636 73.8964 6.4
    endloop
  endfacet
  facet normal 0.671545 0.740963 0
    outer loop
      vertex 53.7654 73.9854 6.4
      vertex 53.8636 73.8964 2.4
      vertex 53.7654 73.9854 2.4
    endloop
  endfacet
  facet normal 0.671545 -0.740963 0
    outer loop
      vertex 53.7654 75.8946 2.4
      vertex 53.8636 75.9836 6.4
      vertex 53.7654 75.8946 6.4
    endloop
  endfacet
  facet normal 0.671545 -0.740963 0
    outer loop
      vertex 53.8636 75.9836 6.4
      vertex 53.7654 75.8946 2.4
      vertex 53.8636 75.9836 2.4
    endloop
  endfacet
  facet normal 0.857693 -0.514163 0
    outer loop
      vertex 53.5294 75.5764 6.4
      vertex 53.5975 75.69 2.4
      vertex 53.5975 75.69 6.4
    endloop
  endfacet
  facet normal 0.857693 -0.514163 0
    outer loop
      vertex 53.5975 75.69 2.4
      vertex 53.5294 75.5764 6.4
      vertex 53.5294 75.5764 2.4
    endloop
  endfacet
  facet normal 0.514163 0.857693 -0
    outer loop
      vertex 54.0836 73.7494 2.4
      vertex 53.97 73.8175 6.4
      vertex 54.0836 73.7494 6.4
    endloop
  endfacet
  facet normal 0.514163 0.857693 0
    outer loop
      vertex 53.97 73.8175 6.4
      vertex 54.0836 73.7494 2.4
      vertex 53.97 73.8175 2.4
    endloop
  endfacet
  facet normal -0.514163 0.857693 0
    outer loop
      vertex 55.47 73.8175 2.4
      vertex 55.3564 73.7494 6.4
      vertex 55.47 73.8175 6.4
    endloop
  endfacet
  facet normal -0.514163 0.857693 0
    outer loop
      vertex 55.3564 73.7494 6.4
      vertex 55.47 73.8175 2.4
      vertex 55.3564 73.7494 2.4
    endloop
  endfacet
  facet normal 0.989228 -0.146385 0
    outer loop
      vertex 53.3765 75.0723 6.4
      vertex 53.3959 75.2034 2.4
      vertex 53.3959 75.2034 6.4
    endloop
  endfacet
  facet normal 0.989228 -0.146385 0
    outer loop
      vertex 53.3959 75.2034 2.4
      vertex 53.3765 75.0723 6.4
      vertex 53.3765 75.0723 2.4
    endloop
  endfacet
  facet normal -0.740963 -0.671545 0
    outer loop
      vertex 55.7636 75.7964 2.4
      vertex 55.6746 75.8946 6.4
      vertex 55.6746 75.8946 2.4
    endloop
  endfacet
  facet normal -0.740963 -0.671545 0
    outer loop
      vertex 55.6746 75.8946 6.4
      vertex 55.7636 75.7964 2.4
      vertex 55.7636 75.7964 6.4
    endloop
  endfacet
  facet normal 0.941348 -0.337436 0
    outer loop
      vertex 53.4281 75.3319 6.4
      vertex 53.4728 75.4566 2.4
      vertex 53.4728 75.4566 6.4
    endloop
  endfacet
  facet normal 0.941348 -0.337436 0
    outer loop
      vertex 53.4728 75.4566 2.4
      vertex 53.4281 75.3319 6.4
      vertex 53.4281 75.3319 2.4
    endloop
  endfacet
  facet normal -0.857693 0.514163 0
    outer loop
      vertex 55.8425 74.19 2.4
      vertex 55.9106 74.3036 6.4
      vertex 55.9106 74.3036 2.4
    endloop
  endfacet
  facet normal -0.857693 0.514163 0
    outer loop
      vertex 55.9106 74.3036 6.4
      vertex 55.8425 74.19 2.4
      vertex 55.8425 74.19 6.4
    endloop
  endfacet
  facet normal -0.941348 0.337436 0
    outer loop
      vertex 55.9672 74.4234 2.4
      vertex 56.0119 74.5481 6.4
      vertex 56.0119 74.5481 2.4
    endloop
  endfacet
  facet normal -0.941348 0.337436 0
    outer loop
      vertex 56.0119 74.5481 6.4
      vertex 55.9672 74.4234 2.4
      vertex 55.9672 74.4234 6.4
    endloop
  endfacet
  facet normal 0.337436 0.941348 -0
    outer loop
      vertex 54.3281 73.6481 2.4
      vertex 54.2034 73.6928 6.4
      vertex 54.3281 73.6481 6.4
    endloop
  endfacet
  facet normal 0.337436 0.941348 0
    outer loop
      vertex 54.2034 73.6928 6.4
      vertex 54.3281 73.6481 2.4
      vertex 54.2034 73.6928 2.4
    endloop
  endfacet
  facet normal 0.243068 0.970009 -0
    outer loop
      vertex 54.4566 73.6159 2.4
      vertex 54.3281 73.6481 6.4
      vertex 54.4566 73.6159 6.4
    endloop
  endfacet
  facet normal 0.243068 0.970009 0
    outer loop
      vertex 54.3281 73.6481 6.4
      vertex 54.4566 73.6159 2.4
      vertex 54.3281 73.6481 2.4
    endloop
  endfacet
  facet normal 0.803249 -0.595643 0
    outer loop
      vertex 53.5975 75.69 6.4
      vertex 53.6764 75.7964 2.4
      vertex 53.6764 75.7964 6.4
    endloop
  endfacet
  facet normal 0.803249 -0.595643 0
    outer loop
      vertex 53.6764 75.7964 2.4
      vertex 53.5975 75.69 6.4
      vertex 53.5975 75.69 2.4
    endloop
  endfacet
  facet normal 0.427178 0.904168 -0
    outer loop
      vertex 54.2034 73.6928 2.4
      vertex 54.0836 73.7494 6.4
      vertex 54.2034 73.6928 6.4
    endloop
  endfacet
  facet normal 0.427178 0.904168 0
    outer loop
      vertex 54.0836 73.7494 6.4
      vertex 54.2034 73.6928 2.4
      vertex 54.0836 73.7494 2.4
    endloop
  endfacet
  facet normal 0.595693 0.803212 -0
    outer loop
      vertex 70.5957 85.9006 0
      vertex 70.4223 86.0292 2.4
      vertex 70.5957 85.9006 2.4
    endloop
  endfacet
  facet normal 0.595693 0.803212 0
    outer loop
      vertex 70.4223 86.0292 2.4
      vertex 70.5957 85.9006 0
      vertex 70.4223 86.0292 0
    endloop
  endfacet
  facet normal -0.989177 -0.146729 0
    outer loop
      vertex 0.0422716 1.7708 0
      vertex 0.0105934 1.98436 2.4
      vertex 0.0105934 1.98436 0
    endloop
  endfacet
  facet normal -0.989177 -0.146729 0
    outer loop
      vertex 0.0105934 1.98436 2.4
      vertex 0.0422716 1.7708 0
      vertex 0.0422716 1.7708 2.4
    endloop
  endfacet
  facet normal -0.3369 -0.94154 0
    outer loop
      vertex 1.3581 0.167464 0
      vertex 1.56137 0.0947304 2.4
      vertex 1.3581 0.167464 2.4
    endloop
  endfacet
  facet normal -0.3369 -0.94154 -0
    outer loop
      vertex 1.56137 0.0947304 2.4
      vertex 1.3581 0.167464 0
      vertex 1.56137 0.0947304 0
    endloop
  endfacet
  facet normal -0.970024 0.24301 0
    outer loop
      vertex 0.0422716 84.6292 0
      vertex 0.0947304 84.8386 2.4
      vertex 0.0947304 84.8386 0
    endloop
  endfacet
  facet normal -0.970024 0.24301 0
    outer loop
      vertex 0.0947304 84.8386 2.4
      vertex 0.0422716 84.6292 0
      vertex 0.0422716 84.6292 2.4
    endloop
  endfacet
  facet normal 0.85772 -0.514118 0
    outer loop
      vertex 71.0292 0.977745 2.4
      vertex 71.1402 1.16293 0
      vertex 71.1402 1.16293 2.4
    endloop
  endfacet
  facet normal 0.85772 -0.514118 0
    outer loop
      vertex 71.1402 1.16293 0
      vertex 71.0292 0.977745 2.4
      vertex 71.0292 0.977745 0
    endloop
  endfacet
  facet normal -0.998796 -0.0490662 0
    outer loop
      vertex 0.0105934 1.98436 0
      vertex 0 2.2 2.4
      vertex 0 2.2 0
    endloop
  endfacet
  facet normal -0.998796 -0.0490662 0
    outer loop
      vertex 0 2.2 2.4
      vertex 0.0105934 1.98436 0
      vertex 0.0105934 1.98436 2.4
    endloop
  endfacet
  facet normal 1 -0 0
    outer loop
      vertex 71.4 2.2 2.4
      vertex 71.4 84.2 0
      vertex 71.4 84.2 2.4
    endloop
  endfacet
  facet normal 1 0 0
    outer loop
      vertex 71.4 84.2 0
      vertex 71.4 2.2 2.4
      vertex 71.4 2.2 0
    endloop
  endfacet
  facet normal 0 1 -0
    outer loop
      vertex 69.2 86.4 0
      vertex 2.2 86.4 2.4
      vertex 69.2 86.4 2.4
    endloop
  endfacet
  facet normal 0 1 0
    outer loop
      vertex 2.2 86.4 2.4
      vertex 69.2 86.4 0
      vertex 2.2 86.4 0
    endloop
  endfacet
  facet normal 0.1468 0.989166 -0
    outer loop
      vertex 69.6292 86.3577 0
      vertex 69.4156 86.3894 2.4
      vertex 69.6292 86.3577 2.4
    endloop
  endfacet
  facet normal 0.1468 0.989166 0
    outer loop
      vertex 69.4156 86.3894 2.4
      vertex 69.6292 86.3577 0
      vertex 69.4156 86.3894 0
    endloop
  endfacet
  facet normal 0.514087 0.857738 -0
    outer loop
      vertex 70.4223 86.0292 0
      vertex 70.2371 86.1402 2.4
      vertex 70.4223 86.0292 2.4
    endloop
  endfacet
  facet normal 0.514087 0.857738 0
    outer loop
      vertex 70.2371 86.1402 2.4
      vertex 70.4223 86.0292 0
      vertex 70.2371 86.1402 0
    endloop
  endfacet
  facet normal -0.427523 0.904005 0
    outer loop
      vertex 1.3581 86.2325 0
      vertex 1.16293 86.1402 2.4
      vertex 1.3581 86.2325 2.4
    endloop
  endfacet
  facet normal -0.427523 0.904005 0
    outer loop
      vertex 1.16293 86.1402 2.4
      vertex 1.3581 86.2325 0
      vertex 1.16293 86.1402 0
    endloop
  endfacet
  facet normal -1 0 0
    outer loop
      vertex 0 2.2 0
      vertex 0 84.2 2.4
      vertex 0 84.2 0
    endloop
  endfacet
  facet normal -1 -0 0
    outer loop
      vertex 0 84.2 2.4
      vertex 0 2.2 0
      vertex 0 2.2 2.4
    endloop
  endfacet
  facet normal 0 -1 0
    outer loop
      vertex 2.2 0 0
      vertex 69.2 0 2.4
      vertex 2.2 0 2.4
    endloop
  endfacet
  facet normal 0 -1 -0
    outer loop
      vertex 69.2 0 2.4
      vertex 2.2 0 0
      vertex 69.2 0 0
    endloop
  endfacet
  facet normal 0.803212 0.595693 0
    outer loop
      vertex 71.0292 85.4223 2.4
      vertex 70.9006 85.5957 0
      vertex 70.9006 85.5957 2.4
    endloop
  endfacet
  facet normal 0.803212 0.595693 0
    outer loop
      vertex 70.9006 85.5957 0
      vertex 71.0292 85.4223 2.4
      vertex 71.0292 85.4223 0
    endloop
  endfacet
  facet normal 0.740926 -0.671586 0
    outer loop
      vertex 70.7556 0.644364 2.4
      vertex 70.9006 0.804335 0
      vertex 70.9006 0.804335 2.4
    endloop
  endfacet
  facet normal 0.740926 -0.671586 0
    outer loop
      vertex 70.9006 0.804335 0
      vertex 70.7556 0.644364 2.4
      vertex 70.7556 0.644364 0
    endloop
  endfacet
  facet normal -0.740954 -0.671556 0
    outer loop
      vertex 0.644364 0.644364 0
      vertex 0.499376 0.804335 2.4
      vertex 0.499376 0.804335 0
    endloop
  endfacet
  facet normal -0.740954 -0.671556 0
    outer loop
      vertex 0.499376 0.804335 2.4
      vertex 0.644364 0.644364 0
      vertex 0.644364 0.644364 2.4
    endloop
  endfacet
  facet normal 0.941443 -0.337172 0
    outer loop
      vertex 71.2325 1.3581 2.4
      vertex 71.3053 1.56137 0
      vertex 71.3053 1.56137 2.4
    endloop
  endfacet
  facet normal 0.941443 -0.337172 0
    outer loop
      vertex 71.3053 1.56137 0
      vertex 71.2325 1.3581 2.4
      vertex 71.2325 1.3581 0
    endloop
  endfacet
  facet normal 0.337128 0.941459 -0
    outer loop
      vertex 70.0419 86.2325 0
      vertex 69.8386 86.3053 2.4
      vertex 70.0419 86.2325 2.4
    endloop
  endfacet
  facet normal 0.337128 0.941459 0
    outer loop
      vertex 69.8386 86.3053 2.4
      vertex 70.0419 86.2325 0
      vertex 69.8386 86.3053 0
    endloop
  endfacet
  facet normal 0.671719 -0.740806 0
    outer loop
      vertex 70.5957 0.499376 0
      vertex 70.7556 0.644364 2.4
      vertex 70.5957 0.499376 2.4
    endloop
  endfacet
  facet normal 0.671719 -0.740806 0
    outer loop
      vertex 70.7556 0.644364 2.4
      vertex 70.5957 0.499376 0
      vertex 70.7556 0.644364 0
    endloop
  endfacet
  facet normal 0.857738 0.514087 0
    outer loop
      vertex 71.1402 85.2371 2.4
      vertex 71.0292 85.4223 0
      vertex 71.0292 85.4223 2.4
    endloop
  endfacet
  facet normal 0.857738 0.514087 0
    outer loop
      vertex 71.0292 85.4223 0
      vertex 71.1402 85.2371 2.4
      vertex 71.1402 85.2371 0
    endloop
  endfacet
  facet normal -0.803192 0.59572 0
    outer loop
      vertex 0.370767 85.4223 0
      vertex 0.499376 85.5957 2.4
      vertex 0.499376 85.5957 0
    endloop
  endfacet
  facet normal -0.803192 0.59572 0
    outer loop
      vertex 0.499376 85.5957 2.4
      vertex 0.370767 85.4223 0
      vertex 0.370767 85.4223 2.4
    endloop
  endfacet
  facet normal 0.803229 -0.595671 0
    outer loop
      vertex 70.9006 0.804335 2.4
      vertex 71.0292 0.977745 0
      vertex 71.0292 0.977745 2.4
    endloop
  endfacet
  facet normal 0.803229 -0.595671 0
    outer loop
      vertex 71.0292 0.977745 0
      vertex 70.9006 0.804335 2.4
      vertex 70.9006 0.804335 0
    endloop
  endfacet
  facet normal 0.970088 0.242754 0
    outer loop
      vertex 71.3577 84.6292 2.4
      vertex 71.3053 84.8386 0
      vertex 71.3053 84.8386 2.4
    endloop
  endfacet
  facet normal 0.970088 0.242754 0
    outer loop
      vertex 71.3053 84.8386 0
      vertex 71.3577 84.6292 2.4
      vertex 71.3577 84.6292 0
    endloop
  endfacet
  facet normal 0.998794 0.0491058 0
    outer loop
      vertex 71.4 84.2 2.4
      vertex 71.3894 84.4156 0
      vertex 71.3894 84.4156 2.4
    endloop
  endfacet
  facet normal 0.998794 0.0491058 0
    outer loop
      vertex 71.3894 84.4156 0
      vertex 71.4 84.2 2.4
      vertex 71.4 84.2 0
    endloop
  endfacet
  facet normal -0.857748 0.51407 0
    outer loop
      vertex 0.259772 85.2371 0
      vertex 0.370767 85.4223 2.4
      vertex 0.370767 85.4223 0
    endloop
  endfacet
  facet normal -0.857748 0.51407 0
    outer loop
      vertex 0.370767 85.4223 2.4
      vertex 0.259772 85.2371 0
      vertex 0.259772 85.2371 2.4
    endloop
  endfacet
  facet normal 0.51407 -0.857748 0
    outer loop
      vertex 70.2371 0.259772 0
      vertex 70.4223 0.370767 2.4
      vertex 70.2371 0.259772 2.4
    endloop
  endfacet
  facet normal 0.51407 -0.857748 0
    outer loop
      vertex 70.4223 0.370767 2.4
      vertex 70.2371 0.259772 0
      vertex 70.4223 0.370767 0
    endloop
  endfacet
  facet normal 0.24301 -0.970024 0
    outer loop
      vertex 69.6292 0.0422716 0
      vertex 69.8386 0.0947304 2.4
      vertex 69.6292 0.0422716 2.4
    endloop
  endfacet
  facet normal 0.24301 -0.970024 0
    outer loop
      vertex 69.8386 0.0947304 2.4
      vertex 69.6292 0.0422716 0
      vertex 69.8386 0.0947304 0
    endloop
  endfacet
  facet normal 0.427469 0.90403 -0
    outer loop
      vertex 70.2371 86.1402 0
      vertex 70.0419 86.2325 2.4
      vertex 70.2371 86.1402 2.4
    endloop
  endfacet
  facet normal 0.427469 0.90403 0
    outer loop
      vertex 70.0419 86.2325 2.4
      vertex 70.2371 86.1402 0
      vertex 70.0419 86.2325 0
    endloop
  endfacet
  facet normal 0.941459 0.337128 0
    outer loop
      vertex 71.3053 84.8386 2.4
      vertex 71.2325 85.0419 0
      vertex 71.2325 85.0419 2.4
    endloop
  endfacet
  facet normal 0.941459 0.337128 0
    outer loop
      vertex 71.2325 85.0419 0
      vertex 71.3053 84.8386 2.4
      vertex 71.3053 84.8386 0
    endloop
  endfacet
  facet normal 0.427499 -0.904016 0
    outer loop
      vertex 70.0419 0.167464 0
      vertex 70.2371 0.259772 2.4
      vertex 70.0419 0.167464 2.4
    endloop
  endfacet
  facet normal 0.427499 -0.904016 0
    outer loop
      vertex 70.2371 0.259772 2.4
      vertex 70.0419 0.167464 0
      vertex 70.2371 0.259772 0
    endloop
  endfacet
  facet normal -0.242721 0.970096 0
    outer loop
      vertex 1.7708 86.3577 0
      vertex 1.56137 86.3053 2.4
      vertex 1.7708 86.3577 2.4
    endloop
  endfacet
  facet normal -0.242721 0.970096 0
    outer loop
      vertex 1.56137 86.3053 2.4
      vertex 1.7708 86.3577 0
      vertex 1.56137 86.3053 0
    endloop
  endfacet
  facet normal 0.989166 0.1468 0
    outer loop
      vertex 71.3894 84.4156 2.4
      vertex 71.3577 84.6292 0
      vertex 71.3577 84.6292 2.4
    endloop
  endfacet
  facet normal 0.989166 0.1468 0
    outer loop
      vertex 71.3577 84.6292 0
      vertex 71.3894 84.4156 2.4
      vertex 71.3894 84.4156 0
    endloop
  endfacet
  facet normal -0.904016 0.427499 0
    outer loop
      vertex 0.167464 85.0419 0
      vertex 0.259772 85.2371 2.4
      vertex 0.259772 85.2371 0
    endloop
  endfacet
  facet normal -0.904016 0.427499 0
    outer loop
      vertex 0.259772 85.2371 2.4
      vertex 0.167464 85.0419 0
      vertex 0.167464 85.0419 2.4
    endloop
  endfacet
  facet normal -0.803209 -0.595697 0
    outer loop
      vertex 0.499376 0.804335 0
      vertex 0.370767 0.977745 2.4
      vertex 0.370767 0.977745 0
    endloop
  endfacet
  facet normal -0.803209 -0.595697 0
    outer loop
      vertex 0.370767 0.977745 2.4
      vertex 0.499376 0.804335 0
      vertex 0.499376 0.804335 2.4
    endloop
  endfacet
  facet normal -0.941556 0.336856 0
    outer loop
      vertex 0.0947304 84.8386 0
      vertex 0.167464 85.0419 2.4
      vertex 0.167464 85.0419 0
    endloop
  endfacet
  facet normal -0.941556 0.336856 0
    outer loop
      vertex 0.167464 85.0419 2.4
      vertex 0.0947304 84.8386 0
      vertex 0.0947304 84.8386 2.4
    endloop
  endfacet
  facet normal 0.336856 -0.941556 0
    outer loop
      vertex 69.8386 0.0947304 0
      vertex 70.0419 0.167464 2.4
      vertex 69.8386 0.0947304 2.4
    endloop
  endfacet
  facet normal 0.336856 -0.941556 0
    outer loop
      vertex 70.0419 0.167464 2.4
      vertex 69.8386 0.0947304 0
      vertex 70.0419 0.167464 0
    endloop
  endfacet
  facet normal -0.94154 -0.3369 0
    outer loop
      vertex 0.167464 1.3581 0
      vertex 0.0947304 1.56137 2.4
      vertex 0.0947304 1.56137 0
    endloop
  endfacet
  facet normal -0.94154 -0.3369 0
    outer loop
      vertex 0.0947304 1.56137 2.4
      vertex 0.167464 1.3581 0
      vertex 0.167464 1.3581 2.4
    endloop
  endfacet
  facet normal 0.90403 0.427469 0
    outer loop
      vertex 71.2325 85.0419 2.4
      vertex 71.1402 85.2371 0
      vertex 71.1402 85.2371 2.4
    endloop
  endfacet
  facet normal 0.90403 0.427469 0
    outer loop
      vertex 71.1402 85.2371 0
      vertex 71.2325 85.0419 2.4
      vertex 71.2325 85.0419 0
    endloop
  endfacet
  facet normal 0.740778 0.67175 0
    outer loop
      vertex 70.9006 85.5957 2.4
      vertex 70.7556 85.7556 0
      vertex 70.7556 85.7556 2.4
    endloop
  endfacet
  facet normal 0.740778 0.67175 0
    outer loop
      vertex 70.7556 85.7556 0
      vertex 70.9006 85.5957 2.4
      vertex 70.9006 85.5957 0
    endloop
  endfacet
  facet normal 0.904005 -0.427523 0
    outer loop
      vertex 71.1402 1.16293 2.4
      vertex 71.2325 1.3581 0
      vertex 71.2325 1.3581 2.4
    endloop
  endfacet
  facet normal 0.904005 -0.427523 0
    outer loop
      vertex 71.2325 1.3581 0
      vertex 71.1402 1.16293 2.4
      vertex 71.1402 1.16293 0
    endloop
  endfacet
  facet normal 0.0491058 0.998794 -0
    outer loop
      vertex 69.4156 86.3894 0
      vertex 69.2 86.4 2.4
      vertex 69.4156 86.3894 2.4
    endloop
  endfacet
  facet normal 0.0491058 0.998794 0
    outer loop
      vertex 69.2 86.4 2.4
      vertex 69.4156 86.3894 0
      vertex 69.2 86.4 0
    endloop
  endfacet
  facet normal -0.671586 0.740926 0
    outer loop
      vertex 0.804335 85.9006 0
      vertex 0.644364 85.7556 2.4
      vertex 0.804335 85.9006 2.4
    endloop
  endfacet
  facet normal -0.671586 0.740926 0
    outer loop
      vertex 0.644364 85.7556 2.4
      vertex 0.804335 85.9006 0
      vertex 0.644364 85.7556 0
    endloop
  endfacet
  facet normal -0.90399 -0.427553 0
    outer loop
      vertex 0.259772 1.16293 0
      vertex 0.167464 1.3581 2.4
      vertex 0.167464 1.3581 0
    endloop
  endfacet
  facet normal -0.90399 -0.427553 0
    outer loop
      vertex 0.167464 1.3581 2.4
      vertex 0.259772 1.16293 0
      vertex 0.259772 1.16293 2.4
    endloop
  endfacet
  facet normal 0.67175 0.740778 -0
    outer loop
      vertex 70.7556 85.7556 0
      vertex 70.5957 85.9006 2.4
      vertex 70.7556 85.7556 2.4
    endloop
  endfacet
  facet normal 0.67175 0.740778 0
    outer loop
      vertex 70.5957 85.9006 2.4
      vertex 70.7556 85.7556 0
      vertex 70.5957 85.9006 0
    endloop
  endfacet
  facet normal -0.595697 -0.803209 0
    outer loop
      vertex 0.804335 0.499376 0
      vertex 0.977745 0.370767 2.4
      vertex 0.804335 0.499376 2.4
    endloop
  endfacet
  facet normal -0.595697 -0.803209 -0
    outer loop
      vertex 0.977745 0.370767 2.4
      vertex 0.804335 0.499376 0
      vertex 0.977745 0.370767 0
    endloop
  endfacet
  facet normal -0.989181 0.146702 0
    outer loop
      vertex 0.0105934 84.4156 0
      vertex 0.0422716 84.6292 2.4
      vertex 0.0422716 84.6292 0
    endloop
  endfacet
  facet normal -0.989181 0.146702 0
    outer loop
      vertex 0.0422716 84.6292 2.4
      vertex 0.0105934 84.4156 0
      vertex 0.0105934 84.4156 2.4
    endloop
  endfacet
  facet normal -0.998795 0.0490753 0
    outer loop
      vertex 0 84.2 0
      vertex 0.0105934 84.4156 2.4
      vertex 0.0105934 84.4156 0
    endloop
  endfacet
  facet normal -0.998795 0.0490753 0
    outer loop
      vertex 0.0105934 84.4156 2.4
      vertex 0 84.2 0
      vertex 0 84.2 2.4
    endloop
  endfacet
  facet normal 0.970096 -0.242721 0
    outer loop
      vertex 71.3053 1.56137 2.4
      vertex 71.3577 1.7708 0
      vertex 71.3577 1.7708 2.4
    endloop
  endfacet
  facet normal 0.970096 -0.242721 0
    outer loop
      vertex 71.3577 1.7708 0
      vertex 71.3053 1.56137 2.4
      vertex 71.3053 1.56137 0
    endloop
  endfacet
  facet normal -0.0490967 0.998794 0
    outer loop
      vertex 2.2 86.4 0
      vertex 1.98436 86.3894 2.4
      vertex 2.2 86.4 2.4
    endloop
  endfacet
  facet normal -0.0490967 0.998794 0
    outer loop
      vertex 1.98436 86.3894 2.4
      vertex 2.2 86.4 0
      vertex 1.98436 86.3894 0
    endloop
  endfacet
  facet normal 0.998794 -0.0490967 0
    outer loop
      vertex 71.3894 1.98436 2.4
      vertex 71.4 2.2 0
      vertex 71.4 2.2 2.4
    endloop
  endfacet
  facet normal 0.998794 -0.0490967 0
    outer loop
      vertex 71.4 2.2 0
      vertex 71.3894 1.98436 2.4
      vertex 71.3894 1.98436 0
    endloop
  endfacet
  facet normal -0.242977 -0.970032 0
    outer loop
      vertex 1.56137 0.0947304 0
      vertex 1.7708 0.0422716 2.4
      vertex 1.56137 0.0947304 2.4
    endloop
  endfacet
  facet normal -0.242977 -0.970032 -0
    outer loop
      vertex 1.7708 0.0422716 2.4
      vertex 1.56137 0.0947304 0
      vertex 1.7708 0.0422716 0
    endloop
  endfacet
  facet normal 0 0 -1
    outer loop
      vertex 69.2 0 0
      vertex 71.4 2.2 0
      vertex 71.3894 1.98436 0
    endloop
  endfacet
  facet normal 0 0 -1
    outer loop
      vertex 71.4 2.2 0
      vertex 0 2.2 0
      vertex 71.4 84.2 0
    endloop
  endfacet
  facet normal 0 0 -1
    outer loop
      vertex 69.2 0 0
      vertex 71.3894 1.98436 0
      vertex 71.3577 1.7708 0
    endloop
  endfacet
  facet normal -0 0 -1
    outer loop
      vertex 71.4 2.2 0
      vertex 69.2 0 0
      vertex 0 2.2 0
    endloop
  endfacet
  facet normal 0 0 -1
    outer loop
      vertex 69.2 0 0
      vertex 71.3577 1.7708 0
      vertex 71.3053 1.56137 0
    endloop
  endfacet
  facet normal 0 0 -1
    outer loop
      vertex 0 84.2 0
      vertex 71.4 84.2 0
      vertex 0 2.2 0
    endloop
  endfacet
  facet normal 0 0 -1
    outer loop
      vertex 69.2 0 0
      vertex 71.3053 1.56137 0
      vertex 71.2325 1.3581 0
    endloop
  endfacet
  facet normal 0 0 -1
    outer loop
      vertex 71.3894 84.4156 0
      vertex 69.2 86.4 0
      vertex 71.3577 84.6292 0
    endloop
  endfacet
  facet normal 0 0 -1
    outer loop
      vertex 69.2 0 0
      vertex 71.2325 1.3581 0
      vertex 71.1402 1.16293 0
    endloop
  endfacet
  facet normal 0 0 -1
    outer loop
      vertex 71.3577 84.6292 0
      vertex 69.2 86.4 0
      vertex 71.3053 84.8386 0
    endloop
  endfacet
  facet normal 0 0 -1
    outer loop
      vertex 69.2 0 0
      vertex 71.1402 1.16293 0
      vertex 71.0292 0.977745 0
    endloop
  endfacet
  facet normal 0 0 -1
    outer loop
      vertex 71.3053 84.8386 0
      vertex 69.2 86.4 0
      vertex 71.2325 85.0419 0
    endloop
  endfacet
  facet normal 0 0 -1
    outer loop
      vertex 69.2 0 0
      vertex 71.0292 0.977745 0
      vertex 70.9006 0.804335 0
    endloop
  endfacet
  facet normal 0 0 -1
    outer loop
      vertex 71.2325 85.0419 0
      vertex 69.2 86.4 0
      vertex 71.1402 85.2371 0
    endloop
  endfacet
  facet normal 0 0 -1
    outer loop
      vertex 69.2 0 0
      vertex 70.9006 0.804335 0
      vertex 70.7556 0.644364 0
    endloop
  endfacet
  facet normal 0 0 -1
    outer loop
      vertex 71.1402 85.2371 0
      vertex 69.2 86.4 0
      vertex 71.0292 85.4223 0
    endloop
  endfacet
  facet normal 0 0 -1
    outer loop
      vertex 69.2 0 0
      vertex 70.7556 0.644364 0
      vertex 70.5957 0.499376 0
    endloop
  endfacet
  facet normal 0 0 -1
    outer loop
      vertex 71.0292 85.4223 0
      vertex 69.2 86.4 0
      vertex 70.9006 85.5957 0
    endloop
  endfacet
  facet normal 0 0 -1
    outer loop
      vertex 69.2 0 0
      vertex 70.5957 0.499376 0
      vertex 70.4223 0.370767 0
    endloop
  endfacet
  facet normal 0 0 -1
    outer loop
      vertex 70.9006 85.5957 0
      vertex 69.2 86.4 0
      vertex 70.7556 85.7556 0
    endloop
  endfacet
  facet normal 0 0 -1
    outer loop
      vertex 69.2 0 0
      vertex 70.4223 0.370767 0
      vertex 70.2371 0.259772 0
    endloop
  endfacet
  facet normal 0 0 -1
    outer loop
      vertex 70.7556 85.7556 0
      vertex 69.2 86.4 0
      vertex 70.5957 85.9006 0
    endloop
  endfacet
  facet normal 0 0 -1
    outer loop
      vertex 69.2 0 0
      vertex 70.2371 0.259772 0
      vertex 70.0419 0.167464 0
    endloop
  endfacet
  facet normal 0 0 -1
    outer loop
      vertex 70.5957 85.9006 0
      vertex 69.2 86.4 0
      vertex 70.4223 86.0292 0
    endloop
  endfacet
  facet normal 0 0 -1
    outer loop
      vertex 69.2 0 0
      vertex 70.0419 0.167464 0
      vertex 69.8386 0.0947304 0
    endloop
  endfacet
  facet normal 0 0 -1
    outer loop
      vertex 70.4223 86.0292 0
      vertex 69.2 86.4 0
      vertex 70.2371 86.1402 0
    endloop
  endfacet
  facet normal 0 0 -1
    outer loop
      vertex 69.2 0 0
      vertex 69.8386 0.0947304 0
      vertex 69.6292 0.0422716 0
    endloop
  endfacet
  facet normal 0 0 -1
    outer loop
      vertex 70.2371 86.1402 0
      vertex 69.2 86.4 0
      vertex 70.0419 86.2325 0
    endloop
  endfacet
  facet normal 0 0 -1
    outer loop
      vertex 69.2 0 0
      vertex 69.6292 0.0422716 0
      vertex 69.4156 0.0105934 0
    endloop
  endfacet
  facet normal 0 0 -1
    outer loop
      vertex 70.0419 86.2325 0
      vertex 69.2 86.4 0
      vertex 69.8386 86.3053 0
    endloop
  endfacet
  facet normal 0 0 -1
    outer loop
      vertex 69.8386 86.3053 0
      vertex 69.2 86.4 0
      vertex 69.6292 86.3577 0
    endloop
  endfacet
  facet normal 0 0 -1
    outer loop
      vertex 69.6292 86.3577 0
      vertex 69.2 86.4 0
      vertex 69.4156 86.3894 0
    endloop
  endfacet
  facet normal 0 0 -1
    outer loop
      vertex 0 2.2 0
      vertex 69.2 0 0
      vertex 2.2 0 0
    endloop
  endfacet
  facet normal 0 -0 -1
    outer loop
      vertex 69.2 86.4 0
      vertex 71.4 84.2 0
      vertex 0 84.2 0
    endloop
  endfacet
  facet normal 0 0 -1
    outer loop
      vertex 0 2.2 0
      vertex 2.2 0 0
      vertex 1.98436 0.0105934 0
    endloop
  endfacet
  facet normal 0 0 -1
    outer loop
      vertex 71.4 84.2 0
      vertex 69.2 86.4 0
      vertex 71.3894 84.4156 0
    endloop
  endfacet
  facet normal 0 0 -1
    outer loop
      vertex 0 2.2 0
      vertex 1.98436 0.0105934 0
      vertex 1.7708 0.0422716 0
    endloop
  endfacet
  facet normal -0 0 -1
    outer loop
      vertex 69.2 86.4 0
      vertex 0 84.2 0
      vertex 2.2 86.4 0
    endloop
  endfacet
  facet normal 0 0 -1
    outer loop
      vertex 0 2.2 0
      vertex 1.7708 0.0422716 0
      vertex 1.56137 0.0947304 0
    endloop
  endfacet
  facet normal 0 0 -1
    outer loop
      vertex 2.2 86.4 0
      vertex 0 84.2 0
      vertex 1.98436 86.3894 0
    endloop
  endfacet
  facet normal 0 0 -1
    outer loop
      vertex 0 2.2 0
      vertex 1.56137 0.0947304 0
      vertex 1.3581 0.167464 0
    endloop
  endfacet
  facet normal 0 0 -1
    outer loop
      vertex 1.98436 86.3894 0
      vertex 0 84.2 0
      vertex 1.7708 86.3577 0
    endloop
  endfacet
  facet normal 0 0 -1
    outer loop
      vertex 0 2.2 0
      vertex 1.3581 0.167464 0
      vertex 1.16293 0.259772 0
    endloop
  endfacet
  facet normal 0 0 -1
    outer loop
      vertex 1.7708 86.3577 0
      vertex 0 84.2 0
      vertex 1.56137 86.3053 0
    endloop
  endfacet
  facet normal 0 0 -1
    outer loop
      vertex 0 2.2 0
      vertex 1.16293 0.259772 0
      vertex 0.977745 0.370767 0
    endloop
  endfacet
  facet normal 0 0 -1
    outer loop
      vertex 1.56137 86.3053 0
      vertex 0 84.2 0
      vertex 1.3581 86.2325 0
    endloop
  endfacet
  facet normal 0 0 -1
    outer loop
      vertex 0 2.2 0
      vertex 0.977745 0.370767 0
      vertex 0.804335 0.499376 0
    endloop
  endfacet
  facet normal 0 0 -1
    outer loop
      vertex 1.3581 86.2325 0
      vertex 0 84.2 0
      vertex 1.16293 86.1402 0
    endloop
  endfacet
  facet normal 0 0 -1
    outer loop
      vertex 0 2.2 0
      vertex 0.804335 0.499376 0
      vertex 0.644364 0.644364 0
    endloop
  endfacet
  facet normal 0 0 -1
    outer loop
      vertex 1.16293 86.1402 0
      vertex 0 84.2 0
      vertex 0.977745 86.0292 0
    endloop
  endfacet
  facet normal 0 0 -1
    outer loop
      vertex 0 2.2 0
      vertex 0.644364 0.644364 0
      vertex 0.499376 0.804335 0
    endloop
  endfacet
  facet normal 0 0 -1
    outer loop
      vertex 0.977745 86.0292 0
      vertex 0 84.2 0
      vertex 0.804335 85.9006 0
    endloop
  endfacet
  facet normal 0 0 -1
    outer loop
      vertex 0 2.2 0
      vertex 0.499376 0.804335 0
      vertex 0.370767 0.977745 0
    endloop
  endfacet
  facet normal 0 0 -1
    outer loop
      vertex 0.804335 85.9006 0
      vertex 0 84.2 0
      vertex 0.644364 85.7556 0
    endloop
  endfacet
  facet normal 0 0 -1
    outer loop
      vertex 0 2.2 0
      vertex 0.370767 0.977745 0
      vertex 0.259772 1.16293 0
    endloop
  endfacet
  facet normal 0 0 -1
    outer loop
      vertex 0.644364 85.7556 0
      vertex 0 84.2 0
      vertex 0.499376 85.5957 0
    endloop
  endfacet
  facet normal 0 0 -1
    outer loop
      vertex 0 2.2 0
      vertex 0.259772 1.16293 0
      vertex 0.167464 1.3581 0
    endloop
  endfacet
  facet normal 0 0 -1
    outer loop
      vertex 0.499376 85.5957 0
      vertex 0 84.2 0
      vertex 0.370767 85.4223 0
    endloop
  endfacet
  facet normal 0 0 -1
    outer loop
      vertex 0 2.2 0
      vertex 0.167464 1.3581 0
      vertex 0.0947304 1.56137 0
    endloop
  endfacet
  facet normal 0 0 -1
    outer loop
      vertex 0.370767 85.4223 0
      vertex 0 84.2 0
      vertex 0.259772 85.2371 0
    endloop
  endfacet
  facet normal 0 0 -1
    outer loop
      vertex 0 2.2 0
      vertex 0.0947304 1.56137 0
      vertex 0.0422716 1.7708 0
    endloop
  endfacet
  facet normal 0 0 -1
    outer loop
      vertex 0.259772 85.2371 0
      vertex 0 84.2 0
      vertex 0.167464 85.0419 0
    endloop
  endfacet
  facet normal 0 0 -1
    outer loop
      vertex 0 2.2 0
      vertex 0.0422716 1.7708 0
      vertex 0.0105934 1.98436 0
    endloop
  endfacet
  facet normal 0 0 -1
    outer loop
      vertex 0.167464 85.0419 0
      vertex 0 84.2 0
      vertex 0.0947304 84.8386 0
    endloop
  endfacet
  facet normal 0 0 -1
    outer loop
      vertex 0.0947304 84.8386 0
      vertex 0 84.2 0
      vertex 0.0422716 84.6292 0
    endloop
  endfacet
  facet normal 0 0 -1
    outer loop
      vertex 0.0422716 84.6292 0
      vertex 0 84.2 0
      vertex 0.0105934 84.4156 0
    endloop
  endfacet
  facet normal 0.242754 0.970088 -0
    outer loop
      vertex 69.8386 86.3053 0
      vertex 69.6292 86.3577 2.4
      vertex 69.8386 86.3053 2.4
    endloop
  endfacet
  facet normal 0.242754 0.970088 0
    outer loop
      vertex 69.6292 86.3577 2.4
      vertex 69.8386 86.3053 0
      vertex 69.6292 86.3577 0
    endloop
  endfacet
  facet normal 0.0490753 -0.998795 0
    outer loop
      vertex 69.2 0 0
      vertex 69.4156 0.0105934 2.4
      vertex 69.2 0 2.4
    endloop
  endfacet
  facet normal 0.0490753 -0.998795 0
    outer loop
      vertex 69.4156 0.0105934 2.4
      vertex 69.2 0 0
      vertex 69.4156 0.0105934 0
    endloop
  endfacet
  facet normal 0.146702 -0.989181 0
    outer loop
      vertex 69.4156 0.0105934 0
      vertex 69.6292 0.0422716 2.4
      vertex 69.4156 0.0105934 2.4
    endloop
  endfacet
  facet normal 0.146702 -0.989181 0
    outer loop
      vertex 69.6292 0.0422716 2.4
      vertex 69.4156 0.0105934 0
      vertex 69.6292 0.0422716 0
    endloop
  endfacet
  facet normal -0.514118 0.85772 0
    outer loop
      vertex 1.16293 86.1402 0
      vertex 0.977745 86.0292 2.4
      vertex 1.16293 86.1402 2.4
    endloop
  endfacet
  facet normal -0.514118 0.85772 0
    outer loop
      vertex 0.977745 86.0292 2.4
      vertex 1.16293 86.1402 0
      vertex 0.977745 86.0292 0
    endloop
  endfacet
  facet normal -0.595671 0.803229 0
    outer loop
      vertex 0.977745 86.0292 0
      vertex 0.804335 85.9006 2.4
      vertex 0.977745 86.0292 2.4
    endloop
  endfacet
  facet normal -0.595671 0.803229 0
    outer loop
      vertex 0.804335 85.9006 2.4
      vertex 0.977745 86.0292 0
      vertex 0.804335 85.9006 0
    endloop
  endfacet
  facet normal -0.740806 0.671719 0
    outer loop
      vertex 0.499376 85.5957 0
      vertex 0.644364 85.7556 2.4
      vertex 0.644364 85.7556 0
    endloop
  endfacet
  facet normal -0.740806 0.671719 0
    outer loop
      vertex 0.644364 85.7556 2.4
      vertex 0.499376 85.5957 0
      vertex 0.499376 85.5957 2.4
    endloop
  endfacet
  facet normal -0.337172 0.941443 0
    outer loop
      vertex 1.56137 86.3053 0
      vertex 1.3581 86.2325 2.4
      vertex 1.56137 86.3053 2.4
    endloop
  endfacet
  facet normal -0.337172 0.941443 0
    outer loop
      vertex 1.3581 86.2325 2.4
      vertex 1.56137 86.3053 0
      vertex 1.3581 86.2325 0
    endloop
  endfacet
  facet normal -0.85773 -0.514101 0
    outer loop
      vertex 0.370767 0.977745 0
      vertex 0.259772 1.16293 2.4
      vertex 0.259772 1.16293 0
    endloop
  endfacet
  facet normal -0.85773 -0.514101 0
    outer loop
      vertex 0.259772 1.16293 2.4
      vertex 0.370767 0.977745 0
      vertex 0.370767 0.977745 2.4
    endloop
  endfacet
  facet normal -0.427553 -0.90399 0
    outer loop
      vertex 1.16293 0.259772 0
      vertex 1.3581 0.167464 2.4
      vertex 1.16293 0.259772 2.4
    endloop
  endfacet
  facet normal -0.427553 -0.90399 -0
    outer loop
      vertex 1.3581 0.167464 2.4
      vertex 1.16293 0.259772 0
      vertex 1.3581 0.167464 0
    endloop
  endfacet
  facet normal 0.989162 -0.146827 0
    outer loop
      vertex 71.3577 1.7708 2.4
      vertex 71.3894 1.98436 0
      vertex 71.3894 1.98436 2.4
    endloop
  endfacet
  facet normal 0.989162 -0.146827 0
    outer loop
      vertex 71.3894 1.98436 0
      vertex 71.3577 1.7708 2.4
      vertex 71.3577 1.7708 0
    endloop
  endfacet
  facet normal 0.59572 -0.803192 0
    outer loop
      vertex 70.4223 0.370767 0
      vertex 70.5957 0.499376 2.4
      vertex 70.4223 0.370767 2.4
    endloop
  endfacet
  facet normal 0.59572 -0.803192 0
    outer loop
      vertex 70.5957 0.499376 2.4
      vertex 70.4223 0.370767 0
      vertex 70.5957 0.499376 0
    endloop
  endfacet
  facet normal -0.0490662 -0.998796 0
    outer loop
      vertex 1.98436 0.0105934 0
      vertex 2.2 0 2.4
      vertex 1.98436 0.0105934 2.4
    endloop
  endfacet
  facet normal -0.0490662 -0.998796 -0
    outer loop
      vertex 2.2 0 2.4
      vertex 1.98436 0.0105934 0
      vertex 2.2 0 0
    endloop
  endfacet
  facet normal -0.146729 -0.989177 0
    outer loop
      vertex 1.7708 0.0422716 0
      vertex 1.98436 0.0105934 2.4
      vertex 1.7708 0.0422716 2.4
    endloop
  endfacet
  facet normal -0.146729 -0.989177 -0
    outer loop
      vertex 1.98436 0.0105934 2.4
      vertex 1.7708 0.0422716 0
      vertex 1.98436 0.0105934 0
    endloop
  endfacet
  facet normal -0.146827 0.989162 0
    outer loop
      vertex 1.98436 86.3894 0
      vertex 1.7708 86.3577 2.4
      vertex 1.98436 86.3894 2.4
    endloop
  endfacet
  facet normal -0.146827 0.989162 0
    outer loop
      vertex 1.7708 86.3577 2.4
      vertex 1.98436 86.3894 0
      vertex 1.7708 86.3577 0
    endloop
  endfacet
  facet normal -0.671556 -0.740954 0
    outer loop
      vertex 0.644364 0.644364 0
      vertex 0.804335 0.499376 2.4
      vertex 0.644364 0.644364 2.4
    endloop
  endfacet
  facet normal -0.671556 -0.740954 -0
    outer loop
      vertex 0.804335 0.499376 2.4
      vertex 0.644364 0.644364 0
      vertex 0.804335 0.499376 0
    endloop
  endfacet
  facet normal -0.970032 -0.242977 0
    outer loop
      vertex 0.0947304 1.56137 0
      vertex 0.0422716 1.7708 2.4
      vertex 0.0422716 1.7708 0
    endloop
  endfacet
  facet normal -0.970032 -0.242977 0
    outer loop
      vertex 0.0422716 1.7708 2.4
      vertex 0.0947304 1.56137 0
      vertex 0.0947304 1.56137 2.4
    endloop
  endfacet
  facet normal -0.514101 -0.85773 0
    outer loop
      vertex 0.977745 0.370767 0
      vertex 1.16293 0.259772 2.4
      vertex 0.977745 0.370767 2.4
    endloop
  endfacet
  facet normal -0.514101 -0.85773 -0
    outer loop
      vertex 1.16293 0.259772 2.4
      vertex 0.977745 0.370767 0
      vertex 1.16293 0.259772 0
    endloop
  endfacet
  facet normal 0 0 1
    outer loop
      vertex 68.789 83.4028 2.4
      vertex 71.4 84.2 2.4
      vertex 71.3894 84.4156 2.4
    endloop
  endfacet
  facet normal 0 0 1
    outer loop
      vertex 71.4 84.2 2.4
      vertex 69.025 82.625 2.4
      vertex 71.4 2.2 2.4
    endloop
  endfacet
  facet normal 0 0 1
    outer loop
      vertex 68.789 83.4028 2.4
      vertex 71.3894 84.4156 2.4
      vertex 71.3577 84.6292 2.4
    endloop
  endfacet
  facet normal -0 0 1
    outer loop
      vertex 69.025 3.77499 2.4
      vertex 71.4 2.2 2.4
      vertex 69.025 82.625 2.4
    endloop
  endfacet
  facet normal 0 0 1
    outer loop
      vertex 68.7072 83.5131 2.4
      vertex 71.3577 84.6292 2.4
      vertex 71.3053 84.8386 2.4
    endloop
  endfacet
  facet normal -0 0 1
    outer loop
      vertex 69.0182 3.63777 2.4
      vertex 71.4 2.2 2.4
      vertex 69.025 3.77499 2.4
    endloop
  endfacet
  facet normal 0 0 1
    outer loop
      vertex 68.7072 83.5131 2.4
      vertex 71.3053 84.8386 2.4
      vertex 71.2325 85.0419 2.4
    endloop
  endfacet
  facet normal -0 0 1
    outer loop
      vertex 68.9981 3.50186 2.4
      vertex 71.4 2.2 2.4
      vertex 69.0182 3.63777 2.4
    endloop
  endfacet
  facet normal 0 0 1
    outer loop
      vertex 68.7072 83.5131 2.4
      vertex 71.2325 85.0419 2.4
      vertex 71.1402 85.2371 2.4
    endloop
  endfacet
  facet normal -0 0 1
    outer loop
      vertex 68.9647 3.36859 2.4
      vertex 71.4 2.2 2.4
      vertex 68.9981 3.50186 2.4
    endloop
  endfacet
  facet normal 0 0 1
    outer loop
      vertex 68.7072 83.5131 2.4
      vertex 71.1402 85.2371 2.4
      vertex 71.0292 85.4223 2.4
    endloop
  endfacet
  facet normal -0 0 1
    outer loop
      vertex 68.9184 3.23924 2.4
      vertex 71.4 2.2 2.4
      vertex 68.9647 3.36859 2.4
    endloop
  endfacet
  facet normal 0 0 1
    outer loop
      vertex 68.6149 83.6149 2.4
      vertex 71.0292 85.4223 2.4
      vertex 70.9006 85.5957 2.4
    endloop
  endfacet
  facet normal -0 0 1
    outer loop
      vertex 68.8597 3.11504 2.4
      vertex 71.4 2.2 2.4
      vertex 68.9184 3.23924 2.4
    endloop
  endfacet
  facet normal 0 0 1
    outer loop
      vertex 68.6149 83.6149 2.4
      vertex 70.9006 85.5957 2.4
      vertex 70.7556 85.7556 2.4
    endloop
  endfacet
  facet normal -0 0 1
    outer loop
      vertex 68.789 2.99719 2.4
      vertex 71.4 2.2 2.4
      vertex 68.8597 3.11504 2.4
    endloop
  endfacet
  facet normal 0 0 1
    outer loop
      vertex 68.6149 83.6149 2.4
      vertex 70.7556 85.7556 2.4
      vertex 70.5957 85.9006 2.4
    endloop
  endfacet
  facet normal 0 0 1
    outer loop
      vertex 71.4 2.2 2.4
      vertex 68.789 2.99719 2.4
      vertex 71.3894 1.98436 2.4
    endloop
  endfacet
  facet normal 0 0 1
    outer loop
      vertex 68.6149 83.6149 2.4
      vertex 70.5957 85.9006 2.4
      vertex 70.4223 86.0292 2.4
    endloop
  endfacet
  facet normal 0 0 1
    outer loop
      vertex 71.3894 1.98436 2.4
      vertex 68.789 2.99719 2.4
      vertex 71.3577 1.7708 2.4
    endloop
  endfacet
  facet normal 0 0 1
    outer loop
      vertex 68.5131 83.7072 2.4
      vertex 70.4223 86.0292 2.4
      vertex 70.2371 86.1402 2.4
    endloop
  endfacet
  facet normal -0 0 1
    outer loop
      vertex 68.7072 2.88684 2.4
      vertex 71.3577 1.7708 2.4
      vertex 68.789 2.99719 2.4
    endloop
  endfacet
  facet normal 0 0 1
    outer loop
      vertex 68.5131 83.7072 2.4
      vertex 70.2371 86.1402 2.4
      vertex 70.0419 86.2325 2.4
    endloop
  endfacet
  facet normal 0 0 1
    outer loop
      vertex 71.3577 1.7708 2.4
      vertex 68.7072 2.88684 2.4
      vertex 71.3053 1.56137 2.4
    endloop
  endfacet
  facet normal 0 0 1
    outer loop
      vertex 68.5131 83.7072 2.4
      vertex 70.0419 86.2325 2.4
      vertex 69.8386 86.3053 2.4
    endloop
  endfacet
  facet normal 0 0 1
    outer loop
      vertex 71.3053 1.56137 2.4
      vertex 68.7072 2.88684 2.4
      vertex 71.2325 1.3581 2.4
    endloop
  endfacet
  facet normal 0 0 1
    outer loop
      vertex 68.5131 83.7072 2.4
      vertex 69.8386 86.3053 2.4
      vertex 69.6292 86.3577 2.4
    endloop
  endfacet
  facet normal 0 0 1
    outer loop
      vertex 71.2325 1.3581 2.4
      vertex 68.7072 2.88684 2.4
      vertex 71.1402 1.16293 2.4
    endloop
  endfacet
  facet normal 0 0 1
    outer loop
      vertex 68.4028 83.789 2.4
      vertex 69.6292 86.3577 2.4
      vertex 69.4156 86.3894 2.4
    endloop
  endfacet
  facet normal 0 0 1
    outer loop
      vertex 71.1402 1.16293 2.4
      vertex 68.7072 2.88684 2.4
      vertex 71.0292 0.977745 2.4
    endloop
  endfacet
  facet normal 0 0 1
    outer loop
      vertex 68.4028 83.789 2.4
      vertex 69.4156 86.3894 2.4
      vertex 69.2 86.4 2.4
    endloop
  endfacet
  facet normal -0 0 1
    outer loop
      vertex 68.6149 2.78505 2.4
      vertex 71.0292 0.977745 2.4
      vertex 68.7072 2.88684 2.4
    endloop
  endfacet
  facet normal 0 0 1
    outer loop
      vertex 71.0292 0.977745 2.4
      vertex 68.6149 2.78505 2.4
      vertex 70.9006 0.804335 2.4
    endloop
  endfacet
  facet normal 0 0 1
    outer loop
      vertex 71.4 84.2 2.4
      vertex 69.0182 82.7622 2.4
      vertex 69.025 82.625 2.4
    endloop
  endfacet
  facet normal 0 0 1
    outer loop
      vertex 71.4 84.2 2.4
      vertex 68.9981 82.8981 2.4
      vertex 69.0182 82.7622 2.4
    endloop
  endfacet
  facet normal 0 0 1
    outer loop
      vertex 71.4 84.2 2.4
      vertex 68.9647 83.0314 2.4
      vertex 68.9981 82.8981 2.4
    endloop
  endfacet
  facet normal 0 0 1
    outer loop
      vertex 71.4 84.2 2.4
      vertex 68.9184 83.1608 2.4
      vertex 68.9647 83.0314 2.4
    endloop
  endfacet
  facet normal 0 0 1
    outer loop
      vertex 71.4 84.2 2.4
      vertex 68.8597 83.2849 2.4
      vertex 68.9184 83.1608 2.4
    endloop
  endfacet
  facet normal 0 0 1
    outer loop
      vertex 71.4 84.2 2.4
      vertex 68.789 83.4028 2.4
      vertex 68.8597 83.2849 2.4
    endloop
  endfacet
  facet normal 0 0 1
    outer loop
      vertex 71.3577 84.6292 2.4
      vertex 68.7072 83.5131 2.4
      vertex 68.789 83.4028 2.4
    endloop
  endfacet
  facet normal 0 0 1
    outer loop
      vertex 71.0292 85.4223 2.4
      vertex 68.6149 83.6149 2.4
      vertex 68.7072 83.5131 2.4
    endloop
  endfacet
  facet normal 0 0 1
    outer loop
      vertex 70.4223 86.0292 2.4
      vertex 68.5131 83.7072 2.4
      vertex 68.6149 83.6149 2.4
    endloop
  endfacet
  facet normal 0 0 1
    outer loop
      vertex 69.6292 86.3577 2.4
      vertex 68.4028 83.789 2.4
      vertex 68.5131 83.7072 2.4
    endloop
  endfacet
  facet normal 0 0 1
    outer loop
      vertex 69.2 86.4 2.4
      vertex 68.2849 83.8597 2.4
      vertex 68.4028 83.789 2.4
    endloop
  endfacet
  facet normal 0 0 1
    outer loop
      vertex 69.2 86.4 2.4
      vertex 68.1608 83.9184 2.4
      vertex 68.2849 83.8597 2.4
    endloop
  endfacet
  facet normal 0 0 1
    outer loop
      vertex 69.2 86.4 2.4
      vertex 68.0314 83.9647 2.4
      vertex 68.1608 83.9184 2.4
    endloop
  endfacet
  facet normal 0 0 1
    outer loop
      vertex 69.2 86.4 2.4
      vertex 67.8981 83.9981 2.4
      vertex 68.0314 83.9647 2.4
    endloop
  endfacet
  facet normal 0 0 1
    outer loop
      vertex 69.2 86.4 2.4
      vertex 67.7622 84.0182 2.4
      vertex 67.8981 83.9981 2.4
    endloop
  endfacet
  facet normal 0 0 1
    outer loop
      vertex 69.2 86.4 2.4
      vertex 67.625 84.025 2.4
      vertex 67.7622 84.0182 2.4
    endloop
  endfacet
  facet normal 0 0 1
    outer loop
      vertex 69.2 86.4 2.4
      vertex 3.77499 84.025 2.4
      vertex 67.625 84.025 2.4
    endloop
  endfacet
  facet normal -0 0 1
    outer loop
      vertex 0.499376 85.5957 2.4
      vertex 2.78505 83.6149 2.4
      vertex 0.644364 85.7556 2.4
    endloop
  endfacet
  facet normal -0 0 1
    outer loop
      vertex 0.644364 85.7556 2.4
      vertex 2.78505 83.6149 2.4
      vertex 0.804335 85.9006 2.4
    endloop
  endfacet
  facet normal -0 0 1
    outer loop
      vertex 0.804335 85.9006 2.4
      vertex 2.78505 83.6149 2.4
      vertex 0.977745 86.0292 2.4
    endloop
  endfacet
  facet normal 0 0 1
    outer loop
      vertex 2.88684 83.7072 2.4
      vertex 0.977745 86.0292 2.4
      vertex 2.78505 83.6149 2.4
    endloop
  endfacet
  facet normal -0 0 1
    outer loop
      vertex 0.977745 86.0292 2.4
      vertex 2.88684 83.7072 2.4
      vertex 1.16293 86.1402 2.4
    endloop
  endfacet
  facet normal -0 0 1
    outer loop
      vertex 1.16293 86.1402 2.4
      vertex 2.88684 83.7072 2.4
      vertex 1.3581 86.2325 2.4
    endloop
  endfacet
  facet normal -0 0 1
    outer loop
      vertex 1.3581 86.2325 2.4
      vertex 2.88684 83.7072 2.4
      vertex 1.56137 86.3053 2.4
    endloop
  endfacet
  facet normal -0 0 1
    outer loop
      vertex 1.56137 86.3053 2.4
      vertex 2.88684 83.7072 2.4
      vertex 1.7708 86.3577 2.4
    endloop
  endfacet
  facet normal 0 0 1
    outer loop
      vertex 2.99719 83.789 2.4
      vertex 1.7708 86.3577 2.4
      vertex 2.88684 83.7072 2.4
    endloop
  endfacet
  facet normal -0 0 1
    outer loop
      vertex 1.7708 86.3577 2.4
      vertex 2.99719 83.789 2.4
      vertex 1.98436 86.3894 2.4
    endloop
  endfacet
  facet normal -0 0 1
    outer loop
      vertex 1.98436 86.3894 2.4
      vertex 2.99719 83.789 2.4
      vertex 2.2 86.4 2.4
    endloop
  endfacet
  facet normal 0 0 1
    outer loop
      vertex 3.11504 83.8597 2.4
      vertex 2.2 86.4 2.4
      vertex 2.99719 83.789 2.4
    endloop
  endfacet
  facet normal 0 0 1
    outer loop
      vertex 3.23924 83.9184 2.4
      vertex 2.2 86.4 2.4
      vertex 3.11504 83.8597 2.4
    endloop
  endfacet
  facet normal 0 0 1
    outer loop
      vertex 3.36859 83.9647 2.4
      vertex 2.2 86.4 2.4
      vertex 3.23924 83.9184 2.4
    endloop
  endfacet
  facet normal 0 0 1
    outer loop
      vertex 3.50186 83.9981 2.4
      vertex 2.2 86.4 2.4
      vertex 3.36859 83.9647 2.4
    endloop
  endfacet
  facet normal 0 0 1
    outer loop
      vertex 3.63777 84.0182 2.4
      vertex 2.2 86.4 2.4
      vertex 3.50186 83.9981 2.4
    endloop
  endfacet
  facet normal 0 0 1
    outer loop
      vertex 3.77499 84.025 2.4
      vertex 2.2 86.4 2.4
      vertex 3.63777 84.0182 2.4
    endloop
  endfacet
  facet normal -0 0 1
    outer loop
      vertex 2.2 86.4 2.4
      vertex 3.77499 84.025 2.4
      vertex 69.2 86.4 2.4
    endloop
  endfacet
  facet normal 0 0 1
    outer loop
      vertex 70.9006 0.804335 2.4
      vertex 68.6149 2.78505 2.4
      vertex 70.7556 0.644364 2.4
    endloop
  endfacet
  facet normal 0 0 1
    outer loop
      vertex 70.7556 0.644364 2.4
      vertex 68.6149 2.78505 2.4
      vertex 70.5957 0.499376 2.4
    endloop
  endfacet
  facet normal 0 0 1
    outer loop
      vertex 70.5957 0.499376 2.4
      vertex 68.6149 2.78505 2.4
      vertex 70.4223 0.370767 2.4
    endloop
  endfacet
  facet normal -0 0 1
    outer loop
      vertex 68.5131 2.69278 2.4
      vertex 70.4223 0.370767 2.4
      vertex 68.6149 2.78505 2.4
    endloop
  endfacet
  facet normal 0 0 1
    outer loop
      vertex 70.4223 0.370767 2.4
      vertex 68.5131 2.69278 2.4
      vertex 70.2371 0.259772 2.4
    endloop
  endfacet
  facet normal 0 0 1
    outer loop
      vertex 70.2371 0.259772 2.4
      vertex 68.5131 2.69278 2.4
      vertex 70.0419 0.167464 2.4
    endloop
  endfacet
  facet normal 0 0 1
    outer loop
      vertex 70.0419 0.167464 2.4
      vertex 68.5131 2.69278 2.4
      vertex 69.8386 0.0947304 2.4
    endloop
  endfacet
  facet normal 0 0 1
    outer loop
      vertex 69.8386 0.0947304 2.4
      vertex 68.5131 2.69278 2.4
      vertex 69.6292 0.0422716 2.4
    endloop
  endfacet
  facet normal -0 0 1
    outer loop
      vertex 68.4028 2.61093 2.4
      vertex 69.6292 0.0422716 2.4
      vertex 68.5131 2.69278 2.4
    endloop
  endfacet
  facet normal 0 0 1
    outer loop
      vertex 69.6292 0.0422716 2.4
      vertex 68.4028 2.61093 2.4
      vertex 69.4156 0.0105934 2.4
    endloop
  endfacet
  facet normal 0 0 1
    outer loop
      vertex 69.4156 0.0105934 2.4
      vertex 68.4028 2.61093 2.4
      vertex 69.2 0 2.4
    endloop
  endfacet
  facet normal -0 0 1
    outer loop
      vertex 68.2849 2.5403 2.4
      vertex 69.2 0 2.4
      vertex 68.4028 2.61093 2.4
    endloop
  endfacet
  facet normal -0 0 1
    outer loop
      vertex 68.1608 2.48157 2.4
      vertex 69.2 0 2.4
      vertex 68.2849 2.5403 2.4
    endloop
  endfacet
  facet normal -0 0 1
    outer loop
      vertex 68.0314 2.43527 2.4
      vertex 69.2 0 2.4
      vertex 68.1608 2.48157 2.4
    endloop
  endfacet
  facet normal -0 0 1
    outer loop
      vertex 67.8981 2.40189 2.4
      vertex 69.2 0 2.4
      vertex 68.0314 2.43527 2.4
    endloop
  endfacet
  facet normal -0 0 1
    outer loop
      vertex 67.7622 2.38173 2.4
      vertex 69.2 0 2.4
      vertex 67.8981 2.40189 2.4
    endloop
  endfacet
  facet normal -0 0 1
    outer loop
      vertex 67.625 2.375 2.4
      vertex 69.2 0 2.4
      vertex 67.7622 2.38173 2.4
    endloop
  endfacet
  facet normal -0 0 1
    outer loop
      vertex 3.77499 2.375 2.4
      vertex 69.2 0 2.4
      vertex 67.625 2.375 2.4
    endloop
  endfacet
  facet normal 0 0 1
    outer loop
      vertex 3.77499 2.375 2.4
      vertex 2.2 0 2.4
      vertex 69.2 0 2.4
    endloop
  endfacet
  facet normal 0 0 1
    outer loop
      vertex 3.63777 2.38173 2.4
      vertex 2.2 0 2.4
      vertex 3.77499 2.375 2.4
    endloop
  endfacet
  facet normal 0 0 1
    outer loop
      vertex 3.50186 2.40189 2.4
      vertex 2.2 0 2.4
      vertex 3.63777 2.38173 2.4
    endloop
  endfacet
  facet normal 0 0 1
    outer loop
      vertex 3.36859 2.43527 2.4
      vertex 2.2 0 2.4
      vertex 3.50186 2.40189 2.4
    endloop
  endfacet
  facet normal 0 0 1
    outer loop
      vertex 3.23924 2.48157 2.4
      vertex 2.2 0 2.4
      vertex 3.36859 2.43527 2.4
    endloop
  endfacet
  facet normal 0 0 1
    outer loop
      vertex 3.11504 2.5403 2.4
      vertex 2.2 0 2.4
      vertex 3.23924 2.48157 2.4
    endloop
  endfacet
  facet normal 0 0 1
    outer loop
      vertex 2.99719 2.61093 2.4
      vertex 2.2 0 2.4
      vertex 3.11504 2.5403 2.4
    endloop
  endfacet
  facet normal 0 0 1
    outer loop
      vertex 1.7708 0.0422716 2.4
      vertex 2.99719 2.61093 2.4
      vertex 2.88684 2.69278 2.4
    endloop
  endfacet
  facet normal 0 0 1
    outer loop
      vertex 0.977745 0.370767 2.4
      vertex 2.88684 2.69278 2.4
      vertex 2.78505 2.78505 2.4
    endloop
  endfacet
  facet normal 0 0 1
    outer loop
      vertex 0.370767 0.977745 2.4
      vertex 2.78505 2.78505 2.4
      vertex 2.69278 2.88684 2.4
    endloop
  endfacet
  facet normal 0 0 1
    outer loop
      vertex 0.0422716 1.7708 2.4
      vertex 2.69278 2.88684 2.4
      vertex 2.61093 2.99719 2.4
    endloop
  endfacet
  facet normal 0 0 1
    outer loop
      vertex 0 2.2 2.4
      vertex 2.61093 2.99719 2.4
      vertex 2.5403 3.11504 2.4
    endloop
  endfacet
  facet normal 0 0 1
    outer loop
      vertex 0 2.2 2.4
      vertex 2.5403 3.11504 2.4
      vertex 2.48157 3.23924 2.4
    endloop
  endfacet
  facet normal 0 0 1
    outer loop
      vertex 0 2.2 2.4
      vertex 2.48157 3.23924 2.4
      vertex 2.43527 3.36859 2.4
    endloop
  endfacet
  facet normal 0 0 1
    outer loop
      vertex 0 2.2 2.4
      vertex 2.43527 3.36859 2.4
      vertex 2.40189 3.50186 2.4
    endloop
  endfacet
  facet normal 0 0 1
    outer loop
      vertex 0 2.2 2.4
      vertex 2.40189 3.50186 2.4
      vertex 2.38173 3.63777 2.4
    endloop
  endfacet
  facet normal 0 0 1
    outer loop
      vertex 0 2.2 2.4
      vertex 2.38173 3.63777 2.4
      vertex 2.375 3.77499 2.4
    endloop
  endfacet
  facet normal 0 0 1
    outer loop
      vertex 2.375 82.625 2.4
      vertex 0 84.2 2.4
      vertex 2.375 3.77499 2.4
    endloop
  endfacet
  facet normal -0 0 1
    outer loop
      vertex 0.370767 85.4223 2.4
      vertex 2.78505 83.6149 2.4
      vertex 0.499376 85.5957 2.4
    endloop
  endfacet
  facet normal 0 0 1
    outer loop
      vertex 0 2.2 2.4
      vertex 2.375 3.77499 2.4
      vertex 0 84.2 2.4
    endloop
  endfacet
  facet normal 0 0 1
    outer loop
      vertex 2.78505 83.6149 2.4
      vertex 0.370767 85.4223 2.4
      vertex 2.69278 83.5131 2.4
    endloop
  endfacet
  facet normal 0 0 1
    outer loop
      vertex 2.61093 2.99719 2.4
      vertex 0 2.2 2.4
      vertex 0.0105934 1.98436 2.4
    endloop
  endfacet
  facet normal -0 0 1
    outer loop
      vertex 0.259772 85.2371 2.4
      vertex 2.69278 83.5131 2.4
      vertex 0.370767 85.4223 2.4
    endloop
  endfacet
  facet normal 0 0 1
    outer loop
      vertex 2.99719 2.61093 2.4
      vertex 1.98436 0.0105934 2.4
      vertex 2.2 0 2.4
    endloop
  endfacet
  facet normal -0 0 1
    outer loop
      vertex 0.167464 85.0419 2.4
      vertex 2.69278 83.5131 2.4
      vertex 0.259772 85.2371 2.4
    endloop
  endfacet
  facet normal 0 0 1
    outer loop
      vertex 2.99719 2.61093 2.4
      vertex 1.7708 0.0422716 2.4
      vertex 1.98436 0.0105934 2.4
    endloop
  endfacet
  facet normal -0 0 1
    outer loop
      vertex 0.0947304 84.8386 2.4
      vertex 2.69278 83.5131 2.4
      vertex 0.167464 85.0419 2.4
    endloop
  endfacet
  facet normal 0 0 1
    outer loop
      vertex 2.88684 2.69278 2.4
      vertex 1.56137 0.0947304 2.4
      vertex 1.7708 0.0422716 2.4
    endloop
  endfacet
  facet normal -0 0 1
    outer loop
      vertex 0.0422716 84.6292 2.4
      vertex 2.69278 83.5131 2.4
      vertex 0.0947304 84.8386 2.4
    endloop
  endfacet
  facet normal 0 0 1
    outer loop
      vertex 2.88684 2.69278 2.4
      vertex 1.3581 0.167464 2.4
      vertex 1.56137 0.0947304 2.4
    endloop
  endfacet
  facet normal 0 0 1
    outer loop
      vertex 2.69278 83.5131 2.4
      vertex 0.0422716 84.6292 2.4
      vertex 2.61093 83.4028 2.4
    endloop
  endfacet
  facet normal 0 0 1
    outer loop
      vertex 2.88684 2.69278 2.4
      vertex 1.16293 0.259772 2.4
      vertex 1.3581 0.167464 2.4
    endloop
  endfacet
  facet normal -0 0 1
    outer loop
      vertex 0.0105934 84.4156 2.4
      vertex 2.61093 83.4028 2.4
      vertex 0.0422716 84.6292 2.4
    endloop
  endfacet
  facet normal 0 0 1
    outer loop
      vertex 2.88684 2.69278 2.4
      vertex 0.977745 0.370767 2.4
      vertex 1.16293 0.259772 2.4
    endloop
  endfacet
  facet normal -0 0 1
    outer loop
      vertex 0 84.2 2.4
      vertex 2.61093 83.4028 2.4
      vertex 0.0105934 84.4156 2.4
    endloop
  endfacet
  facet normal 0 0 1
    outer loop
      vertex 2.78505 2.78505 2.4
      vertex 0.804335 0.499376 2.4
      vertex 0.977745 0.370767 2.4
    endloop
  endfacet
  facet normal 0 0 1
    outer loop
      vertex 2.61093 83.4028 2.4
      vertex 0 84.2 2.4
      vertex 2.5403 83.2849 2.4
    endloop
  endfacet
  facet normal 0 0 1
    outer loop
      vertex 2.78505 2.78505 2.4
      vertex 0.644364 0.644364 2.4
      vertex 0.804335 0.499376 2.4
    endloop
  endfacet
  facet normal 0 0 1
    outer loop
      vertex 2.5403 83.2849 2.4
      vertex 0 84.2 2.4
      vertex 2.48157 83.1608 2.4
    endloop
  endfacet
  facet normal 0 0 1
    outer loop
      vertex 2.78505 2.78505 2.4
      vertex 0.499376 0.804335 2.4
      vertex 0.644364 0.644364 2.4
    endloop
  endfacet
  facet normal 0 0 1
    outer loop
      vertex 2.48157 83.1608 2.4
      vertex 0 84.2 2.4
      vertex 2.43527 83.0314 2.4
    endloop
  endfacet
  facet normal 0 0 1
    outer loop
      vertex 2.78505 2.78505 2.4
      vertex 0.370767 0.977745 2.4
      vertex 0.499376 0.804335 2.4
    endloop
  endfacet
  facet normal 0 0 1
    outer loop
      vertex 2.43527 83.0314 2.4
      vertex 0 84.2 2.4
      vertex 2.40189 82.8981 2.4
    endloop
  endfacet
  facet normal 0 0 1
    outer loop
      vertex 2.69278 2.88684 2.4
      vertex 0.259772 1.16293 2.4
      vertex 0.370767 0.977745 2.4
    endloop
  endfacet
  facet normal 0 0 1
    outer loop
      vertex 2.40189 82.8981 2.4
      vertex 0 84.2 2.4
      vertex 2.38173 82.7622 2.4
    endloop
  endfacet
  facet normal 0 0 1
    outer loop
      vertex 2.69278 2.88684 2.4
      vertex 0.167464 1.3581 2.4
      vertex 0.259772 1.16293 2.4
    endloop
  endfacet
  facet normal 0 0 1
    outer loop
      vertex 2.38173 82.7622 2.4
      vertex 0 84.2 2.4
      vertex 2.375 82.625 2.4
    endloop
  endfacet
  facet normal 0 0 1
    outer loop
      vertex 2.69278 2.88684 2.4
      vertex 0.0947304 1.56137 2.4
      vertex 0.167464 1.3581 2.4
    endloop
  endfacet
  facet normal 0 0 1
    outer loop
      vertex 2.69278 2.88684 2.4
      vertex 0.0422716 1.7708 2.4
      vertex 0.0947304 1.56137 2.4
    endloop
  endfacet
  facet normal 0 0 1
    outer loop
      vertex 2.61093 2.99719 2.4
      vertex 0.0105934 1.98436 2.4
      vertex 0.0422716 1.7708 2.4
    endloop
  endfacet
  facet normal -0 0 1
    outer loop
      vertex 33 72.5 2.4
      vertex 38 13.9 2.4
      vertex 38 72.5 2.4
    endloop
  endfacet
  facet normal 0 0 1
    outer loop
      vertex 38 13.9 2.4
      vertex 33 72.5 2.4
      vertex 33 13.9 2.4
    endloop
  endfacet
  facet normal 0 0 1
    outer loop
      vertex 67.125 82.625 2.4
      vertex 67.625 82.125 2.4
      vertex 67.6226 82.174 2.4
    endloop
  endfacet
  facet normal 0 0 1
    outer loop
      vertex 67.625 82.125 2.4
      vertex 38 72.5 2.4
      vertex 67.625 4.27499 2.4
    endloop
  endfacet
  facet normal 0 0 1
    outer loop
      vertex 67.125 82.625 2.4
      vertex 67.6226 82.174 2.4
      vertex 67.6154 82.2225 2.4
    endloop
  endfacet
  facet normal -0 0 1
    outer loop
      vertex 38 13.9 2.4
      vertex 67.625 4.27499 2.4
      vertex 38 72.5 2.4
    endloop
  endfacet
  facet normal 0 0 1
    outer loop
      vertex 67.125 82.625 2.4
      vertex 67.6154 82.2225 2.4
      vertex 67.6035 82.2701 2.4
    endloop
  endfacet
  facet normal 0 -0 1
    outer loop
      vertex 67.125 3.77499 2.4
      vertex 67.625 4.27499 2.4
      vertex 38 13.9 2.4
    endloop
  endfacet
  facet normal 0 0 1
    outer loop
      vertex 67.125 82.625 2.4
      vertex 67.6035 82.2701 2.4
      vertex 67.5869 82.3163 2.4
    endloop
  endfacet
  facet normal 0 0 1
    outer loop
      vertex 67.625 4.27499 2.4
      vertex 67.125 3.77499 2.4
      vertex 67.6226 4.22598 2.4
    endloop
  endfacet
  facet normal 0 0 1
    outer loop
      vertex 67.125 82.625 2.4
      vertex 67.5869 82.3163 2.4
      vertex 67.5659 82.3607 2.4
    endloop
  endfacet
  facet normal 0 0 1
    outer loop
      vertex 67.6226 4.22598 2.4
      vertex 67.125 3.77499 2.4
      vertex 67.6154 4.17744 2.4
    endloop
  endfacet
  facet normal 0 0 1
    outer loop
      vertex 67.125 82.625 2.4
      vertex 67.5659 82.3607 2.4
      vertex 67.5407 82.4028 2.4
    endloop
  endfacet
  facet normal 0 0 1
    outer loop
      vertex 67.6154 4.17744 2.4
      vertex 67.125 3.77499 2.4
      vertex 67.6035 4.12985 2.4
    endloop
  endfacet
  facet normal 0 0 1
    outer loop
      vertex 67.125 82.625 2.4
      vertex 67.5407 82.4028 2.4
      vertex 67.5115 82.4422 2.4
    endloop
  endfacet
  facet normal 0 0 1
    outer loop
      vertex 67.6035 4.12985 2.4
      vertex 67.125 3.77499 2.4
      vertex 67.5869 4.08365 2.4
    endloop
  endfacet
  facet normal 0 0 1
    outer loop
      vertex 67.125 82.625 2.4
      vertex 67.5115 82.4422 2.4
      vertex 67.4785 82.4785 2.4
    endloop
  endfacet
  facet normal 0 0 1
    outer loop
      vertex 67.5869 4.08365 2.4
      vertex 67.125 3.77499 2.4
      vertex 67.5659 4.03929 2.4
    endloop
  endfacet
  facet normal 0 0 1
    outer loop
      vertex 67.125 82.625 2.4
      vertex 67.4785 82.4785 2.4
      vertex 67.4422 82.5115 2.4
    endloop
  endfacet
  facet normal 0 0 1
    outer loop
      vertex 67.5659 4.03929 2.4
      vertex 67.125 3.77499 2.4
      vertex 67.5407 3.99721 2.4
    endloop
  endfacet
  facet normal 0 0 1
    outer loop
      vertex 67.125 82.625 2.4
      vertex 67.4422 82.5115 2.4
      vertex 67.4028 82.5407 2.4
    endloop
  endfacet
  facet normal 0 0 1
    outer loop
      vertex 67.5407 3.99721 2.4
      vertex 67.125 3.77499 2.4
      vertex 67.5115 3.95779 2.4
    endloop
  endfacet
  facet normal 0 0 1
    outer loop
      vertex 67.125 82.625 2.4
      vertex 67.4028 82.5407 2.4
      vertex 67.3607 82.5659 2.4
    endloop
  endfacet
  facet normal 0 0 1
    outer loop
      vertex 67.5115 3.95779 2.4
      vertex 67.125 3.77499 2.4
      vertex 67.4785 3.92143 2.4
    endloop
  endfacet
  facet normal 0 0 1
    outer loop
      vertex 67.125 82.625 2.4
      vertex 67.3607 82.5659 2.4
      vertex 67.3163 82.5869 2.4
    endloop
  endfacet
  facet normal 0 0 1
    outer loop
      vertex 67.4785 3.92143 2.4
      vertex 67.125 3.77499 2.4
      vertex 67.4422 3.88849 2.4
    endloop
  endfacet
  facet normal 0 0 1
    outer loop
      vertex 67.125 82.625 2.4
      vertex 67.3163 82.5869 2.4
      vertex 67.2701 82.6035 2.4
    endloop
  endfacet
  facet normal 0 0 1
    outer loop
      vertex 67.4422 3.88849 2.4
      vertex 67.125 3.77499 2.4
      vertex 67.4028 3.85925 2.4
    endloop
  endfacet
  facet normal 0 0 1
    outer loop
      vertex 67.125 82.625 2.4
      vertex 67.2701 82.6035 2.4
      vertex 67.2225 82.6154 2.4
    endloop
  endfacet
  facet normal 0 0 1
    outer loop
      vertex 67.4028 3.85925 2.4
      vertex 67.125 3.77499 2.4
      vertex 67.3607 3.83403 2.4
    endloop
  endfacet
  facet normal 0 0 1
    outer loop
      vertex 67.125 82.625 2.4
      vertex 67.2225 82.6154 2.4
      vertex 67.174 82.6226 2.4
    endloop
  endfacet
  facet normal 0 0 1
    outer loop
      vertex 67.625 82.125 2.4
      vertex 67.125 82.625 2.4
      vertex 38 72.5 2.4
    endloop
  endfacet
  facet normal 0 0 1
    outer loop
      vertex 67.3607 3.83403 2.4
      vertex 67.125 3.77499 2.4
      vertex 67.3163 3.81305 2.4
    endloop
  endfacet
  facet normal 0 0 1
    outer loop
      vertex 67.2225 3.78461 2.4
      vertex 67.125 3.77499 2.4
      vertex 67.174 3.7774 2.4
    endloop
  endfacet
  facet normal 0 0 1
    outer loop
      vertex 38 72.5 2.4
      vertex 67.125 82.625 2.4
      vertex 38 75.5 2.4
    endloop
  endfacet
  facet normal 0 0 1
    outer loop
      vertex 67.125 82.625 2.4
      vertex 33 75.5 2.4
      vertex 38 75.5 2.4
    endloop
  endfacet
  facet normal 0 0 1
    outer loop
      vertex 4.27499 82.625 2.4
      vertex 33 72.5 2.4
      vertex 33 75.5 2.4
    endloop
  endfacet
  facet normal 0 0 1
    outer loop
      vertex 33 72.5 2.4
      vertex 3.77499 82.125 2.4
      vertex 33 13.9 2.4
    endloop
  endfacet
  facet normal 0 0 1
    outer loop
      vertex 33 72.5 2.4
      vertex 4.27499 82.625 2.4
      vertex 3.77499 82.125 2.4
    endloop
  endfacet
  facet normal -0 0 1
    outer loop
      vertex 4.27499 82.625 2.4
      vertex 33 75.5 2.4
      vertex 67.125 82.625 2.4
    endloop
  endfacet
  facet normal 0 0 1
    outer loop
      vertex 67.3163 3.81305 2.4
      vertex 67.125 3.77499 2.4
      vertex 67.2701 3.79652 2.4
    endloop
  endfacet
  facet normal 0 0 1
    outer loop
      vertex 67.2701 3.79652 2.4
      vertex 67.125 3.77499 2.4
      vertex 67.2225 3.78461 2.4
    endloop
  endfacet
  facet normal -0 0 1
    outer loop
      vertex 38 10.9 2.4
      vertex 67.125 3.77499 2.4
      vertex 38 13.9 2.4
    endloop
  endfacet
  facet normal -0 0 1
    outer loop
      vertex 33 10.9 2.4
      vertex 67.125 3.77499 2.4
      vertex 38 10.9 2.4
    endloop
  endfacet
  facet normal 0 0 1
    outer loop
      vertex 33 10.9 2.4
      vertex 4.27499 3.77499 2.4
      vertex 67.125 3.77499 2.4
    endloop
  endfacet
  facet normal 0 0 1
    outer loop
      vertex 3.77499 4.27499 2.4
      vertex 33 13.9 2.4
      vertex 3.77499 82.125 2.4
    endloop
  endfacet
  facet normal 0 0 1
    outer loop
      vertex 3.77499 82.125 2.4
      vertex 4.27499 82.625 2.4
      vertex 4.22598 82.6226 2.4
    endloop
  endfacet
  facet normal 0 -0 1
    outer loop
      vertex 4.27499 3.77499 2.4
      vertex 33 13.9 2.4
      vertex 3.77499 4.27499 2.4
    endloop
  endfacet
  facet normal 0 0 1
    outer loop
      vertex 3.77499 82.125 2.4
      vertex 4.22598 82.6226 2.4
      vertex 4.17744 82.6154 2.4
    endloop
  endfacet
  facet normal 0 0 1
    outer loop
      vertex 33 13.9 2.4
      vertex 4.27499 3.77499 2.4
      vertex 33 10.9 2.4
    endloop
  endfacet
  facet normal 0 0 1
    outer loop
      vertex 3.77499 82.125 2.4
      vertex 4.17744 82.6154 2.4
      vertex 4.12985 82.6035 2.4
    endloop
  endfacet
  facet normal 0 0 1
    outer loop
      vertex 4.27499 3.77499 2.4
      vertex 3.77499 4.27499 2.4
      vertex 4.22598 3.7774 2.4
    endloop
  endfacet
  facet normal 0 0 1
    outer loop
      vertex 3.77499 82.125 2.4
      vertex 4.12985 82.6035 2.4
      vertex 4.08365 82.5869 2.4
    endloop
  endfacet
  facet normal 0 0 1
    outer loop
      vertex 4.22598 3.7774 2.4
      vertex 3.77499 4.27499 2.4
      vertex 4.17744 3.78461 2.4
    endloop
  endfacet
  facet normal 0 0 1
    outer loop
      vertex 3.77499 82.125 2.4
      vertex 4.08365 82.5869 2.4
      vertex 4.03929 82.5659 2.4
    endloop
  endfacet
  facet normal 0 0 1
    outer loop
      vertex 4.17744 3.78461 2.4
      vertex 3.77499 4.27499 2.4
      vertex 4.12985 3.79652 2.4
    endloop
  endfacet
  facet normal 0 0 1
    outer loop
      vertex 3.77499 82.125 2.4
      vertex 4.03929 82.5659 2.4
      vertex 3.99721 82.5407 2.4
    endloop
  endfacet
  facet normal 0 0 1
    outer loop
      vertex 4.12985 3.79652 2.4
      vertex 3.77499 4.27499 2.4
      vertex 4.08365 3.81305 2.4
    endloop
  endfacet
  facet normal 0 0 1
    outer loop
      vertex 3.77499 82.125 2.4
      vertex 3.99721 82.5407 2.4
      vertex 3.95779 82.5115 2.4
    endloop
  endfacet
  facet normal 0 0 1
    outer loop
      vertex 4.08365 3.81305 2.4
      vertex 3.77499 4.27499 2.4
      vertex 4.03929 3.83403 2.4
    endloop
  endfacet
  facet normal 0 0 1
    outer loop
      vertex 3.77499 82.125 2.4
      vertex 3.95779 82.5115 2.4
      vertex 3.92143 82.4785 2.4
    endloop
  endfacet
  facet normal 0 0 1
    outer loop
      vertex 4.03929 3.83403 2.4
      vertex 3.77499 4.27499 2.4
      vertex 3.99721 3.85925 2.4
    endloop
  endfacet
  facet normal 0 0 1
    outer loop
      vertex 3.77499 82.125 2.4
      vertex 3.92143 82.4785 2.4
      vertex 3.88849 82.4422 2.4
    endloop
  endfacet
  facet normal 0 0 1
    outer loop
      vertex 3.99721 3.85925 2.4
      vertex 3.77499 4.27499 2.4
      vertex 3.95779 3.88849 2.4
    endloop
  endfacet
  facet normal 0 0 1
    outer loop
      vertex 3.77499 82.125 2.4
      vertex 3.88849 82.4422 2.4
      vertex 3.85925 82.4028 2.4
    endloop
  endfacet
  facet normal 0 0 1
    outer loop
      vertex 3.95779 3.88849 2.4
      vertex 3.77499 4.27499 2.4
      vertex 3.92143 3.92143 2.4
    endloop
  endfacet
  facet normal 0 0 1
    outer loop
      vertex 3.77499 82.125 2.4
      vertex 3.85925 82.4028 2.4
      vertex 3.83403 82.3607 2.4
    endloop
  endfacet
  facet normal 0 0 1
    outer loop
      vertex 3.92143 3.92143 2.4
      vertex 3.77499 4.27499 2.4
      vertex 3.88849 3.95779 2.4
    endloop
  endfacet
  facet normal 0 0 1
    outer loop
      vertex 3.77499 82.125 2.4
      vertex 3.83403 82.3607 2.4
      vertex 3.81305 82.3163 2.4
    endloop
  endfacet
  facet normal 0 0 1
    outer loop
      vertex 3.88849 3.95779 2.4
      vertex 3.77499 4.27499 2.4
      vertex 3.85925 3.99721 2.4
    endloop
  endfacet
  facet normal 0 0 1
    outer loop
      vertex 3.77499 82.125 2.4
      vertex 3.81305 82.3163 2.4
      vertex 3.79652 82.2701 2.4
    endloop
  endfacet
  facet normal 0 0 1
    outer loop
      vertex 3.85925 3.99721 2.4
      vertex 3.77499 4.27499 2.4
      vertex 3.83403 4.03929 2.4
    endloop
  endfacet
  facet normal 0 0 1
    outer loop
      vertex 3.77499 82.125 2.4
      vertex 3.79652 82.2701 2.4
      vertex 3.78461 82.2225 2.4
    endloop
  endfacet
  facet normal 0 0 1
    outer loop
      vertex 3.83403 4.03929 2.4
      vertex 3.77499 4.27499 2.4
      vertex 3.81305 4.08365 2.4
    endloop
  endfacet
  facet normal 0 0 1
    outer loop
      vertex 3.77499 82.125 2.4
      vertex 3.78461 82.2225 2.4
      vertex 3.7774 82.174 2.4
    endloop
  endfacet
  facet normal 0 0 1
    outer loop
      vertex 3.81305 4.08365 2.4
      vertex 3.77499 4.27499 2.4
      vertex 3.79652 4.12985 2.4
    endloop
  endfacet
  facet normal 0 0 1
    outer loop
      vertex 3.79652 4.12985 2.4
      vertex 3.77499 4.27499 2.4
      vertex 3.78461 4.17744 2.4
    endloop
  endfacet
  facet normal 0 0 1
    outer loop
      vertex 3.78461 4.17744 2.4
      vertex 3.77499 4.27499 2.4
      vertex 3.7774 4.22598 2.4
    endloop
  endfacet
  facet normal 0 0 1
    outer loop
      vertex 69.025 82.625 5.4
      vertex 67.6226 82.174 5.4
      vertex 67.625 82.125 5.4
    endloop
  endfacet
  facet normal 0 0 1
    outer loop
      vertex 67.7622 84.0182 5.4
      vertex 67.6154 82.2225 5.4
      vertex 67.6226 82.174 5.4
    endloop
  endfacet
  facet normal 0 0 1
    outer loop
      vertex 67.7622 84.0182 5.4
      vertex 67.6035 82.2701 5.4
      vertex 67.6154 82.2225 5.4
    endloop
  endfacet
  facet normal 0 0 1
    outer loop
      vertex 67.7622 84.0182 5.4
      vertex 67.5869 82.3163 5.4
      vertex 67.6035 82.2701 5.4
    endloop
  endfacet
  facet normal 0 0 1
    outer loop
      vertex 67.7622 84.0182 5.4
      vertex 67.5659 82.3607 5.4
      vertex 67.5869 82.3163 5.4
    endloop
  endfacet
  facet normal 0 0 1
    outer loop
      vertex 67.7622 84.0182 5.4
      vertex 67.5407 82.4028 5.4
      vertex 67.5659 82.3607 5.4
    endloop
  endfacet
  facet normal 0 0 1
    outer loop
      vertex 67.7622 84.0182 5.4
      vertex 67.5115 82.4422 5.4
      vertex 67.5407 82.4028 5.4
    endloop
  endfacet
  facet normal 0 0 1
    outer loop
      vertex 67.7622 84.0182 5.4
      vertex 67.4785 82.4785 5.4
      vertex 67.5115 82.4422 5.4
    endloop
  endfacet
  facet normal 0 0 1
    outer loop
      vertex 67.7622 84.0182 5.4
      vertex 67.4422 82.5115 5.4
      vertex 67.4785 82.4785 5.4
    endloop
  endfacet
  facet normal 0 0 1
    outer loop
      vertex 67.7622 84.0182 5.4
      vertex 67.4028 82.5407 5.4
      vertex 67.4422 82.5115 5.4
    endloop
  endfacet
  facet normal 0 0 1
    outer loop
      vertex 67.7622 84.0182 5.4
      vertex 67.3607 82.5659 5.4
      vertex 67.4028 82.5407 5.4
    endloop
  endfacet
  facet normal 0 0 1
    outer loop
      vertex 67.625 84.025 5.4
      vertex 67.3163 82.5869 5.4
      vertex 67.3607 82.5659 5.4
    endloop
  endfacet
  facet normal 0 0 1
    outer loop
      vertex 67.625 84.025 5.4
      vertex 67.2701 82.6035 5.4
      vertex 67.3163 82.5869 5.4
    endloop
  endfacet
  facet normal 0 0 1
    outer loop
      vertex 67.625 84.025 5.4
      vertex 67.2225 82.6154 5.4
      vertex 67.2701 82.6035 5.4
    endloop
  endfacet
  facet normal 0 0 1
    outer loop
      vertex 67.625 84.025 5.4
      vertex 67.174 82.6226 5.4
      vertex 67.2225 82.6154 5.4
    endloop
  endfacet
  facet normal 0 0 1
    outer loop
      vertex 67.625 84.025 5.4
      vertex 67.125 82.625 5.4
      vertex 67.174 82.6226 5.4
    endloop
  endfacet
  facet normal 0 0 1
    outer loop
      vertex 67.625 84.025 5.4
      vertex 4.27499 82.625 5.4
      vertex 67.125 82.625 5.4
    endloop
  endfacet
  facet normal -0 0 1
    outer loop
      vertex 3.77499 84.025 5.4
      vertex 4.27499 82.625 5.4
      vertex 67.625 84.025 5.4
    endloop
  endfacet
  facet normal 0 0 1
    outer loop
      vertex 3.77499 84.025 5.4
      vertex 4.22598 82.6226 5.4
      vertex 4.27499 82.625 5.4
    endloop
  endfacet
  facet normal 0 0 1
    outer loop
      vertex 3.77499 84.025 5.4
      vertex 4.17744 82.6154 5.4
      vertex 4.22598 82.6226 5.4
    endloop
  endfacet
  facet normal 0 0 1
    outer loop
      vertex 3.77499 84.025 5.4
      vertex 4.12985 82.6035 5.4
      vertex 4.17744 82.6154 5.4
    endloop
  endfacet
  facet normal 0 0 1
    outer loop
      vertex 3.77499 84.025 5.4
      vertex 4.08365 82.5869 5.4
      vertex 4.12985 82.6035 5.4
    endloop
  endfacet
  facet normal 0 0 1
    outer loop
      vertex 3.77499 84.025 5.4
      vertex 4.03929 82.5659 5.4
      vertex 4.08365 82.5869 5.4
    endloop
  endfacet
  facet normal -0 0 1
    outer loop
      vertex 3.63777 84.0182 5.4
      vertex 4.03929 82.5659 5.4
      vertex 3.77499 84.025 5.4
    endloop
  endfacet
  facet normal -0 0 1
    outer loop
      vertex 3.50186 83.9981 5.4
      vertex 4.03929 82.5659 5.4
      vertex 3.63777 84.0182 5.4
    endloop
  endfacet
  facet normal -0 0 1
    outer loop
      vertex 3.36859 83.9647 5.4
      vertex 4.03929 82.5659 5.4
      vertex 3.50186 83.9981 5.4
    endloop
  endfacet
  facet normal 0 0 1
    outer loop
      vertex 4.03929 82.5659 5.4
      vertex 3.36859 83.9647 5.4
      vertex 3.99721 82.5407 5.4
    endloop
  endfacet
  facet normal -0 0 1
    outer loop
      vertex 3.23924 83.9184 5.4
      vertex 3.99721 82.5407 5.4
      vertex 3.36859 83.9647 5.4
    endloop
  endfacet
  facet normal -0 0 1
    outer loop
      vertex 3.11504 83.8597 5.4
      vertex 3.99721 82.5407 5.4
      vertex 3.23924 83.9184 5.4
    endloop
  endfacet
  facet normal 0 0 1
    outer loop
      vertex 3.99721 82.5407 5.4
      vertex 3.11504 83.8597 5.4
      vertex 3.95779 82.5115 5.4
    endloop
  endfacet
  facet normal -0 0 1
    outer loop
      vertex 2.99719 83.789 5.4
      vertex 3.95779 82.5115 5.4
      vertex 3.11504 83.8597 5.4
    endloop
  endfacet
  facet normal -0 0 1
    outer loop
      vertex 2.88684 83.7072 5.4
      vertex 3.95779 82.5115 5.4
      vertex 2.99719 83.789 5.4
    endloop
  endfacet
  facet normal 0 0 1
    outer loop
      vertex 3.95779 82.5115 5.4
      vertex 2.88684 83.7072 5.4
      vertex 3.92143 82.4785 5.4
    endloop
  endfacet
  facet normal -0 0 1
    outer loop
      vertex 2.78505 83.6149 5.4
      vertex 3.92143 82.4785 5.4
      vertex 2.88684 83.7072 5.4
    endloop
  endfacet
  facet normal -0 0 1
    outer loop
      vertex 2.69278 83.5131 5.4
      vertex 3.92143 82.4785 5.4
      vertex 2.78505 83.6149 5.4
    endloop
  endfacet
  facet normal 0 0 1
    outer loop
      vertex 3.77499 82.125 5.4
      vertex 2.375 82.625 5.4
      vertex 3.77499 4.27499 5.4
    endloop
  endfacet
  facet normal 0 0 1
    outer loop
      vertex 3.92143 82.4785 5.4
      vertex 2.69278 83.5131 5.4
      vertex 3.88849 82.4422 5.4
    endloop
  endfacet
  facet normal 0 0 1
    outer loop
      vertex 2.375 3.77499 5.4
      vertex 3.77499 4.27499 5.4
      vertex 2.375 82.625 5.4
    endloop
  endfacet
  facet normal -0 0 1
    outer loop
      vertex 2.61093 83.4028 5.4
      vertex 3.88849 82.4422 5.4
      vertex 2.69278 83.5131 5.4
    endloop
  endfacet
  facet normal 0 -0 1
    outer loop
      vertex 2.38173 3.63777 5.4
      vertex 3.77499 4.27499 5.4
      vertex 2.375 3.77499 5.4
    endloop
  endfacet
  facet normal -0 0 1
    outer loop
      vertex 2.5403 83.2849 5.4
      vertex 3.88849 82.4422 5.4
      vertex 2.61093 83.4028 5.4
    endloop
  endfacet
  facet normal 0 0 1
    outer loop
      vertex 3.77499 4.27499 5.4
      vertex 3.63777 2.38173 5.4
      vertex 3.77499 2.375 5.4
    endloop
  endfacet
  facet normal 0 0 1
    outer loop
      vertex 3.88849 82.4422 5.4
      vertex 2.5403 83.2849 5.4
      vertex 3.85925 82.4028 5.4
    endloop
  endfacet
  facet normal 0 0 1
    outer loop
      vertex 3.77499 4.27499 5.4
      vertex 3.50186 2.40189 5.4
      vertex 3.63777 2.38173 5.4
    endloop
  endfacet
  facet normal -0 0 1
    outer loop
      vertex 2.48157 83.1608 5.4
      vertex 3.85925 82.4028 5.4
      vertex 2.5403 83.2849 5.4
    endloop
  endfacet
  facet normal 0 0 1
    outer loop
      vertex 3.77499 4.27499 5.4
      vertex 3.36859 2.43527 5.4
      vertex 3.50186 2.40189 5.4
    endloop
  endfacet
  facet normal -0 0 1
    outer loop
      vertex 2.43527 83.0314 5.4
      vertex 3.85925 82.4028 5.4
      vertex 2.48157 83.1608 5.4
    endloop
  endfacet
  facet normal 0 0 1
    outer loop
      vertex 3.77499 4.27499 5.4
      vertex 3.23924 2.48157 5.4
      vertex 3.36859 2.43527 5.4
    endloop
  endfacet
  facet normal 0 0 1
    outer loop
      vertex 3.85925 82.4028 5.4
      vertex 2.43527 83.0314 5.4
      vertex 3.83403 82.3607 5.4
    endloop
  endfacet
  facet normal 0 0 1
    outer loop
      vertex 3.77499 4.27499 5.4
      vertex 3.11504 2.5403 5.4
      vertex 3.23924 2.48157 5.4
    endloop
  endfacet
  facet normal -0 0 1
    outer loop
      vertex 2.40189 82.8981 5.4
      vertex 3.83403 82.3607 5.4
      vertex 2.43527 83.0314 5.4
    endloop
  endfacet
  facet normal 0 0 1
    outer loop
      vertex 3.77499 4.27499 5.4
      vertex 2.99719 2.61093 5.4
      vertex 3.11504 2.5403 5.4
    endloop
  endfacet
  facet normal -0 0 1
    outer loop
      vertex 2.38173 82.7622 5.4
      vertex 3.83403 82.3607 5.4
      vertex 2.40189 82.8981 5.4
    endloop
  endfacet
  facet normal 0 0 1
    outer loop
      vertex 3.77499 4.27499 5.4
      vertex 2.88684 2.69278 5.4
      vertex 2.99719 2.61093 5.4
    endloop
  endfacet
  facet normal 0 0 1
    outer loop
      vertex 3.83403 82.3607 5.4
      vertex 2.38173 82.7622 5.4
      vertex 3.81305 82.3163 5.4
    endloop
  endfacet
  facet normal 0 0 1
    outer loop
      vertex 3.77499 4.27499 5.4
      vertex 2.78505 2.78505 5.4
      vertex 2.88684 2.69278 5.4
    endloop
  endfacet
  facet normal -0 0 1
    outer loop
      vertex 2.375 82.625 5.4
      vertex 3.81305 82.3163 5.4
      vertex 2.38173 82.7622 5.4
    endloop
  endfacet
  facet normal 0 0 1
    outer loop
      vertex 3.77499 4.27499 5.4
      vertex 2.69278 2.88684 5.4
      vertex 2.78505 2.78505 5.4
    endloop
  endfacet
  facet normal 0 0 1
    outer loop
      vertex 3.81305 82.3163 5.4
      vertex 2.375 82.625 5.4
      vertex 3.79652 82.2701 5.4
    endloop
  endfacet
  facet normal 0 0 1
    outer loop
      vertex 3.77499 4.27499 5.4
      vertex 2.61093 2.99719 5.4
      vertex 2.69278 2.88684 5.4
    endloop
  endfacet
  facet normal 0 0 1
    outer loop
      vertex 3.79652 82.2701 5.4
      vertex 2.375 82.625 5.4
      vertex 3.78461 82.2225 5.4
    endloop
  endfacet
  facet normal 0 0 1
    outer loop
      vertex 3.77499 4.27499 5.4
      vertex 2.5403 3.11504 5.4
      vertex 2.61093 2.99719 5.4
    endloop
  endfacet
  facet normal 0 0 1
    outer loop
      vertex 3.78461 82.2225 5.4
      vertex 2.375 82.625 5.4
      vertex 3.7774 82.174 5.4
    endloop
  endfacet
  facet normal 0 0 1
    outer loop
      vertex 3.77499 4.27499 5.4
      vertex 2.48157 3.23924 5.4
      vertex 2.5403 3.11504 5.4
    endloop
  endfacet
  facet normal 0 0 1
    outer loop
      vertex 3.7774 82.174 5.4
      vertex 2.375 82.625 5.4
      vertex 3.77499 82.125 5.4
    endloop
  endfacet
  facet normal 0 0 1
    outer loop
      vertex 3.77499 4.27499 5.4
      vertex 2.43527 3.36859 5.4
      vertex 2.48157 3.23924 5.4
    endloop
  endfacet
  facet normal 0 0 1
    outer loop
      vertex 3.77499 4.27499 5.4
      vertex 2.40189 3.50186 5.4
      vertex 2.43527 3.36859 5.4
    endloop
  endfacet
  facet normal 0 0 1
    outer loop
      vertex 3.77499 4.27499 5.4
      vertex 2.38173 3.63777 5.4
      vertex 2.40189 3.50186 5.4
    endloop
  endfacet
  facet normal 0 0 1
    outer loop
      vertex 67.6226 82.174 5.4
      vertex 69.025 82.625 5.4
      vertex 69.0182 82.7622 5.4
    endloop
  endfacet
  facet normal 0 0 1
    outer loop
      vertex 69.025 82.625 5.4
      vertex 67.625 82.125 5.4
      vertex 69.025 3.77499 5.4
    endloop
  endfacet
  facet normal 0 0 1
    outer loop
      vertex 67.6226 82.174 5.4
      vertex 69.0182 82.7622 5.4
      vertex 68.9981 82.8981 5.4
    endloop
  endfacet
  facet normal -0 0 1
    outer loop
      vertex 67.625 4.27499 5.4
      vertex 69.025 3.77499 5.4
      vertex 67.625 82.125 5.4
    endloop
  endfacet
  facet normal 0 0 1
    outer loop
      vertex 67.6226 82.174 5.4
      vertex 68.9981 82.8981 5.4
      vertex 68.9647 83.0314 5.4
    endloop
  endfacet
  facet normal -0 0 1
    outer loop
      vertex 67.6226 4.22598 5.4
      vertex 69.025 3.77499 5.4
      vertex 67.625 4.27499 5.4
    endloop
  endfacet
  facet normal 0 0 1
    outer loop
      vertex 67.6226 82.174 5.4
      vertex 68.9647 83.0314 5.4
      vertex 68.9184 83.1608 5.4
    endloop
  endfacet
  facet normal -0 0 1
    outer loop
      vertex 67.6154 4.17744 5.4
      vertex 69.025 3.77499 5.4
      vertex 67.6226 4.22598 5.4
    endloop
  endfacet
  facet normal 0 0 1
    outer loop
      vertex 67.6226 82.174 5.4
      vertex 68.9184 83.1608 5.4
      vertex 68.8597 83.2849 5.4
    endloop
  endfacet
  facet normal -0 0 1
    outer loop
      vertex 67.6035 4.12985 5.4
      vertex 69.025 3.77499 5.4
      vertex 67.6154 4.17744 5.4
    endloop
  endfacet
  facet normal 0 0 1
    outer loop
      vertex 67.6226 82.174 5.4
      vertex 68.8597 83.2849 5.4
      vertex 68.789 83.4028 5.4
    endloop
  endfacet
  facet normal -0 0 1
    outer loop
      vertex 67.5869 4.08365 5.4
      vertex 69.025 3.77499 5.4
      vertex 67.6035 4.12985 5.4
    endloop
  endfacet
  facet normal 0 0 1
    outer loop
      vertex 67.6226 82.174 5.4
      vertex 68.789 83.4028 5.4
      vertex 68.7072 83.5131 5.4
    endloop
  endfacet
  facet normal 0 0 1
    outer loop
      vertex 69.025 3.77499 5.4
      vertex 67.5869 4.08365 5.4
      vertex 69.0182 3.63777 5.4
    endloop
  endfacet
  facet normal 0 0 1
    outer loop
      vertex 67.6226 82.174 5.4
      vertex 68.7072 83.5131 5.4
      vertex 68.6149 83.6149 5.4
    endloop
  endfacet
  facet normal -0 0 1
    outer loop
      vertex 67.5659 4.03929 5.4
      vertex 69.0182 3.63777 5.4
      vertex 67.5869 4.08365 5.4
    endloop
  endfacet
  facet normal 0 0 1
    outer loop
      vertex 67.6226 82.174 5.4
      vertex 68.6149 83.6149 5.4
      vertex 68.5131 83.7072 5.4
    endloop
  endfacet
  facet normal 0 0 1
    outer loop
      vertex 69.0182 3.63777 5.4
      vertex 67.5659 4.03929 5.4
      vertex 68.9981 3.50186 5.4
    endloop
  endfacet
  facet normal 0 0 1
    outer loop
      vertex 67.6226 82.174 5.4
      vertex 68.5131 83.7072 5.4
      vertex 68.4028 83.789 5.4
    endloop
  endfacet
  facet normal 0 0 1
    outer loop
      vertex 68.9981 3.50186 5.4
      vertex 67.5659 4.03929 5.4
      vertex 68.9647 3.36859 5.4
    endloop
  endfacet
  facet normal 0 0 1
    outer loop
      vertex 67.6226 82.174 5.4
      vertex 68.4028 83.789 5.4
      vertex 68.2849 83.8597 5.4
    endloop
  endfacet
  facet normal -0 0 1
    outer loop
      vertex 67.5407 3.99721 5.4
      vertex 68.9647 3.36859 5.4
      vertex 67.5659 4.03929 5.4
    endloop
  endfacet
  facet normal 0 0 1
    outer loop
      vertex 67.6226 82.174 5.4
      vertex 68.2849 83.8597 5.4
      vertex 68.1608 83.9184 5.4
    endloop
  endfacet
  facet normal 0 0 1
    outer loop
      vertex 68.9647 3.36859 5.4
      vertex 67.5407 3.99721 5.4
      vertex 68.9184 3.23924 5.4
    endloop
  endfacet
  facet normal 0 0 1
    outer loop
      vertex 67.6226 82.174 5.4
      vertex 68.1608 83.9184 5.4
      vertex 68.0314 83.9647 5.4
    endloop
  endfacet
  facet normal 0 0 1
    outer loop
      vertex 68.9184 3.23924 5.4
      vertex 67.5407 3.99721 5.4
      vertex 68.8597 3.11504 5.4
    endloop
  endfacet
  facet normal 0 0 1
    outer loop
      vertex 67.6226 82.174 5.4
      vertex 68.0314 83.9647 5.4
      vertex 67.8981 83.9981 5.4
    endloop
  endfacet
  facet normal -0 0 1
    outer loop
      vertex 67.5115 3.95779 5.4
      vertex 68.8597 3.11504 5.4
      vertex 67.5407 3.99721 5.4
    endloop
  endfacet
  facet normal 0 0 1
    outer loop
      vertex 67.6226 82.174 5.4
      vertex 67.8981 83.9981 5.4
      vertex 67.7622 84.0182 5.4
    endloop
  endfacet
  facet normal 0 0 1
    outer loop
      vertex 68.8597 3.11504 5.4
      vertex 67.5115 3.95779 5.4
      vertex 68.789 2.99719 5.4
    endloop
  endfacet
  facet normal 0 0 1
    outer loop
      vertex 67.3607 82.5659 5.4
      vertex 67.7622 84.0182 5.4
      vertex 67.625 84.025 5.4
    endloop
  endfacet
  facet normal 0 0 1
    outer loop
      vertex 68.789 2.99719 5.4
      vertex 67.5115 3.95779 5.4
      vertex 68.7072 2.88684 5.4
    endloop
  endfacet
  facet normal -0 0 1
    outer loop
      vertex 67.4785 3.92143 5.4
      vertex 68.7072 2.88684 5.4
      vertex 67.5115 3.95779 5.4
    endloop
  endfacet
  facet normal 0 0 1
    outer loop
      vertex 68.7072 2.88684 5.4
      vertex 67.4785 3.92143 5.4
      vertex 68.6149 2.78505 5.4
    endloop
  endfacet
  facet normal 0 0 1
    outer loop
      vertex 68.6149 2.78505 5.4
      vertex 67.4785 3.92143 5.4
      vertex 68.5131 2.69278 5.4
    endloop
  endfacet
  facet normal -0 0 1
    outer loop
      vertex 67.4422 3.88849 5.4
      vertex 68.5131 2.69278 5.4
      vertex 67.4785 3.92143 5.4
    endloop
  endfacet
  facet normal 0 0 1
    outer loop
      vertex 68.5131 2.69278 5.4
      vertex 67.4422 3.88849 5.4
      vertex 68.4028 2.61093 5.4
    endloop
  endfacet
  facet normal 0 0 1
    outer loop
      vertex 68.4028 2.61093 5.4
      vertex 67.4422 3.88849 5.4
      vertex 68.2849 2.5403 5.4
    endloop
  endfacet
  facet normal -0 0 1
    outer loop
      vertex 67.4028 3.85925 5.4
      vertex 68.2849 2.5403 5.4
      vertex 67.4422 3.88849 5.4
    endloop
  endfacet
  facet normal 0 0 1
    outer loop
      vertex 68.2849 2.5403 5.4
      vertex 67.4028 3.85925 5.4
      vertex 68.1608 2.48157 5.4
    endloop
  endfacet
  facet normal 0 0 1
    outer loop
      vertex 68.1608 2.48157 5.4
      vertex 67.4028 3.85925 5.4
      vertex 68.0314 2.43527 5.4
    endloop
  endfacet
  facet normal -0 0 1
    outer loop
      vertex 67.3607 3.83403 5.4
      vertex 68.0314 2.43527 5.4
      vertex 67.4028 3.85925 5.4
    endloop
  endfacet
  facet normal 0 0 1
    outer loop
      vertex 68.0314 2.43527 5.4
      vertex 67.3607 3.83403 5.4
      vertex 67.8981 2.40189 5.4
    endloop
  endfacet
  facet normal 0 0 1
    outer loop
      vertex 67.8981 2.40189 5.4
      vertex 67.3607 3.83403 5.4
      vertex 67.7622 2.38173 5.4
    endloop
  endfacet
  facet normal 0 0 1
    outer loop
      vertex 67.7622 2.38173 5.4
      vertex 67.3607 3.83403 5.4
      vertex 67.625 2.375 5.4
    endloop
  endfacet
  facet normal -0 0 1
    outer loop
      vertex 67.3163 3.81305 5.4
      vertex 67.625 2.375 5.4
      vertex 67.3607 3.83403 5.4
    endloop
  endfacet
  facet normal -0 0 1
    outer loop
      vertex 67.2701 3.79652 5.4
      vertex 67.625 2.375 5.4
      vertex 67.3163 3.81305 5.4
    endloop
  endfacet
  facet normal -0 0 1
    outer loop
      vertex 67.2225 3.78461 5.4
      vertex 67.625 2.375 5.4
      vertex 67.2701 3.79652 5.4
    endloop
  endfacet
  facet normal -0 0 1
    outer loop
      vertex 67.174 3.7774 5.4
      vertex 67.625 2.375 5.4
      vertex 67.2225 3.78461 5.4
    endloop
  endfacet
  facet normal -0 0 1
    outer loop
      vertex 67.125 3.77499 5.4
      vertex 67.625 2.375 5.4
      vertex 67.174 3.7774 5.4
    endloop
  endfacet
  facet normal -0 0 1
    outer loop
      vertex 4.27499 3.77499 5.4
      vertex 67.625 2.375 5.4
      vertex 67.125 3.77499 5.4
    endloop
  endfacet
  facet normal 0 0 1
    outer loop
      vertex 4.27499 3.77499 5.4
      vertex 3.77499 2.375 5.4
      vertex 67.625 2.375 5.4
    endloop
  endfacet
  facet normal 0 0 1
    outer loop
      vertex 4.22598 3.7774 5.4
      vertex 3.77499 2.375 5.4
      vertex 4.27499 3.77499 5.4
    endloop
  endfacet
  facet normal 0 0 1
    outer loop
      vertex 4.17744 3.78461 5.4
      vertex 3.77499 2.375 5.4
      vertex 4.22598 3.7774 5.4
    endloop
  endfacet
  facet normal 0 0 1
    outer loop
      vertex 4.12985 3.79652 5.4
      vertex 3.77499 2.375 5.4
      vertex 4.17744 3.78461 5.4
    endloop
  endfacet
  facet normal 0 0 1
    outer loop
      vertex 4.08365 3.81305 5.4
      vertex 3.77499 2.375 5.4
      vertex 4.12985 3.79652 5.4
    endloop
  endfacet
  facet normal 0 0 1
    outer loop
      vertex 4.03929 3.83403 5.4
      vertex 3.77499 2.375 5.4
      vertex 4.08365 3.81305 5.4
    endloop
  endfacet
  facet normal 0 0 1
    outer loop
      vertex 3.99721 3.85925 5.4
      vertex 3.77499 2.375 5.4
      vertex 4.03929 3.83403 5.4
    endloop
  endfacet
  facet normal 0 0 1
    outer loop
      vertex 3.95779 3.88849 5.4
      vertex 3.77499 2.375 5.4
      vertex 3.99721 3.85925 5.4
    endloop
  endfacet
  facet normal 0 0 1
    outer loop
      vertex 3.92143 3.92143 5.4
      vertex 3.77499 2.375 5.4
      vertex 3.95779 3.88849 5.4
    endloop
  endfacet
  facet normal 0 0 1
    outer loop
      vertex 3.88849 3.95779 5.4
      vertex 3.77499 2.375 5.4
      vertex 3.92143 3.92143 5.4
    endloop
  endfacet
  facet normal 0 0 1
    outer loop
      vertex 3.85925 3.99721 5.4
      vertex 3.77499 2.375 5.4
      vertex 3.88849 3.95779 5.4
    endloop
  endfacet
  facet normal 0 0 1
    outer loop
      vertex 3.83403 4.03929 5.4
      vertex 3.77499 2.375 5.4
      vertex 3.85925 3.99721 5.4
    endloop
  endfacet
  facet normal 0 0 1
    outer loop
      vertex 3.81305 4.08365 5.4
      vertex 3.77499 2.375 5.4
      vertex 3.83403 4.03929 5.4
    endloop
  endfacet
  facet normal 0 0 1
    outer loop
      vertex 3.79652 4.12985 5.4
      vertex 3.77499 2.375 5.4
      vertex 3.81305 4.08365 5.4
    endloop
  endfacet
  facet normal 0 0 1
    outer loop
      vertex 3.78461 4.17744 5.4
      vertex 3.77499 2.375 5.4
      vertex 3.79652 4.12985 5.4
    endloop
  endfacet
  facet normal 0 0 1
    outer loop
      vertex 3.7774 4.22598 5.4
      vertex 3.77499 2.375 5.4
      vertex 3.78461 4.17744 5.4
    endloop
  endfacet
  facet normal 0 0 1
    outer loop
      vertex 3.77499 2.375 5.4
      vertex 3.7774 4.22598 5.4
      vertex 3.77499 4.27499 5.4
    endloop
  endfacet
  facet normal 0.146739 -0.989175 0
    outer loop
      vertex 67.7622 2.38173 2.4
      vertex 67.8981 2.40189 5.4
      vertex 67.7622 2.38173 5.4
    endloop
  endfacet
  facet normal 0.146739 -0.989175 0
    outer loop
      vertex 67.8981 2.40189 5.4
      vertex 67.7622 2.38173 2.4
      vertex 67.8981 2.40189 2.4
    endloop
  endfacet
  facet normal 0.242912 -0.970048 0
    outer loop
      vertex 67.8981 2.40189 2.4
      vertex 68.0314 2.43527 5.4
      vertex 67.8981 2.40189 5.4
    endloop
  endfacet
  facet normal 0.242912 -0.970048 0
    outer loop
      vertex 68.0314 2.43527 5.4
      vertex 67.8981 2.40189 2.4
      vertex 68.0314 2.43527 2.4
    endloop
  endfacet
  facet normal 0.336889 -0.941544 0
    outer loop
      vertex 68.0314 2.43527 2.4
      vertex 68.1608 2.48157 5.4
      vertex 68.0314 2.43527 5.4
    endloop
  endfacet
  facet normal 0.336889 -0.941544 0
    outer loop
      vertex 68.1608 2.48157 5.4
      vertex 68.0314 2.43527 2.4
      vertex 68.1608 2.48157 2.4
    endloop
  endfacet
  facet normal 0.427764 -0.903891 0
    outer loop
      vertex 68.1608 2.48157 2.4
      vertex 68.2849 2.5403 5.4
      vertex 68.1608 2.48157 5.4
    endloop
  endfacet
  facet normal 0.427764 -0.903891 0
    outer loop
      vertex 68.2849 2.5403 5.4
      vertex 68.1608 2.48157 2.4
      vertex 68.2849 2.5403 2.4
    endloop
  endfacet
  facet normal 0.513907 -0.857846 0
    outer loop
      vertex 68.2849 2.5403 2.4
      vertex 68.4028 2.61093 5.4
      vertex 68.2849 2.5403 5.4
    endloop
  endfacet
  facet normal 0.513907 -0.857846 0
    outer loop
      vertex 68.4028 2.61093 5.4
      vertex 68.2849 2.5403 2.4
      vertex 68.4028 2.61093 2.4
    endloop
  endfacet
  facet normal 0.595915 -0.803047 0
    outer loop
      vertex 68.4028 2.61093 2.4
      vertex 68.5131 2.69278 5.4
      vertex 68.4028 2.61093 5.4
    endloop
  endfacet
  facet normal 0.595915 -0.803047 0
    outer loop
      vertex 68.5131 2.69278 5.4
      vertex 68.4028 2.61093 2.4
      vertex 68.5131 2.69278 2.4
    endloop
  endfacet
  facet normal 0.671574 -0.740937 0
    outer loop
      vertex 68.5131 2.69278 2.4
      vertex 68.6149 2.78505 5.4
      vertex 68.5131 2.69278 5.4
    endloop
  endfacet
  facet normal 0.671574 -0.740937 0
    outer loop
      vertex 68.6149 2.78505 5.4
      vertex 68.5131 2.69278 2.4
      vertex 68.6149 2.78505 2.4
    endloop
  endfacet
  facet normal 0.740796 -0.67173 0
    outer loop
      vertex 68.6149 2.78505 5.4
      vertex 68.7072 2.88684 2.4
      vertex 68.7072 2.88684 5.4
    endloop
  endfacet
  facet normal 0.740796 -0.67173 0
    outer loop
      vertex 68.7072 2.88684 2.4
      vertex 68.6149 2.78505 5.4
      vertex 68.6149 2.78505 2.4
    endloop
  endfacet
  facet normal 0.803351 -0.595506 0
    outer loop
      vertex 68.7072 2.88684 5.4
      vertex 68.789 2.99719 2.4
      vertex 68.789 2.99719 5.4
    endloop
  endfacet
  facet normal 0.803351 -0.595506 0
    outer loop
      vertex 68.789 2.99719 2.4
      vertex 68.7072 2.88684 5.4
      vertex 68.7072 2.88684 2.4
    endloop
  endfacet
  facet normal 0.857525 -0.514442 0
    outer loop
      vertex 68.789 2.99719 5.4
      vertex 68.8597 3.11504 2.4
      vertex 68.8597 3.11504 5.4
    endloop
  endfacet
  facet normal 0.857525 -0.514442 0
    outer loop
      vertex 68.8597 3.11504 2.4
      vertex 68.789 2.99719 5.4
      vertex 68.789 2.99719 2.4
    endloop
  endfacet
  facet normal 0.904108 -0.427304 0
    outer loop
      vertex 68.8597 3.11504 5.4
      vertex 68.9184 3.23924 2.4
      vertex 68.9184 3.23924 5.4
    endloop
  endfacet
  facet normal 0.904108 -0.427304 0
    outer loop
      vertex 68.9184 3.23924 2.4
      vertex 68.8597 3.11504 5.4
      vertex 68.8597 3.11504 2.4
    endloop
  endfacet
  facet normal 0.941503 -0.337005 0
    outer loop
      vertex 68.9184 3.23924 5.4
      vertex 68.9647 3.36859 2.4
      vertex 68.9647 3.36859 5.4
    endloop
  endfacet
  facet normal 0.941503 -0.337005 0
    outer loop
      vertex 68.9647 3.36859 2.4
      vertex 68.9184 3.23924 5.4
      vertex 68.9184 3.23924 2.4
    endloop
  endfacet
  facet normal 0.970001 -0.243101 0
    outer loop
      vertex 68.9647 3.36859 5.4
      vertex 68.9981 3.50186 2.4
      vertex 68.9981 3.50186 5.4
    endloop
  endfacet
  facet normal 0.970001 -0.243101 0
    outer loop
      vertex 68.9981 3.50186 2.4
      vertex 68.9647 3.36859 5.4
      vertex 68.9647 3.36859 2.4
    endloop
  endfacet
  facet normal 0.98924 -0.146301 0
    outer loop
      vertex 68.9981 3.50186 5.4
      vertex 69.0182 3.63777 2.4
      vertex 69.0182 3.63777 5.4
    endloop
  endfacet
  facet normal 0.98924 -0.146301 0
    outer loop
      vertex 69.0182 3.63777 2.4
      vertex 68.9981 3.50186 5.4
      vertex 68.9981 3.50186 2.4
    endloop
  endfacet
  facet normal 0.998774 -0.0494947 0
    outer loop
      vertex 69.0182 3.63777 5.4
      vertex 69.025 3.77499 2.4
      vertex 69.025 3.77499 5.4
    endloop
  endfacet
  facet normal 0.998774 -0.0494947 0
    outer loop
      vertex 69.025 3.77499 2.4
      vertex 69.0182 3.63777 5.4
      vertex 69.0182 3.63777 2.4
    endloop
  endfacet
  facet normal 1 -0 0
    outer loop
      vertex 69.025 3.77499 5.4
      vertex 69.025 82.625 2.4
      vertex 69.025 82.625 5.4
    endloop
  endfacet
  facet normal 1 0 0
    outer loop
      vertex 69.025 82.625 2.4
      vertex 69.025 3.77499 5.4
      vertex 69.025 3.77499 2.4
    endloop
  endfacet
  facet normal 0.998774 0.0495019 0
    outer loop
      vertex 69.025 82.625 5.4
      vertex 69.0182 82.7622 2.4
      vertex 69.0182 82.7622 5.4
    endloop
  endfacet
  facet normal 0.998774 0.0495019 0
    outer loop
      vertex 69.0182 82.7622 2.4
      vertex 69.025 82.625 5.4
      vertex 69.025 82.625 2.4
    endloop
  endfacet
  facet normal 0.989239 0.146311 0
    outer loop
      vertex 69.0182 82.7622 5.4
      vertex 68.9981 82.8981 2.4
      vertex 68.9981 82.8981 5.4
    endloop
  endfacet
  facet normal 0.989239 0.146311 0
    outer loop
      vertex 68.9981 82.8981 2.4
      vertex 69.0182 82.7622 5.4
      vertex 69.0182 82.7622 2.4
    endloop
  endfacet
  facet normal 0.970014 0.243049 0
    outer loop
      vertex 68.9981 82.8981 5.4
      vertex 68.9647 83.0314 2.4
      vertex 68.9647 83.0314 5.4
    endloop
  endfacet
  facet normal 0.970014 0.243049 0
    outer loop
      vertex 68.9647 83.0314 2.4
      vertex 68.9981 82.8981 5.4
      vertex 68.9981 82.8981 2.4
    endloop
  endfacet
  facet normal 0.941544 0.336889 0
    outer loop
      vertex 68.9647 83.0314 5.4
      vertex 68.9184 83.1608 2.4
      vertex 68.9184 83.1608 5.4
    endloop
  endfacet
  facet normal 0.941544 0.336889 0
    outer loop
      vertex 68.9184 83.1608 2.4
      vertex 68.9647 83.0314 5.4
      vertex 68.9647 83.0314 2.4
    endloop
  endfacet
  facet normal 0.903975 0.427585 0
    outer loop
      vertex 68.9184 83.1608 5.4
      vertex 68.8597 83.2849 2.4
      vertex 68.8597 83.2849 5.4
    endloop
  endfacet
  facet normal 0.903975 0.427585 0
    outer loop
      vertex 68.8597 83.2849 2.4
      vertex 68.9184 83.1608 5.4
      vertex 68.9184 83.1608 2.4
    endloop
  endfacet
  facet normal 0.857621 0.514282 0
    outer loop
      vertex 68.8597 83.2849 5.4
      vertex 68.789 83.4028 2.4
      vertex 68.789 83.4028 5.4
    endloop
  endfacet
  facet normal 0.857621 0.514282 0
    outer loop
      vertex 68.789 83.4028 2.4
      vertex 68.8597 83.2849 5.4
      vertex 68.8597 83.2849 2.4
    endloop
  endfacet
  facet normal 0.803222 0.59568 0
    outer loop
      vertex 68.789 83.4028 5.4
      vertex 68.7072 83.5131 2.4
      vertex 68.7072 83.5131 5.4
    endloop
  endfacet
  facet normal 0.803222 0.59568 0
    outer loop
      vertex 68.7072 83.5131 2.4
      vertex 68.789 83.4028 5.4
      vertex 68.789 83.4028 2.4
    endloop
  endfacet
  facet normal 0.740829 0.671694 0
    outer loop
      vertex 68.7072 83.5131 5.4
      vertex 68.6149 83.6149 2.4
      vertex 68.6149 83.6149 5.4
    endloop
  endfacet
  facet normal 0.740829 0.671694 0
    outer loop
      vertex 68.6149 83.6149 2.4
      vertex 68.7072 83.5131 5.4
      vertex 68.7072 83.5131 2.4
    endloop
  endfacet
  facet normal 0.671694 0.740829 -0
    outer loop
      vertex 68.6149 83.6149 2.4
      vertex 68.5131 83.7072 5.4
      vertex 68.6149 83.6149 5.4
    endloop
  endfacet
  facet normal 0.671694 0.740829 0
    outer loop
      vertex 68.5131 83.7072 5.4
      vertex 68.6149 83.6149 2.4
      vertex 68.5131 83.7072 2.4
    endloop
  endfacet
  facet normal 0.59568 0.803222 -0
    outer loop
      vertex 68.5131 83.7072 2.4
      vertex 68.4028 83.789 5.4
      vertex 68.5131 83.7072 5.4
    endloop
  endfacet
  facet normal 0.59568 0.803222 0
    outer loop
      vertex 68.4028 83.789 5.4
      vertex 68.5131 83.7072 2.4
      vertex 68.4028 83.789 2.4
    endloop
  endfacet
  facet normal 0.514282 0.857621 -0
    outer loop
      vertex 68.4028 83.789 2.4
      vertex 68.2849 83.8597 5.4
      vertex 68.4028 83.789 5.4
    endloop
  endfacet
  facet normal 0.514282 0.857621 0
    outer loop
      vertex 68.2849 83.8597 5.4
      vertex 68.4028 83.789 2.4
      vertex 68.2849 83.8597 2.4
    endloop
  endfacet
  facet normal 0.427585 0.903975 -0
    outer loop
      vertex 68.2849 83.8597 2.4
      vertex 68.1608 83.9184 5.4
      vertex 68.2849 83.8597 5.4
    endloop
  endfacet
  facet normal 0.427585 0.903975 0
    outer loop
      vertex 68.1608 83.9184 5.4
      vertex 68.2849 83.8597 2.4
      vertex 68.1608 83.9184 2.4
    endloop
  endfacet
  facet normal 0.336889 0.941544 -0
    outer loop
      vertex 68.1608 83.9184 2.4
      vertex 68.0314 83.9647 5.4
      vertex 68.1608 83.9184 5.4
    endloop
  endfacet
  facet normal 0.336889 0.941544 0
    outer loop
      vertex 68.0314 83.9647 5.4
      vertex 68.1608 83.9184 2.4
      vertex 68.0314 83.9647 2.4
    endloop
  endfacet
  facet normal 0.243049 0.970014 -0
    outer loop
      vertex 68.0314 83.9647 2.4
      vertex 67.8981 83.9981 5.4
      vertex 68.0314 83.9647 5.4
    endloop
  endfacet
  facet normal 0.243049 0.970014 0
    outer loop
      vertex 67.8981 83.9981 5.4
      vertex 68.0314 83.9647 2.4
      vertex 67.8981 83.9981 2.4
    endloop
  endfacet
  facet normal 0.146311 0.989239 -0
    outer loop
      vertex 67.8981 83.9981 2.4
      vertex 67.7622 84.0182 5.4
      vertex 67.8981 83.9981 5.4
    endloop
  endfacet
  facet normal 0.146311 0.989239 0
    outer loop
      vertex 67.7622 84.0182 5.4
      vertex 67.8981 83.9981 2.4
      vertex 67.7622 84.0182 2.4
    endloop
  endfacet
  facet normal 0.0495019 0.998774 -0
    outer loop
      vertex 67.7622 84.0182 2.4
      vertex 67.625 84.025 5.4
      vertex 67.7622 84.0182 5.4
    endloop
  endfacet
  facet normal 0.0495019 0.998774 0
    outer loop
      vertex 67.625 84.025 5.4
      vertex 67.7622 84.0182 2.4
      vertex 67.625 84.025 2.4
    endloop
  endfacet
  facet normal 0 1 -0
    outer loop
      vertex 67.625 84.025 2.4
      vertex 3.77499 84.025 5.4
      vertex 67.625 84.025 5.4
    endloop
  endfacet
  facet normal 0 1 0
    outer loop
      vertex 3.77499 84.025 5.4
      vertex 67.625 84.025 2.4
      vertex 3.77499 84.025 2.4
    endloop
  endfacet
  facet normal -0.0494947 0.998774 0
    outer loop
      vertex 3.77499 84.025 2.4
      vertex 3.63777 84.0182 5.4
      vertex 3.77499 84.025 5.4
    endloop
  endfacet
  facet normal -0.0494947 0.998774 0
    outer loop
      vertex 3.63777 84.0182 5.4
      vertex 3.77499 84.025 2.4
      vertex 3.63777 84.0182 2.4
    endloop
  endfacet
  facet normal -0.146301 0.98924 0
    outer loop
      vertex 3.63777 84.0182 2.4
      vertex 3.50186 83.9981 5.4
      vertex 3.63777 84.0182 5.4
    endloop
  endfacet
  facet normal -0.146301 0.98924 0
    outer loop
      vertex 3.50186 83.9981 5.4
      vertex 3.63777 84.0182 2.4
      vertex 3.50186 83.9981 2.4
    endloop
  endfacet
  facet normal -0.243101 0.970001 0
    outer loop
      vertex 3.50186 83.9981 2.4
      vertex 3.36859 83.9647 5.4
      vertex 3.50186 83.9981 5.4
    endloop
  endfacet
  facet normal -0.243101 0.970001 0
    outer loop
      vertex 3.36859 83.9647 5.4
      vertex 3.50186 83.9981 2.4
      vertex 3.36859 83.9647 2.4
    endloop
  endfacet
  facet normal -0.337005 0.941503 0
    outer loop
      vertex 3.36859 83.9647 2.4
      vertex 3.23924 83.9184 5.4
      vertex 3.36859 83.9647 5.4
    endloop
  endfacet
  facet normal -0.337005 0.941503 0
    outer loop
      vertex 3.23924 83.9184 5.4
      vertex 3.36859 83.9647 2.4
      vertex 3.23924 83.9184 2.4
    endloop
  endfacet
  facet normal -0.427304 0.904108 0
    outer loop
      vertex 3.23924 83.9184 2.4
      vertex 3.11504 83.8597 5.4
      vertex 3.23924 83.9184 5.4
    endloop
  endfacet
  facet normal -0.427304 0.904108 0
    outer loop
      vertex 3.11504 83.8597 5.4
      vertex 3.23924 83.9184 2.4
      vertex 3.11504 83.8597 2.4
    endloop
  endfacet
  facet normal -0.514442 0.857525 0
    outer loop
      vertex 3.11504 83.8597 2.4
      vertex 2.99719 83.789 5.4
      vertex 3.11504 83.8597 5.4
    endloop
  endfacet
  facet normal -0.514442 0.857525 0
    outer loop
      vertex 2.99719 83.789 5.4
      vertex 3.11504 83.8597 2.4
      vertex 2.99719 83.789 2.4
    endloop
  endfacet
  facet normal -0.595506 0.803351 0
    outer loop
      vertex 2.99719 83.789 2.4
      vertex 2.88684 83.7072 5.4
      vertex 2.99719 83.789 5.4
    endloop
  endfacet
  facet normal -0.595506 0.803351 0
    outer loop
      vertex 2.88684 83.7072 5.4
      vertex 2.99719 83.789 2.4
      vertex 2.88684 83.7072 2.4
    endloop
  endfacet
  facet normal -0.67173 0.740796 0
    outer loop
      vertex 2.88684 83.7072 2.4
      vertex 2.78505 83.6149 5.4
      vertex 2.88684 83.7072 5.4
    endloop
  endfacet
  facet normal -0.67173 0.740796 0
    outer loop
      vertex 2.78505 83.6149 5.4
      vertex 2.88684 83.7072 2.4
      vertex 2.78505 83.6149 2.4
    endloop
  endfacet
  facet normal -0.740937 0.671574 0
    outer loop
      vertex 2.69278 83.5131 2.4
      vertex 2.78505 83.6149 5.4
      vertex 2.78505 83.6149 2.4
    endloop
  endfacet
  facet normal -0.740937 0.671574 0
    outer loop
      vertex 2.78505 83.6149 5.4
      vertex 2.69278 83.5131 2.4
      vertex 2.69278 83.5131 5.4
    endloop
  endfacet
  facet normal -0.803047 0.595915 0
    outer loop
      vertex 2.61093 83.4028 2.4
      vertex 2.69278 83.5131 5.4
      vertex 2.69278 83.5131 2.4
    endloop
  endfacet
  facet normal -0.803047 0.595915 0
    outer loop
      vertex 2.69278 83.5131 5.4
      vertex 2.61093 83.4028 2.4
      vertex 2.61093 83.4028 5.4
    endloop
  endfacet
  facet normal -0.857846 0.513907 0
    outer loop
      vertex 2.5403 83.2849 2.4
      vertex 2.61093 83.4028 5.4
      vertex 2.61093 83.4028 2.4
    endloop
  endfacet
  facet normal -0.857846 0.513907 0
    outer loop
      vertex 2.61093 83.4028 5.4
      vertex 2.5403 83.2849 2.4
      vertex 2.5403 83.2849 5.4
    endloop
  endfacet
  facet normal -0.903891 0.427764 0
    outer loop
      vertex 2.48157 83.1608 2.4
      vertex 2.5403 83.2849 5.4
      vertex 2.5403 83.2849 2.4
    endloop
  endfacet
  facet normal -0.903891 0.427764 0
    outer loop
      vertex 2.5403 83.2849 5.4
      vertex 2.48157 83.1608 2.4
      vertex 2.48157 83.1608 5.4
    endloop
  endfacet
  facet normal -0.941544 0.336889 0
    outer loop
      vertex 2.43527 83.0314 2.4
      vertex 2.48157 83.1608 5.4
      vertex 2.48157 83.1608 2.4
    endloop
  endfacet
  facet normal -0.941544 0.336889 0
    outer loop
      vertex 2.48157 83.1608 5.4
      vertex 2.43527 83.0314 2.4
      vertex 2.43527 83.0314 5.4
    endloop
  endfacet
  facet normal -0.970048 0.242912 0
    outer loop
      vertex 2.40189 82.8981 2.4
      vertex 2.43527 83.0314 5.4
      vertex 2.43527 83.0314 2.4
    endloop
  endfacet
  facet normal -0.970048 0.242912 0
    outer loop
      vertex 2.43527 83.0314 5.4
      vertex 2.40189 82.8981 2.4
      vertex 2.40189 82.8981 5.4
    endloop
  endfacet
  facet normal -0.989175 0.146739 0
    outer loop
      vertex 2.38173 82.7622 2.4
      vertex 2.40189 82.8981 5.4
      vertex 2.40189 82.8981 2.4
    endloop
  endfacet
  facet normal -0.989175 0.146739 0
    outer loop
      vertex 2.40189 82.8981 5.4
      vertex 2.38173 82.7622 2.4
      vertex 2.38173 82.7622 5.4
    endloop
  endfacet
  facet normal -0.998799 0.0489936 0
    outer loop
      vertex 2.375 82.625 2.4
      vertex 2.38173 82.7622 5.4
      vertex 2.38173 82.7622 2.4
    endloop
  endfacet
  facet normal -0.998799 0.0489936 0
    outer loop
      vertex 2.38173 82.7622 5.4
      vertex 2.375 82.625 2.4
      vertex 2.375 82.625 5.4
    endloop
  endfacet
  facet normal -1 0 0
    outer loop
      vertex 2.375 3.77499 2.4
      vertex 2.375 82.625 5.4
      vertex 2.375 82.625 2.4
    endloop
  endfacet
  facet normal -1 -0 0
    outer loop
      vertex 2.375 82.625 5.4
      vertex 2.375 3.77499 2.4
      vertex 2.375 3.77499 5.4
    endloop
  endfacet
  facet normal -0.998799 -0.0489864 0
    outer loop
      vertex 2.38173 3.63777 2.4
      vertex 2.375 3.77499 5.4
      vertex 2.375 3.77499 2.4
    endloop
  endfacet
  facet normal -0.998799 -0.0489864 0
    outer loop
      vertex 2.375 3.77499 5.4
      vertex 2.38173 3.63777 2.4
      vertex 2.38173 3.63777 5.4
    endloop
  endfacet
  facet normal -0.989177 -0.146728 0
    outer loop
      vertex 2.40189 3.50186 2.4
      vertex 2.38173 3.63777 5.4
      vertex 2.38173 3.63777 2.4
    endloop
  endfacet
  facet normal -0.989177 -0.146728 0
    outer loop
      vertex 2.38173 3.63777 5.4
      vertex 2.40189 3.50186 2.4
      vertex 2.40189 3.50186 5.4
    endloop
  endfacet
  facet normal -0.970035 -0.242964 0
    outer loop
      vertex 2.43527 3.36859 2.4
      vertex 2.40189 3.50186 5.4
      vertex 2.40189 3.50186 2.4
    endloop
  endfacet
  facet normal -0.970035 -0.242964 0
    outer loop
      vertex 2.40189 3.50186 5.4
      vertex 2.43527 3.36859 2.4
      vertex 2.43527 3.36859 5.4
    endloop
  endfacet
  facet normal -0.941503 -0.337005 0
    outer loop
      vertex 2.48157 3.23924 2.4
      vertex 2.43527 3.36859 5.4
      vertex 2.43527 3.36859 2.4
    endloop
  endfacet
  facet normal -0.941503 -0.337005 0
    outer loop
      vertex 2.43527 3.36859 5.4
      vertex 2.48157 3.23924 2.4
      vertex 2.48157 3.23924 5.4
    endloop
  endfacet
  facet normal -0.904024 -0.427482 0
    outer loop
      vertex 2.5403 3.11504 2.4
      vertex 2.48157 3.23924 5.4
      vertex 2.48157 3.23924 2.4
    endloop
  endfacet
  facet normal -0.904024 -0.427482 0
    outer loop
      vertex 2.48157 3.23924 5.4
      vertex 2.5403 3.11504 2.4
      vertex 2.5403 3.11504 5.4
    endloop
  endfacet
  facet normal -0.85775 -0.514068 0
    outer loop
      vertex 2.61093 2.99719 2.4
      vertex 2.5403 3.11504 5.4
      vertex 2.5403 3.11504 2.4
    endloop
  endfacet
  facet normal -0.85775 -0.514068 0
    outer loop
      vertex 2.5403 3.11504 5.4
      vertex 2.61093 2.99719 2.4
      vertex 2.61093 2.99719 5.4
    endloop
  endfacet
  facet normal -0.803177 -0.595741 0
    outer loop
      vertex 2.69278 2.88684 2.4
      vertex 2.61093 2.99719 5.4
      vertex 2.61093 2.99719 2.4
    endloop
  endfacet
  facet normal -0.803177 -0.595741 0
    outer loop
      vertex 2.61093 2.99719 5.4
      vertex 2.69278 2.88684 2.4
      vertex 2.69278 2.88684 5.4
    endloop
  endfacet
  facet normal -0.740904 -0.671611 0
    outer loop
      vertex 2.78505 2.78505 2.4
      vertex 2.69278 2.88684 5.4
      vertex 2.69278 2.88684 2.4
    endloop
  endfacet
  facet normal -0.740904 -0.671611 0
    outer loop
      vertex 2.69278 2.88684 5.4
      vertex 2.78505 2.78505 2.4
      vertex 2.78505 2.78505 5.4
    endloop
  endfacet
  facet normal -0.671611 -0.740904 0
    outer loop
      vertex 2.78505 2.78505 2.4
      vertex 2.88684 2.69278 5.4
      vertex 2.78505 2.78505 5.4
    endloop
  endfacet
  facet normal -0.671611 -0.740904 -0
    outer loop
      vertex 2.88684 2.69278 5.4
      vertex 2.78505 2.78505 2.4
      vertex 2.88684 2.69278 2.4
    endloop
  endfacet
  facet normal -0.595741 -0.803177 0
    outer loop
      vertex 2.88684 2.69278 2.4
      vertex 2.99719 2.61093 5.4
      vertex 2.88684 2.69278 5.4
    endloop
  endfacet
  facet normal -0.595741 -0.803177 -0
    outer loop
      vertex 2.99719 2.61093 5.4
      vertex 2.88684 2.69278 2.4
      vertex 2.99719 2.61093 2.4
    endloop
  endfacet
  facet normal -0.514068 -0.85775 0
    outer loop
      vertex 2.99719 2.61093 2.4
      vertex 3.11504 2.5403 5.4
      vertex 2.99719 2.61093 5.4
    endloop
  endfacet
  facet normal -0.514068 -0.85775 -0
    outer loop
      vertex 3.11504 2.5403 5.4
      vertex 2.99719 2.61093 2.4
      vertex 3.11504 2.5403 2.4
    endloop
  endfacet
  facet normal -0.427482 -0.904024 0
    outer loop
      vertex 3.11504 2.5403 2.4
      vertex 3.23924 2.48157 5.4
      vertex 3.11504 2.5403 5.4
    endloop
  endfacet
  facet normal -0.427482 -0.904024 -0
    outer loop
      vertex 3.23924 2.48157 5.4
      vertex 3.11504 2.5403 2.4
      vertex 3.23924 2.48157 2.4
    endloop
  endfacet
  facet normal -0.337005 -0.941503 0
    outer loop
      vertex 3.23924 2.48157 2.4
      vertex 3.36859 2.43527 5.4
      vertex 3.23924 2.48157 5.4
    endloop
  endfacet
  facet normal -0.337005 -0.941503 -0
    outer loop
      vertex 3.36859 2.43527 5.4
      vertex 3.23924 2.48157 2.4
      vertex 3.36859 2.43527 2.4
    endloop
  endfacet
  facet normal -0.242964 -0.970035 0
    outer loop
      vertex 3.36859 2.43527 2.4
      vertex 3.50186 2.40189 5.4
      vertex 3.36859 2.43527 5.4
    endloop
  endfacet
  facet normal -0.242964 -0.970035 -0
    outer loop
      vertex 3.50186 2.40189 5.4
      vertex 3.36859 2.43527 2.4
      vertex 3.50186 2.40189 2.4
    endloop
  endfacet
  facet normal -0.146728 -0.989177 0
    outer loop
      vertex 3.50186 2.40189 2.4
      vertex 3.63777 2.38173 5.4
      vertex 3.50186 2.40189 5.4
    endloop
  endfacet
  facet normal -0.146728 -0.989177 -0
    outer loop
      vertex 3.63777 2.38173 5.4
      vertex 3.50186 2.40189 2.4
      vertex 3.63777 2.38173 2.4
    endloop
  endfacet
  facet normal -0.0489864 -0.998799 0
    outer loop
      vertex 3.63777 2.38173 2.4
      vertex 3.77499 2.375 5.4
      vertex 3.63777 2.38173 5.4
    endloop
  endfacet
  facet normal -0.0489864 -0.998799 -0
    outer loop
      vertex 3.77499 2.375 5.4
      vertex 3.63777 2.38173 2.4
      vertex 3.77499 2.375 2.4
    endloop
  endfacet
  facet normal 0 -1 0
    outer loop
      vertex 3.77499 2.375 2.4
      vertex 67.625 2.375 5.4
      vertex 3.77499 2.375 5.4
    endloop
  endfacet
  facet normal 0 -1 -0
    outer loop
      vertex 67.625 2.375 5.4
      vertex 3.77499 2.375 2.4
      vertex 67.625 2.375 2.4
    endloop
  endfacet
  facet normal 0.0489936 -0.998799 0
    outer loop
      vertex 67.625 2.375 2.4
      vertex 67.7622 2.38173 5.4
      vertex 67.625 2.375 5.4
    endloop
  endfacet
  facet normal 0.0489936 -0.998799 0
    outer loop
      vertex 67.7622 2.38173 5.4
      vertex 67.625 2.375 2.4
      vertex 67.7622 2.38173 2.4
    endloop
  endfacet
  facet normal 0.0491143 0.998793 -0
    outer loop
      vertex 4.27499 3.77499 2.4
      vertex 4.22598 3.7774 5.4
      vertex 4.27499 3.77499 5.4
    endloop
  endfacet
  facet normal 0.0491143 0.998793 0
    outer loop
      vertex 4.22598 3.7774 5.4
      vertex 4.27499 3.77499 2.4
      vertex 4.22598 3.7774 2.4
    endloop
  endfacet
  facet normal 0.146925 0.989148 -0
    outer loop
      vertex 4.22598 3.7774 2.4
      vertex 4.17744 3.78461 5.4
      vertex 4.22598 3.7774 5.4
    endloop
  endfacet
  facet normal 0.146925 0.989148 0
    outer loop
      vertex 4.17744 3.78461 5.4
      vertex 4.22598 3.7774 2.4
      vertex 4.17744 3.78461 2.4
    endloop
  endfacet
  facet normal 0.242775 0.970083 -0
    outer loop
      vertex 4.17744 3.78461 2.4
      vertex 4.12985 3.79652 5.4
      vertex 4.17744 3.78461 5.4
    endloop
  endfacet
  facet normal 0.242775 0.970083 0
    outer loop
      vertex 4.12985 3.79652 5.4
      vertex 4.17744 3.78461 2.4
      vertex 4.12985 3.79652 2.4
    endloop
  endfacet
  facet normal 0.336879 0.941548 -0
    outer loop
      vertex 4.12985 3.79652 2.4
      vertex 4.08365 3.81305 5.4
      vertex 4.12985 3.79652 5.4
    endloop
  endfacet
  facet normal 0.336879 0.941548 0
    outer loop
      vertex 4.08365 3.81305 5.4
      vertex 4.12985 3.79652 2.4
      vertex 4.08365 3.81305 2.4
    endloop
  endfacet
  facet normal 0.427543 0.903995 -0
    outer loop
      vertex 4.08365 3.81305 2.4
      vertex 4.03929 3.83403 5.4
      vertex 4.08365 3.81305 5.4
    endloop
  endfacet
  facet normal 0.427543 0.903995 0
    outer loop
      vertex 4.03929 3.83403 5.4
      vertex 4.08365 3.81305 2.4
      vertex 4.03929 3.83403 2.4
    endloop
  endfacet
  facet normal 0.514076 0.857745 -0
    outer loop
      vertex 4.03929 3.83403 2.4
      vertex 3.99721 3.85925 5.4
      vertex 4.03929 3.83403 5.4
    endloop
  endfacet
  facet normal 0.514076 0.857745 0
    outer loop
      vertex 3.99721 3.85925 5.4
      vertex 4.03929 3.83403 2.4
      vertex 3.99721 3.85925 2.4
    endloop
  endfacet
  facet normal 0.595754 0.803167 -0
    outer loop
      vertex 3.99721 3.85925 2.4
      vertex 3.95779 3.88849 5.4
      vertex 3.99721 3.85925 5.4
    endloop
  endfacet
  facet normal 0.595754 0.803167 0
    outer loop
      vertex 3.95779 3.88849 5.4
      vertex 3.99721 3.85925 2.4
      vertex 3.95779 3.88849 2.4
    endloop
  endfacet
  facet normal 0.671394 0.741101 -0
    outer loop
      vertex 3.95779 3.88849 2.4
      vertex 3.92143 3.92143 5.4
      vertex 3.95779 3.88849 5.4
    endloop
  endfacet
  facet normal 0.671394 0.741101 0
    outer loop
      vertex 3.92143 3.92143 5.4
      vertex 3.95779 3.88849 2.4
      vertex 3.92143 3.92143 2.4
    endloop
  endfacet
  facet normal 0.741101 0.671394 0
    outer loop
      vertex 3.92143 3.92143 5.4
      vertex 3.88849 3.95779 2.4
      vertex 3.88849 3.95779 5.4
    endloop
  endfacet
  facet normal 0.741101 0.671394 0
    outer loop
      vertex 3.88849 3.95779 2.4
      vertex 3.92143 3.92143 5.4
      vertex 3.92143 3.92143 2.4
    endloop
  endfacet
  facet normal 0.803167 0.595754 0
    outer loop
      vertex 3.88849 3.95779 5.4
      vertex 3.85925 3.99721 2.4
      vertex 3.85925 3.99721 5.4
    endloop
  endfacet
  facet normal 0.803167 0.595754 0
    outer loop
      vertex 3.85925 3.99721 2.4
      vertex 3.88849 3.95779 5.4
      vertex 3.88849 3.95779 2.4
    endloop
  endfacet
  facet normal 0.857745 0.514076 0
    outer loop
      vertex 3.85925 3.99721 5.4
      vertex 3.83403 4.03929 2.4
      vertex 3.83403 4.03929 5.4
    endloop
  endfacet
  facet normal 0.857745 0.514076 0
    outer loop
      vertex 3.83403 4.03929 2.4
      vertex 3.85925 3.99721 5.4
      vertex 3.85925 3.99721 2.4
    endloop
  endfacet
  facet normal 0.903995 0.427543 0
    outer loop
      vertex 3.83403 4.03929 5.4
      vertex 3.81305 4.08365 2.4
      vertex 3.81305 4.08365 5.4
    endloop
  endfacet
  facet normal 0.903995 0.427543 0
    outer loop
      vertex 3.81305 4.08365 2.4
      vertex 3.83403 4.03929 5.4
      vertex 3.83403 4.03929 2.4
    endloop
  endfacet
  facet normal 0.941548 0.336879 0
    outer loop
      vertex 3.81305 4.08365 5.4
      vertex 3.79652 4.12985 2.4
      vertex 3.79652 4.12985 5.4
    endloop
  endfacet
  facet normal 0.941548 0.336879 0
    outer loop
      vertex 3.79652 4.12985 2.4
      vertex 3.81305 4.08365 5.4
      vertex 3.81305 4.08365 2.4
    endloop
  endfacet
  facet normal 0.970083 0.242775 0
    outer loop
      vertex 3.79652 4.12985 5.4
      vertex 3.78461 4.17744 2.4
      vertex 3.78461 4.17744 5.4
    endloop
  endfacet
  facet normal 0.970083 0.242775 0
    outer loop
      vertex 3.78461 4.17744 2.4
      vertex 3.79652 4.12985 5.4
      vertex 3.79652 4.12985 2.4
    endloop
  endfacet
  facet normal 0.989148 0.146925 0
    outer loop
      vertex 3.78461 4.17744 5.4
      vertex 3.7774 4.22598 2.4
      vertex 3.7774 4.22598 5.4
    endloop
  endfacet
  facet normal 0.989148 0.146925 0
    outer loop
      vertex 3.7774 4.22598 2.4
      vertex 3.78461 4.17744 5.4
      vertex 3.78461 4.17744 2.4
    endloop
  endfacet
  facet normal 0.998793 0.0491143 0
    outer loop
      vertex 3.7774 4.22598 5.4
      vertex 3.77499 4.27499 2.4
      vertex 3.77499 4.27499 5.4
    endloop
  endfacet
  facet normal 0.998793 0.0491143 0
    outer loop
      vertex 3.77499 4.27499 2.4
      vertex 3.7774 4.22598 5.4
      vertex 3.7774 4.22598 2.4
    endloop
  endfacet
  facet normal 1 -0 0
    outer loop
      vertex 3.77499 4.27499 5.4
      vertex 3.77499 82.125 2.4
      vertex 3.77499 82.125 5.4
    endloop
  endfacet
  facet normal 1 0 0
    outer loop
      vertex 3.77499 82.125 2.4
      vertex 3.77499 4.27499 5.4
      vertex 3.77499 4.27499 2.4
    endloop
  endfacet
  facet normal 0.998793 -0.0491243 0
    outer loop
      vertex 3.77499 82.125 5.4
      vertex 3.7774 82.174 2.4
      vertex 3.7774 82.174 5.4
    endloop
  endfacet
  facet normal 0.998793 -0.0491243 0
    outer loop
      vertex 3.7774 82.174 2.4
      vertex 3.77499 82.125 5.4
      vertex 3.77499 82.125 2.4
    endloop
  endfacet
  facet normal 0.98913 -0.147044 0
    outer loop
      vertex 3.7774 82.174 5.4
      vertex 3.78461 82.2225 2.4
      vertex 3.78461 82.2225 5.4
    endloop
  endfacet
  facet normal 0.98913 -0.147044 0
    outer loop
      vertex 3.78461 82.2225 2.4
      vertex 3.7774 82.174 5.4
      vertex 3.7774 82.174 2.4
    endloop
  endfacet
  facet normal 0.970095 -0.242727 0
    outer loop
      vertex 3.78461 82.2225 5.4
      vertex 3.79652 82.2701 2.4
      vertex 3.79652 82.2701 5.4
    endloop
  endfacet
  facet normal 0.970095 -0.242727 0
    outer loop
      vertex 3.79652 82.2701 2.4
      vertex 3.78461 82.2225 5.4
      vertex 3.78461 82.2225 2.4
    endloop
  endfacet
  facet normal 0.941548 -0.336879 0
    outer loop
      vertex 3.79652 82.2701 5.4
      vertex 3.81305 82.3163 2.4
      vertex 3.81305 82.3163 5.4
    endloop
  endfacet
  facet normal 0.941548 -0.336879 0
    outer loop
      vertex 3.81305 82.3163 2.4
      vertex 3.79652 82.2701 5.4
      vertex 3.79652 82.2701 2.4
    endloop
  endfacet
  facet normal 0.904144 -0.427228 0
    outer loop
      vertex 3.81305 82.3163 5.4
      vertex 3.83403 82.3607 2.4
      vertex 3.83403 82.3607 5.4
    endloop
  endfacet
  facet normal 0.904144 -0.427228 0
    outer loop
      vertex 3.83403 82.3607 2.4
      vertex 3.81305 82.3163 5.4
      vertex 3.81305 82.3163 2.4
    endloop
  endfacet
  facet normal 0.857852 -0.513896 0
    outer loop
      vertex 3.83403 82.3607 5.4
      vertex 3.85925 82.4028 2.4
      vertex 3.85925 82.4028 5.4
    endloop
  endfacet
  facet normal 0.857852 -0.513896 0
    outer loop
      vertex 3.85925 82.4028 2.4
      vertex 3.83403 82.3607 5.4
      vertex 3.83403 82.3607 2.4
    endloop
  endfacet
  facet normal 0.803023 -0.595949 0
    outer loop
      vertex 3.85925 82.4028 5.4
      vertex 3.88849 82.4422 2.4
      vertex 3.88849 82.4422 5.4
    endloop
  endfacet
  facet normal 0.803023 -0.595949 0
    outer loop
      vertex 3.88849 82.4422 2.4
      vertex 3.85925 82.4028 5.4
      vertex 3.85925 82.4028 2.4
    endloop
  endfacet
  facet normal 0.740549 -0.672002 0
    outer loop
      vertex 3.88849 82.4422 5.4
      vertex 3.92143 82.4785 2.4
      vertex 3.92143 82.4785 5.4
    endloop
  endfacet
  facet normal 0.740549 -0.672002 0
    outer loop
      vertex 3.92143 82.4785 2.4
      vertex 3.88849 82.4422 5.4
      vertex 3.88849 82.4422 2.4
    endloop
  endfacet
  facet normal 0.672064 -0.740493 0
    outer loop
      vertex 3.92143 82.4785 2.4
      vertex 3.95779 82.5115 5.4
      vertex 3.92143 82.4785 5.4
    endloop
  endfacet
  facet normal 0.672064 -0.740493 0
    outer loop
      vertex 3.95779 82.5115 5.4
      vertex 3.92143 82.4785 2.4
      vertex 3.95779 82.5115 2.4
    endloop
  endfacet
  facet normal 0.595228 -0.803557 0
    outer loop
      vertex 3.95779 82.5115 2.4
      vertex 3.99721 82.5407 5.4
      vertex 3.95779 82.5115 5.4
    endloop
  endfacet
  facet normal 0.595228 -0.803557 0
    outer loop
      vertex 3.99721 82.5407 5.4
      vertex 3.95779 82.5115 2.4
      vertex 3.99721 82.5407 2.4
    endloop
  endfacet
  facet normal 0.513776 -0.857924 0
    outer loop
      vertex 3.99721 82.5407 2.4
      vertex 4.03929 82.5659 5.4
      vertex 3.99721 82.5407 5.4
    endloop
  endfacet
  facet normal 0.513776 -0.857924 0
    outer loop
      vertex 4.03929 82.5659 5.4
      vertex 3.99721 82.5407 2.4
      vertex 4.03929 82.5659 2.4
    endloop
  endfacet
  facet normal 0.427876 -0.903837 0
    outer loop
      vertex 4.03929 82.5659 2.4
      vertex 4.08365 82.5869 5.4
      vertex 4.03929 82.5659 5.4
    endloop
  endfacet
  facet normal 0.427876 -0.903837 0
    outer loop
      vertex 4.08365 82.5869 5.4
      vertex 4.03929 82.5659 2.4
      vertex 4.08365 82.5869 2.4
    endloop
  endfacet
  facet normal 0.338142 -0.941095 0
    outer loop
      vertex 4.08365 82.5869 2.4
      vertex 4.12985 82.6035 5.4
      vertex 4.08365 82.5869 5.4
    endloop
  endfacet
  facet normal 0.338142 -0.941095 0
    outer loop
      vertex 4.12985 82.6035 5.4
      vertex 4.08365 82.5869 2.4
      vertex 4.12985 82.6035 2.4
    endloop
  endfacet
  facet normal 0.242584 -0.970131 0
    outer loop
      vertex 4.12985 82.6035 2.4
      vertex 4.17744 82.6154 5.4
      vertex 4.12985 82.6035 5.4
    endloop
  endfacet
  facet normal 0.242584 -0.970131 0
    outer loop
      vertex 4.17744 82.6154 5.4
      vertex 4.12985 82.6035 2.4
      vertex 4.17744 82.6154 2.4
    endloop
  endfacet
  facet normal 0.146726 -0.989177 0
    outer loop
      vertex 4.17744 82.6154 2.4
      vertex 4.22598 82.6226 5.4
      vertex 4.17744 82.6154 5.4
    endloop
  endfacet
  facet normal 0.146726 -0.989177 0
    outer loop
      vertex 4.22598 82.6226 5.4
      vertex 4.17744 82.6154 2.4
      vertex 4.22598 82.6226 2.4
    endloop
  endfacet
  facet normal 0.048911 -0.998803 0
    outer loop
      vertex 4.22598 82.6226 2.4
      vertex 4.27499 82.625 5.4
      vertex 4.22598 82.6226 5.4
    endloop
  endfacet
  facet normal 0.048911 -0.998803 0
    outer loop
      vertex 4.27499 82.625 5.4
      vertex 4.22598 82.6226 2.4
      vertex 4.27499 82.625 2.4
    endloop
  endfacet
  facet normal 0 -1 0
    outer loop
      vertex 4.27499 82.625 2.4
      vertex 67.125 82.625 5.4
      vertex 4.27499 82.625 5.4
    endloop
  endfacet
  facet normal 0 -1 -0
    outer loop
      vertex 67.125 82.625 5.4
      vertex 4.27499 82.625 2.4
      vertex 67.125 82.625 2.4
    endloop
  endfacet
  facet normal -0.0489209 -0.998803 0
    outer loop
      vertex 67.125 82.625 2.4
      vertex 67.174 82.6226 5.4
      vertex 67.125 82.625 5.4
    endloop
  endfacet
  facet normal -0.0489209 -0.998803 -0
    outer loop
      vertex 67.174 82.6226 5.4
      vertex 67.125 82.625 2.4
      vertex 67.174 82.6226 2.4
    endloop
  endfacet
  facet normal -0.146844 -0.98916 0
    outer loop
      vertex 67.174 82.6226 2.4
      vertex 67.2225 82.6154 5.4
      vertex 67.174 82.6226 5.4
    endloop
  endfacet
  facet normal -0.146844 -0.98916 -0
    outer loop
      vertex 67.2225 82.6154 5.4
      vertex 67.174 82.6226 2.4
      vertex 67.2225 82.6154 2.4
    endloop
  endfacet
  facet normal -0.242536 -0.970143 0
    outer loop
      vertex 67.2225 82.6154 2.4
      vertex 67.2701 82.6035 5.4
      vertex 67.2225 82.6154 5.4
    endloop
  endfacet
  facet normal -0.242536 -0.970143 -0
    outer loop
      vertex 67.2701 82.6035 5.4
      vertex 67.2225 82.6154 2.4
      vertex 67.2701 82.6035 2.4
    endloop
  endfacet
  facet normal -0.338142 -0.941095 0
    outer loop
      vertex 67.2701 82.6035 2.4
      vertex 67.3163 82.5869 5.4
      vertex 67.2701 82.6035 5.4
    endloop
  endfacet
  facet normal -0.338142 -0.941095 -0
    outer loop
      vertex 67.3163 82.5869 5.4
      vertex 67.2701 82.6035 2.4
      vertex 67.3163 82.5869 2.4
    endloop
  endfacet
  facet normal -0.427561 -0.903986 0
    outer loop
      vertex 67.3163 82.5869 2.4
      vertex 67.3607 82.5659 5.4
      vertex 67.3163 82.5869 5.4
    endloop
  endfacet
  facet normal -0.427561 -0.903986 -0
    outer loop
      vertex 67.3607 82.5659 5.4
      vertex 67.3163 82.5869 2.4
      vertex 67.3607 82.5659 2.4
    endloop
  endfacet
  facet normal -0.513596 -0.858032 0
    outer loop
      vertex 67.3607 82.5659 2.4
      vertex 67.4028 82.5407 5.4
      vertex 67.3607 82.5659 5.4
    endloop
  endfacet
  facet normal -0.513596 -0.858032 -0
    outer loop
      vertex 67.4028 82.5407 5.4
      vertex 67.3607 82.5659 2.4
      vertex 67.4028 82.5407 2.4
    endloop
  endfacet
  facet normal -0.595423 -0.803413 0
    outer loop
      vertex 67.4028 82.5407 2.4
      vertex 67.4422 82.5115 5.4
      vertex 67.4028 82.5407 5.4
    endloop
  endfacet
  facet normal -0.595423 -0.803413 -0
    outer loop
      vertex 67.4422 82.5115 5.4
      vertex 67.4028 82.5407 2.4
      vertex 67.4422 82.5115 2.4
    endloop
  endfacet
  facet normal -0.672673 -0.73994 0
    outer loop
      vertex 67.4422 82.5115 2.4
      vertex 67.4785 82.4785 5.4
      vertex 67.4422 82.5115 5.4
    endloop
  endfacet
  facet normal -0.672673 -0.73994 -0
    outer loop
      vertex 67.4785 82.4785 5.4
      vertex 67.4422 82.5115 2.4
      vertex 67.4785 82.4785 2.4
    endloop
  endfacet
  facet normal -0.73994 -0.672673 0
    outer loop
      vertex 67.5115 82.4422 2.4
      vertex 67.4785 82.4785 5.4
      vertex 67.4785 82.4785 2.4
    endloop
  endfacet
  facet normal -0.73994 -0.672673 0
    outer loop
      vertex 67.4785 82.4785 5.4
      vertex 67.5115 82.4422 2.4
      vertex 67.5115 82.4422 5.4
    endloop
  endfacet
  facet normal -0.803413 -0.595423 0
    outer loop
      vertex 67.5407 82.4028 2.4
      vertex 67.5115 82.4422 5.4
      vertex 67.5115 82.4422 2.4
    endloop
  endfacet
  facet normal -0.803413 -0.595423 0
    outer loop
      vertex 67.5115 82.4422 5.4
      vertex 67.5407 82.4028 2.4
      vertex 67.5407 82.4028 5.4
    endloop
  endfacet
  facet normal -0.858032 -0.513596 0
    outer loop
      vertex 67.5659 82.3607 2.4
      vertex 67.5407 82.4028 5.4
      vertex 67.5407 82.4028 2.4
    endloop
  endfacet
  facet normal -0.858032 -0.513596 0
    outer loop
      vertex 67.5407 82.4028 5.4
      vertex 67.5659 82.3607 2.4
      vertex 67.5659 82.3607 5.4
    endloop
  endfacet
  facet normal -0.903986 -0.427561 0
    outer loop
      vertex 67.5869 82.3163 2.4
      vertex 67.5659 82.3607 5.4
      vertex 67.5659 82.3607 2.4
    endloop
  endfacet
  facet normal -0.903986 -0.427561 0
    outer loop
      vertex 67.5659 82.3607 5.4
      vertex 67.5869 82.3163 2.4
      vertex 67.5869 82.3163 5.4
    endloop
  endfacet
  facet normal -0.941095 -0.338142 0
    outer loop
      vertex 67.6035 82.2701 2.4
      vertex 67.5869 82.3163 5.4
      vertex 67.5869 82.3163 2.4
    endloop
  endfacet
  facet normal -0.941095 -0.338142 0
    outer loop
      vertex 67.5869 82.3163 5.4
      vertex 67.6035 82.2701 2.4
      vertex 67.6035 82.2701 5.4
    endloop
  endfacet
  facet normal -0.970143 -0.242536 0
    outer loop
      vertex 67.6154 82.2225 2.4
      vertex 67.6035 82.2701 5.4
      vertex 67.6035 82.2701 2.4
    endloop
  endfacet
  facet normal -0.970143 -0.242536 0
    outer loop
      vertex 67.6035 82.2701 5.4
      vertex 67.6154 82.2225 2.4
      vertex 67.6154 82.2225 5.4
    endloop
  endfacet
  facet normal -0.98916 -0.146844 0
    outer loop
      vertex 67.6226 82.174 2.4
      vertex 67.6154 82.2225 5.4
      vertex 67.6154 82.2225 2.4
    endloop
  endfacet
  facet normal -0.98916 -0.146844 0
    outer loop
      vertex 67.6154 82.2225 5.4
      vertex 67.6226 82.174 2.4
      vertex 67.6226 82.174 5.4
    endloop
  endfacet
  facet normal -0.998803 -0.0489209 0
    outer loop
      vertex 67.625 82.125 2.4
      vertex 67.6226 82.174 5.4
      vertex 67.6226 82.174 2.4
    endloop
  endfacet
  facet normal -0.998803 -0.0489209 0
    outer loop
      vertex 67.6226 82.174 5.4
      vertex 67.625 82.125 2.4
      vertex 67.625 82.125 5.4
    endloop
  endfacet
  facet normal -1 0 0
    outer loop
      vertex 67.625 4.27499 2.4
      vertex 67.625 82.125 5.4
      vertex 67.625 82.125 2.4
    endloop
  endfacet
  facet normal -1 -0 0
    outer loop
      vertex 67.625 82.125 5.4
      vertex 67.625 4.27499 2.4
      vertex 67.625 4.27499 5.4
    endloop
  endfacet
  facet normal -0.998803 0.048911 0
    outer loop
      vertex 67.6226 4.22598 2.4
      vertex 67.625 4.27499 5.4
      vertex 67.625 4.27499 2.4
    endloop
  endfacet
  facet normal -0.998803 0.048911 0
    outer loop
      vertex 67.625 4.27499 5.4
      vertex 67.6226 4.22598 2.4
      vertex 67.6226 4.22598 5.4
    endloop
  endfacet
  facet normal -0.989177 0.146726 0
    outer loop
      vertex 67.6154 4.17744 2.4
      vertex 67.6226 4.22598 5.4
      vertex 67.6226 4.22598 2.4
    endloop
  endfacet
  facet normal -0.989177 0.146726 0
    outer loop
      vertex 67.6226 4.22598 5.4
      vertex 67.6154 4.17744 2.4
      vertex 67.6154 4.17744 5.4
    endloop
  endfacet
  facet normal -0.970131 0.242584 0
    outer loop
      vertex 67.6035 4.12985 2.4
      vertex 67.6154 4.17744 5.4
      vertex 67.6154 4.17744 2.4
    endloop
  endfacet
  facet normal -0.970131 0.242584 0
    outer loop
      vertex 67.6154 4.17744 5.4
      vertex 67.6035 4.12985 2.4
      vertex 67.6035 4.12985 5.4
    endloop
  endfacet
  facet normal -0.941095 0.338142 0
    outer loop
      vertex 67.5869 4.08365 2.4
      vertex 67.6035 4.12985 5.4
      vertex 67.6035 4.12985 2.4
    endloop
  endfacet
  facet normal -0.941095 0.338142 0
    outer loop
      vertex 67.6035 4.12985 5.4
      vertex 67.5869 4.08365 2.4
      vertex 67.5869 4.08365 5.4
    endloop
  endfacet
  facet normal -0.903837 0.427876 0
    outer loop
      vertex 67.5659 4.03929 2.4
      vertex 67.5869 4.08365 5.4
      vertex 67.5869 4.08365 2.4
    endloop
  endfacet
  facet normal -0.903837 0.427876 0
    outer loop
      vertex 67.5869 4.08365 5.4
      vertex 67.5659 4.03929 2.4
      vertex 67.5659 4.03929 5.4
    endloop
  endfacet
  facet normal -0.857924 0.513776 0
    outer loop
      vertex 67.5407 3.99721 2.4
      vertex 67.5659 4.03929 5.4
      vertex 67.5659 4.03929 2.4
    endloop
  endfacet
  facet normal -0.857924 0.513776 0
    outer loop
      vertex 67.5659 4.03929 5.4
      vertex 67.5407 3.99721 2.4
      vertex 67.5407 3.99721 5.4
    endloop
  endfacet
  facet normal -0.803557 0.595228 0
    outer loop
      vertex 67.5115 3.95779 2.4
      vertex 67.5407 3.99721 5.4
      vertex 67.5407 3.99721 2.4
    endloop
  endfacet
  facet normal -0.803557 0.595228 0
    outer loop
      vertex 67.5407 3.99721 5.4
      vertex 67.5115 3.95779 2.4
      vertex 67.5115 3.95779 5.4
    endloop
  endfacet
  facet normal -0.740493 0.672064 0
    outer loop
      vertex 67.4785 3.92143 2.4
      vertex 67.5115 3.95779 5.4
      vertex 67.5115 3.95779 2.4
    endloop
  endfacet
  facet normal -0.740493 0.672064 0
    outer loop
      vertex 67.5115 3.95779 5.4
      vertex 67.4785 3.92143 2.4
      vertex 67.4785 3.92143 5.4
    endloop
  endfacet
  facet normal -0.672002 0.740549 0
    outer loop
      vertex 67.4785 3.92143 2.4
      vertex 67.4422 3.88849 5.4
      vertex 67.4785 3.92143 5.4
    endloop
  endfacet
  facet normal -0.672002 0.740549 0
    outer loop
      vertex 67.4422 3.88849 5.4
      vertex 67.4785 3.92143 2.4
      vertex 67.4422 3.88849 2.4
    endloop
  endfacet
  facet normal -0.595949 0.803023 0
    outer loop
      vertex 67.4422 3.88849 2.4
      vertex 67.4028 3.85925 5.4
      vertex 67.4422 3.88849 5.4
    endloop
  endfacet
  facet normal -0.595949 0.803023 0
    outer loop
      vertex 67.4028 3.85925 5.4
      vertex 67.4422 3.88849 2.4
      vertex 67.4028 3.85925 2.4
    endloop
  endfacet
  facet normal -0.513896 0.857852 0
    outer loop
      vertex 67.4028 3.85925 2.4
      vertex 67.3607 3.83403 5.4
      vertex 67.4028 3.85925 5.4
    endloop
  endfacet
  facet normal -0.513896 0.857852 0
    outer loop
      vertex 67.3607 3.83403 5.4
      vertex 67.4028 3.85925 2.4
      vertex 67.3607 3.83403 2.4
    endloop
  endfacet
  facet normal -0.427228 0.904144 0
    outer loop
      vertex 67.3607 3.83403 2.4
      vertex 67.3163 3.81305 5.4
      vertex 67.3607 3.83403 5.4
    endloop
  endfacet
  facet normal -0.427228 0.904144 0
    outer loop
      vertex 67.3163 3.81305 5.4
      vertex 67.3607 3.83403 2.4
      vertex 67.3163 3.81305 2.4
    endloop
  endfacet
  facet normal -0.336879 0.941548 0
    outer loop
      vertex 67.3163 3.81305 2.4
      vertex 67.2701 3.79652 5.4
      vertex 67.3163 3.81305 5.4
    endloop
  endfacet
  facet normal -0.336879 0.941548 0
    outer loop
      vertex 67.2701 3.79652 5.4
      vertex 67.3163 3.81305 2.4
      vertex 67.2701 3.79652 2.4
    endloop
  endfacet
  facet normal -0.242727 0.970095 0
    outer loop
      vertex 67.2701 3.79652 2.4
      vertex 67.2225 3.78461 5.4
      vertex 67.2701 3.79652 5.4
    endloop
  endfacet
  facet normal -0.242727 0.970095 0
    outer loop
      vertex 67.2225 3.78461 5.4
      vertex 67.2701 3.79652 2.4
      vertex 67.2225 3.78461 2.4
    endloop
  endfacet
  facet normal -0.147044 0.98913 0
    outer loop
      vertex 67.2225 3.78461 2.4
      vertex 67.174 3.7774 5.4
      vertex 67.2225 3.78461 5.4
    endloop
  endfacet
  facet normal -0.147044 0.98913 0
    outer loop
      vertex 67.174 3.7774 5.4
      vertex 67.2225 3.78461 2.4
      vertex 67.174 3.7774 2.4
    endloop
  endfacet
  facet normal -0.0491243 0.998793 0
    outer loop
      vertex 67.174 3.7774 2.4
      vertex 67.125 3.77499 5.4
      vertex 67.174 3.7774 5.4
    endloop
  endfacet
  facet normal -0.0491243 0.998793 0
    outer loop
      vertex 67.125 3.77499 5.4
      vertex 67.174 3.7774 2.4
      vertex 67.125 3.77499 2.4
    endloop
  endfacet
  facet normal 0 1 -0
    outer loop
      vertex 67.125 3.77499 2.4
      vertex 4.27499 3.77499 5.4
      vertex 67.125 3.77499 5.4
    endloop
  endfacet
  facet normal 0 1 0
    outer loop
      vertex 4.27499 3.77499 5.4
      vertex 67.125 3.77499 2.4
      vertex 4.27499 3.77499 2.4
    endloop
  endfacet
  facet normal 1 -0 0
    outer loop
      vertex 38 10.9 6.4
      vertex 38 13.9 2.4
      vertex 38 13.9 6.4
    endloop
  endfacet
  facet normal 1 0 0
    outer loop
      vertex 38 13.9 2.4
      vertex 38 10.9 6.4
      vertex 38 10.9 2.4
    endloop
  endfacet
  facet normal -0 0 1
    outer loop
      vertex 33 13.9 6.4
      vertex 38 10.9 6.4
      vertex 38 13.9 6.4
    endloop
  endfacet
  facet normal 0 0 1
    outer loop
      vertex 38 10.9 6.4
      vertex 33 13.9 6.4
      vertex 33 10.9 6.4
    endloop
  endfacet
  facet normal -1 0 0
    outer loop
      vertex 33 10.9 2.4
      vertex 33 13.9 6.4
      vertex 33 13.9 2.4
    endloop
  endfacet
  facet normal -1 -0 0
    outer loop
      vertex 33 13.9 6.4
      vertex 33 10.9 2.4
      vertex 33 10.9 6.4
    endloop
  endfacet
  facet normal 0 1 -0
    outer loop
      vertex 38 13.9 2.4
      vertex 33 13.9 6.4
      vertex 38 13.9 6.4
    endloop
  endfacet
  facet normal 0 1 0
    outer loop
      vertex 33 13.9 6.4
      vertex 38 13.9 2.4
      vertex 33 13.9 2.4
    endloop
  endfacet
  facet normal 0 -1 0
    outer loop
      vertex 33 10.9 2.4
      vertex 38 10.9 6.4
      vertex 33 10.9 6.4
    endloop
  endfacet
  facet normal 0 -1 -0
    outer loop
      vertex 38 10.9 6.4
      vertex 33 10.9 2.4
      vertex 38 10.9 2.4
    endloop
  endfacet
  facet normal 1 -0 0
    outer loop
      vertex 38 72.5 6.4
      vertex 38 75.5 2.4
      vertex 38 75.5 6.4
    endloop
  endfacet
  facet normal 1 0 0
    outer loop
      vertex 38 75.5 2.4
      vertex 38 72.5 6.4
      vertex 38 72.5 2.4
    endloop
  endfacet
  facet normal -0 0 1
    outer loop
      vertex 33 75.5 6.4
      vertex 38 72.5 6.4
      vertex 38 75.5 6.4
    endloop
  endfacet
  facet normal 0 0 1
    outer loop
      vertex 38 72.5 6.4
      vertex 33 75.5 6.4
      vertex 33 72.5 6.4
    endloop
  endfacet
  facet normal -1 0 0
    outer loop
      vertex 33 72.5 2.4
      vertex 33 75.5 6.4
      vertex 33 75.5 2.4
    endloop
  endfacet
  facet normal -1 -0 0
    outer loop
      vertex 33 75.5 6.4
      vertex 33 72.5 2.4
      vertex 33 72.5 6.4
    endloop
  endfacet
  facet normal 0 1 -0
    outer loop
      vertex 38 75.5 2.4
      vertex 33 75.5 6.4
      vertex 38 75.5 6.4
    endloop
  endfacet
  facet normal 0 1 0
    outer loop
      vertex 33 75.5 6.4
      vertex 38 75.5 2.4
      vertex 33 75.5 2.4
    endloop
  endfacet
  facet normal 0 -1 0
    outer loop
      vertex 33 72.5 2.4
      vertex 38 72.5 6.4
      vertex 33 72.5 6.4
    endloop
  endfacet
  facet normal 0 -1 -0
    outer loop
      vertex 38 72.5 6.4
      vertex 33 72.5 2.4
      vertex 38 72.5 2.4
    endloop
  endfacet
endsolid OpenSCAD_Model
