solid OpenSCAD_Model
  facet normal 0.995187 0.0979907 0
    outer loop
      vertex 5.63336 15.4427 5.6
      vertex 5.61348 15.6446 2.4
      vertex 5.61348 15.6446 5.6
    endloop
  endfacet
  facet normal 0.995187 0.0979907 0
    outer loop
      vertex 5.61348 15.6446 2.4
      vertex 5.63336 15.4427 5.6
      vertex 5.63336 15.4427 2.4
    endloop
  endfacet
  facet normal 0.999464 0.0327402 0
    outer loop
      vertex 5.64 15.24 5.6
      vertex 5.63336 15.4427 2.4
      vertex 5.63336 15.4427 5.6
    endloop
  endfacet
  facet normal 0.999464 0.0327402 0
    outer loop
      vertex 5.63336 15.4427 2.4
      vertex 5.64 15.24 5.6
      vertex 5.64 15.24 2.4
    endloop
  endfacet
  facet normal 0.986646 0.16288 0
    outer loop
      vertex 5.61348 15.6446 5.6
      vertex 5.58043 15.8448 2.4
      vertex 5.58043 15.8448 5.6
    endloop
  endfacet
  facet normal 0.986646 0.16288 0
    outer loop
      vertex 5.58043 15.8448 2.4
      vertex 5.61348 15.6446 5.6
      vertex 5.61348 15.6446 2.4
    endloop
  endfacet
  facet normal 0.849253 -0.527986 0
    outer loop
      vertex 5.11756 13.5177 5.6
      vertex 5.22468 13.69 2.4
      vertex 5.22468 13.69 5.6
    endloop
  endfacet
  facet normal 0.849253 -0.527986 0
    outer loop
      vertex 5.22468 13.69 2.4
      vertex 5.11756 13.5177 5.6
      vertex 5.11756 13.5177 2.4
    endloop
  endfacet
  facet normal -0.910884 -0.412663 0
    outer loop
      vertex -0.240305 13.8689 2.4
      vertex -0.324026 14.0537 5.6
      vertex -0.324026 14.0537 2.4
    endloop
  endfacet
  facet normal -0.910884 -0.412663 0
    outer loop
      vertex -0.324026 14.0537 5.6
      vertex -0.240305 13.8689 2.4
      vertex -0.240305 13.8689 5.6
    endloop
  endfacet
  facet normal -0.973862 -0.227139 0
    outer loop
      vertex -0.45437 14.4377 4.75
      vertex -0.500434 14.6352 5.6
      vertex -0.500434 14.6352 4.75
    endloop
  endfacet
  facet normal -0.973862 -0.227139 0
    outer loop
      vertex -0.500434 14.6352 5.6
      vertex -0.45437 14.4377 4.75
      vertex -0.45437 14.4377 5.6
    endloop
  endfacet
  facet normal 0.935883 -0.352312 0
    outer loop
      vertex 5.40403 14.0537 5.6
      vertex 5.47548 14.2435 2.4
      vertex 5.47548 14.2435 5.6
    endloop
  endfacet
  facet normal 0.935883 -0.352312 0
    outer loop
      vertex 5.47548 14.2435 2.4
      vertex 5.40403 14.0537 5.6
      vertex 5.40403 14.0537 2.4
    endloop
  endfacet
  facet normal -0.226775 0.973947 0
    outer loop
      vertex 1.93522 18.2804 2.4
      vertex 1.73766 18.2344 5.6
      vertex 1.93522 18.2804 5.6
    endloop
  endfacet
  facet normal -0.226775 0.973947 0
    outer loop
      vertex 1.73766 18.2344 5.6
      vertex 1.93522 18.2804 2.4
      vertex 1.73766 18.2344 2.4
    endloop
  endfacet
  facet normal -0.471286 -0.88198 0
    outer loop
      vertex 0.990001 12.5553 2.4
      vertex 1.16891 12.4597 5.6
      vertex 0.990001 12.5553 5.6
    endloop
  endfacet
  facet normal -0.471286 -0.88198 -0
    outer loop
      vertex 1.16891 12.4597 5.6
      vertex 0.990001 12.5553 2.4
      vertex 1.16891 12.4597 2.4
    endloop
  endfacet
  facet normal 0.226775 -0.973947 0
    outer loop
      vertex 3.14478 12.1996 2.4
      vertex 3.34234 12.2456 5.6
      vertex 3.14478 12.1996 5.6
    endloop
  endfacet
  facet normal 0.226775 -0.973947 0
    outer loop
      vertex 3.34234 12.2456 5.6
      vertex 3.14478 12.1996 2.4
      vertex 3.34234 12.2456 2.4
    endloop
  endfacet
  facet normal 0.0325352 -0.999471 0
    outer loop
      vertex 2.54 12.14 2.4
      vertex 2.74275 12.1466 5.6
      vertex 2.54 12.14 5.6
    endloop
  endfacet
  facet normal 0.0325352 -0.999471 0
    outer loop
      vertex 2.74275 12.1466 5.6
      vertex 2.54 12.14 2.4
      vertex 2.74275 12.1466 2.4
    endloop
  endfacet
  facet normal 0.16316 -0.9866 0
    outer loop
      vertex 2.94463 12.1665 2.4
      vertex 3.14478 12.1996 5.6
      vertex 2.94463 12.1665 5.6
    endloop
  endfacet
  facet normal 0.16316 -0.9866 0
    outer loop
      vertex 3.14478 12.1996 5.6
      vertex 2.94463 12.1665 2.4
      vertex 3.14478 12.1996 2.4
    endloop
  endfacet
  facet normal 0.582613 -0.81275 0
    outer loop
      vertex 4.26227 12.6624 2.4
      vertex 4.42716 12.7806 5.6
      vertex 4.26227 12.6624 5.6
    endloop
  endfacet
  facet normal 0.582613 -0.81275 0
    outer loop
      vertex 4.42716 12.7806 5.6
      vertex 4.26227 12.6624 2.4
      vertex 4.42716 12.7806 2.4
    endloop
  endfacet
  facet normal -0.683665 0.729796 0
    outer loop
      vertex 0.496028 17.5707 2.4
      vertex 0.347969 17.432 5.6
      vertex 0.496028 17.5707 5.6
    endloop
  endfacet
  facet normal -0.683665 0.729796 0
    outer loop
      vertex 0.347969 17.432 5.6
      vertex 0.496028 17.5707 2.4
      vertex 0.347969 17.432 2.4
    endloop
  endfacet
  facet normal -0.973862 0.227139 0
    outer loop
      vertex -0.500434 15.8448 4.75
      vertex -0.45437 16.0423 5.6
      vertex -0.45437 16.0423 4.75
    endloop
  endfacet
  facet normal -0.973862 0.227139 0
    outer loop
      vertex -0.45437 16.0423 5.6
      vertex -0.500434 15.8448 4.75
      vertex -0.500434 15.8448 5.6
    endloop
  endfacet
  facet normal -0.995186 0.0980054 0
    outer loop
      vertex -0.553362 15.4427 4.75
      vertex -0.533479 15.6446 5.6
      vertex -0.533479 15.6446 4.75
    endloop
  endfacet
  facet normal -0.995186 0.0980054 0
    outer loop
      vertex -0.533479 15.6446 5.6
      vertex -0.553362 15.4427 4.75
      vertex -0.553362 15.4427 5.6
    endloop
  endfacet
  facet normal -0.35243 0.935838 0
    outer loop
      vertex 1.54354 18.1755 2.4
      vertex 1.35368 18.104 5.6
      vertex 1.54354 18.1755 5.6
    endloop
  endfacet
  facet normal -0.35243 0.935838 0
    outer loop
      vertex 1.35368 18.104 5.6
      vertex 1.54354 18.1755 2.4
      vertex 1.35368 18.104 2.4
    endloop
  endfacet
  facet normal -0.995186 -0.0980054 0
    outer loop
      vertex -0.533479 14.8354 4.75
      vertex -0.553362 15.0373 5.6
      vertex -0.553362 15.0373 4.75
    endloop
  endfacet
  facet normal -0.995186 -0.0980054 0
    outer loop
      vertex -0.553362 15.0373 5.6
      vertex -0.533479 14.8354 4.75
      vertex -0.533479 14.8354 5.6
    endloop
  endfacet
  facet normal 0.729734 -0.683731 0
    outer loop
      vertex 4.73203 13.048 5.6
      vertex 4.8707 13.196 2.4
      vertex 4.8707 13.196 5.6
    endloop
  endfacet
  facet normal 0.729734 -0.683731 0
    outer loop
      vertex 4.8707 13.196 2.4
      vertex 4.73203 13.048 5.6
      vertex 4.73203 13.048 2.4
    endloop
  endfacet
  facet normal 0.956968 -0.290195 0
    outer loop
      vertex 5.47548 14.2435 5.6
      vertex 5.53437 14.4377 2.4
      vertex 5.53437 14.4377 5.6
    endloop
  endfacet
  facet normal 0.956968 -0.290195 0
    outer loop
      vertex 5.53437 14.4377 2.4
      vertex 5.47548 14.2435 5.6
      vertex 5.47548 14.2435 2.4
    endloop
  endfacet
  facet normal -0.527986 0.849253 0
    outer loop
      vertex 0.990001 17.9247 2.4
      vertex 0.817733 17.8176 5.6
      vertex 0.990001 17.9247 5.6
    endloop
  endfacet
  facet normal -0.527986 0.849253 0
    outer loop
      vertex 0.817733 17.8176 5.6
      vertex 0.990001 17.9247 2.4
      vertex 0.817733 17.8176 2.4
    endloop
  endfacet
  facet normal 0.634421 0.772988 -0
    outer loop
      vertex 4.58397 17.5707 2.4
      vertex 4.42716 17.6994 5.6
      vertex 4.58397 17.5707 5.6
    endloop
  endfacet
  facet normal 0.634421 0.772988 0
    outer loop
      vertex 4.42716 17.6994 5.6
      vertex 4.58397 17.5707 2.4
      vertex 4.42716 17.6994 2.4
    endloop
  endfacet
  facet normal -0.290349 0.956921 0
    outer loop
      vertex 1.73766 18.2344 2.4
      vertex 1.54354 18.1755 5.6
      vertex 1.73766 18.2344 5.6
    endloop
  endfacet
  facet normal -0.290349 0.956921 0
    outer loop
      vertex 1.54354 18.1755 5.6
      vertex 1.73766 18.2344 2.4
      vertex 1.54354 18.1755 2.4
    endloop
  endfacet
  facet normal 0.471284 -0.881981 0
    outer loop
      vertex 3.91109 12.4597 2.4
      vertex 4.09 12.5553 5.6
      vertex 3.91109 12.4597 5.6
    endloop
  endfacet
  facet normal 0.471284 -0.881981 0
    outer loop
      vertex 4.09 12.5553 5.6
      vertex 3.91109 12.4597 2.4
      vertex 4.09 12.5553 2.4
    endloop
  endfacet
  facet normal 0 0 1
    outer loop
      vertex 5.63336 15.4427 5.6
      vertex 5.63336 15.0373 5.6
      vertex 5.64 15.24 5.6
    endloop
  endfacet
  facet normal 0 0 1
    outer loop
      vertex 5.61348 15.6446 5.6
      vertex 5.63336 15.0373 5.6
      vertex 5.63336 15.4427 5.6
    endloop
  endfacet
  facet normal 0 0 1
    outer loop
      vertex 5.61348 15.6446 5.6
      vertex 5.61348 14.8354 5.6
      vertex 5.63336 15.0373 5.6
    endloop
  endfacet
  facet normal 0 0 1
    outer loop
      vertex 5.58043 15.8448 5.6
      vertex 5.61348 14.8354 5.6
      vertex 5.61348 15.6446 5.6
    endloop
  endfacet
  facet normal 0 0 1
    outer loop
      vertex 5.58043 15.8448 5.6
      vertex 5.58043 14.6352 5.6
      vertex 5.61348 14.8354 5.6
    endloop
  endfacet
  facet normal 0 0 1
    outer loop
      vertex 5.53437 16.0423 5.6
      vertex 5.58043 14.6352 5.6
      vertex 5.58043 15.8448 5.6
    endloop
  endfacet
  facet normal 0 0 1
    outer loop
      vertex 5.53437 16.0423 5.6
      vertex 5.53437 14.4377 5.6
      vertex 5.58043 14.6352 5.6
    endloop
  endfacet
  facet normal 0 0 1
    outer loop
      vertex 5.47548 16.2365 5.6
      vertex 5.53437 14.4377 5.6
      vertex 5.53437 16.0423 5.6
    endloop
  endfacet
  facet normal 0 0 1
    outer loop
      vertex 5.47548 16.2365 5.6
      vertex 5.47548 14.2435 5.6
      vertex 5.53437 14.4377 5.6
    endloop
  endfacet
  facet normal 0 0 1
    outer loop
      vertex 5.40403 16.4263 5.6
      vertex 5.47548 14.2435 5.6
      vertex 5.47548 16.2365 5.6
    endloop
  endfacet
  facet normal 0 0 1
    outer loop
      vertex 5.40403 16.4263 5.6
      vertex 5.40403 14.0537 5.6
      vertex 5.47548 14.2435 5.6
    endloop
  endfacet
  facet normal 0 0 1
    outer loop
      vertex 5.3203 16.6111 5.6
      vertex 5.40403 14.0537 5.6
      vertex 5.40403 16.4263 5.6
    endloop
  endfacet
  facet normal 0 0 1
    outer loop
      vertex 5.3203 16.6111 5.6
      vertex 5.3203 13.8689 5.6
      vertex 5.40403 14.0537 5.6
    endloop
  endfacet
  facet normal 0 0 1
    outer loop
      vertex 5.22468 16.79 5.6
      vertex 5.3203 13.8689 5.6
      vertex 5.3203 16.6111 5.6
    endloop
  endfacet
  facet normal 0 0 1
    outer loop
      vertex 5.22468 16.79 5.6
      vertex 5.22468 13.69 5.6
      vertex 5.3203 13.8689 5.6
    endloop
  endfacet
  facet normal 0 0 1
    outer loop
      vertex 5.11756 16.9623 5.6
      vertex 5.22468 13.69 5.6
      vertex 5.22468 16.79 5.6
    endloop
  endfacet
  facet normal 0 0 1
    outer loop
      vertex 5.11756 16.9623 5.6
      vertex 5.11756 13.5177 5.6
      vertex 5.22468 13.69 5.6
    endloop
  endfacet
  facet normal 0 0 1
    outer loop
      vertex 4.99939 17.1272 5.6
      vertex 5.11756 13.5177 5.6
      vertex 5.11756 16.9623 5.6
    endloop
  endfacet
  facet normal 0 0 1
    outer loop
      vertex 4.99939 17.1272 5.6
      vertex 4.99939 13.3528 5.6
      vertex 5.11756 13.5177 5.6
    endloop
  endfacet
  facet normal 0 0 1
    outer loop
      vertex 4.8707 17.284 5.6
      vertex 4.99939 13.3528 5.6
      vertex 4.99939 17.1272 5.6
    endloop
  endfacet
  facet normal 0 0 1
    outer loop
      vertex 4.8707 17.284 5.6
      vertex 4.8707 13.196 5.6
      vertex 4.99939 13.3528 5.6
    endloop
  endfacet
  facet normal 0 0 1
    outer loop
      vertex 4.73203 17.432 5.6
      vertex 4.8707 13.196 5.6
      vertex 4.8707 17.284 5.6
    endloop
  endfacet
  facet normal 0 0 1
    outer loop
      vertex 4.73203 17.432 5.6
      vertex 4.73203 13.048 5.6
      vertex 4.8707 13.196 5.6
    endloop
  endfacet
  facet normal 0 0 1
    outer loop
      vertex 4.58397 17.5707 5.6
      vertex 4.73203 13.048 5.6
      vertex 4.73203 17.432 5.6
    endloop
  endfacet
  facet normal 0 0 1
    outer loop
      vertex 4.58397 17.5707 5.6
      vertex 4.58397 12.9093 5.6
      vertex 4.73203 13.048 5.6
    endloop
  endfacet
  facet normal 0 0 1
    outer loop
      vertex 4.42716 17.6994 5.6
      vertex 4.58397 12.9093 5.6
      vertex 4.58397 17.5707 5.6
    endloop
  endfacet
  facet normal 0 0 1
    outer loop
      vertex 4.42716 17.6994 5.6
      vertex 4.42716 12.7806 5.6
      vertex 4.58397 12.9093 5.6
    endloop
  endfacet
  facet normal 0 0 1
    outer loop
      vertex 4.26227 17.8176 5.6
      vertex 4.42716 12.7806 5.6
      vertex 4.42716 17.6994 5.6
    endloop
  endfacet
  facet normal 0 0 1
    outer loop
      vertex 4.26227 17.8176 5.6
      vertex 4.26227 12.6624 5.6
      vertex 4.42716 12.7806 5.6
    endloop
  endfacet
  facet normal 0 0 1
    outer loop
      vertex 4.09 17.9247 5.6
      vertex 4.26227 12.6624 5.6
      vertex 4.26227 17.8176 5.6
    endloop
  endfacet
  facet normal 0 0 1
    outer loop
      vertex 4.09 17.9247 5.6
      vertex 4.09 12.5553 5.6
      vertex 4.26227 12.6624 5.6
    endloop
  endfacet
  facet normal 0 0 1
    outer loop
      vertex 3.91109 18.0203 5.6
      vertex 4.09 12.5553 5.6
      vertex 4.09 17.9247 5.6
    endloop
  endfacet
  facet normal 0 0 1
    outer loop
      vertex 3.91109 18.0203 5.6
      vertex 3.91109 12.4597 5.6
      vertex 4.09 12.5553 5.6
    endloop
  endfacet
  facet normal 0 0 1
    outer loop
      vertex 3.72632 18.104 5.6
      vertex 3.91109 12.4597 5.6
      vertex 3.91109 18.0203 5.6
    endloop
  endfacet
  facet normal 0 0 1
    outer loop
      vertex 3.72632 18.104 5.6
      vertex 3.72632 12.376 5.6
      vertex 3.91109 12.4597 5.6
    endloop
  endfacet
  facet normal 0 0 1
    outer loop
      vertex 3.53646 18.1755 5.6
      vertex 3.72632 12.376 5.6
      vertex 3.72632 18.104 5.6
    endloop
  endfacet
  facet normal 0 0 1
    outer loop
      vertex 3.53646 18.1755 5.6
      vertex 3.53646 12.3045 5.6
      vertex 3.72632 12.376 5.6
    endloop
  endfacet
  facet normal 0 0 1
    outer loop
      vertex 3.34234 18.2344 5.6
      vertex 3.53646 12.3045 5.6
      vertex 3.53646 18.1755 5.6
    endloop
  endfacet
  facet normal 0 0 1
    outer loop
      vertex 3.34234 18.2344 5.6
      vertex 3.34234 12.2456 5.6
      vertex 3.53646 12.3045 5.6
    endloop
  endfacet
  facet normal 0 0 1
    outer loop
      vertex 3.14478 18.2804 5.6
      vertex 3.34234 12.2456 5.6
      vertex 3.34234 18.2344 5.6
    endloop
  endfacet
  facet normal 0 0 1
    outer loop
      vertex 3.14478 18.2804 5.6
      vertex 3.14478 12.1996 5.6
      vertex 3.34234 12.2456 5.6
    endloop
  endfacet
  facet normal 0 0 1
    outer loop
      vertex 2.94463 18.3135 5.6
      vertex 3.14478 12.1996 5.6
      vertex 3.14478 18.2804 5.6
    endloop
  endfacet
  facet normal 0 0 1
    outer loop
      vertex 2.94463 18.3135 5.6
      vertex 2.94463 12.1665 5.6
      vertex 3.14478 12.1996 5.6
    endloop
  endfacet
  facet normal 0 0 1
    outer loop
      vertex 2.74275 18.3334 5.6
      vertex 2.94463 12.1665 5.6
      vertex 2.94463 18.3135 5.6
    endloop
  endfacet
  facet normal 0 0 1
    outer loop
      vertex 2.74275 18.3334 5.6
      vertex 2.74275 12.1466 5.6
      vertex 2.94463 12.1665 5.6
    endloop
  endfacet
  facet normal 0 0 1
    outer loop
      vertex 2.54 18.34 5.6
      vertex 2.74275 12.1466 5.6
      vertex 2.74275 18.3334 5.6
    endloop
  endfacet
  facet normal 0 0 1
    outer loop
      vertex 2.54 18.34 5.6
      vertex 2.54 12.14 5.6
      vertex 2.74275 12.1466 5.6
    endloop
  endfacet
  facet normal -0 0 1
    outer loop
      vertex 2.33725 18.3334 5.6
      vertex 2.54 12.14 5.6
      vertex 2.54 18.34 5.6
    endloop
  endfacet
  facet normal 0 0 1
    outer loop
      vertex 2.33725 18.3334 5.6
      vertex 2.33725 12.1466 5.6
      vertex 2.54 12.14 5.6
    endloop
  endfacet
  facet normal -0 0 1
    outer loop
      vertex 2.13537 18.3135 5.6
      vertex 2.33725 12.1466 5.6
      vertex 2.33725 18.3334 5.6
    endloop
  endfacet
  facet normal 0 0 1
    outer loop
      vertex 2.13537 18.3135 5.6
      vertex 2.13537 12.1665 5.6
      vertex 2.33725 12.1466 5.6
    endloop
  endfacet
  facet normal -0 0 1
    outer loop
      vertex 1.93522 18.2804 5.6
      vertex 2.13537 12.1665 5.6
      vertex 2.13537 18.3135 5.6
    endloop
  endfacet
  facet normal 0 0 1
    outer loop
      vertex 1.93522 18.2804 5.6
      vertex 1.93522 12.1996 5.6
      vertex 2.13537 12.1665 5.6
    endloop
  endfacet
  facet normal -0 0 1
    outer loop
      vertex 1.73766 18.2344 5.6
      vertex 1.93522 12.1996 5.6
      vertex 1.93522 18.2804 5.6
    endloop
  endfacet
  facet normal 0 0 1
    outer loop
      vertex 1.73766 18.2344 5.6
      vertex 1.73766 12.2456 5.6
      vertex 1.93522 12.1996 5.6
    endloop
  endfacet
  facet normal -0 0 1
    outer loop
      vertex 1.54354 18.1755 5.6
      vertex 1.73766 12.2456 5.6
      vertex 1.73766 18.2344 5.6
    endloop
  endfacet
  facet normal 0 0 1
    outer loop
      vertex 1.54354 18.1755 5.6
      vertex 1.54354 12.3045 5.6
      vertex 1.73766 12.2456 5.6
    endloop
  endfacet
  facet normal -0 0 1
    outer loop
      vertex 1.35368 18.104 5.6
      vertex 1.54354 12.3045 5.6
      vertex 1.54354 18.1755 5.6
    endloop
  endfacet
  facet normal 0 0 1
    outer loop
      vertex 1.35368 18.104 5.6
      vertex 1.35368 12.376 5.6
      vertex 1.54354 12.3045 5.6
    endloop
  endfacet
  facet normal -0 0 1
    outer loop
      vertex 1.16891 18.0203 5.6
      vertex 1.35368 12.376 5.6
      vertex 1.35368 18.104 5.6
    endloop
  endfacet
  facet normal 0 0 1
    outer loop
      vertex 1.16891 18.0203 5.6
      vertex 1.16891 12.4597 5.6
      vertex 1.35368 12.376 5.6
    endloop
  endfacet
  facet normal -0 0 1
    outer loop
      vertex 0.990001 17.9247 5.6
      vertex 1.16891 12.4597 5.6
      vertex 1.16891 18.0203 5.6
    endloop
  endfacet
  facet normal 0 0 1
    outer loop
      vertex 0.990001 17.9247 5.6
      vertex 0.990001 12.5553 5.6
      vertex 1.16891 12.4597 5.6
    endloop
  endfacet
  facet normal -0 0 1
    outer loop
      vertex 0.817733 17.8176 5.6
      vertex 0.990001 12.5553 5.6
      vertex 0.990001 17.9247 5.6
    endloop
  endfacet
  facet normal 0 0 1
    outer loop
      vertex 0.817733 17.8176 5.6
      vertex 0.817733 12.6624 5.6
      vertex 0.990001 12.5553 5.6
    endloop
  endfacet
  facet normal -0 0 1
    outer loop
      vertex 0.65284 17.6994 5.6
      vertex 0.817733 12.6624 5.6
      vertex 0.817733 17.8176 5.6
    endloop
  endfacet
  facet normal 0 0 1
    outer loop
      vertex 0.65284 17.6994 5.6
      vertex 0.65284 12.7806 5.6
      vertex 0.817733 12.6624 5.6
    endloop
  endfacet
  facet normal -0 0 1
    outer loop
      vertex 0.496028 17.5707 5.6
      vertex 0.65284 12.7806 5.6
      vertex 0.65284 17.6994 5.6
    endloop
  endfacet
  facet normal 0 0 1
    outer loop
      vertex 0.496028 17.5707 5.6
      vertex 0.496028 12.9093 5.6
      vertex 0.65284 12.7806 5.6
    endloop
  endfacet
  facet normal -0 0 1
    outer loop
      vertex 0.347969 17.432 5.6
      vertex 0.496028 12.9093 5.6
      vertex 0.496028 17.5707 5.6
    endloop
  endfacet
  facet normal 0 0 1
    outer loop
      vertex 0.347969 17.432 5.6
      vertex 0.347969 13.048 5.6
      vertex 0.496028 12.9093 5.6
    endloop
  endfacet
  facet normal -0 0 1
    outer loop
      vertex 0.209297 17.284 5.6
      vertex 0.347969 13.048 5.6
      vertex 0.347969 17.432 5.6
    endloop
  endfacet
  facet normal 0 0 1
    outer loop
      vertex 0.209297 17.284 5.6
      vertex 0.209297 13.196 5.6
      vertex 0.347969 13.048 5.6
    endloop
  endfacet
  facet normal -0 0 1
    outer loop
      vertex 0.0806055 17.1272 5.6
      vertex 0.209297 13.196 5.6
      vertex 0.209297 17.284 5.6
    endloop
  endfacet
  facet normal 0 0 1
    outer loop
      vertex 0.0806055 17.1272 5.6
      vertex 0.0806055 13.3528 5.6
      vertex 0.209297 13.196 5.6
    endloop
  endfacet
  facet normal -0 0 1
    outer loop
      vertex -0.0375557 16.9623 5.6
      vertex 0.0806055 13.3528 5.6
      vertex 0.0806055 17.1272 5.6
    endloop
  endfacet
  facet normal 0 0 1
    outer loop
      vertex -0.0375557 16.9623 5.6
      vertex -0.0375557 13.5177 5.6
      vertex 0.0806055 13.3528 5.6
    endloop
  endfacet
  facet normal -0 0 1
    outer loop
      vertex -0.144678 16.79 5.6
      vertex -0.0375557 13.5177 5.6
      vertex -0.0375557 16.9623 5.6
    endloop
  endfacet
  facet normal 0 0 1
    outer loop
      vertex -0.144678 16.79 5.6
      vertex -0.144678 13.69 5.6
      vertex -0.0375557 13.5177 5.6
    endloop
  endfacet
  facet normal -0 0 1
    outer loop
      vertex -0.240305 16.6111 5.6
      vertex -0.144678 13.69 5.6
      vertex -0.144678 16.79 5.6
    endloop
  endfacet
  facet normal 0 0 1
    outer loop
      vertex -0.240305 16.6111 5.6
      vertex -0.240305 13.8689 5.6
      vertex -0.144678 13.69 5.6
    endloop
  endfacet
  facet normal -0 0 1
    outer loop
      vertex -0.324026 16.4263 5.6
      vertex -0.240305 13.8689 5.6
      vertex -0.240305 16.6111 5.6
    endloop
  endfacet
  facet normal 0 0 1
    outer loop
      vertex -0.324026 16.4263 5.6
      vertex -0.324026 14.0537 5.6
      vertex -0.240305 13.8689 5.6
    endloop
  endfacet
  facet normal -0 0 1
    outer loop
      vertex -0.395483 16.2365 5.6
      vertex -0.324026 14.0537 5.6
      vertex -0.324026 16.4263 5.6
    endloop
  endfacet
  facet normal 0 0 1
    outer loop
      vertex -0.395483 16.2365 5.6
      vertex -0.395483 14.2435 5.6
      vertex -0.324026 14.0537 5.6
    endloop
  endfacet
  facet normal -0 0 1
    outer loop
      vertex -0.45437 16.0423 5.6
      vertex -0.395483 14.2435 5.6
      vertex -0.395483 16.2365 5.6
    endloop
  endfacet
  facet normal 0 0 1
    outer loop
      vertex -0.45437 16.0423 5.6
      vertex -0.45437 14.4377 5.6
      vertex -0.395483 14.2435 5.6
    endloop
  endfacet
  facet normal -0 0 1
    outer loop
      vertex -0.500434 15.8448 5.6
      vertex -0.45437 14.4377 5.6
      vertex -0.45437 16.0423 5.6
    endloop
  endfacet
  facet normal 0 0 1
    outer loop
      vertex -0.500434 15.8448 5.6
      vertex -0.500434 14.6352 5.6
      vertex -0.45437 14.4377 5.6
    endloop
  endfacet
  facet normal -0 0 1
    outer loop
      vertex -0.533479 15.6446 5.6
      vertex -0.500434 14.6352 5.6
      vertex -0.500434 15.8448 5.6
    endloop
  endfacet
  facet normal 0 0 1
    outer loop
      vertex -0.533479 15.6446 5.6
      vertex -0.533479 14.8354 5.6
      vertex -0.500434 14.6352 5.6
    endloop
  endfacet
  facet normal -0 0 1
    outer loop
      vertex -0.553362 15.4427 5.6
      vertex -0.533479 14.8354 5.6
      vertex -0.533479 15.6446 5.6
    endloop
  endfacet
  facet normal 0 0 1
    outer loop
      vertex -0.553362 15.4427 5.6
      vertex -0.553362 15.0373 5.6
      vertex -0.533479 14.8354 5.6
    endloop
  endfacet
  facet normal 0 -0 1
    outer loop
      vertex -0.553362 15.0373 5.6
      vertex -0.553362 15.4427 5.6
      vertex -0.559999 15.24 5.6
    endloop
  endfacet
  facet normal -0.729729 -0.683736 0
    outer loop
      vertex 0.347969 13.048 2.4
      vertex 0.209297 13.196 5.6
      vertex 0.209297 13.196 2.4
    endloop
  endfacet
  facet normal -0.729729 -0.683736 0
    outer loop
      vertex 0.209297 13.196 5.6
      vertex 0.347969 13.048 2.4
      vertex 0.347969 13.048 5.6
    endloop
  endfacet
  facet normal 0.16316 0.9866 -0
    outer loop
      vertex 3.14478 18.2804 2.4
      vertex 2.94463 18.3135 5.6
      vertex 3.14478 18.2804 5.6
    endloop
  endfacet
  facet normal 0.16316 0.9866 0
    outer loop
      vertex 2.94463 18.3135 5.6
      vertex 3.14478 18.2804 2.4
      vertex 2.94463 18.3135 2.4
    endloop
  endfacet
  facet normal -0.98665 -0.162856 0
    outer loop
      vertex -0.500434 14.6352 4.75
      vertex -0.533479 14.8354 5.6
      vertex -0.533479 14.8354 4.75
    endloop
  endfacet
  facet normal -0.98665 -0.162856 0
    outer loop
      vertex -0.533479 14.8354 5.6
      vertex -0.500434 14.6352 4.75
      vertex -0.500434 14.6352 5.6
    endloop
  endfacet
  facet normal 0.812837 0.582492 0
    outer loop
      vertex 5.11756 16.9623 5.6
      vertex 4.99939 17.1272 2.4
      vertex 4.99939 17.1272 5.6
    endloop
  endfacet
  facet normal 0.812837 0.582492 0
    outer loop
      vertex 4.99939 17.1272 2.4
      vertex 5.11756 16.9623 5.6
      vertex 5.11756 16.9623 2.4
    endloop
  endfacet
  facet normal -0.471286 0.88198 0
    outer loop
      vertex 1.16891 18.0203 2.4
      vertex 0.990001 17.9247 5.6
      vertex 1.16891 18.0203 5.6
    endloop
  endfacet
  facet normal -0.471286 0.88198 0
    outer loop
      vertex 0.990001 17.9247 5.6
      vertex 1.16891 18.0203 2.4
      vertex 0.990001 17.9247 2.4
    endloop
  endfacet
  facet normal 0.683662 0.729798 -0
    outer loop
      vertex 4.73203 17.432 2.4
      vertex 4.58397 17.5707 5.6
      vertex 4.73203 17.432 5.6
    endloop
  endfacet
  facet normal 0.683662 0.729798 0
    outer loop
      vertex 4.58397 17.5707 5.6
      vertex 4.73203 17.432 2.4
      vertex 4.58397 17.5707 2.4
    endloop
  endfacet
  facet normal 0.290349 0.956921 -0
    outer loop
      vertex 3.53646 18.1755 2.4
      vertex 3.34234 18.2344 5.6
      vertex 3.53646 18.1755 5.6
    endloop
  endfacet
  facet normal 0.290349 0.956921 0
    outer loop
      vertex 3.34234 18.2344 5.6
      vertex 3.53646 18.1755 2.4
      vertex 3.34234 18.2344 2.4
    endloop
  endfacet
  facet normal -0.098098 0.995177 0
    outer loop
      vertex 2.33725 18.3334 2.4
      vertex 2.13537 18.3135 5.6
      vertex 2.33725 18.3334 5.6
    endloop
  endfacet
  facet normal -0.098098 0.995177 0
    outer loop
      vertex 2.13537 18.3135 5.6
      vertex 2.33725 18.3334 2.4
      vertex 2.13537 18.3135 2.4
    endloop
  endfacet
  facet normal 0.812837 -0.582492 0
    outer loop
      vertex 4.99939 13.3528 5.6
      vertex 5.11756 13.5177 2.4
      vertex 5.11756 13.5177 5.6
    endloop
  endfacet
  facet normal 0.812837 -0.582492 0
    outer loop
      vertex 5.11756 13.5177 2.4
      vertex 4.99939 13.3528 5.6
      vertex 4.99939 13.3528 2.4
    endloop
  endfacet
  facet normal -0.935871 -0.352342 0
    outer loop
      vertex -0.324026 14.0537 2.4
      vertex -0.395483 14.2435 5.6
      vertex -0.395483 14.2435 2.4
    endloop
  endfacet
  facet normal -0.935871 -0.352342 0
    outer loop
      vertex -0.395483 14.2435 5.6
      vertex -0.324026 14.0537 2.4
      vertex -0.324026 14.0537 5.6
    endloop
  endfacet
  facet normal 0.35243 0.935838 -0
    outer loop
      vertex 3.72632 18.104 2.4
      vertex 3.53646 18.1755 5.6
      vertex 3.72632 18.104 5.6
    endloop
  endfacet
  facet normal 0.35243 0.935838 0
    outer loop
      vertex 3.53646 18.1755 5.6
      vertex 3.72632 18.104 2.4
      vertex 3.53646 18.1755 2.4
    endloop
  endfacet
  facet normal 0.412633 -0.910898 0
    outer loop
      vertex 3.72632 12.376 2.4
      vertex 3.91109 12.4597 5.6
      vertex 3.72632 12.376 5.6
    endloop
  endfacet
  facet normal 0.412633 -0.910898 0
    outer loop
      vertex 3.91109 12.4597 5.6
      vertex 3.72632 12.376 2.4
      vertex 3.91109 12.4597 2.4
    endloop
  endfacet
  facet normal -0.935871 0.352342 0
    outer loop
      vertex -0.395483 16.2365 2.4
      vertex -0.324026 16.4263 5.6
      vertex -0.324026 16.4263 2.4
    endloop
  endfacet
  facet normal -0.935871 0.352342 0
    outer loop
      vertex -0.324026 16.4263 5.6
      vertex -0.395483 16.2365 2.4
      vertex -0.395483 16.2365 5.6
    endloop
  endfacet
  facet normal 0.956968 0.290195 0
    outer loop
      vertex 5.53437 16.0423 5.6
      vertex 5.47548 16.2365 2.4
      vertex 5.47548 16.2365 5.6
    endloop
  endfacet
  facet normal 0.956968 0.290195 0
    outer loop
      vertex 5.47548 16.2365 2.4
      vertex 5.53437 16.0423 5.6
      vertex 5.53437 16.0423 2.4
    endloop
  endfacet
  facet normal -0.98665 0.162856 0
    outer loop
      vertex -0.533479 15.6446 4.75
      vertex -0.500434 15.8448 5.6
      vertex -0.500434 15.8448 4.75
    endloop
  endfacet
  facet normal -0.98665 0.162856 0
    outer loop
      vertex -0.500434 15.8448 5.6
      vertex -0.533479 15.6446 4.75
      vertex -0.533479 15.6446 5.6
    endloop
  endfacet
  facet normal 0.849253 0.527986 0
    outer loop
      vertex 5.22468 16.79 5.6
      vertex 5.11756 16.9623 2.4
      vertex 5.11756 16.9623 5.6
    endloop
  endfacet
  facet normal 0.849253 0.527986 0
    outer loop
      vertex 5.11756 16.9623 2.4
      vertex 5.22468 16.79 5.6
      vertex 5.22468 16.79 2.4
    endloop
  endfacet
  facet normal 0.729734 0.683731 0
    outer loop
      vertex 4.8707 17.284 5.6
      vertex 4.73203 17.432 2.4
      vertex 4.73203 17.432 5.6
    endloop
  endfacet
  facet normal 0.729734 0.683731 0
    outer loop
      vertex 4.73203 17.432 2.4
      vertex 4.8707 17.284 5.6
      vertex 4.8707 17.284 2.4
    endloop
  endfacet
  facet normal 0.973867 0.22712 0
    outer loop
      vertex 5.58043 15.8448 5.6
      vertex 5.53437 16.0423 2.4
      vertex 5.53437 16.0423 5.6
    endloop
  endfacet
  facet normal 0.973867 0.22712 0
    outer loop
      vertex 5.53437 16.0423 2.4
      vertex 5.58043 15.8448 5.6
      vertex 5.58043 15.8448 2.4
    endloop
  endfacet
  facet normal 0.999464 -0.0327402 0
    outer loop
      vertex 5.63336 15.0373 5.6
      vertex 5.64 15.24 2.4
      vertex 5.64 15.24 5.6
    endloop
  endfacet
  facet normal 0.999464 -0.0327402 0
    outer loop
      vertex 5.64 15.24 2.4
      vertex 5.63336 15.0373 5.6
      vertex 5.63336 15.0373 2.4
    endloop
  endfacet
  facet normal 0.88193 0.471381 0
    outer loop
      vertex 5.3203 16.6111 5.6
      vertex 5.22468 16.79 2.4
      vertex 5.22468 16.79 5.6
    endloop
  endfacet
  facet normal 0.88193 0.471381 0
    outer loop
      vertex 5.22468 16.79 2.4
      vertex 5.3203 16.6111 5.6
      vertex 5.3203 16.6111 2.4
    endloop
  endfacet
  facet normal 0.412633 0.910898 -0
    outer loop
      vertex 3.91109 18.0203 2.4
      vertex 3.72632 18.104 5.6
      vertex 3.91109 18.0203 5.6
    endloop
  endfacet
  facet normal 0.412633 0.910898 0
    outer loop
      vertex 3.72632 18.104 5.6
      vertex 3.91109 18.0203 2.4
      vertex 3.72632 18.104 2.4
    endloop
  endfacet
  facet normal 0.935883 0.352312 0
    outer loop
      vertex 5.47548 16.2365 5.6
      vertex 5.40403 16.4263 2.4
      vertex 5.40403 16.4263 5.6
    endloop
  endfacet
  facet normal 0.935883 0.352312 0
    outer loop
      vertex 5.40403 16.4263 2.4
      vertex 5.47548 16.2365 5.6
      vertex 5.47548 16.2365 2.4
    endloop
  endfacet
  facet normal -0.412633 0.910898 0
    outer loop
      vertex 1.35368 18.104 2.4
      vertex 1.16891 18.0203 5.6
      vertex 1.35368 18.104 5.6
    endloop
  endfacet
  facet normal -0.412633 0.910898 0
    outer loop
      vertex 1.16891 18.0203 5.6
      vertex 1.35368 18.104 2.4
      vertex 1.16891 18.0203 2.4
    endloop
  endfacet
  facet normal 0.910867 0.4127 0
    outer loop
      vertex 5.40403 16.4263 5.6
      vertex 5.3203 16.6111 2.4
      vertex 5.3203 16.6111 5.6
    endloop
  endfacet
  facet normal 0.910867 0.4127 0
    outer loop
      vertex 5.3203 16.6111 2.4
      vertex 5.40403 16.4263 5.6
      vertex 5.40403 16.4263 2.4
    endloop
  endfacet
  facet normal -0.16316 -0.9866 0
    outer loop
      vertex 1.93522 12.1996 2.4
      vertex 2.13537 12.1665 5.6
      vertex 1.93522 12.1996 5.6
    endloop
  endfacet
  facet normal -0.16316 -0.9866 -0
    outer loop
      vertex 2.13537 12.1665 5.6
      vertex 1.93522 12.1996 2.4
      vertex 2.13537 12.1665 2.4
    endloop
  endfacet
  facet normal -0.812857 -0.582463 0
    outer loop
      vertex 0.0806055 13.3528 2.4
      vertex -0.0375557 13.5177 5.6
      vertex -0.0375557 13.5177 2.4
    endloop
  endfacet
  facet normal -0.812857 -0.582463 0
    outer loop
      vertex -0.0375557 13.5177 5.6
      vertex 0.0806055 13.3528 2.4
      vertex 0.0806055 13.3528 5.6
    endloop
  endfacet
  facet normal -0.881915 -0.471408 0
    outer loop
      vertex -0.144678 13.69 2.4
      vertex -0.240305 13.8689 5.6
      vertex -0.240305 13.8689 2.4
    endloop
  endfacet
  facet normal -0.881915 -0.471408 0
    outer loop
      vertex -0.240305 13.8689 5.6
      vertex -0.144678 13.69 2.4
      vertex -0.144678 13.69 5.6
    endloop
  endfacet
  facet normal 0.098098 -0.995177 0
    outer loop
      vertex 2.74275 12.1466 2.4
      vertex 2.94463 12.1665 5.6
      vertex 2.74275 12.1466 5.6
    endloop
  endfacet
  facet normal 0.098098 -0.995177 0
    outer loop
      vertex 2.94463 12.1665 5.6
      vertex 2.74275 12.1466 2.4
      vertex 2.94463 12.1665 2.4
    endloop
  endfacet
  facet normal -0.683665 -0.729796 0
    outer loop
      vertex 0.347969 13.048 2.4
      vertex 0.496028 12.9093 5.6
      vertex 0.347969 13.048 5.6
    endloop
  endfacet
  facet normal -0.683665 -0.729796 -0
    outer loop
      vertex 0.496028 12.9093 5.6
      vertex 0.347969 13.048 2.4
      vertex 0.496028 12.9093 2.4
    endloop
  endfacet
  facet normal 0.0325352 0.999471 -0
    outer loop
      vertex 2.74275 18.3334 2.4
      vertex 2.54 18.34 5.6
      vertex 2.74275 18.3334 5.6
    endloop
  endfacet
  facet normal 0.0325352 0.999471 0
    outer loop
      vertex 2.54 18.34 5.6
      vertex 2.74275 18.3334 2.4
      vertex 2.54 18.34 2.4
    endloop
  endfacet
  facet normal 0.582613 0.81275 -0
    outer loop
      vertex 4.42716 17.6994 2.4
      vertex 4.26227 17.8176 5.6
      vertex 4.42716 17.6994 5.6
    endloop
  endfacet
  facet normal 0.582613 0.81275 0
    outer loop
      vertex 4.26227 17.8176 5.6
      vertex 4.42716 17.6994 2.4
      vertex 4.26227 17.8176 2.4
    endloop
  endfacet
  facet normal -0.16316 0.9866 0
    outer loop
      vertex 2.13537 18.3135 2.4
      vertex 1.93522 18.2804 5.6
      vertex 2.13537 18.3135 5.6
    endloop
  endfacet
  facet normal -0.16316 0.9866 0
    outer loop
      vertex 1.93522 18.2804 5.6
      vertex 2.13537 18.3135 2.4
      vertex 1.93522 18.2804 2.4
    endloop
  endfacet
  facet normal 0.290349 -0.956921 0
    outer loop
      vertex 3.34234 12.2456 2.4
      vertex 3.53646 12.3045 5.6
      vertex 3.34234 12.2456 5.6
    endloop
  endfacet
  facet normal 0.290349 -0.956921 0
    outer loop
      vertex 3.53646 12.3045 5.6
      vertex 3.34234 12.2456 2.4
      vertex 3.53646 12.3045 2.4
    endloop
  endfacet
  facet normal 0.772992 -0.634416 0
    outer loop
      vertex 4.8707 13.196 5.6
      vertex 4.99939 13.3528 2.4
      vertex 4.99939 13.3528 5.6
    endloop
  endfacet
  facet normal 0.772992 -0.634416 0
    outer loop
      vertex 4.99939 13.3528 2.4
      vertex 4.8707 13.196 5.6
      vertex 4.8707 13.196 2.4
    endloop
  endfacet
  facet normal 0.995187 -0.0979907 0
    outer loop
      vertex 5.61348 14.8354 5.6
      vertex 5.63336 15.0373 2.4
      vertex 5.63336 15.0373 5.6
    endloop
  endfacet
  facet normal 0.995187 -0.0979907 0
    outer loop
      vertex 5.63336 15.0373 2.4
      vertex 5.61348 14.8354 5.6
      vertex 5.61348 14.8354 2.4
    endloop
  endfacet
  facet normal 0.35243 -0.935838 0
    outer loop
      vertex 3.53646 12.3045 2.4
      vertex 3.72632 12.376 5.6
      vertex 3.53646 12.3045 5.6
    endloop
  endfacet
  facet normal 0.35243 -0.935838 0
    outer loop
      vertex 3.72632 12.376 5.6
      vertex 3.53646 12.3045 2.4
      vertex 3.72632 12.376 2.4
    endloop
  endfacet
  facet normal -0.098098 -0.995177 0
    outer loop
      vertex 2.13537 12.1665 2.4
      vertex 2.33725 12.1466 5.6
      vertex 2.13537 12.1665 5.6
    endloop
  endfacet
  facet normal -0.098098 -0.995177 -0
    outer loop
      vertex 2.33725 12.1466 5.6
      vertex 2.13537 12.1665 2.4
      vertex 2.33725 12.1466 2.4
    endloop
  endfacet
  facet normal -0.35243 -0.935838 0
    outer loop
      vertex 1.35368 12.376 2.4
      vertex 1.54354 12.3045 5.6
      vertex 1.35368 12.376 5.6
    endloop
  endfacet
  facet normal -0.35243 -0.935838 -0
    outer loop
      vertex 1.54354 12.3045 5.6
      vertex 1.35368 12.376 2.4
      vertex 1.54354 12.3045 2.4
    endloop
  endfacet
  facet normal -0.956936 0.290297 0
    outer loop
      vertex -0.449997 16.0568 4.75
      vertex -0.395483 16.2365 2.4
      vertex -0.449997 16.0568 2.4
    endloop
  endfacet
  facet normal -0.956936 0.290297 0
    outer loop
      vertex -0.395483 16.2365 2.4
      vertex -0.449997 16.0568 4.75
      vertex -0.395483 16.2365 5.6
    endloop
  endfacet
  facet normal -0.957407 0.288741 0
    outer loop
      vertex -0.45437 16.0423 5.6
      vertex -0.449997 16.0568 4.75
      vertex -0.45437 16.0423 4.75
    endloop
  endfacet
  facet normal -0.956972 0.290181 2.68123e-05
    outer loop
      vertex -0.449997 16.0568 4.75
      vertex -0.45437 16.0423 5.6
      vertex -0.395483 16.2365 5.6
    endloop
  endfacet
  facet normal 0.772992 0.634416 0
    outer loop
      vertex 4.99939 17.1272 5.6
      vertex 4.8707 17.284 2.4
      vertex 4.8707 17.284 5.6
    endloop
  endfacet
  facet normal 0.772992 0.634416 0
    outer loop
      vertex 4.8707 17.284 2.4
      vertex 4.99939 17.1272 5.6
      vertex 4.99939 17.1272 2.4
    endloop
  endfacet
  facet normal -0.812857 0.582463 0
    outer loop
      vertex -0.0375557 16.9623 2.4
      vertex 0.0806055 17.1272 5.6
      vertex 0.0806055 17.1272 2.4
    endloop
  endfacet
  facet normal -0.812857 0.582463 0
    outer loop
      vertex 0.0806055 17.1272 5.6
      vertex -0.0375557 16.9623 2.4
      vertex -0.0375557 16.9623 5.6
    endloop
  endfacet
  facet normal 0.226775 0.973947 -0
    outer loop
      vertex 3.34234 18.2344 2.4
      vertex 3.14478 18.2804 5.6
      vertex 3.34234 18.2344 5.6
    endloop
  endfacet
  facet normal 0.226775 0.973947 0
    outer loop
      vertex 3.14478 18.2804 5.6
      vertex 3.34234 18.2344 2.4
      vertex 3.14478 18.2804 2.4
    endloop
  endfacet
  facet normal 0.910867 -0.4127 0
    outer loop
      vertex 5.3203 13.8689 5.6
      vertex 5.40403 14.0537 2.4
      vertex 5.40403 14.0537 5.6
    endloop
  endfacet
  facet normal 0.910867 -0.4127 0
    outer loop
      vertex 5.40403 14.0537 2.4
      vertex 5.3203 13.8689 5.6
      vertex 5.3203 13.8689 2.4
    endloop
  endfacet
  facet normal -0.634416 -0.772992 0
    outer loop
      vertex 0.496028 12.9093 2.4
      vertex 0.65284 12.7806 5.6
      vertex 0.496028 12.9093 5.6
    endloop
  endfacet
  facet normal -0.634416 -0.772992 -0
    outer loop
      vertex 0.65284 12.7806 5.6
      vertex 0.496028 12.9093 2.4
      vertex 0.65284 12.7806 2.4
    endloop
  endfacet
  facet normal 0.471284 0.881981 -0
    outer loop
      vertex 4.09 17.9247 2.4
      vertex 3.91109 18.0203 5.6
      vertex 4.09 17.9247 5.6
    endloop
  endfacet
  facet normal 0.471284 0.881981 0
    outer loop
      vertex 3.91109 18.0203 5.6
      vertex 4.09 17.9247 2.4
      vertex 3.91109 18.0203 2.4
    endloop
  endfacet
  facet normal -0.910884 0.412663 0
    outer loop
      vertex -0.324026 16.4263 2.4
      vertex -0.240305 16.6111 5.6
      vertex -0.240305 16.6111 2.4
    endloop
  endfacet
  facet normal -0.910884 0.412663 0
    outer loop
      vertex -0.240305 16.6111 5.6
      vertex -0.324026 16.4263 2.4
      vertex -0.324026 16.4263 5.6
    endloop
  endfacet
  facet normal -0.772989 -0.63442 0
    outer loop
      vertex 0.209297 13.196 2.4
      vertex 0.0806055 13.3528 5.6
      vertex 0.0806055 13.3528 2.4
    endloop
  endfacet
  facet normal -0.772989 -0.63442 0
    outer loop
      vertex 0.0806055 13.3528 5.6
      vertex 0.209297 13.196 2.4
      vertex 0.209297 13.196 5.6
    endloop
  endfacet
  facet normal -0.226775 -0.973947 0
    outer loop
      vertex 1.73766 12.2456 2.4
      vertex 1.93522 12.1996 5.6
      vertex 1.73766 12.2456 5.6
    endloop
  endfacet
  facet normal -0.226775 -0.973947 -0
    outer loop
      vertex 1.93522 12.1996 5.6
      vertex 1.73766 12.2456 2.4
      vertex 1.93522 12.1996 2.4
    endloop
  endfacet
  facet normal 0.634421 -0.772988 0
    outer loop
      vertex 4.42716 12.7806 2.4
      vertex 4.58397 12.9093 5.6
      vertex 4.42716 12.7806 5.6
    endloop
  endfacet
  facet normal 0.634421 -0.772988 0
    outer loop
      vertex 4.58397 12.9093 5.6
      vertex 4.42716 12.7806 2.4
      vertex 4.58397 12.9093 2.4
    endloop
  endfacet
  facet normal 0.683662 -0.729798 0
    outer loop
      vertex 4.58397 12.9093 2.4
      vertex 4.73203 13.048 5.6
      vertex 4.58397 12.9093 5.6
    endloop
  endfacet
  facet normal 0.683662 -0.729798 0
    outer loop
      vertex 4.73203 13.048 5.6
      vertex 4.58397 12.9093 2.4
      vertex 4.73203 13.048 2.4
    endloop
  endfacet
  facet normal -0.999464 -0.0327254 0
    outer loop
      vertex -0.553362 15.0373 4.75
      vertex -0.559999 15.24 5.6
      vertex -0.559999 15.24 4.75
    endloop
  endfacet
  facet normal -0.999464 -0.0327254 0
    outer loop
      vertex -0.559999 15.24 5.6
      vertex -0.553362 15.0373 4.75
      vertex -0.553362 15.0373 5.6
    endloop
  endfacet
  facet normal -0.956936 -0.290297 0
    outer loop
      vertex -0.449997 14.4232 2.4
      vertex -0.395483 14.2435 2.4
      vertex -0.449997 14.4232 4.75
    endloop
  endfacet
  facet normal -0.957407 -0.288741 0
    outer loop
      vertex -0.449997 14.4232 4.75
      vertex -0.45437 14.4377 5.6
      vertex -0.45437 14.4377 4.75
    endloop
  endfacet
  facet normal -0.956936 -0.290297 -0
    outer loop
      vertex -0.395483 14.2435 5.6
      vertex -0.449997 14.4232 4.75
      vertex -0.395483 14.2435 2.4
    endloop
  endfacet
  facet normal -0.956972 -0.290181 2.68123e-05
    outer loop
      vertex -0.449997 14.4232 4.75
      vertex -0.395483 14.2435 5.6
      vertex -0.45437 14.4377 5.6
    endloop
  endfacet
  facet normal -0.0325352 0.999471 0
    outer loop
      vertex 2.54 18.34 2.4
      vertex 2.33725 18.3334 5.6
      vertex 2.54 18.34 5.6
    endloop
  endfacet
  facet normal -0.0325352 0.999471 0
    outer loop
      vertex 2.33725 18.3334 5.6
      vertex 2.54 18.34 2.4
      vertex 2.33725 18.3334 2.4
    endloop
  endfacet
  facet normal -0.729729 0.683736 0
    outer loop
      vertex 0.209297 17.284 2.4
      vertex 0.347969 17.432 5.6
      vertex 0.347969 17.432 2.4
    endloop
  endfacet
  facet normal -0.729729 0.683736 0
    outer loop
      vertex 0.347969 17.432 5.6
      vertex 0.209297 17.284 2.4
      vertex 0.209297 17.284 5.6
    endloop
  endfacet
  facet normal -0.849248 -0.527994 0
    outer loop
      vertex -0.0375557 13.5177 2.4
      vertex -0.144678 13.69 5.6
      vertex -0.144678 13.69 2.4
    endloop
  endfacet
  facet normal -0.849248 -0.527994 0
    outer loop
      vertex -0.144678 13.69 5.6
      vertex -0.0375557 13.5177 2.4
      vertex -0.0375557 13.5177 5.6
    endloop
  endfacet
  facet normal 0.098098 0.995177 -0
    outer loop
      vertex 2.94463 18.3135 2.4
      vertex 2.74275 18.3334 5.6
      vertex 2.94463 18.3135 5.6
    endloop
  endfacet
  facet normal 0.098098 0.995177 0
    outer loop
      vertex 2.74275 18.3334 5.6
      vertex 2.94463 18.3135 2.4
      vertex 2.74275 18.3334 2.4
    endloop
  endfacet
  facet normal -0.582606 0.812755 0
    outer loop
      vertex 0.817733 17.8176 2.4
      vertex 0.65284 17.6994 5.6
      vertex 0.817733 17.8176 5.6
    endloop
  endfacet
  facet normal -0.582606 0.812755 0
    outer loop
      vertex 0.65284 17.6994 5.6
      vertex 0.817733 17.8176 2.4
      vertex 0.65284 17.6994 2.4
    endloop
  endfacet
  facet normal -0.772989 0.63442 0
    outer loop
      vertex 0.0806055 17.1272 2.4
      vertex 0.209297 17.284 5.6
      vertex 0.209297 17.284 2.4
    endloop
  endfacet
  facet normal -0.772989 0.63442 0
    outer loop
      vertex 0.209297 17.284 5.6
      vertex 0.0806055 17.1272 2.4
      vertex 0.0806055 17.1272 5.6
    endloop
  endfacet
  facet normal 0.527981 -0.849256 0
    outer loop
      vertex 4.09 12.5553 2.4
      vertex 4.26227 12.6624 5.6
      vertex 4.09 12.5553 5.6
    endloop
  endfacet
  facet normal 0.527981 -0.849256 0
    outer loop
      vertex 4.26227 12.6624 5.6
      vertex 4.09 12.5553 2.4
      vertex 4.26227 12.6624 2.4
    endloop
  endfacet
  facet normal -0.0325352 -0.999471 0
    outer loop
      vertex 2.33725 12.1466 2.4
      vertex 2.54 12.14 5.6
      vertex 2.33725 12.1466 5.6
    endloop
  endfacet
  facet normal -0.0325352 -0.999471 -0
    outer loop
      vertex 2.54 12.14 5.6
      vertex 2.33725 12.1466 2.4
      vertex 2.54 12.14 2.4
    endloop
  endfacet
  facet normal 0.88193 -0.471381 0
    outer loop
      vertex 5.22468 13.69 5.6
      vertex 5.3203 13.8689 2.4
      vertex 5.3203 13.8689 5.6
    endloop
  endfacet
  facet normal 0.88193 -0.471381 0
    outer loop
      vertex 5.3203 13.8689 2.4
      vertex 5.22468 13.69 5.6
      vertex 5.22468 13.69 2.4
    endloop
  endfacet
  facet normal 0.527981 0.849256 -0
    outer loop
      vertex 4.26227 17.8176 2.4
      vertex 4.09 17.9247 5.6
      vertex 4.26227 17.8176 5.6
    endloop
  endfacet
  facet normal 0.527981 0.849256 0
    outer loop
      vertex 4.09 17.9247 5.6
      vertex 4.26227 17.8176 2.4
      vertex 4.09 17.9247 2.4
    endloop
  endfacet
  facet normal -0.527986 -0.849253 0
    outer loop
      vertex 0.817733 12.6624 2.4
      vertex 0.990001 12.5553 5.6
      vertex 0.817733 12.6624 5.6
    endloop
  endfacet
  facet normal -0.527986 -0.849253 -0
    outer loop
      vertex 0.990001 12.5553 5.6
      vertex 0.817733 12.6624 2.4
      vertex 0.990001 12.5553 2.4
    endloop
  endfacet
  facet normal 0.973867 -0.22712 0
    outer loop
      vertex 5.53437 14.4377 5.6
      vertex 5.58043 14.6352 2.4
      vertex 5.58043 14.6352 5.6
    endloop
  endfacet
  facet normal 0.973867 -0.22712 0
    outer loop
      vertex 5.58043 14.6352 2.4
      vertex 5.53437 14.4377 5.6
      vertex 5.53437 14.4377 2.4
    endloop
  endfacet
  facet normal 0.986646 -0.16288 0
    outer loop
      vertex 5.58043 14.6352 5.6
      vertex 5.61348 14.8354 2.4
      vertex 5.61348 14.8354 5.6
    endloop
  endfacet
  facet normal 0.986646 -0.16288 0
    outer loop
      vertex 5.61348 14.8354 2.4
      vertex 5.58043 14.6352 5.6
      vertex 5.58043 14.6352 2.4
    endloop
  endfacet
  facet normal -0.290349 -0.956921 0
    outer loop
      vertex 1.54354 12.3045 2.4
      vertex 1.73766 12.2456 5.6
      vertex 1.54354 12.3045 5.6
    endloop
  endfacet
  facet normal -0.290349 -0.956921 -0
    outer loop
      vertex 1.73766 12.2456 5.6
      vertex 1.54354 12.3045 2.4
      vertex 1.73766 12.2456 2.4
    endloop
  endfacet
  facet normal -0.634416 0.772992 0
    outer loop
      vertex 0.65284 17.6994 2.4
      vertex 0.496028 17.5707 5.6
      vertex 0.65284 17.6994 5.6
    endloop
  endfacet
  facet normal -0.634416 0.772992 0
    outer loop
      vertex 0.496028 17.5707 5.6
      vertex 0.65284 17.6994 2.4
      vertex 0.496028 17.5707 2.4
    endloop
  endfacet
  facet normal -0.999464 0.0327254 0
    outer loop
      vertex -0.559999 15.24 4.75
      vertex -0.553362 15.4427 5.6
      vertex -0.553362 15.4427 4.75
    endloop
  endfacet
  facet normal -0.999464 0.0327254 0
    outer loop
      vertex -0.553362 15.4427 5.6
      vertex -0.559999 15.24 4.75
      vertex -0.559999 15.24 5.6
    endloop
  endfacet
  facet normal -0.582606 -0.812755 0
    outer loop
      vertex 0.65284 12.7806 2.4
      vertex 0.817733 12.6624 5.6
      vertex 0.65284 12.7806 5.6
    endloop
  endfacet
  facet normal -0.582606 -0.812755 -0
    outer loop
      vertex 0.817733 12.6624 5.6
      vertex 0.65284 12.7806 2.4
      vertex 0.817733 12.6624 2.4
    endloop
  endfacet
  facet normal -0.412633 -0.910898 0
    outer loop
      vertex 1.16891 12.4597 2.4
      vertex 1.35368 12.376 5.6
      vertex 1.16891 12.4597 5.6
    endloop
  endfacet
  facet normal -0.412633 -0.910898 -0
    outer loop
      vertex 1.35368 12.376 5.6
      vertex 1.16891 12.4597 2.4
      vertex 1.35368 12.376 2.4
    endloop
  endfacet
  facet normal -0.849248 0.527994 0
    outer loop
      vertex -0.144678 16.79 2.4
      vertex -0.0375557 16.9623 5.6
      vertex -0.0375557 16.9623 2.4
    endloop
  endfacet
  facet normal -0.849248 0.527994 0
    outer loop
      vertex -0.0375557 16.9623 5.6
      vertex -0.144678 16.79 2.4
      vertex -0.144678 16.79 5.6
    endloop
  endfacet
  facet normal -0.881915 0.471408 0
    outer loop
      vertex -0.240305 16.6111 2.4
      vertex -0.144678 16.79 5.6
      vertex -0.144678 16.79 2.4
    endloop
  endfacet
  facet normal -0.881915 0.471408 0
    outer loop
      vertex -0.144678 16.79 5.6
      vertex -0.240305 16.6111 2.4
      vertex -0.240305 16.6111 5.6
    endloop
  endfacet
  facet normal 0.986671 -0.162726 0
    outer loop
      vertex 1.42463 15.3868 4.78
      vertex 1.43662 15.4595 2.4
      vertex 1.43662 15.4595 4.78
    endloop
  endfacet
  facet normal 0.986671 -0.162726 0
    outer loop
      vertex 1.43662 15.4595 2.4
      vertex 1.42463 15.3868 4.78
      vertex 1.42463 15.3868 2.4
    endloop
  endfacet
  facet normal -0.995171 -0.0981576 0
    outer loop
      vertex 3.66259 15.3136 2.4
      vertex 3.65537 15.3868 4.78
      vertex 3.65537 15.3868 2.4
    endloop
  endfacet
  facet normal -0.995171 -0.0981576 0
    outer loop
      vertex 3.65537 15.3868 4.78
      vertex 3.66259 15.3136 2.4
      vertex 3.66259 15.3136 4.78
    endloop
  endfacet
  facet normal -0.999464 -0.032727 0
    outer loop
      vertex 3.665 15.24 2.4
      vertex 3.66259 15.3136 4.78
      vertex 3.66259 15.3136 2.4
    endloop
  endfacet
  facet normal -0.999464 -0.032727 0
    outer loop
      vertex 3.66259 15.3136 4.78
      vertex 3.665 15.24 2.4
      vertex 3.665 15.24 4.78
    endloop
  endfacet
  facet normal -0.986671 -0.162726 0
    outer loop
      vertex 3.65537 15.3868 2.4
      vertex 3.64338 15.4595 4.78
      vertex 3.64338 15.4595 2.4
    endloop
  endfacet
  facet normal -0.986671 -0.162726 0
    outer loop
      vertex 3.64338 15.4595 4.78
      vertex 3.65537 15.3868 2.4
      vertex 3.65537 15.3868 4.78
    endloop
  endfacet
  facet normal -0.986671 0.162726 0
    outer loop
      vertex 3.64338 15.0205 2.4
      vertex 3.65537 15.0932 4.78
      vertex 3.65537 15.0932 2.4
    endloop
  endfacet
  facet normal -0.986671 0.162726 0
    outer loop
      vertex 3.65537 15.0932 4.78
      vertex 3.64338 15.0205 2.4
      vertex 3.64338 15.0205 4.78
    endloop
  endfacet
  facet normal -0.0978089 0.995205 0
    outer loop
      vertex 2.68684 14.1246 2.4
      vertex 2.61358 14.1174 4.78
      vertex 2.68684 14.1246 4.78
    endloop
  endfacet
  facet normal -0.0978089 0.995205 0
    outer loop
      vertex 2.61358 14.1174 4.78
      vertex 2.68684 14.1246 2.4
      vertex 2.61358 14.1174 2.4
    endloop
  endfacet
  facet normal -0.528289 0.849065 0
    outer loop
      vertex 3.16502 14.3046 2.4
      vertex 3.1025 14.2657 4.78
      vertex 3.16502 14.3046 4.78
    endloop
  endfacet
  facet normal -0.528289 0.849065 0
    outer loop
      vertex 3.1025 14.2657 4.78
      vertex 3.16502 14.3046 2.4
      vertex 3.1025 14.2657 2.4
    endloop
  endfacet
  facet normal -0.634421 0.772988 0
    outer loop
      vertex 3.28176 14.3942 2.4
      vertex 3.22486 14.3475 4.78
      vertex 3.28176 14.3942 4.78
    endloop
  endfacet
  facet normal -0.634421 0.772988 0
    outer loop
      vertex 3.22486 14.3475 4.78
      vertex 3.28176 14.3942 2.4
      vertex 3.22486 14.3475 2.4
    endloop
  endfacet
  facet normal -0.0978089 -0.995205 0
    outer loop
      vertex 2.61358 16.3626 2.4
      vertex 2.68684 16.3554 4.78
      vertex 2.61358 16.3626 4.78
    endloop
  endfacet
  facet normal -0.0978089 -0.995205 -0
    outer loop
      vertex 2.68684 16.3554 4.78
      vertex 2.61358 16.3626 2.4
      vertex 2.68684 16.3554 2.4
    endloop
  endfacet
  facet normal -0.935871 -0.352344 0
    outer loop
      vertex 3.6053 15.6016 2.4
      vertex 3.57936 15.6705 4.78
      vertex 3.57936 15.6705 2.4
    endloop
  endfacet
  facet normal -0.935871 -0.352344 0
    outer loop
      vertex 3.57936 15.6705 4.78
      vertex 3.6053 15.6016 2.4
      vertex 3.6053 15.6016 4.78
    endloop
  endfacet
  facet normal -0.973901 -0.226972 0
    outer loop
      vertex 3.64338 15.4595 2.4
      vertex 3.62667 15.5312 4.78
      vertex 3.62667 15.5312 2.4
    endloop
  endfacet
  facet normal -0.973901 -0.226972 0
    outer loop
      vertex 3.62667 15.5312 4.78
      vertex 3.64338 15.4595 2.4
      vertex 3.64338 15.4595 4.78
    endloop
  endfacet
  facet normal 0.995171 -0.0981576 0
    outer loop
      vertex 1.41741 15.3136 4.78
      vertex 1.42463 15.3868 2.4
      vertex 1.42463 15.3868 4.78
    endloop
  endfacet
  facet normal 0.995171 -0.0981576 0
    outer loop
      vertex 1.42463 15.3868 2.4
      vertex 1.41741 15.3136 4.78
      vertex 1.41741 15.3136 2.4
    endloop
  endfacet
  facet normal -0.528289 -0.849065 0
    outer loop
      vertex 3.1025 16.2143 2.4
      vertex 3.16502 16.1754 4.78
      vertex 3.1025 16.2143 4.78
    endloop
  endfacet
  facet normal -0.528289 -0.849065 -0
    outer loop
      vertex 3.16502 16.1754 4.78
      vertex 3.1025 16.2143 2.4
      vertex 3.16502 16.1754 2.4
    endloop
  endfacet
  facet normal 0.412933 0.910761 -0
    outer loop
      vertex 2.10948 14.2006 2.4
      vertex 2.04243 14.231 4.78
      vertex 2.10948 14.2006 4.78
    endloop
  endfacet
  facet normal 0.412933 0.910761 0
    outer loop
      vertex 2.04243 14.231 4.78
      vertex 2.10948 14.2006 2.4
      vertex 2.04243 14.231 2.4
    endloop
  endfacet
  facet normal -0.0326002 0.999468 0
    outer loop
      vertex 2.61358 14.1174 2.4
      vertex 2.54 14.115 4.78
      vertex 2.61358 14.1174 4.78
    endloop
  endfacet
  facet normal -0.0326002 0.999468 0
    outer loop
      vertex 2.54 14.115 4.78
      vertex 2.61358 14.1174 2.4
      vertex 2.54 14.115 2.4
    endloop
  endfacet
  facet normal 0.683353 -0.730088 0
    outer loop
      vertex 1.7445 16.0355 2.4
      vertex 1.79824 16.0858 4.78
      vertex 1.7445 16.0355 4.78
    endloop
  endfacet
  facet normal 0.683353 -0.730088 0
    outer loop
      vertex 1.79824 16.0858 4.78
      vertex 1.7445 16.0355 2.4
      vertex 1.79824 16.0858 2.4
    endloop
  endfacet
  facet normal 0.0326002 0.999468 -0
    outer loop
      vertex 2.54 14.115 2.4
      vertex 2.46642 14.1174 4.78
      vertex 2.54 14.115 4.78
    endloop
  endfacet
  facet normal 0.0326002 0.999468 0
    outer loop
      vertex 2.46642 14.1174 4.78
      vertex 2.54 14.115 2.4
      vertex 2.46642 14.1174 2.4
    endloop
  endfacet
  facet normal 0.813128 0.582085 0
    outer loop
      vertex 1.64748 14.5551 4.78
      vertex 1.6046 14.615 2.4
      vertex 1.6046 14.615 4.78
    endloop
  endfacet
  facet normal 0.813128 0.582085 0
    outer loop
      vertex 1.6046 14.615 2.4
      vertex 1.64748 14.5551 4.78
      vertex 1.64748 14.5551 2.4
    endloop
  endfacet
  facet normal -0.226873 0.973924 0
    outer loop
      vertex 2.83117 14.1533 2.4
      vertex 2.75948 14.1366 4.78
      vertex 2.83117 14.1533 4.78
    endloop
  endfacet
  facet normal -0.226873 0.973924 0
    outer loop
      vertex 2.75948 14.1366 4.78
      vertex 2.83117 14.1533 2.4
      vertex 2.75948 14.1366 2.4
    endloop
  endfacet
  facet normal -0.290648 0.95683 0
    outer loop
      vertex 2.90162 14.1747 2.4
      vertex 2.83117 14.1533 4.78
      vertex 2.90162 14.1747 4.78
    endloop
  endfacet
  facet normal -0.290648 0.95683 0
    outer loop
      vertex 2.83117 14.1533 4.78
      vertex 2.90162 14.1747 2.4
      vertex 2.83117 14.1533 2.4
    endloop
  endfacet
  facet normal 0.999464 0.032727 0
    outer loop
      vertex 1.41741 15.1664 4.78
      vertex 1.415 15.24 2.4
      vertex 1.415 15.24 4.78
    endloop
  endfacet
  facet normal 0.999464 0.032727 0
    outer loop
      vertex 1.415 15.24 2.4
      vertex 1.41741 15.1664 4.78
      vertex 1.41741 15.1664 2.4
    endloop
  endfacet
  facet normal 0.935871 0.352344 0
    outer loop
      vertex 1.50064 14.8095 4.78
      vertex 1.4747 14.8784 2.4
      vertex 1.4747 14.8784 4.78
    endloop
  endfacet
  facet normal 0.935871 0.352344 0
    outer loop
      vertex 1.4747 14.8784 2.4
      vertex 1.50064 14.8095 4.78
      vertex 1.50064 14.8095 2.4
    endloop
  endfacet
  facet normal -0.849111 -0.528215 0
    outer loop
      vertex 3.51428 15.8025 2.4
      vertex 3.4754 15.865 4.78
      vertex 3.4754 15.865 2.4
    endloop
  endfacet
  facet normal -0.849111 -0.528215 0
    outer loop
      vertex 3.4754 15.865 4.78
      vertex 3.51428 15.8025 2.4
      vertex 3.51428 15.8025 4.78
    endloop
  endfacet
  facet normal 0.956886 0.290464 0
    outer loop
      vertex 1.4747 14.8784 4.78
      vertex 1.45333 14.9488 2.4
      vertex 1.45333 14.9488 4.78
    endloop
  endfacet
  facet normal 0.956886 0.290464 0
    outer loop
      vertex 1.45333 14.9488 2.4
      vertex 1.4747 14.8784 4.78
      vertex 1.4747 14.8784 2.4
    endloop
  endfacet
  facet normal -0.162989 -0.986628 0
    outer loop
      vertex 2.68684 16.3554 2.4
      vertex 2.75948 16.3434 4.78
      vertex 2.68684 16.3554 4.78
    endloop
  endfacet
  facet normal -0.162989 -0.986628 -0
    outer loop
      vertex 2.75948 16.3434 4.78
      vertex 2.68684 16.3554 2.4
      vertex 2.75948 16.3434 2.4
    endloop
  endfacet
  facet normal -0.935871 0.352344 0
    outer loop
      vertex 3.57936 14.8095 2.4
      vertex 3.6053 14.8784 4.78
      vertex 3.6053 14.8784 2.4
    endloop
  endfacet
  facet normal -0.935871 0.352344 0
    outer loop
      vertex 3.6053 14.8784 4.78
      vertex 3.57936 14.8095 2.4
      vertex 3.57936 14.8095 4.78
    endloop
  endfacet
  facet normal 0.986671 0.162726 0
    outer loop
      vertex 1.43662 15.0205 4.78
      vertex 1.42463 15.0932 2.4
      vertex 1.42463 15.0932 4.78
    endloop
  endfacet
  facet normal 0.986671 0.162726 0
    outer loop
      vertex 1.42463 15.0932 2.4
      vertex 1.43662 15.0205 4.78
      vertex 1.43662 15.0205 2.4
    endloop
  endfacet
  facet normal -0.683421 -0.730024 0
    outer loop
      vertex 3.28176 16.0858 2.4
      vertex 3.33549 16.0355 4.78
      vertex 3.28176 16.0858 4.78
    endloop
  endfacet
  facet normal -0.683421 -0.730024 -0
    outer loop
      vertex 3.33549 16.0355 4.78
      vertex 3.28176 16.0858 2.4
      vertex 3.33549 16.0355 2.4
    endloop
  endfacet
  facet normal 0.849111 -0.528215 0
    outer loop
      vertex 1.56572 15.8025 4.78
      vertex 1.6046 15.865 2.4
      vertex 1.6046 15.865 4.78
    endloop
  endfacet
  facet normal 0.849111 -0.528215 0
    outer loop
      vertex 1.6046 15.865 2.4
      vertex 1.56572 15.8025 4.78
      vertex 1.56572 15.8025 2.4
    endloop
  endfacet
  facet normal -0.910979 -0.412452 0
    outer loop
      vertex 3.57936 15.6705 2.4
      vertex 3.54898 15.7376 4.78
      vertex 3.54898 15.7376 2.4
    endloop
  endfacet
  facet normal -0.910979 -0.412452 0
    outer loop
      vertex 3.54898 15.7376 4.78
      vertex 3.57936 15.6705 2.4
      vertex 3.57936 15.6705 4.78
    endloop
  endfacet
  facet normal 0.973901 0.226972 0
    outer loop
      vertex 1.45333 14.9488 4.78
      vertex 1.43662 15.0205 2.4
      vertex 1.43662 15.0205 4.78
    endloop
  endfacet
  facet normal 0.973901 0.226972 0
    outer loop
      vertex 1.43662 15.0205 2.4
      vertex 1.45333 14.9488 4.78
      vertex 1.45333 14.9488 2.4
    endloop
  endfacet
  facet normal 0.813128 -0.582085 0
    outer loop
      vertex 1.6046 15.865 4.78
      vertex 1.64748 15.9249 2.4
      vertex 1.64748 15.9249 4.78
    endloop
  endfacet
  facet normal 0.813128 -0.582085 0
    outer loop
      vertex 1.64748 15.9249 2.4
      vertex 1.6046 15.865 4.78
      vertex 1.6046 15.865 2.4
    endloop
  endfacet
  facet normal -0.351868 0.93605 0
    outer loop
      vertex 2.97052 14.2006 2.4
      vertex 2.90162 14.1747 4.78
      vertex 2.97052 14.2006 4.78
    endloop
  endfacet
  facet normal -0.351868 0.93605 0
    outer loop
      vertex 2.90162 14.1747 4.78
      vertex 2.97052 14.2006 2.4
      vertex 2.90162 14.1747 2.4
    endloop
  endfacet
  facet normal 0.582651 -0.812723 0
    outer loop
      vertex 1.85514 16.1325 2.4
      vertex 1.91498 16.1754 4.78
      vertex 1.85514 16.1325 4.78
    endloop
  endfacet
  facet normal 0.582651 -0.812723 0
    outer loop
      vertex 1.91498 16.1754 4.78
      vertex 1.85514 16.1325 2.4
      vertex 1.91498 16.1754 2.4
    endloop
  endfacet
  facet normal 0.910979 -0.412452 0
    outer loop
      vertex 1.50064 15.6705 4.78
      vertex 1.53102 15.7376 2.4
      vertex 1.53102 15.7376 4.78
    endloop
  endfacet
  facet normal 0.910979 -0.412452 0
    outer loop
      vertex 1.53102 15.7376 2.4
      vertex 1.50064 15.6705 4.78
      vertex 1.50064 15.6705 2.4
    endloop
  endfacet
  facet normal -0.995171 0.0981576 0
    outer loop
      vertex 3.65537 15.0932 2.4
      vertex 3.66259 15.1664 4.78
      vertex 3.66259 15.1664 2.4
    endloop
  endfacet
  facet normal -0.995171 0.0981576 0
    outer loop
      vertex 3.66259 15.1664 4.78
      vertex 3.65537 15.0932 2.4
      vertex 3.65537 15.0932 4.78
    endloop
  endfacet
  facet normal -0.582651 -0.812723 0
    outer loop
      vertex 3.16502 16.1754 2.4
      vertex 3.22486 16.1325 4.78
      vertex 3.16502 16.1754 4.78
    endloop
  endfacet
  facet normal -0.582651 -0.812723 -0
    outer loop
      vertex 3.22486 16.1325 4.78
      vertex 3.16502 16.1754 2.4
      vertex 3.22486 16.1325 2.4
    endloop
  endfacet
  facet normal 0.999464 -0.032727 0
    outer loop
      vertex 1.415 15.24 4.78
      vertex 1.41741 15.3136 2.4
      vertex 1.41741 15.3136 4.78
    endloop
  endfacet
  facet normal 0.999464 -0.032727 0
    outer loop
      vertex 1.41741 15.3136 2.4
      vertex 1.415 15.24 4.78
      vertex 1.415 15.24 2.4
    endloop
  endfacet
  facet normal 0.528289 -0.849065 0
    outer loop
      vertex 1.91498 16.1754 2.4
      vertex 1.9775 16.2143 4.78
      vertex 1.91498 16.1754 4.78
    endloop
  endfacet
  facet normal 0.528289 -0.849065 0
    outer loop
      vertex 1.9775 16.2143 4.78
      vertex 1.91498 16.1754 2.4
      vertex 1.9775 16.2143 2.4
    endloop
  endfacet
  facet normal -0.881863 -0.471505 0
    outer loop
      vertex 3.54898 15.7376 2.4
      vertex 3.51428 15.8025 4.78
      vertex 3.51428 15.8025 2.4
    endloop
  endfacet
  facet normal -0.881863 -0.471505 0
    outer loop
      vertex 3.51428 15.8025 4.78
      vertex 3.54898 15.7376 2.4
      vertex 3.54898 15.7376 4.78
    endloop
  endfacet
  facet normal 0.162989 -0.986628 0
    outer loop
      vertex 2.32052 16.3434 2.4
      vertex 2.39316 16.3554 4.78
      vertex 2.32052 16.3434 4.78
    endloop
  endfacet
  facet normal 0.162989 -0.986628 0
    outer loop
      vertex 2.39316 16.3554 4.78
      vertex 2.32052 16.3434 2.4
      vertex 2.39316 16.3554 2.4
    endloop
  endfacet
  facet normal 0 0 -1
    outer loop
      vertex 4.13657 15.1354 5.58
      vertex 4.13657 15.3446 5.58
      vertex 4.14 15.24 5.58
    endloop
  endfacet
  facet normal 0 0 -1
    outer loop
      vertex 4.12631 15.0312 5.58
      vertex 4.13657 15.3446 5.58
      vertex 4.13657 15.1354 5.58
    endloop
  endfacet
  facet normal 0 0 -1
    outer loop
      vertex 4.12631 15.0312 5.58
      vertex 4.12631 15.4488 5.58
      vertex 4.13657 15.3446 5.58
    endloop
  endfacet
  facet normal 0 0 -1
    outer loop
      vertex 4.10926 14.9279 5.58
      vertex 4.12631 15.4488 5.58
      vertex 4.12631 15.0312 5.58
    endloop
  endfacet
  facet normal 0 0 -1
    outer loop
      vertex 4.10926 14.9279 5.58
      vertex 4.10926 15.5521 5.58
      vertex 4.12631 15.4488 5.58
    endloop
  endfacet
  facet normal 0 0 -1
    outer loop
      vertex 4.08548 14.8259 5.58
      vertex 4.10926 15.5521 5.58
      vertex 4.10926 14.9279 5.58
    endloop
  endfacet
  facet normal 0 0 -1
    outer loop
      vertex 4.08548 14.8259 5.58
      vertex 4.08548 15.6541 5.58
      vertex 4.10926 15.5521 5.58
    endloop
  endfacet
  facet normal 0 0 -1
    outer loop
      vertex 4.05509 14.7257 5.58
      vertex 4.08548 15.6541 5.58
      vertex 4.08548 14.8259 5.58
    endloop
  endfacet
  facet normal 0 0 -1
    outer loop
      vertex 4.05509 14.7257 5.58
      vertex 4.05509 15.7543 5.58
      vertex 4.08548 15.6541 5.58
    endloop
  endfacet
  facet normal 0 0 -1
    outer loop
      vertex 4.01821 14.6277 5.58
      vertex 4.05509 15.7543 5.58
      vertex 4.05509 14.7257 5.58
    endloop
  endfacet
  facet normal 0 0 -1
    outer loop
      vertex 4.01821 14.6277 5.58
      vertex 4.01821 15.8523 5.58
      vertex 4.05509 15.7543 5.58
    endloop
  endfacet
  facet normal 0 0 -1
    outer loop
      vertex 3.975 14.5323 5.58
      vertex 4.01821 15.8523 5.58
      vertex 4.01821 14.6277 5.58
    endloop
  endfacet
  facet normal 0 0 -1
    outer loop
      vertex 3.975 14.5323 5.58
      vertex 3.975 15.9477 5.58
      vertex 4.01821 15.8523 5.58
    endloop
  endfacet
  facet normal 0 0 -1
    outer loop
      vertex 3.92564 14.44 5.58
      vertex 3.975 15.9477 5.58
      vertex 3.975 14.5323 5.58
    endloop
  endfacet
  facet normal 0 0 -1
    outer loop
      vertex 3.92564 14.44 5.58
      vertex 3.92564 16.04 5.58
      vertex 3.975 15.9477 5.58
    endloop
  endfacet
  facet normal 0 0 -1
    outer loop
      vertex 3.87035 14.3511 5.58
      vertex 3.92564 16.04 5.58
      vertex 3.92564 14.44 5.58
    endloop
  endfacet
  facet normal 0 0 -1
    outer loop
      vertex 3.87035 14.3511 5.58
      vertex 3.87035 16.1289 5.58
      vertex 3.92564 16.04 5.58
    endloop
  endfacet
  facet normal 0 0 -1
    outer loop
      vertex 3.80937 14.266 5.58
      vertex 3.87035 16.1289 5.58
      vertex 3.87035 14.3511 5.58
    endloop
  endfacet
  facet normal 0 0 -1
    outer loop
      vertex 3.80937 14.266 5.58
      vertex 3.80937 16.214 5.58
      vertex 3.87035 16.1289 5.58
    endloop
  endfacet
  facet normal 0 0 -1
    outer loop
      vertex 3.74294 14.185 5.58
      vertex 3.80937 16.214 5.58
      vertex 3.80937 14.266 5.58
    endloop
  endfacet
  facet normal 0 0 -1
    outer loop
      vertex 3.74294 14.185 5.58
      vertex 3.74294 16.295 5.58
      vertex 3.80937 16.214 5.58
    endloop
  endfacet
  facet normal 0 0 -1
    outer loop
      vertex 3.67137 14.1086 5.58
      vertex 3.74294 16.295 5.58
      vertex 3.74294 14.185 5.58
    endloop
  endfacet
  facet normal 0 0 -1
    outer loop
      vertex 3.67137 14.1086 5.58
      vertex 3.67137 16.3714 5.58
      vertex 3.74294 16.295 5.58
    endloop
  endfacet
  facet normal 0 0 -1
    outer loop
      vertex 3.59495 14.0371 5.58
      vertex 3.67137 16.3714 5.58
      vertex 3.67137 14.1086 5.58
    endloop
  endfacet
  facet normal 0 0 -1
    outer loop
      vertex 3.59495 14.0371 5.58
      vertex 3.59495 16.4429 5.58
      vertex 3.67137 16.3714 5.58
    endloop
  endfacet
  facet normal 0 0 -1
    outer loop
      vertex 3.51402 13.9706 5.58
      vertex 3.59495 16.4429 5.58
      vertex 3.59495 14.0371 5.58
    endloop
  endfacet
  facet normal 0 0 -1
    outer loop
      vertex 3.51402 13.9706 5.58
      vertex 3.51402 16.5094 5.58
      vertex 3.59495 16.4429 5.58
    endloop
  endfacet
  facet normal 0 0 -1
    outer loop
      vertex 3.42891 13.9096 5.58
      vertex 3.51402 16.5094 5.58
      vertex 3.51402 13.9706 5.58
    endloop
  endfacet
  facet normal 0 0 -1
    outer loop
      vertex 3.42891 13.9096 5.58
      vertex 3.42891 16.5704 5.58
      vertex 3.51402 16.5094 5.58
    endloop
  endfacet
  facet normal 0 0 -1
    outer loop
      vertex 3.34 13.8544 5.58
      vertex 3.42891 16.5704 5.58
      vertex 3.42891 13.9096 5.58
    endloop
  endfacet
  facet normal 0 0 -1
    outer loop
      vertex 3.34 13.8544 5.58
      vertex 3.34 16.6256 5.58
      vertex 3.42891 16.5704 5.58
    endloop
  endfacet
  facet normal 0 0 -1
    outer loop
      vertex 3.24766 13.805 5.58
      vertex 3.34 16.6256 5.58
      vertex 3.34 13.8544 5.58
    endloop
  endfacet
  facet normal 0 0 -1
    outer loop
      vertex 3.24766 13.805 5.58
      vertex 3.24766 16.675 5.58
      vertex 3.34 16.6256 5.58
    endloop
  endfacet
  facet normal 0 0 -1
    outer loop
      vertex 3.15229 13.7618 5.58
      vertex 3.24766 16.675 5.58
      vertex 3.24766 13.805 5.58
    endloop
  endfacet
  facet normal 0 0 -1
    outer loop
      vertex 3.15229 13.7618 5.58
      vertex 3.15229 16.7182 5.58
      vertex 3.24766 16.675 5.58
    endloop
  endfacet
  facet normal 0 0 -1
    outer loop
      vertex 3.0543 13.7249 5.58
      vertex 3.15229 16.7182 5.58
      vertex 3.15229 13.7618 5.58
    endloop
  endfacet
  facet normal 0 0 -1
    outer loop
      vertex 3.0543 13.7249 5.58
      vertex 3.0543 16.7551 5.58
      vertex 3.15229 16.7182 5.58
    endloop
  endfacet
  facet normal 0 0 -1
    outer loop
      vertex 2.95411 13.6945 5.58
      vertex 3.0543 16.7551 5.58
      vertex 3.0543 13.7249 5.58
    endloop
  endfacet
  facet normal 0 0 -1
    outer loop
      vertex 2.95411 13.6945 5.58
      vertex 2.95411 16.7855 5.58
      vertex 3.0543 16.7551 5.58
    endloop
  endfacet
  facet normal 0 0 -1
    outer loop
      vertex 2.85214 13.6707 5.58
      vertex 2.95411 16.7855 5.58
      vertex 2.95411 13.6945 5.58
    endloop
  endfacet
  facet normal 0 0 -1
    outer loop
      vertex 2.85214 13.6707 5.58
      vertex 2.85214 16.8093 5.58
      vertex 2.95411 16.7855 5.58
    endloop
  endfacet
  facet normal 0 0 -1
    outer loop
      vertex 2.74884 13.6537 5.58
      vertex 2.85214 16.8093 5.58
      vertex 2.85214 13.6707 5.58
    endloop
  endfacet
  facet normal 0 0 -1
    outer loop
      vertex 2.74884 13.6537 5.58
      vertex 2.74884 16.8263 5.58
      vertex 2.85214 16.8093 5.58
    endloop
  endfacet
  facet normal 0 0 -1
    outer loop
      vertex 2.64464 13.6434 5.58
      vertex 2.74884 16.8263 5.58
      vertex 2.74884 13.6537 5.58
    endloop
  endfacet
  facet normal 0 0 -1
    outer loop
      vertex 2.64464 13.6434 5.58
      vertex 2.64464 16.8366 5.58
      vertex 2.74884 16.8263 5.58
    endloop
  endfacet
  facet normal 0 0 -1
    outer loop
      vertex 2.54 13.64 5.58
      vertex 2.64464 16.8366 5.58
      vertex 2.64464 13.6434 5.58
    endloop
  endfacet
  facet normal 0 0 -1
    outer loop
      vertex 2.54 13.64 5.58
      vertex 2.54 16.84 5.58
      vertex 2.64464 16.8366 5.58
    endloop
  endfacet
  facet normal 0 0 -1
    outer loop
      vertex 2.43536 13.6434 5.58
      vertex 2.54 16.84 5.58
      vertex 2.54 13.64 5.58
    endloop
  endfacet
  facet normal 0 0 -1
    outer loop
      vertex 2.43536 13.6434 5.58
      vertex 2.43536 16.8366 5.58
      vertex 2.54 16.84 5.58
    endloop
  endfacet
  facet normal 0 0 -1
    outer loop
      vertex 2.33116 13.6537 5.58
      vertex 2.43536 16.8366 5.58
      vertex 2.43536 13.6434 5.58
    endloop
  endfacet
  facet normal 0 0 -1
    outer loop
      vertex 2.33116 13.6537 5.58
      vertex 2.33116 16.8263 5.58
      vertex 2.43536 16.8366 5.58
    endloop
  endfacet
  facet normal 0 0 -1
    outer loop
      vertex 2.22786 13.6707 5.58
      vertex 2.33116 16.8263 5.58
      vertex 2.33116 13.6537 5.58
    endloop
  endfacet
  facet normal 0 0 -1
    outer loop
      vertex 2.22786 13.6707 5.58
      vertex 2.22786 16.8093 5.58
      vertex 2.33116 16.8263 5.58
    endloop
  endfacet
  facet normal 0 0 -1
    outer loop
      vertex 2.12589 13.6945 5.58
      vertex 2.22786 16.8093 5.58
      vertex 2.22786 13.6707 5.58
    endloop
  endfacet
  facet normal 0 0 -1
    outer loop
      vertex 2.12589 13.6945 5.58
      vertex 2.12589 16.7855 5.58
      vertex 2.22786 16.8093 5.58
    endloop
  endfacet
  facet normal 0 0 -1
    outer loop
      vertex 2.0257 13.7249 5.58
      vertex 2.12589 16.7855 5.58
      vertex 2.12589 13.6945 5.58
    endloop
  endfacet
  facet normal 0 0 -1
    outer loop
      vertex 2.0257 13.7249 5.58
      vertex 2.0257 16.7551 5.58
      vertex 2.12589 16.7855 5.58
    endloop
  endfacet
  facet normal 0 0 -1
    outer loop
      vertex 1.92771 13.7618 5.58
      vertex 2.0257 16.7551 5.58
      vertex 2.0257 13.7249 5.58
    endloop
  endfacet
  facet normal 0 0 -1
    outer loop
      vertex 1.92771 13.7618 5.58
      vertex 1.92771 16.7182 5.58
      vertex 2.0257 16.7551 5.58
    endloop
  endfacet
  facet normal 0 0 -1
    outer loop
      vertex 1.83234 13.805 5.58
      vertex 1.92771 16.7182 5.58
      vertex 1.92771 13.7618 5.58
    endloop
  endfacet
  facet normal 0 0 -1
    outer loop
      vertex 1.83234 13.805 5.58
      vertex 1.83234 16.675 5.58
      vertex 1.92771 16.7182 5.58
    endloop
  endfacet
  facet normal 0 0 -1
    outer loop
      vertex 1.74 13.8544 5.58
      vertex 1.83234 16.675 5.58
      vertex 1.83234 13.805 5.58
    endloop
  endfacet
  facet normal 0 0 -1
    outer loop
      vertex 1.74 13.8544 5.58
      vertex 1.74 16.6256 5.58
      vertex 1.83234 16.675 5.58
    endloop
  endfacet
  facet normal 0 0 -1
    outer loop
      vertex 1.65109 13.9096 5.58
      vertex 1.74 16.6256 5.58
      vertex 1.74 13.8544 5.58
    endloop
  endfacet
  facet normal 0 0 -1
    outer loop
      vertex 1.65109 13.9096 5.58
      vertex 1.65109 16.5704 5.58
      vertex 1.74 16.6256 5.58
    endloop
  endfacet
  facet normal 0 0 -1
    outer loop
      vertex 1.56598 13.9706 5.58
      vertex 1.65109 16.5704 5.58
      vertex 1.65109 13.9096 5.58
    endloop
  endfacet
  facet normal 0 0 -1
    outer loop
      vertex 1.56598 13.9706 5.58
      vertex 1.56598 16.5094 5.58
      vertex 1.65109 16.5704 5.58
    endloop
  endfacet
  facet normal 0 0 -1
    outer loop
      vertex 1.48505 14.0371 5.58
      vertex 1.56598 16.5094 5.58
      vertex 1.56598 13.9706 5.58
    endloop
  endfacet
  facet normal 0 0 -1
    outer loop
      vertex 1.48505 14.0371 5.58
      vertex 1.48505 16.4429 5.58
      vertex 1.56598 16.5094 5.58
    endloop
  endfacet
  facet normal 0 0 -1
    outer loop
      vertex 1.40863 14.1086 5.58
      vertex 1.48505 16.4429 5.58
      vertex 1.48505 14.0371 5.58
    endloop
  endfacet
  facet normal 0 0 -1
    outer loop
      vertex 1.40863 14.1086 5.58
      vertex 1.40863 16.3714 5.58
      vertex 1.48505 16.4429 5.58
    endloop
  endfacet
  facet normal 0 0 -1
    outer loop
      vertex 1.33706 14.185 5.58
      vertex 1.40863 16.3714 5.58
      vertex 1.40863 14.1086 5.58
    endloop
  endfacet
  facet normal 0 0 -1
    outer loop
      vertex 1.33706 14.185 5.58
      vertex 1.33706 16.295 5.58
      vertex 1.40863 16.3714 5.58
    endloop
  endfacet
  facet normal 0 0 -1
    outer loop
      vertex 1.27063 14.266 5.58
      vertex 1.33706 16.295 5.58
      vertex 1.33706 14.185 5.58
    endloop
  endfacet
  facet normal 0 0 -1
    outer loop
      vertex 1.27063 14.266 5.58
      vertex 1.27063 16.214 5.58
      vertex 1.33706 16.295 5.58
    endloop
  endfacet
  facet normal 0 0 -1
    outer loop
      vertex 1.20965 14.3511 5.58
      vertex 1.27063 16.214 5.58
      vertex 1.27063 14.266 5.58
    endloop
  endfacet
  facet normal 0 0 -1
    outer loop
      vertex 1.20965 14.3511 5.58
      vertex 1.20965 16.1289 5.58
      vertex 1.27063 16.214 5.58
    endloop
  endfacet
  facet normal 0 0 -1
    outer loop
      vertex 1.15436 14.44 5.58
      vertex 1.20965 16.1289 5.58
      vertex 1.20965 14.3511 5.58
    endloop
  endfacet
  facet normal 0 0 -1
    outer loop
      vertex 1.15436 14.44 5.58
      vertex 1.15436 16.04 5.58
      vertex 1.20965 16.1289 5.58
    endloop
  endfacet
  facet normal 0 0 -1
    outer loop
      vertex 1.105 14.5323 5.58
      vertex 1.15436 16.04 5.58
      vertex 1.15436 14.44 5.58
    endloop
  endfacet
  facet normal 0 0 -1
    outer loop
      vertex 1.105 14.5323 5.58
      vertex 1.105 15.9477 5.58
      vertex 1.15436 16.04 5.58
    endloop
  endfacet
  facet normal 0 0 -1
    outer loop
      vertex 1.06179 14.6277 5.58
      vertex 1.105 15.9477 5.58
      vertex 1.105 14.5323 5.58
    endloop
  endfacet
  facet normal 0 0 -1
    outer loop
      vertex 1.06179 14.6277 5.58
      vertex 1.06179 15.8523 5.58
      vertex 1.105 15.9477 5.58
    endloop
  endfacet
  facet normal 0 0 -1
    outer loop
      vertex 1.02491 14.7257 5.58
      vertex 1.06179 15.8523 5.58
      vertex 1.06179 14.6277 5.58
    endloop
  endfacet
  facet normal 0 0 -1
    outer loop
      vertex 1.02491 14.7257 5.58
      vertex 1.02491 15.7543 5.58
      vertex 1.06179 15.8523 5.58
    endloop
  endfacet
  facet normal 0 0 -1
    outer loop
      vertex 0.994519 14.8259 5.58
      vertex 1.02491 15.7543 5.58
      vertex 1.02491 14.7257 5.58
    endloop
  endfacet
  facet normal 0 0 -1
    outer loop
      vertex 0.994519 14.8259 5.58
      vertex 0.994519 15.6541 5.58
      vertex 1.02491 15.7543 5.58
    endloop
  endfacet
  facet normal 0 0 -1
    outer loop
      vertex 0.970744 14.9279 5.58
      vertex 0.994519 15.6541 5.58
      vertex 0.994519 14.8259 5.58
    endloop
  endfacet
  facet normal 0 0 -1
    outer loop
      vertex 0.970744 14.9279 5.58
      vertex 0.970744 15.5521 5.58
      vertex 0.994519 15.6541 5.58
    endloop
  endfacet
  facet normal 0 0 -1
    outer loop
      vertex 0.953689 15.0312 5.58
      vertex 0.970744 15.5521 5.58
      vertex 0.970744 14.9279 5.58
    endloop
  endfacet
  facet normal 0 0 -1
    outer loop
      vertex 0.953689 15.0312 5.58
      vertex 0.953689 15.4488 5.58
      vertex 0.970744 15.5521 5.58
    endloop
  endfacet
  facet normal 0 0 -1
    outer loop
      vertex 0.943426 15.1354 5.58
      vertex 0.953689 15.4488 5.58
      vertex 0.953689 15.0312 5.58
    endloop
  endfacet
  facet normal 0 0 -1
    outer loop
      vertex 0.943426 15.1354 5.58
      vertex 0.943426 15.3446 5.58
      vertex 0.953689 15.4488 5.58
    endloop
  endfacet
  facet normal 0 -0 -1
    outer loop
      vertex 0.943426 15.3446 5.58
      vertex 0.943426 15.1354 5.58
      vertex 0.940001 15.24 5.58
    endloop
  endfacet
  facet normal -0.471335 0.881954 0
    outer loop
      vertex 3.1025 14.2657 2.4
      vertex 3.03757 14.231 4.78
      vertex 3.1025 14.2657 4.78
    endloop
  endfacet
  facet normal -0.471335 0.881954 0
    outer loop
      vertex 3.03757 14.231 4.78
      vertex 3.1025 14.2657 2.4
      vertex 3.03757 14.231 2.4
    endloop
  endfacet
  facet normal -0.72963 -0.683842 0
    outer loop
      vertex 3.38582 15.9818 2.4
      vertex 3.33549 16.0355 4.78
      vertex 3.33549 16.0355 2.4
    endloop
  endfacet
  facet normal -0.72963 -0.683842 0
    outer loop
      vertex 3.33549 16.0355 4.78
      vertex 3.38582 15.9818 2.4
      vertex 3.38582 15.9818 4.78
    endloop
  endfacet
  facet normal 0.582651 0.812723 -0
    outer loop
      vertex 1.91498 14.3046 2.4
      vertex 1.85514 14.3475 4.78
      vertex 1.91498 14.3046 4.78
    endloop
  endfacet
  facet normal 0.582651 0.812723 0
    outer loop
      vertex 1.85514 14.3475 4.78
      vertex 1.91498 14.3046 2.4
      vertex 1.85514 14.3475 2.4
    endloop
  endfacet
  facet normal 0.290648 -0.95683 0
    outer loop
      vertex 2.17838 16.3053 2.4
      vertex 2.24883 16.3267 4.78
      vertex 2.17838 16.3053 4.78
    endloop
  endfacet
  facet normal 0.290648 -0.95683 0
    outer loop
      vertex 2.24883 16.3267 4.78
      vertex 2.17838 16.3053 2.4
      vertex 2.24883 16.3267 2.4
    endloop
  endfacet
  facet normal -0.813128 0.582085 0
    outer loop
      vertex 3.43252 14.5551 2.4
      vertex 3.4754 14.615 4.78
      vertex 3.4754 14.615 2.4
    endloop
  endfacet
  facet normal -0.813128 0.582085 0
    outer loop
      vertex 3.4754 14.615 4.78
      vertex 3.43252 14.5551 2.4
      vertex 3.43252 14.5551 4.78
    endloop
  endfacet
  facet normal -0.956886 -0.290464 0
    outer loop
      vertex 3.62667 15.5312 2.4
      vertex 3.6053 15.6016 4.78
      vertex 3.6053 15.6016 2.4
    endloop
  endfacet
  facet normal -0.956886 -0.290464 0
    outer loop
      vertex 3.6053 15.6016 4.78
      vertex 3.62667 15.5312 2.4
      vertex 3.62667 15.5312 4.78
    endloop
  endfacet
  facet normal 0.881863 0.471505 0
    outer loop
      vertex 1.56572 14.6775 4.78
      vertex 1.53102 14.7424 2.4
      vertex 1.53102 14.7424 4.78
    endloop
  endfacet
  facet normal 0.881863 0.471505 0
    outer loop
      vertex 1.53102 14.7424 2.4
      vertex 1.56572 14.6775 4.78
      vertex 1.56572 14.6775 2.4
    endloop
  endfacet
  facet normal -0.999464 0.032727 0
    outer loop
      vertex 3.66259 15.1664 2.4
      vertex 3.665 15.24 4.78
      vertex 3.665 15.24 2.4
    endloop
  endfacet
  facet normal -0.999464 0.032727 0
    outer loop
      vertex 3.665 15.24 4.78
      vertex 3.66259 15.1664 2.4
      vertex 3.66259 15.1664 4.78
    endloop
  endfacet
  facet normal 0.995171 0.0981576 0
    outer loop
      vertex 1.42463 15.0932 4.78
      vertex 1.41741 15.1664 2.4
      vertex 1.41741 15.1664 4.78
    endloop
  endfacet
  facet normal 0.995171 0.0981576 0
    outer loop
      vertex 1.41741 15.1664 2.4
      vertex 1.42463 15.0932 4.78
      vertex 1.42463 15.0932 2.4
    endloop
  endfacet
  facet normal -0.683421 0.730024 0
    outer loop
      vertex 3.33549 14.4445 2.4
      vertex 3.28176 14.3942 4.78
      vertex 3.33549 14.4445 4.78
    endloop
  endfacet
  facet normal -0.683421 0.730024 0
    outer loop
      vertex 3.28176 14.3942 4.78
      vertex 3.33549 14.4445 2.4
      vertex 3.28176 14.3942 2.4
    endloop
  endfacet
  facet normal 0.772988 -0.634421 0
    outer loop
      vertex 1.64748 15.9249 4.78
      vertex 1.69418 15.9818 2.4
      vertex 1.69418 15.9818 4.78
    endloop
  endfacet
  facet normal 0.772988 -0.634421 0
    outer loop
      vertex 1.69418 15.9818 2.4
      vertex 1.64748 15.9249 4.78
      vertex 1.64748 15.9249 2.4
    endloop
  endfacet
  facet normal -0.849111 0.528215 0
    outer loop
      vertex 3.4754 14.615 2.4
      vertex 3.51428 14.6775 4.78
      vertex 3.51428 14.6775 2.4
    endloop
  endfacet
  facet normal -0.849111 0.528215 0
    outer loop
      vertex 3.51428 14.6775 4.78
      vertex 3.4754 14.615 2.4
      vertex 3.4754 14.615 4.78
    endloop
  endfacet
  facet normal 0.849111 0.528215 0
    outer loop
      vertex 1.6046 14.615 4.78
      vertex 1.56572 14.6775 2.4
      vertex 1.56572 14.6775 4.78
    endloop
  endfacet
  facet normal 0.849111 0.528215 0
    outer loop
      vertex 1.56572 14.6775 2.4
      vertex 1.6046 14.615 4.78
      vertex 1.6046 14.615 2.4
    endloop
  endfacet
  facet normal 0.351868 -0.93605 0
    outer loop
      vertex 2.10948 16.2794 2.4
      vertex 2.17838 16.3053 4.78
      vertex 2.10948 16.2794 4.78
    endloop
  endfacet
  facet normal 0.351868 -0.93605 0
    outer loop
      vertex 2.17838 16.3053 4.78
      vertex 2.10948 16.2794 2.4
      vertex 2.17838 16.3053 2.4
    endloop
  endfacet
  facet normal -0.634421 -0.772988 0
    outer loop
      vertex 3.22486 16.1325 2.4
      vertex 3.28176 16.0858 4.78
      vertex 3.22486 16.1325 4.78
    endloop
  endfacet
  facet normal -0.634421 -0.772988 -0
    outer loop
      vertex 3.28176 16.0858 4.78
      vertex 3.22486 16.1325 2.4
      vertex 3.28176 16.0858 2.4
    endloop
  endfacet
  facet normal 0.729698 0.683769 0
    outer loop
      vertex 1.7445 14.4445 4.78
      vertex 1.69418 14.4982 2.4
      vertex 1.69418 14.4982 4.78
    endloop
  endfacet
  facet normal 0.729698 0.683769 0
    outer loop
      vertex 1.69418 14.4982 2.4
      vertex 1.7445 14.4445 4.78
      vertex 1.7445 14.4445 2.4
    endloop
  endfacet
  facet normal 0.0326002 -0.999468 0
    outer loop
      vertex 2.46642 16.3626 2.4
      vertex 2.54 16.365 4.78
      vertex 2.46642 16.3626 4.78
    endloop
  endfacet
  facet normal 0.0326002 -0.999468 0
    outer loop
      vertex 2.54 16.365 4.78
      vertex 2.46642 16.3626 2.4
      vertex 2.54 16.365 2.4
    endloop
  endfacet
  facet normal -0.412933 -0.910761 0
    outer loop
      vertex 2.97052 16.2794 2.4
      vertex 3.03757 16.249 4.78
      vertex 2.97052 16.2794 4.78
    endloop
  endfacet
  facet normal -0.412933 -0.910761 -0
    outer loop
      vertex 3.03757 16.249 4.78
      vertex 2.97052 16.2794 2.4
      vertex 3.03757 16.249 2.4
    endloop
  endfacet
  facet normal -0.471335 -0.881954 0
    outer loop
      vertex 3.03757 16.249 2.4
      vertex 3.1025 16.2143 4.78
      vertex 3.03757 16.249 4.78
    endloop
  endfacet
  facet normal -0.471335 -0.881954 -0
    outer loop
      vertex 3.1025 16.2143 4.78
      vertex 3.03757 16.249 2.4
      vertex 3.1025 16.2143 2.4
    endloop
  endfacet
  facet normal -0.351868 -0.93605 0
    outer loop
      vertex 2.90162 16.3053 2.4
      vertex 2.97052 16.2794 4.78
      vertex 2.90162 16.3053 4.78
    endloop
  endfacet
  facet normal -0.351868 -0.93605 -0
    outer loop
      vertex 2.97052 16.2794 4.78
      vertex 2.90162 16.3053 2.4
      vertex 2.97052 16.2794 2.4
    endloop
  endfacet
  facet normal -0.0326002 -0.999468 0
    outer loop
      vertex 2.54 16.365 2.4
      vertex 2.61358 16.3626 4.78
      vertex 2.54 16.365 4.78
    endloop
  endfacet
  facet normal -0.0326002 -0.999468 -0
    outer loop
      vertex 2.61358 16.3626 4.78
      vertex 2.54 16.365 2.4
      vertex 2.61358 16.3626 2.4
    endloop
  endfacet
  facet normal 0.910979 0.412452 0
    outer loop
      vertex 1.53102 14.7424 4.78
      vertex 1.50064 14.8095 2.4
      vertex 1.50064 14.8095 4.78
    endloop
  endfacet
  facet normal 0.910979 0.412452 0
    outer loop
      vertex 1.50064 14.8095 2.4
      vertex 1.53102 14.7424 4.78
      vertex 1.53102 14.7424 2.4
    endloop
  endfacet
  facet normal -0.72963 0.683842 0
    outer loop
      vertex 3.33549 14.4445 2.4
      vertex 3.38582 14.4982 4.78
      vertex 3.38582 14.4982 2.4
    endloop
  endfacet
  facet normal -0.72963 0.683842 0
    outer loop
      vertex 3.38582 14.4982 4.78
      vertex 3.33549 14.4445 2.4
      vertex 3.33549 14.4445 4.78
    endloop
  endfacet
  facet normal -0.772988 0.634421 0
    outer loop
      vertex 3.38582 14.4982 2.4
      vertex 3.43252 14.5551 4.78
      vertex 3.43252 14.5551 2.4
    endloop
  endfacet
  facet normal -0.772988 0.634421 0
    outer loop
      vertex 3.43252 14.5551 4.78
      vertex 3.38582 14.4982 2.4
      vertex 3.38582 14.4982 4.78
    endloop
  endfacet
  facet normal -0.881863 0.471505 0
    outer loop
      vertex 3.51428 14.6775 2.4
      vertex 3.54898 14.7424 4.78
      vertex 3.54898 14.7424 2.4
    endloop
  endfacet
  facet normal -0.881863 0.471505 0
    outer loop
      vertex 3.54898 14.7424 4.78
      vertex 3.51428 14.6775 2.4
      vertex 3.51428 14.6775 4.78
    endloop
  endfacet
  facet normal 0.973901 -0.226972 0
    outer loop
      vertex 1.43662 15.4595 4.78
      vertex 1.45333 15.5312 2.4
      vertex 1.45333 15.5312 4.78
    endloop
  endfacet
  facet normal 0.973901 -0.226972 0
    outer loop
      vertex 1.45333 15.5312 2.4
      vertex 1.43662 15.4595 4.78
      vertex 1.43662 15.4595 2.4
    endloop
  endfacet
  facet normal 0.881863 -0.471505 0
    outer loop
      vertex 1.53102 15.7376 4.78
      vertex 1.56572 15.8025 2.4
      vertex 1.56572 15.8025 4.78
    endloop
  endfacet
  facet normal 0.881863 -0.471505 0
    outer loop
      vertex 1.56572 15.8025 2.4
      vertex 1.53102 15.7376 4.78
      vertex 1.53102 15.7376 2.4
    endloop
  endfacet
  facet normal 0.634421 -0.772988 0
    outer loop
      vertex 1.79824 16.0858 2.4
      vertex 1.85514 16.1325 4.78
      vertex 1.79824 16.0858 4.78
    endloop
  endfacet
  facet normal 0.634421 -0.772988 0
    outer loop
      vertex 1.85514 16.1325 4.78
      vertex 1.79824 16.0858 2.4
      vertex 1.85514 16.1325 2.4
    endloop
  endfacet
  facet normal -0.956886 0.290464 0
    outer loop
      vertex 3.6053 14.8784 2.4
      vertex 3.62667 14.9488 4.78
      vertex 3.62667 14.9488 2.4
    endloop
  endfacet
  facet normal -0.956886 0.290464 0
    outer loop
      vertex 3.62667 14.9488 4.78
      vertex 3.6053 14.8784 2.4
      vertex 3.6053 14.8784 4.78
    endloop
  endfacet
  facet normal 0.935871 -0.352344 0
    outer loop
      vertex 1.4747 15.6016 4.78
      vertex 1.50064 15.6705 2.4
      vertex 1.50064 15.6705 4.78
    endloop
  endfacet
  facet normal 0.935871 -0.352344 0
    outer loop
      vertex 1.50064 15.6705 2.4
      vertex 1.4747 15.6016 4.78
      vertex 1.4747 15.6016 2.4
    endloop
  endfacet
  facet normal -0.813128 -0.582085 0
    outer loop
      vertex 3.4754 15.865 2.4
      vertex 3.43252 15.9249 4.78
      vertex 3.43252 15.9249 2.4
    endloop
  endfacet
  facet normal -0.813128 -0.582085 0
    outer loop
      vertex 3.43252 15.9249 4.78
      vertex 3.4754 15.865 2.4
      vertex 3.4754 15.865 4.78
    endloop
  endfacet
  facet normal 0.0978089 -0.995205 0
    outer loop
      vertex 2.39316 16.3554 2.4
      vertex 2.46642 16.3626 4.78
      vertex 2.39316 16.3554 4.78
    endloop
  endfacet
  facet normal 0.0978089 -0.995205 0
    outer loop
      vertex 2.46642 16.3626 4.78
      vertex 2.39316 16.3554 2.4
      vertex 2.46642 16.3626 2.4
    endloop
  endfacet
  facet normal 0.226873 0.973924 -0
    outer loop
      vertex 2.32052 14.1366 2.4
      vertex 2.24883 14.1533 4.78
      vertex 2.32052 14.1366 4.78
    endloop
  endfacet
  facet normal 0.226873 0.973924 0
    outer loop
      vertex 2.24883 14.1533 4.78
      vertex 2.32052 14.1366 2.4
      vertex 2.24883 14.1533 2.4
    endloop
  endfacet
  facet normal 0.290648 0.95683 -0
    outer loop
      vertex 2.24883 14.1533 2.4
      vertex 2.17838 14.1747 4.78
      vertex 2.24883 14.1533 4.78
    endloop
  endfacet
  facet normal 0.290648 0.95683 0
    outer loop
      vertex 2.17838 14.1747 4.78
      vertex 2.24883 14.1533 2.4
      vertex 2.17838 14.1747 2.4
    endloop
  endfacet
  facet normal 0.412933 -0.910761 0
    outer loop
      vertex 2.04243 16.249 2.4
      vertex 2.10948 16.2794 4.78
      vertex 2.04243 16.249 4.78
    endloop
  endfacet
  facet normal 0.412933 -0.910761 0
    outer loop
      vertex 2.10948 16.2794 4.78
      vertex 2.04243 16.249 2.4
      vertex 2.10948 16.2794 2.4
    endloop
  endfacet
  facet normal -0.162989 0.986628 0
    outer loop
      vertex 2.75948 14.1366 2.4
      vertex 2.68684 14.1246 4.78
      vertex 2.75948 14.1366 4.78
    endloop
  endfacet
  facet normal -0.162989 0.986628 0
    outer loop
      vertex 2.68684 14.1246 4.78
      vertex 2.75948 14.1366 2.4
      vertex 2.68684 14.1246 2.4
    endloop
  endfacet
  facet normal -0.772988 -0.634421 0
    outer loop
      vertex 3.43252 15.9249 2.4
      vertex 3.38582 15.9818 4.78
      vertex 3.38582 15.9818 2.4
    endloop
  endfacet
  facet normal -0.772988 -0.634421 0
    outer loop
      vertex 3.38582 15.9818 4.78
      vertex 3.43252 15.9249 2.4
      vertex 3.43252 15.9249 4.78
    endloop
  endfacet
  facet normal -0.226873 -0.973924 0
    outer loop
      vertex 2.75948 16.3434 2.4
      vertex 2.83117 16.3267 4.78
      vertex 2.75948 16.3434 4.78
    endloop
  endfacet
  facet normal -0.226873 -0.973924 -0
    outer loop
      vertex 2.83117 16.3267 4.78
      vertex 2.75948 16.3434 2.4
      vertex 2.83117 16.3267 2.4
    endloop
  endfacet
  facet normal 0.528289 0.849065 -0
    outer loop
      vertex 1.9775 14.2657 2.4
      vertex 1.91498 14.3046 4.78
      vertex 1.9775 14.2657 4.78
    endloop
  endfacet
  facet normal 0.528289 0.849065 0
    outer loop
      vertex 1.91498 14.3046 4.78
      vertex 1.9775 14.2657 2.4
      vertex 1.91498 14.3046 2.4
    endloop
  endfacet
  facet normal 0.351868 0.93605 -0
    outer loop
      vertex 2.17838 14.1747 2.4
      vertex 2.10948 14.2006 4.78
      vertex 2.17838 14.1747 4.78
    endloop
  endfacet
  facet normal 0.351868 0.93605 0
    outer loop
      vertex 2.10948 14.2006 4.78
      vertex 2.17838 14.1747 2.4
      vertex 2.10948 14.2006 2.4
    endloop
  endfacet
  facet normal -0.412933 0.910761 0
    outer loop
      vertex 3.03757 14.231 2.4
      vertex 2.97052 14.2006 4.78
      vertex 3.03757 14.231 4.78
    endloop
  endfacet
  facet normal -0.412933 0.910761 0
    outer loop
      vertex 2.97052 14.2006 4.78
      vertex 3.03757 14.231 2.4
      vertex 2.97052 14.2006 2.4
    endloop
  endfacet
  facet normal 0.683353 0.730088 -0
    outer loop
      vertex 1.79824 14.3942 2.4
      vertex 1.7445 14.4445 4.78
      vertex 1.79824 14.3942 4.78
    endloop
  endfacet
  facet normal 0.683353 0.730088 0
    outer loop
      vertex 1.7445 14.4445 4.78
      vertex 1.79824 14.3942 2.4
      vertex 1.7445 14.4445 2.4
    endloop
  endfacet
  facet normal 0.772988 0.634421 0
    outer loop
      vertex 1.69418 14.4982 4.78
      vertex 1.64748 14.5551 2.4
      vertex 1.64748 14.5551 4.78
    endloop
  endfacet
  facet normal 0.772988 0.634421 0
    outer loop
      vertex 1.64748 14.5551 2.4
      vertex 1.69418 14.4982 4.78
      vertex 1.69418 14.4982 2.4
    endloop
  endfacet
  facet normal 0.0978089 0.995205 -0
    outer loop
      vertex 2.46642 14.1174 2.4
      vertex 2.39316 14.1246 4.78
      vertex 2.46642 14.1174 4.78
    endloop
  endfacet
  facet normal 0.0978089 0.995205 0
    outer loop
      vertex 2.39316 14.1246 4.78
      vertex 2.46642 14.1174 2.4
      vertex 2.39316 14.1246 2.4
    endloop
  endfacet
  facet normal -0.582651 0.812723 0
    outer loop
      vertex 3.22486 14.3475 2.4
      vertex 3.16502 14.3046 4.78
      vertex 3.22486 14.3475 4.78
    endloop
  endfacet
  facet normal -0.582651 0.812723 0
    outer loop
      vertex 3.16502 14.3046 4.78
      vertex 3.22486 14.3475 2.4
      vertex 3.16502 14.3046 2.4
    endloop
  endfacet
  facet normal 0.226873 -0.973924 0
    outer loop
      vertex 2.24883 16.3267 2.4
      vertex 2.32052 16.3434 4.78
      vertex 2.24883 16.3267 4.78
    endloop
  endfacet
  facet normal 0.226873 -0.973924 0
    outer loop
      vertex 2.32052 16.3434 4.78
      vertex 2.24883 16.3267 2.4
      vertex 2.32052 16.3434 2.4
    endloop
  endfacet
  facet normal -0.973901 0.226972 0
    outer loop
      vertex 3.62667 14.9488 2.4
      vertex 3.64338 15.0205 4.78
      vertex 3.64338 15.0205 2.4
    endloop
  endfacet
  facet normal -0.973901 0.226972 0
    outer loop
      vertex 3.64338 15.0205 4.78
      vertex 3.62667 14.9488 2.4
      vertex 3.62667 14.9488 4.78
    endloop
  endfacet
  facet normal 0.729698 -0.683769 0
    outer loop
      vertex 1.69418 15.9818 4.78
      vertex 1.7445 16.0355 2.4
      vertex 1.7445 16.0355 4.78
    endloop
  endfacet
  facet normal 0.729698 -0.683769 0
    outer loop
      vertex 1.7445 16.0355 2.4
      vertex 1.69418 15.9818 4.78
      vertex 1.69418 15.9818 2.4
    endloop
  endfacet
  facet normal 0.162989 0.986628 -0
    outer loop
      vertex 2.39316 14.1246 2.4
      vertex 2.32052 14.1366 4.78
      vertex 2.39316 14.1246 4.78
    endloop
  endfacet
  facet normal 0.162989 0.986628 0
    outer loop
      vertex 2.32052 14.1366 4.78
      vertex 2.39316 14.1246 2.4
      vertex 2.32052 14.1366 2.4
    endloop
  endfacet
  facet normal 0.956886 -0.290464 0
    outer loop
      vertex 1.45333 15.5312 4.78
      vertex 1.4747 15.6016 2.4
      vertex 1.4747 15.6016 4.78
    endloop
  endfacet
  facet normal 0.956886 -0.290464 0
    outer loop
      vertex 1.4747 15.6016 2.4
      vertex 1.45333 15.5312 4.78
      vertex 1.45333 15.5312 2.4
    endloop
  endfacet
  facet normal -0.290648 -0.95683 0
    outer loop
      vertex 2.83117 16.3267 2.4
      vertex 2.90162 16.3053 4.78
      vertex 2.83117 16.3267 4.78
    endloop
  endfacet
  facet normal -0.290648 -0.95683 -0
    outer loop
      vertex 2.90162 16.3053 4.78
      vertex 2.83117 16.3267 2.4
      vertex 2.90162 16.3053 2.4
    endloop
  endfacet
  facet normal -0.910979 0.412452 0
    outer loop
      vertex 3.54898 14.7424 2.4
      vertex 3.57936 14.8095 4.78
      vertex 3.57936 14.8095 2.4
    endloop
  endfacet
  facet normal -0.910979 0.412452 0
    outer loop
      vertex 3.57936 14.8095 4.78
      vertex 3.54898 14.7424 2.4
      vertex 3.54898 14.7424 4.78
    endloop
  endfacet
  facet normal 0.471335 -0.881954 0
    outer loop
      vertex 1.9775 16.2143 2.4
      vertex 2.04243 16.249 4.78
      vertex 1.9775 16.2143 4.78
    endloop
  endfacet
  facet normal 0.471335 -0.881954 0
    outer loop
      vertex 2.04243 16.249 4.78
      vertex 1.9775 16.2143 2.4
      vertex 2.04243 16.249 2.4
    endloop
  endfacet
  facet normal 0.634421 0.772988 -0
    outer loop
      vertex 1.85514 14.3475 2.4
      vertex 1.79824 14.3942 4.78
      vertex 1.85514 14.3475 4.78
    endloop
  endfacet
  facet normal 0.634421 0.772988 0
    outer loop
      vertex 1.79824 14.3942 4.78
      vertex 1.85514 14.3475 2.4
      vertex 1.79824 14.3942 2.4
    endloop
  endfacet
  facet normal 0.471335 0.881954 -0
    outer loop
      vertex 2.04243 14.231 2.4
      vertex 1.9775 14.2657 4.78
      vertex 2.04243 14.231 4.78
    endloop
  endfacet
  facet normal 0.471335 0.881954 0
    outer loop
      vertex 1.9775 14.2657 4.78
      vertex 2.04243 14.231 2.4
      vertex 1.9775 14.2657 2.4
    endloop
  endfacet
  facet normal 0.303063 0.804802 0.51034
    outer loop
      vertex 2.0257 13.7249 5.58
      vertex 2.17838 14.1747 4.78
      vertex 1.92771 13.7618 5.58
    endloop
  endfacet
  facet normal -0.354841 0.783362 0.510326
    outer loop
      vertex 3.15229 13.7618 5.58
      vertex 3.24766 13.805 5.58
      vertex 3.03757 14.231 4.78
    endloop
  endfacet
  facet normal 0.084115 -0.85587 0.510305
    outer loop
      vertex 2.39316 16.3554 4.78
      vertex 2.46642 16.3626 4.78
      vertex 2.33116 16.8263 5.58
    endloop
  endfacet
  facet normal 0.084115 0.85587 0.510305
    outer loop
      vertex 2.46642 14.1174 4.78
      vertex 2.39316 14.1246 4.78
      vertex 2.33116 13.6537 5.58
    endloop
  endfacet
  facet normal -0.859513 -0.0281848 0.510336
    outer loop
      vertex 4.14 15.24 5.58
      vertex 4.13657 15.3446 5.58
      vertex 3.665 15.24 4.78
    endloop
  endfacet
  facet normal -0.859516 -0.0281445 0.510333
    outer loop
      vertex 3.665 15.24 4.78
      vertex 4.13657 15.3446 5.58
      vertex 3.66259 15.3136 4.78
    endloop
  endfacet
  facet normal -0.855819 0.0844128 0.510341
    outer loop
      vertex 4.12631 15.0312 5.58
      vertex 3.66259 15.1664 4.78
      vertex 3.65537 15.0932 4.78
    endloop
  endfacet
  facet normal 0.140169 -0.848492 0.510307
    outer loop
      vertex 2.39316 16.3554 4.78
      vertex 2.33116 16.8263 5.58
      vertex 2.32052 16.3434 4.78
    endloop
  endfacet
  facet normal 0.627522 0.588024 0.510337
    outer loop
      vertex 1.7445 14.4445 4.78
      vertex 1.69418 14.4982 4.78
      vertex 1.33706 14.185 5.58
    endloop
  endfacet
  facet normal 0.664951 -0.545342 0.510336
    outer loop
      vertex 1.69418 15.9818 4.78
      vertex 1.33706 16.295 5.58
      vertex 1.27063 16.214 5.58
    endloop
  endfacet
  facet normal 0.405339 0.758463 0.510328
    outer loop
      vertex 2.04243 14.231 4.78
      vertex 1.9775 14.2657 4.78
      vertex 1.83234 13.805 5.58
    endloop
  endfacet
  facet normal 0.848509 -0.13994 0.510342
    outer loop
      vertex 1.42463 15.3868 4.78
      vertex 1.43662 15.4595 4.78
      vertex 0.953689 15.4488 5.58
    endloop
  endfacet
  facet normal 0.453615 -0.730632 0.510303
    outer loop
      vertex 1.9775 16.2143 4.78
      vertex 1.74 16.6256 5.58
      vertex 1.65109 16.5704 5.58
    endloop
  endfacet
  facet normal -0.140169 0.848492 0.510307
    outer loop
      vertex 2.74884 13.6537 5.58
      vertex 2.75948 14.1366 4.78
      vertex 2.68684 14.1246 4.78
    endloop
  endfacet
  facet normal -0.804817 0.303004 0.51035
    outer loop
      vertex 4.01821 14.6277 5.58
      vertex 3.6053 14.8784 4.78
      vertex 3.57936 14.8095 4.78
    endloop
  endfacet
  facet normal -0.545573 0.664735 0.51037
    outer loop
      vertex 3.51402 13.9706 5.58
      vertex 3.28176 14.3942 4.78
      vertex 3.22486 14.3475 4.78
    endloop
  endfacet
  facet normal -0.730211 0.45425 0.510342
    outer loop
      vertex 3.87035 14.3511 5.58
      vertex 3.51428 14.6775 4.78
      vertex 3.4754 14.615 4.78
    endloop
  endfacet
  facet normal 0.837531 0.195219 0.510326
    outer loop
      vertex 0.994519 14.8259 5.58
      vertex 1.45333 14.9488 4.78
      vertex 0.970744 14.9279 5.58
    endloop
  endfacet
  facet normal -0.084115 -0.85587 0.510305
    outer loop
      vertex 2.68684 16.3554 4.78
      vertex 2.74884 16.8263 5.58
      vertex 2.61358 16.3626 4.78
    endloop
  endfacet
  facet normal 0.730211 -0.45425 0.510342
    outer loop
      vertex 1.56572 15.8025 4.78
      vertex 1.6046 15.865 4.78
      vertex 1.20965 16.1289 5.58
    endloop
  endfacet
  facet normal -0.848497 -0.140047 0.510333
    outer loop
      vertex 4.12631 15.4488 5.58
      vertex 4.10926 15.5521 5.58
      vertex 3.64338 15.4595 4.78
    endloop
  endfacet
  facet normal 0.822953 -0.249605 0.510338
    outer loop
      vertex 1.4747 15.6016 4.78
      vertex 1.02491 15.7543 5.58
      vertex 0.994519 15.6541 5.58
    endloop
  endfacet
  facet normal -0.859516 0.0281445 0.510333
    outer loop
      vertex 4.13657 15.1354 5.58
      vertex 3.665 15.24 4.78
      vertex 3.66259 15.1664 4.78
    endloop
  endfacet
  facet normal -0.453615 0.730632 0.510303
    outer loop
      vertex 3.34 13.8544 5.58
      vertex 3.42891 13.9096 5.58
      vertex 3.1025 14.2657 4.78
    endloop
  endfacet
  facet normal 0.0845943 -0.855799 0.510345
    outer loop
      vertex 2.46642 16.3626 4.78
      vertex 2.43536 16.8366 5.58
      vertex 2.33116 16.8263 5.58
    endloop
  endfacet
  facet normal 0.859515 -0.0281438 0.510336
    outer loop
      vertex 1.415 15.24 4.78
      vertex 0.943426 15.3446 5.58
      vertex 0.940001 15.24 5.58
    endloop
  endfacet
  facet normal -0.0845943 -0.855799 0.510345
    outer loop
      vertex 2.74884 16.8263 5.58
      vertex 2.64464 16.8366 5.58
      vertex 2.61358 16.3626 4.78
    endloop
  endfacet
  facet normal -0.453615 -0.730632 0.510303
    outer loop
      vertex 3.42891 16.5704 5.58
      vertex 3.34 16.6256 5.58
      vertex 3.1025 16.2143 4.78
    endloop
  endfacet
  facet normal 0.0280351 -0.859511 0.510348
    outer loop
      vertex 2.46642 16.3626 4.78
      vertex 2.54 16.365 4.78
      vertex 2.43536 16.8366 5.58
    endloop
  endfacet
  facet normal 0.249694 0.822923 0.510343
    outer loop
      vertex 2.12589 13.6945 5.58
      vertex 2.17838 14.1747 4.78
      vertex 2.0257 13.7249 5.58
    endloop
  endfacet
  facet normal -0.405339 0.758463 0.510328
    outer loop
      vertex 3.24766 13.805 5.58
      vertex 3.1025 14.2657 4.78
      vertex 3.03757 14.231 4.78
    endloop
  endfacet
  facet normal 0.855819 -0.0844127 0.510342
    outer loop
      vertex 1.41741 15.3136 4.78
      vertex 1.42463 15.3868 4.78
      vertex 0.953689 15.4488 5.58
    endloop
  endfacet
  facet normal -0.699033 0.500905 0.51034
    outer loop
      vertex 3.80937 14.266 5.58
      vertex 3.87035 14.3511 5.58
      vertex 3.4754 14.615 4.78
    endloop
  endfacet
  facet normal -0.859513 0.0281848 0.510336
    outer loop
      vertex 4.13657 15.1354 5.58
      vertex 4.14 15.24 5.58
      vertex 3.665 15.24 4.78
    endloop
  endfacet
  facet normal -0.804866 0.302892 0.51034
    outer loop
      vertex 4.01821 14.6277 5.58
      vertex 4.05509 14.7257 5.58
      vertex 3.6053 14.8784 4.78
    endloop
  endfacet
  facet normal 0.545969 0.66444 0.51033
    outer loop
      vertex 1.56598 13.9706 5.58
      vertex 1.79824 14.3942 4.78
      vertex 1.48505 14.0371 5.58
    endloop
  endfacet
  facet normal -0.454304 0.730156 0.510372
    outer loop
      vertex 3.42891 13.9096 5.58
      vertex 3.16502 14.3046 4.78
      vertex 3.1025 14.2657 4.78
    endloop
  endfacet
  facet normal -0.783363 -0.354813 0.510343
    outer loop
      vertex 4.01821 15.8523 5.58
      vertex 3.975 15.9477 5.58
      vertex 3.54898 15.7376 4.78
    endloop
  endfacet
  facet normal 0.405339 -0.758463 0.510328
    outer loop
      vertex 1.9775 16.2143 4.78
      vertex 2.04243 16.249 4.78
      vertex 1.83234 16.675 5.58
    endloop
  endfacet
  facet normal 0.855836 -0.0842941 0.510332
    outer loop
      vertex 1.41741 15.3136 4.78
      vertex 0.953689 15.4488 5.58
      vertex 0.943426 15.3446 5.58
    endloop
  endfacet
  facet normal 0.500966 0.69897 0.510366
    outer loop
      vertex 1.65109 13.9096 5.58
      vertex 1.91498 14.3046 4.78
      vertex 1.56598 13.9706 5.58
    endloop
  endfacet
  facet normal -0.303063 -0.804802 0.51034
    outer loop
      vertex 3.15229 16.7182 5.58
      vertex 3.0543 16.7551 5.58
      vertex 2.90162 16.3053 4.78
    endloop
  endfacet
  facet normal 0.249694 -0.822923 0.510343
    outer loop
      vertex 2.17838 16.3053 4.78
      vertex 2.12589 16.7855 5.58
      vertex 2.0257 16.7551 5.58
    endloop
  endfacet
  facet normal -0.195467 -0.837471 0.510328
    outer loop
      vertex 2.95411 16.7855 5.58
      vertex 2.85214 16.8093 5.58
      vertex 2.83117 16.3267 4.78
    endloop
  endfacet
  facet normal 0.195102 0.837538 0.510359
    outer loop
      vertex 2.32052 14.1366 4.78
      vertex 2.24883 14.1533 4.78
      vertex 2.22786 13.6707 5.58
    endloop
  endfacet
  facet normal 0.0845943 0.855799 0.510345
    outer loop
      vertex 2.43536 13.6434 5.58
      vertex 2.46642 14.1174 4.78
      vertex 2.33116 13.6537 5.58
    endloop
  endfacet
  facet normal -0.822906 0.249794 0.510322
    outer loop
      vertex 4.08548 14.8259 5.58
      vertex 3.62667 14.9488 4.78
      vertex 3.6053 14.8784 4.78
    endloop
  endfacet
  facet normal -0.837534 0.195191 0.510331
    outer loop
      vertex 4.10926 14.9279 5.58
      vertex 3.64338 15.0205 4.78
      vertex 3.62667 14.9488 4.78
    endloop
  endfacet
  facet normal -0.405676 0.758303 0.510298
    outer loop
      vertex 3.24766 13.805 5.58
      vertex 3.34 13.8544 5.58
      vertex 3.1025 14.2657 4.78
    endloop
  endfacet
  facet normal 0.837535 0.195191 0.510328
    outer loop
      vertex 1.45333 14.9488 4.78
      vertex 1.43662 15.0205 4.78
      vertex 0.970744 14.9279 5.58
    endloop
  endfacet
  facet normal -0.627464 -0.588087 0.510336
    outer loop
      vertex 3.38582 15.9818 4.78
      vertex 3.74294 16.295 5.58
      vertex 3.33549 16.0355 4.78
    endloop
  endfacet
  facet normal -0.699284 0.500589 0.510307
    outer loop
      vertex 3.80937 14.266 5.58
      vertex 3.4754 14.615 4.78
      vertex 3.43252 14.5551 4.78
    endloop
  endfacet
  facet normal 0.730263 -0.454176 0.510334
    outer loop
      vertex 1.56572 15.8025 4.78
      vertex 1.20965 16.1289 5.58
      vertex 1.15436 16.04 5.58
    endloop
  endfacet
  facet normal -0.627602 0.587925 0.510353
    outer loop
      vertex 3.67137 14.1086 5.58
      vertex 3.74294 14.185 5.58
      vertex 3.33549 14.4445 4.78
    endloop
  endfacet
  facet normal -0.195467 0.837471 0.510328
    outer loop
      vertex 2.85214 13.6707 5.58
      vertex 2.95411 13.6945 5.58
      vertex 2.83117 14.1533 4.78
    endloop
  endfacet
  facet normal -0.758345 0.405546 0.510338
    outer loop
      vertex 3.92564 14.44 5.58
      vertex 3.975 14.5323 5.58
      vertex 3.51428 14.6775 4.78
    endloop
  endfacet
  facet normal -0.848509 0.13994 0.510342
    outer loop
      vertex 4.12631 15.0312 5.58
      vertex 3.65537 15.0932 4.78
      vertex 3.64338 15.0205 4.78
    endloop
  endfacet
  facet normal 0.354841 0.783362 0.510326
    outer loop
      vertex 1.92771 13.7618 5.58
      vertex 2.04243 14.231 4.78
      vertex 1.83234 13.805 5.58
    endloop
  endfacet
  facet normal 0.855836 0.0842941 0.510332
    outer loop
      vertex 0.953689 15.0312 5.58
      vertex 1.41741 15.1664 4.78
      vertex 0.943426 15.1354 5.58
    endloop
  endfacet
  facet normal -0.500966 0.69897 0.510366
    outer loop
      vertex 3.42891 13.9096 5.58
      vertex 3.51402 13.9706 5.58
      vertex 3.16502 14.3046 4.78
    endloop
  endfacet
  facet normal 0.587671 0.627861 0.510327
    outer loop
      vertex 1.79824 14.3942 4.78
      vertex 1.7445 14.4445 4.78
      vertex 1.48505 14.0371 5.58
    endloop
  endfacet
  facet normal 0.0280351 0.859511 0.510348
    outer loop
      vertex 2.54 14.115 4.78
      vertex 2.46642 14.1174 4.78
      vertex 2.43536 13.6434 5.58
    endloop
  endfacet
  facet normal -0.664763 0.545596 0.510309
    outer loop
      vertex 3.80937 14.266 5.58
      vertex 3.43252 14.5551 4.78
      vertex 3.38582 14.4982 4.78
    endloop
  endfacet
  facet normal 0.501051 0.698902 0.510375
    outer loop
      vertex 1.91498 14.3046 4.78
      vertex 1.85514 14.3475 4.78
      vertex 1.56598 13.9706 5.58
    endloop
  endfacet
  facet normal 0.140169 0.848492 0.510307
    outer loop
      vertex 2.33116 13.6537 5.58
      vertex 2.39316 14.1246 4.78
      vertex 2.32052 14.1366 4.78
    endloop
  endfacet
  facet normal -0.627464 0.588087 0.510336
    outer loop
      vertex 3.74294 14.185 5.58
      vertex 3.38582 14.4982 4.78
      vertex 3.33549 14.4445 4.78
    endloop
  endfacet
  facet normal 0.355121 -0.783251 0.510301
    outer loop
      vertex 2.04243 16.249 4.78
      vertex 2.10948 16.2794 4.78
      vertex 1.92771 16.7182 5.58
    endloop
  endfacet
  facet normal 0.0279278 -0.859519 0.51034
    outer loop
      vertex 2.54 16.365 4.78
      vertex 2.54 16.84 5.58
      vertex 2.43536 16.8366 5.58
    endloop
  endfacet
  facet normal -0.354841 -0.783362 0.510326
    outer loop
      vertex 3.24766 16.675 5.58
      vertex 3.15229 16.7182 5.58
      vertex 3.03757 16.249 4.78
    endloop
  endfacet
  facet normal 0.804866 -0.302892 0.51034
    outer loop
      vertex 1.4747 15.6016 4.78
      vertex 1.06179 15.8523 5.58
      vertex 1.02491 15.7543 5.58
    endloop
  endfacet
  facet normal 0.453615 0.730632 0.510303
    outer loop
      vertex 1.74 13.8544 5.58
      vertex 1.9775 14.2657 4.78
      vertex 1.65109 13.9096 5.58
    endloop
  endfacet
  facet normal 0.730263 0.454176 0.510334
    outer loop
      vertex 1.20965 14.3511 5.58
      vertex 1.56572 14.6775 4.78
      vertex 1.15436 14.44 5.58
    endloop
  endfacet
  facet normal -0.0845943 0.855799 0.510345
    outer loop
      vertex 2.64464 13.6434 5.58
      vertex 2.74884 13.6537 5.58
      vertex 2.61358 14.1174 4.78
    endloop
  endfacet
  facet normal 0.0279278 0.859519 0.51034
    outer loop
      vertex 2.54 13.64 5.58
      vertex 2.54 14.115 4.78
      vertex 2.43536 13.6434 5.58
    endloop
  endfacet
  facet normal 0.405676 0.758303 0.510298
    outer loop
      vertex 1.83234 13.805 5.58
      vertex 1.9775 14.2657 4.78
      vertex 1.74 13.8544 5.58
    endloop
  endfacet
  facet normal -0.730263 -0.454176 0.510334
    outer loop
      vertex 3.92564 16.04 5.58
      vertex 3.87035 16.1289 5.58
      vertex 3.51428 15.8025 4.78
    endloop
  endfacet
  facet normal 0.804817 -0.303004 0.51035
    outer loop
      vertex 1.4747 15.6016 4.78
      vertex 1.50064 15.6705 4.78
      vertex 1.06179 15.8523 5.58
    endloop
  endfacet
  facet normal -0.195102 0.837538 0.510359
    outer loop
      vertex 2.85214 13.6707 5.58
      vertex 2.83117 14.1533 4.78
      vertex 2.75948 14.1366 4.78
    endloop
  endfacet
  facet normal -0.0280351 -0.859511 0.510348
    outer loop
      vertex 2.61358 16.3626 4.78
      vertex 2.64464 16.8366 5.58
      vertex 2.54 16.365 4.78
    endloop
  endfacet
  facet normal -0.699033 -0.500905 0.51034
    outer loop
      vertex 3.87035 16.1289 5.58
      vertex 3.80937 16.214 5.58
      vertex 3.4754 15.865 4.78
    endloop
  endfacet
  facet normal -0.783363 0.354813 0.510343
    outer loop
      vertex 3.975 14.5323 5.58
      vertex 4.01821 14.6277 5.58
      vertex 3.54898 14.7424 4.78
    endloop
  endfacet
  facet normal -0.302605 0.805 0.510298
    outer loop
      vertex 3.15229 13.7618 5.58
      vertex 2.97052 14.2006 4.78
      vertex 2.90162 14.1747 4.78
    endloop
  endfacet
  facet normal -0.848497 0.140047 0.510333
    outer loop
      vertex 4.10926 14.9279 5.58
      vertex 4.12631 15.0312 5.58
      vertex 3.64338 15.0205 4.78
    endloop
  endfacet
  facet normal -0.545969 -0.66444 0.51033
    outer loop
      vertex 3.59495 16.4429 5.58
      vertex 3.51402 16.5094 5.58
      vertex 3.28176 16.0858 4.78
    endloop
  endfacet
  facet normal 0.195467 -0.837471 0.510328
    outer loop
      vertex 2.24883 16.3267 4.78
      vertex 2.22786 16.8093 5.58
      vertex 2.12589 16.7855 5.58
    endloop
  endfacet
  facet normal -0.587539 0.627968 0.510347
    outer loop
      vertex 3.59495 14.0371 5.58
      vertex 3.67137 14.1086 5.58
      vertex 3.33549 14.4445 4.78
    endloop
  endfacet
  facet normal -0.501051 0.698902 0.510375
    outer loop
      vertex 3.51402 13.9706 5.58
      vertex 3.22486 14.3475 4.78
      vertex 3.16502 14.3046 4.78
    endloop
  endfacet
  facet normal 0.848492 0.140087 0.51033
    outer loop
      vertex 0.970744 14.9279 5.58
      vertex 1.43662 15.0205 4.78
      vertex 0.953689 15.0312 5.58
    endloop
  endfacet
  facet normal -0.664951 0.545342 0.510336
    outer loop
      vertex 3.74294 14.185 5.58
      vertex 3.80937 14.266 5.58
      vertex 3.38582 14.4982 4.78
    endloop
  endfacet
  facet normal 0.249953 -0.822859 0.510321
    outer loop
      vertex 2.17838 16.3053 4.78
      vertex 2.24883 16.3267 4.78
      vertex 2.12589 16.7855 5.58
    endloop
  endfacet
  facet normal -0.500966 -0.69897 0.510366
    outer loop
      vertex 3.51402 16.5094 5.58
      vertex 3.42891 16.5704 5.58
      vertex 3.16502 16.1754 4.78
    endloop
  endfacet
  facet normal -0.837522 0.195257 0.510326
    outer loop
      vertex 4.08548 14.8259 5.58
      vertex 4.10926 14.9279 5.58
      vertex 3.62667 14.9488 4.78
    endloop
  endfacet
  facet normal -0.85584 0.0842699 0.510329
    outer loop
      vertex 4.12631 15.0312 5.58
      vertex 4.13657 15.1354 5.58
      vertex 3.66259 15.1664 4.78
    endloop
  endfacet
  facet normal 0.859515 -0.0281444 0.510336
    outer loop
      vertex 1.415 15.24 4.78
      vertex 1.41741 15.3136 4.78
      vertex 0.943426 15.3446 5.58
    endloop
  endfacet
  facet normal -0.0280351 0.859511 0.510348
    outer loop
      vertex 2.64464 13.6434 5.58
      vertex 2.61358 14.1174 4.78
      vertex 2.54 14.115 4.78
    endloop
  endfacet
  facet normal -0.084115 0.85587 0.510305
    outer loop
      vertex 2.74884 13.6537 5.58
      vertex 2.68684 14.1246 4.78
      vertex 2.61358 14.1174 4.78
    endloop
  endfacet
  facet normal 0.822906 0.249794 0.510322
    outer loop
      vertex 1.4747 14.8784 4.78
      vertex 1.45333 14.9488 4.78
      vertex 0.994519 14.8259 5.58
    endloop
  endfacet
  facet normal 0.139646 0.848553 0.51035
    outer loop
      vertex 2.33116 13.6537 5.58
      vertex 2.32052 14.1366 4.78
      vertex 2.22786 13.6707 5.58
    endloop
  endfacet
  facet normal -0.0279278 0.859519 0.51034
    outer loop
      vertex 2.64464 13.6434 5.58
      vertex 2.54 14.115 4.78
      vertex 2.54 13.64 5.58
    endloop
  endfacet
  facet normal 0.627604 0.587927 0.510348
    outer loop
      vertex 1.40863 14.1086 5.58
      vertex 1.7445 14.4445 4.78
      vertex 1.33706 14.185 5.58
    endloop
  endfacet
  facet normal 0.699284 -0.500589 0.510307
    outer loop
      vertex 1.6046 15.865 4.78
      vertex 1.64748 15.9249 4.78
      vertex 1.27063 16.214 5.58
    endloop
  endfacet
  facet normal 0.822953 0.249605 0.510338
    outer loop
      vertex 1.02491 14.7257 5.58
      vertex 1.4747 14.8784 4.78
      vertex 0.994519 14.8259 5.58
    endloop
  endfacet
  facet normal 0.804866 0.302892 0.51034
    outer loop
      vertex 1.06179 14.6277 5.58
      vertex 1.4747 14.8784 4.78
      vertex 1.02491 14.7257 5.58
    endloop
  endfacet
  facet normal 0.848492 -0.140087 0.51033
    outer loop
      vertex 1.43662 15.4595 4.78
      vertex 0.970744 15.5521 5.58
      vertex 0.953689 15.4488 5.58
    endloop
  endfacet
  facet normal 0.587541 0.627971 0.510341
    outer loop
      vertex 1.48505 14.0371 5.58
      vertex 1.7445 14.4445 4.78
      vertex 1.40863 14.1086 5.58
    endloop
  endfacet
  facet normal 0.302605 -0.805 0.510298
    outer loop
      vertex 2.10948 16.2794 4.78
      vertex 2.17838 16.3053 4.78
      vertex 1.92771 16.7182 5.58
    endloop
  endfacet
  facet normal -0.545969 0.66444 0.51033
    outer loop
      vertex 3.51402 13.9706 5.58
      vertex 3.59495 14.0371 5.58
      vertex 3.28176 14.3942 4.78
    endloop
  endfacet
  facet normal 0.545969 -0.66444 0.51033
    outer loop
      vertex 1.79824 16.0858 4.78
      vertex 1.56598 16.5094 5.58
      vertex 1.48505 16.4429 5.58
    endloop
  endfacet
  facet normal 0.758345 0.405546 0.510338
    outer loop
      vertex 1.15436 14.44 5.58
      vertex 1.56572 14.6775 4.78
      vertex 1.105 14.5323 5.58
    endloop
  endfacet
  facet normal 0.500966 -0.69897 0.510366
    outer loop
      vertex 1.91498 16.1754 4.78
      vertex 1.65109 16.5704 5.58
      vertex 1.56598 16.5094 5.58
    endloop
  endfacet
  facet normal 0.664763 0.545596 0.510309
    outer loop
      vertex 1.69418 14.4982 4.78
      vertex 1.64748 14.5551 4.78
      vertex 1.27063 14.266 5.58
    endloop
  endfacet
  facet normal 0.545573 0.664735 0.51037
    outer loop
      vertex 1.85514 14.3475 4.78
      vertex 1.79824 14.3942 4.78
      vertex 1.56598 13.9706 5.58
    endloop
  endfacet
  facet normal -0.139646 -0.848553 0.51035
    outer loop
      vertex 2.75948 16.3434 4.78
      vertex 2.85214 16.8093 5.58
      vertex 2.74884 16.8263 5.58
    endloop
  endfacet
  facet normal -0.501051 -0.698902 0.510375
    outer loop
      vertex 3.22486 16.1325 4.78
      vertex 3.51402 16.5094 5.58
      vertex 3.16502 16.1754 4.78
    endloop
  endfacet
  facet normal 0.195102 -0.837538 0.510359
    outer loop
      vertex 2.24883 16.3267 4.78
      vertex 2.32052 16.3434 4.78
      vertex 2.22786 16.8093 5.58
    endloop
  endfacet
  facet normal -0.140169 -0.848492 0.510307
    outer loop
      vertex 2.75948 16.3434 4.78
      vertex 2.74884 16.8263 5.58
      vertex 2.68684 16.3554 4.78
    endloop
  endfacet
  facet normal -0.837522 -0.195257 0.510326
    outer loop
      vertex 4.10926 15.5521 5.58
      vertex 4.08548 15.6541 5.58
      vertex 3.62667 15.5312 4.78
    endloop
  endfacet
  facet normal -0.355121 0.783251 0.510301
    outer loop
      vertex 3.15229 13.7618 5.58
      vertex 3.03757 14.231 4.78
      vertex 2.97052 14.2006 4.78
    endloop
  endfacet
  facet normal -0.249953 -0.822859 0.510321
    outer loop
      vertex 2.90162 16.3053 4.78
      vertex 2.95411 16.7855 5.58
      vertex 2.83117 16.3267 4.78
    endloop
  endfacet
  facet normal 0.699033 -0.500905 0.51034
    outer loop
      vertex 1.6046 15.865 4.78
      vertex 1.27063 16.214 5.58
      vertex 1.20965 16.1289 5.58
    endloop
  endfacet
  facet normal -0.249694 -0.822923 0.510343
    outer loop
      vertex 3.0543 16.7551 5.58
      vertex 2.95411 16.7855 5.58
      vertex 2.90162 16.3053 4.78
    endloop
  endfacet
  facet normal 0.302605 0.805 0.510298
    outer loop
      vertex 2.17838 14.1747 4.78
      vertex 2.10948 14.2006 4.78
      vertex 1.92771 13.7618 5.58
    endloop
  endfacet
  facet normal -0.249953 0.822859 0.510321
    outer loop
      vertex 2.95411 13.6945 5.58
      vertex 2.90162 14.1747 4.78
      vertex 2.83117 14.1533 4.78
    endloop
  endfacet
  facet normal 0.355121 0.783251 0.510301
    outer loop
      vertex 2.10948 14.2006 4.78
      vertex 2.04243 14.231 4.78
      vertex 1.92771 13.7618 5.58
    endloop
  endfacet
  facet normal -0.822956 0.249597 0.510338
    outer loop
      vertex 4.05509 14.7257 5.58
      vertex 4.08548 14.8259 5.58
      vertex 3.6053 14.8784 4.78
    endloop
  endfacet
  facet normal 0.664951 0.545342 0.510336
    outer loop
      vertex 1.33706 14.185 5.58
      vertex 1.69418 14.4982 4.78
      vertex 1.27063 14.266 5.58
    endloop
  endfacet
  facet normal 0.303063 -0.804802 0.51034
    outer loop
      vertex 2.17838 16.3053 4.78
      vertex 2.0257 16.7551 5.58
      vertex 1.92771 16.7182 5.58
    endloop
  endfacet
  facet normal -0.139646 0.848553 0.51035
    outer loop
      vertex 2.85214 13.6707 5.58
      vertex 2.75948 14.1366 4.78
      vertex 2.74884 13.6537 5.58
    endloop
  endfacet
  facet normal -0.730263 0.454176 0.510334
    outer loop
      vertex 3.87035 14.3511 5.58
      vertex 3.92564 14.44 5.58
      vertex 3.51428 14.6775 4.78
    endloop
  endfacet
  facet normal 0.664763 -0.545596 0.510309
    outer loop
      vertex 1.64748 15.9249 4.78
      vertex 1.69418 15.9818 4.78
      vertex 1.27063 16.214 5.58
    endloop
  endfacet
  facet normal -0.249694 0.822923 0.510343
    outer loop
      vertex 2.95411 13.6945 5.58
      vertex 3.0543 13.7249 5.58
      vertex 2.90162 14.1747 4.78
    endloop
  endfacet
  facet normal -0.303063 0.804802 0.51034
    outer loop
      vertex 3.0543 13.7249 5.58
      vertex 3.15229 13.7618 5.58
      vertex 2.90162 14.1747 4.78
    endloop
  endfacet
  facet normal 0.699033 0.500905 0.51034
    outer loop
      vertex 1.27063 14.266 5.58
      vertex 1.6046 14.615 4.78
      vertex 1.20965 14.3511 5.58
    endloop
  endfacet
  facet normal 0.139646 -0.848553 0.51035
    outer loop
      vertex 2.32052 16.3434 4.78
      vertex 2.33116 16.8263 5.58
      vertex 2.22786 16.8093 5.58
    endloop
  endfacet
  facet normal 0.758377 -0.40548 0.510344
    outer loop
      vertex 1.53102 15.7376 4.78
      vertex 1.56572 15.8025 4.78
      vertex 1.105 15.9477 5.58
    endloop
  endfacet
  facet normal 0.783363 0.354813 0.510343
    outer loop
      vertex 1.105 14.5323 5.58
      vertex 1.53102 14.7424 4.78
      vertex 1.06179 14.6277 5.58
    endloop
  endfacet
  facet normal 0.837535 -0.195191 0.510328
    outer loop
      vertex 1.43662 15.4595 4.78
      vertex 1.45333 15.5312 4.78
      vertex 0.970744 15.5521 5.58
    endloop
  endfacet
  facet normal 0.848509 0.13994 0.510342
    outer loop
      vertex 1.43662 15.0205 4.78
      vertex 1.42463 15.0932 4.78
      vertex 0.953689 15.0312 5.58
    endloop
  endfacet
  facet normal 0.855819 0.0844127 0.510342
    outer loop
      vertex 1.42463 15.0932 4.78
      vertex 1.41741 15.1664 4.78
      vertex 0.953689 15.0312 5.58
    endloop
  endfacet
  facet normal 0.454304 0.730156 0.510372
    outer loop
      vertex 1.9775 14.2657 4.78
      vertex 1.91498 14.3046 4.78
      vertex 1.65109 13.9096 5.58
    endloop
  endfacet
  facet normal -0.758345 -0.405546 0.510338
    outer loop
      vertex 3.975 15.9477 5.58
      vertex 3.92564 16.04 5.58
      vertex 3.51428 15.8025 4.78
    endloop
  endfacet
  facet normal -0.837534 -0.195191 0.510331
    outer loop
      vertex 3.64338 15.4595 4.78
      vertex 4.10926 15.5521 5.58
      vertex 3.62667 15.5312 4.78
    endloop
  endfacet
  facet normal -0.587729 0.627807 0.510326
    outer loop
      vertex 3.59495 14.0371 5.58
      vertex 3.33549 14.4445 4.78
      vertex 3.28176 14.3942 4.78
    endloop
  endfacet
  facet normal 0.195467 0.837471 0.510328
    outer loop
      vertex 2.22786 13.6707 5.58
      vertex 2.24883 14.1533 4.78
      vertex 2.12589 13.6945 5.58
    endloop
  endfacet
  facet normal 0.249953 0.822859 0.510321
    outer loop
      vertex 2.24883 14.1533 4.78
      vertex 2.17838 14.1747 4.78
      vertex 2.12589 13.6945 5.58
    endloop
  endfacet
  facet normal -0.0279278 -0.859519 0.51034
    outer loop
      vertex 2.64464 16.8366 5.58
      vertex 2.54 16.84 5.58
      vertex 2.54 16.365 4.78
    endloop
  endfacet
  facet normal 0.587671 -0.627861 0.510327
    outer loop
      vertex 1.7445 16.0355 4.78
      vertex 1.79824 16.0858 4.78
      vertex 1.48505 16.4429 5.58
    endloop
  endfacet
  facet normal 0.354841 -0.783362 0.510326
    outer loop
      vertex 2.04243 16.249 4.78
      vertex 1.92771 16.7182 5.58
      vertex 1.83234 16.675 5.58
    endloop
  endfacet
  facet normal -0.587729 -0.627807 0.510326
    outer loop
      vertex 3.33549 16.0355 4.78
      vertex 3.59495 16.4429 5.58
      vertex 3.28176 16.0858 4.78
    endloop
  endfacet
  facet normal 0.783363 -0.354813 0.510343
    outer loop
      vertex 1.53102 15.7376 4.78
      vertex 1.105 15.9477 5.58
      vertex 1.06179 15.8523 5.58
    endloop
  endfacet
  facet normal -0.664951 -0.545342 0.510336
    outer loop
      vertex 3.80937 16.214 5.58
      vertex 3.74294 16.295 5.58
      vertex 3.38582 15.9818 4.78
    endloop
  endfacet
  facet normal -0.405676 -0.758303 0.510298
    outer loop
      vertex 3.34 16.6256 5.58
      vertex 3.24766 16.675 5.58
      vertex 3.1025 16.2143 4.78
    endloop
  endfacet
  facet normal -0.85584 -0.0842699 0.510329
    outer loop
      vertex 4.13657 15.3446 5.58
      vertex 4.12631 15.4488 5.58
      vertex 3.66259 15.3136 4.78
    endloop
  endfacet
  facet normal -0.730211 -0.45425 0.510342
    outer loop
      vertex 3.51428 15.8025 4.78
      vertex 3.87035 16.1289 5.58
      vertex 3.4754 15.865 4.78
    endloop
  endfacet
  facet normal -0.78341 -0.354694 0.510354
    outer loop
      vertex 3.57936 15.6705 4.78
      vertex 4.01821 15.8523 5.58
      vertex 3.54898 15.7376 4.78
    endloop
  endfacet
  facet normal 0.587541 -0.627971 0.510341
    outer loop
      vertex 1.7445 16.0355 4.78
      vertex 1.48505 16.4429 5.58
      vertex 1.40863 16.3714 5.58
    endloop
  endfacet
  facet normal 0.837531 -0.195219 0.510326
    outer loop
      vertex 1.45333 15.5312 4.78
      vertex 0.994519 15.6541 5.58
      vertex 0.970744 15.5521 5.58
    endloop
  endfacet
  facet normal 0.822906 -0.249794 0.510322
    outer loop
      vertex 1.45333 15.5312 4.78
      vertex 1.4747 15.6016 4.78
      vertex 0.994519 15.6541 5.58
    endloop
  endfacet
  facet normal 0.627604 -0.587927 0.510348
    outer loop
      vertex 1.7445 16.0355 4.78
      vertex 1.40863 16.3714 5.58
      vertex 1.33706 16.295 5.58
    endloop
  endfacet
  facet normal -0.545573 -0.664735 0.51037
    outer loop
      vertex 3.28176 16.0858 4.78
      vertex 3.51402 16.5094 5.58
      vertex 3.22486 16.1325 4.78
    endloop
  endfacet
  facet normal 0.699284 0.500589 0.510307
    outer loop
      vertex 1.64748 14.5551 4.78
      vertex 1.6046 14.615 4.78
      vertex 1.27063 14.266 5.58
    endloop
  endfacet
  facet normal -0.758377 0.40548 0.510344
    outer loop
      vertex 3.975 14.5323 5.58
      vertex 3.54898 14.7424 4.78
      vertex 3.51428 14.6775 4.78
    endloop
  endfacet
  facet normal -0.78341 0.354694 0.510354
    outer loop
      vertex 4.01821 14.6277 5.58
      vertex 3.57936 14.8095 4.78
      vertex 3.54898 14.7424 4.78
    endloop
  endfacet
  facet normal -0.822956 -0.249597 0.510338
    outer loop
      vertex 4.08548 15.6541 5.58
      vertex 4.05509 15.7543 5.58
      vertex 3.6053 15.6016 4.78
    endloop
  endfacet
  facet normal -0.699284 -0.500589 0.510307
    outer loop
      vertex 3.4754 15.865 4.78
      vertex 3.80937 16.214 5.58
      vertex 3.43252 15.9249 4.78
    endloop
  endfacet
  facet normal 0.758377 0.40548 0.510344
    outer loop
      vertex 1.56572 14.6775 4.78
      vertex 1.53102 14.7424 4.78
      vertex 1.105 14.5323 5.58
    endloop
  endfacet
  facet normal 0.730211 0.45425 0.510342
    outer loop
      vertex 1.6046 14.615 4.78
      vertex 1.56572 14.6775 4.78
      vertex 1.20965 14.3511 5.58
    endloop
  endfacet
  facet normal -0.804866 -0.302892 0.51034
    outer loop
      vertex 4.05509 15.7543 5.58
      vertex 4.01821 15.8523 5.58
      vertex 3.6053 15.6016 4.78
    endloop
  endfacet
  facet normal 0.545573 -0.664735 0.51037
    outer loop
      vertex 1.79824 16.0858 4.78
      vertex 1.85514 16.1325 4.78
      vertex 1.56598 16.5094 5.58
    endloop
  endfacet
  facet normal 0.758345 -0.405546 0.510338
    outer loop
      vertex 1.56572 15.8025 4.78
      vertex 1.15436 16.04 5.58
      vertex 1.105 15.9477 5.58
    endloop
  endfacet
  facet normal -0.627602 -0.587925 0.510353
    outer loop
      vertex 3.74294 16.295 5.58
      vertex 3.67137 16.3714 5.58
      vertex 3.33549 16.0355 4.78
    endloop
  endfacet
  facet normal 0.627522 -0.588024 0.510337
    outer loop
      vertex 1.69418 15.9818 4.78
      vertex 1.7445 16.0355 4.78
      vertex 1.33706 16.295 5.58
    endloop
  endfacet
  facet normal 0.501051 -0.698902 0.510375
    outer loop
      vertex 1.85514 16.1325 4.78
      vertex 1.91498 16.1754 4.78
      vertex 1.56598 16.5094 5.58
    endloop
  endfacet
  facet normal -0.195102 -0.837538 0.510359
    outer loop
      vertex 2.83117 16.3267 4.78
      vertex 2.85214 16.8093 5.58
      vertex 2.75948 16.3434 4.78
    endloop
  endfacet
  facet normal -0.664763 -0.545596 0.510309
    outer loop
      vertex 3.43252 15.9249 4.78
      vertex 3.80937 16.214 5.58
      vertex 3.38582 15.9818 4.78
    endloop
  endfacet
  facet normal -0.355121 -0.783251 0.510301
    outer loop
      vertex 3.03757 16.249 4.78
      vertex 3.15229 16.7182 5.58
      vertex 2.97052 16.2794 4.78
    endloop
  endfacet
  facet normal 0.78341 -0.354694 0.510354
    outer loop
      vertex 1.50064 15.6705 4.78
      vertex 1.53102 15.7376 4.78
      vertex 1.06179 15.8523 5.58
    endloop
  endfacet
  facet normal -0.302605 -0.805 0.510298
    outer loop
      vertex 2.97052 16.2794 4.78
      vertex 3.15229 16.7182 5.58
      vertex 2.90162 16.3053 4.78
    endloop
  endfacet
  facet normal -0.454304 -0.730156 0.510372
    outer loop
      vertex 3.16502 16.1754 4.78
      vertex 3.42891 16.5704 5.58
      vertex 3.1025 16.2143 4.78
    endloop
  endfacet
  facet normal -0.804817 -0.303004 0.51035
    outer loop
      vertex 3.6053 15.6016 4.78
      vertex 4.01821 15.8523 5.58
      vertex 3.57936 15.6705 4.78
    endloop
  endfacet
  facet normal -0.822906 -0.249794 0.510322
    outer loop
      vertex 3.62667 15.5312 4.78
      vertex 4.08548 15.6541 5.58
      vertex 3.6053 15.6016 4.78
    endloop
  endfacet
  facet normal -0.405339 -0.758463 0.510328
    outer loop
      vertex 3.1025 16.2143 4.78
      vertex 3.24766 16.675 5.58
      vertex 3.03757 16.249 4.78
    endloop
  endfacet
  facet normal -0.587539 -0.627968 0.510347
    outer loop
      vertex 3.67137 16.3714 5.58
      vertex 3.59495 16.4429 5.58
      vertex 3.33549 16.0355 4.78
    endloop
  endfacet
  facet normal 0.859515 0.0281444 0.510336
    outer loop
      vertex 1.41741 15.1664 4.78
      vertex 1.415 15.24 4.78
      vertex 0.943426 15.1354 5.58
    endloop
  endfacet
  facet normal 0.859515 0.0281438 0.510336
    outer loop
      vertex 0.943426 15.1354 5.58
      vertex 1.415 15.24 4.78
      vertex 0.940001 15.24 5.58
    endloop
  endfacet
  facet normal 0.454304 -0.730156 0.510372
    outer loop
      vertex 1.91498 16.1754 4.78
      vertex 1.9775 16.2143 4.78
      vertex 1.65109 16.5704 5.58
    endloop
  endfacet
  facet normal 0.405676 -0.758303 0.510298
    outer loop
      vertex 1.9775 16.2143 4.78
      vertex 1.83234 16.675 5.58
      vertex 1.74 16.6256 5.58
    endloop
  endfacet
  facet normal 0.78341 0.354694 0.510354
    outer loop
      vertex 1.53102 14.7424 4.78
      vertex 1.50064 14.8095 4.78
      vertex 1.06179 14.6277 5.58
    endloop
  endfacet
  facet normal 0.804817 0.303004 0.51035
    outer loop
      vertex 1.50064 14.8095 4.78
      vertex 1.4747 14.8784 4.78
      vertex 1.06179 14.6277 5.58
    endloop
  endfacet
  facet normal -0.758377 -0.40548 0.510344
    outer loop
      vertex 3.54898 15.7376 4.78
      vertex 3.975 15.9477 5.58
      vertex 3.51428 15.8025 4.78
    endloop
  endfacet
  facet normal -0.848509 -0.13994 0.510342
    outer loop
      vertex 3.65537 15.3868 4.78
      vertex 4.12631 15.4488 5.58
      vertex 3.64338 15.4595 4.78
    endloop
  endfacet
  facet normal -0.855819 -0.0844128 0.510341
    outer loop
      vertex 3.66259 15.3136 4.78
      vertex 4.12631 15.4488 5.58
      vertex 3.65537 15.3868 4.78
    endloop
  endfacet
  facet normal 0.995178 0.0980883 0
    outer loop
      vertex 53.8934 15.4427 5.6
      vertex 53.8735 15.6446 4.75
      vertex 53.8735 15.6446 5.6
    endloop
  endfacet
  facet normal 0.995178 0.0980883 0
    outer loop
      vertex 53.8735 15.6446 4.75
      vertex 53.8934 15.4427 5.6
      vertex 53.8934 15.4427 4.75
    endloop
  endfacet
  facet normal 0.99947 0.0325432 0
    outer loop
      vertex 53.9 15.24 5.6
      vertex 53.8934 15.4427 4.75
      vertex 53.8934 15.4427 5.6
    endloop
  endfacet
  facet normal 0.99947 0.0325432 0
    outer loop
      vertex 53.8934 15.4427 4.75
      vertex 53.9 15.24 5.6
      vertex 53.9 15.24 4.75
    endloop
  endfacet
  facet normal 0.986606 0.16312 0
    outer loop
      vertex 53.8735 15.6446 5.6
      vertex 53.8404 15.8448 4.75
      vertex 53.8404 15.8448 5.6
    endloop
  endfacet
  facet normal 0.986606 0.16312 0
    outer loop
      vertex 53.8404 15.8448 4.75
      vertex 53.8735 15.6446 5.6
      vertex 53.8735 15.6446 4.75
    endloop
  endfacet
  facet normal 0.849297 -0.527915 0
    outer loop
      vertex 53.3776 13.5177 5.6
      vertex 53.4847 13.69 2.4
      vertex 53.4847 13.69 5.6
    endloop
  endfacet
  facet normal 0.849297 -0.527915 0
    outer loop
      vertex 53.4847 13.69 2.4
      vertex 53.3776 13.5177 5.6
      vertex 53.3776 13.5177 2.4
    endloop
  endfacet
  facet normal -0.910923 -0.412577 0
    outer loop
      vertex 48.0197 13.8689 2.4
      vertex 47.936 14.0537 5.6
      vertex 47.936 14.0537 2.4
    endloop
  endfacet
  facet normal -0.910923 -0.412577 0
    outer loop
      vertex 47.936 14.0537 5.6
      vertex 48.0197 13.8689 2.4
      vertex 48.0197 13.8689 5.6
    endloop
  endfacet
  facet normal -0.973932 -0.22684 0
    outer loop
      vertex 47.8056 14.4377 2.4
      vertex 47.7596 14.6352 5.6
      vertex 47.7596 14.6352 2.4
    endloop
  endfacet
  facet normal -0.973932 -0.22684 0
    outer loop
      vertex 47.7596 14.6352 5.6
      vertex 47.8056 14.4377 2.4
      vertex 47.8056 14.4377 5.6
    endloop
  endfacet
  facet normal 0.935801 -0.352528 0
    outer loop
      vertex 53.664 14.0537 5.6
      vertex 53.7355 14.2435 2.4
      vertex 53.7355 14.2435 5.6
    endloop
  endfacet
  facet normal 0.935801 -0.352528 0
    outer loop
      vertex 53.7355 14.2435 2.4
      vertex 53.664 14.0537 5.6
      vertex 53.664 14.0537 2.4
    endloop
  endfacet
  facet normal -0.22684 0.973932 0
    outer loop
      vertex 50.1952 18.2804 2.4
      vertex 49.9977 18.2344 5.6
      vertex 50.1952 18.2804 5.6
    endloop
  endfacet
  facet normal -0.22684 0.973932 0
    outer loop
      vertex 49.9977 18.2344 5.6
      vertex 50.1952 18.2804 2.4
      vertex 49.9977 18.2344 2.4
    endloop
  endfacet
  facet normal -0.471305 -0.881971 0
    outer loop
      vertex 49.25 12.5553 2.4
      vertex 49.4289 12.4597 5.6
      vertex 49.25 12.5553 5.6
    endloop
  endfacet
  facet normal -0.471305 -0.881971 -0
    outer loop
      vertex 49.4289 12.4597 5.6
      vertex 49.25 12.5553 2.4
      vertex 49.4289 12.4597 2.4
    endloop
  endfacet
  facet normal 0.22684 -0.973932 0
    outer loop
      vertex 51.4048 12.1996 2.4
      vertex 51.6023 12.2456 5.6
      vertex 51.4048 12.1996 5.6
    endloop
  endfacet
  facet normal 0.22684 -0.973932 0
    outer loop
      vertex 51.6023 12.2456 5.6
      vertex 51.4048 12.1996 2.4
      vertex 51.6023 12.2456 2.4
    endloop
  endfacet
  facet normal 0.0325272 -0.999471 0
    outer loop
      vertex 50.8 12.14 2.4
      vertex 51.0028 12.1466 5.6
      vertex 50.8 12.14 5.6
    endloop
  endfacet
  facet normal 0.0325272 -0.999471 0
    outer loop
      vertex 51.0028 12.1466 5.6
      vertex 50.8 12.14 2.4
      vertex 51.0028 12.1466 2.4
    endloop
  endfacet
  facet normal 0.16312 -0.986606 0
    outer loop
      vertex 51.2046 12.1665 2.4
      vertex 51.4048 12.1996 5.6
      vertex 51.2046 12.1665 5.6
    endloop
  endfacet
  facet normal 0.16312 -0.986606 0
    outer loop
      vertex 51.4048 12.1996 5.6
      vertex 51.2046 12.1665 2.4
      vertex 51.4048 12.1996 2.4
    endloop
  endfacet
  facet normal 0.582589 -0.812767 0
    outer loop
      vertex 52.5223 12.6624 2.4
      vertex 52.6872 12.7806 5.6
      vertex 52.5223 12.6624 5.6
    endloop
  endfacet
  facet normal 0.582589 -0.812767 0
    outer loop
      vertex 52.6872 12.7806 5.6
      vertex 52.5223 12.6624 2.4
      vertex 52.6872 12.7806 2.4
    endloop
  endfacet
  facet normal -0.68381 0.72966 0
    outer loop
      vertex 48.756 17.5707 2.4
      vertex 48.608 17.432 5.6
      vertex 48.756 17.5707 5.6
    endloop
  endfacet
  facet normal -0.68381 0.72966 0
    outer loop
      vertex 48.608 17.432 5.6
      vertex 48.756 17.5707 2.4
      vertex 48.608 17.432 2.4
    endloop
  endfacet
  facet normal -0.973932 0.22684 0
    outer loop
      vertex 47.7596 15.8448 2.4
      vertex 47.8056 16.0423 5.6
      vertex 47.8056 16.0423 2.4
    endloop
  endfacet
  facet normal -0.973932 0.22684 0
    outer loop
      vertex 47.8056 16.0423 5.6
      vertex 47.7596 15.8448 2.4
      vertex 47.7596 15.8448 5.6
    endloop
  endfacet
  facet normal -0.995178 0.0980883 0
    outer loop
      vertex 47.7066 15.4427 2.4
      vertex 47.7265 15.6446 5.6
      vertex 47.7265 15.6446 2.4
    endloop
  endfacet
  facet normal -0.995178 0.0980883 0
    outer loop
      vertex 47.7265 15.6446 5.6
      vertex 47.7066 15.4427 2.4
      vertex 47.7066 15.4427 5.6
    endloop
  endfacet
  facet normal -0.352528 0.935801 0
    outer loop
      vertex 49.8035 18.1755 2.4
      vertex 49.6137 18.104 5.6
      vertex 49.8035 18.1755 5.6
    endloop
  endfacet
  facet normal -0.352528 0.935801 0
    outer loop
      vertex 49.6137 18.104 5.6
      vertex 49.8035 18.1755 2.4
      vertex 49.6137 18.104 2.4
    endloop
  endfacet
  facet normal -0.995178 -0.0980883 0
    outer loop
      vertex 47.7265 14.8354 2.4
      vertex 47.7066 15.0373 5.6
      vertex 47.7066 15.0373 2.4
    endloop
  endfacet
  facet normal -0.995178 -0.0980883 0
    outer loop
      vertex 47.7066 15.0373 5.6
      vertex 47.7265 14.8354 2.4
      vertex 47.7265 14.8354 5.6
    endloop
  endfacet
  facet normal 0.72966 -0.68381 0
    outer loop
      vertex 52.992 13.048 5.6
      vertex 53.1307 13.196 2.4
      vertex 53.1307 13.196 5.6
    endloop
  endfacet
  facet normal 0.72966 -0.68381 0
    outer loop
      vertex 53.1307 13.196 2.4
      vertex 52.992 13.048 5.6
      vertex 52.992 13.048 2.4
    endloop
  endfacet
  facet normal 0.956913 -0.290374 0
    outer loop
      vertex 53.7944 14.4377 5.6
      vertex 53.79 14.4232 4.75
      vertex 53.7944 14.4377 4.75
    endloop
  endfacet
  facet normal 0.956954 -0.29024 -2.49282e-06
    outer loop
      vertex 53.7355 14.2435 5.6
      vertex 53.79 14.4232 4.75
      vertex 53.7944 14.4377 5.6
    endloop
  endfacet
  facet normal 0.956957 -0.290229 0
    outer loop
      vertex 53.7355 14.2435 2.4
      vertex 53.79 14.4232 4.75
      vertex 53.7355 14.2435 5.6
    endloop
  endfacet
  facet normal 0.956957 -0.290229 0
    outer loop
      vertex 53.79 14.4232 4.75
      vertex 53.7355 14.2435 2.4
      vertex 53.79 14.4232 2.4
    endloop
  endfacet
  facet normal -0.527915 0.849297 0
    outer loop
      vertex 49.25 17.9247 2.4
      vertex 49.0777 17.8176 5.6
      vertex 49.25 17.9247 5.6
    endloop
  endfacet
  facet normal -0.527915 0.849297 0
    outer loop
      vertex 49.0777 17.8176 5.6
      vertex 49.25 17.9247 2.4
      vertex 49.0777 17.8176 2.4
    endloop
  endfacet
  facet normal 0.634445 0.772968 -0
    outer loop
      vertex 52.844 17.5707 2.4
      vertex 52.6872 17.6994 5.6
      vertex 52.844 17.5707 5.6
    endloop
  endfacet
  facet normal 0.634445 0.772968 0
    outer loop
      vertex 52.6872 17.6994 5.6
      vertex 52.844 17.5707 2.4
      vertex 52.6872 17.6994 2.4
    endloop
  endfacet
  facet normal -0.29024 0.956954 0
    outer loop
      vertex 49.9977 18.2344 2.4
      vertex 49.8035 18.1755 5.6
      vertex 49.9977 18.2344 5.6
    endloop
  endfacet
  facet normal -0.29024 0.956954 0
    outer loop
      vertex 49.8035 18.1755 5.6
      vertex 49.9977 18.2344 2.4
      vertex 49.8035 18.1755 2.4
    endloop
  endfacet
  facet normal 0.471305 -0.881971 0
    outer loop
      vertex 52.1711 12.4597 2.4
      vertex 52.35 12.5553 5.6
      vertex 52.1711 12.4597 5.6
    endloop
  endfacet
  facet normal 0.471305 -0.881971 0
    outer loop
      vertex 52.35 12.5553 5.6
      vertex 52.1711 12.4597 2.4
      vertex 52.35 12.5553 2.4
    endloop
  endfacet
  facet normal 0 0 1
    outer loop
      vertex 53.8934 15.4427 5.6
      vertex 53.8934 15.0373 5.6
      vertex 53.9 15.24 5.6
    endloop
  endfacet
  facet normal 0 0 1
    outer loop
      vertex 53.8735 15.6446 5.6
      vertex 53.8934 15.0373 5.6
      vertex 53.8934 15.4427 5.6
    endloop
  endfacet
  facet normal 0 0 1
    outer loop
      vertex 53.8735 15.6446 5.6
      vertex 53.8735 14.8354 5.6
      vertex 53.8934 15.0373 5.6
    endloop
  endfacet
  facet normal 0 0 1
    outer loop
      vertex 53.8404 15.8448 5.6
      vertex 53.8735 14.8354 5.6
      vertex 53.8735 15.6446 5.6
    endloop
  endfacet
  facet normal 0 0 1
    outer loop
      vertex 53.8404 15.8448 5.6
      vertex 53.8404 14.6352 5.6
      vertex 53.8735 14.8354 5.6
    endloop
  endfacet
  facet normal 0 0 1
    outer loop
      vertex 53.7944 16.0423 5.6
      vertex 53.8404 14.6352 5.6
      vertex 53.8404 15.8448 5.6
    endloop
  endfacet
  facet normal 0 0 1
    outer loop
      vertex 53.7944 16.0423 5.6
      vertex 53.7944 14.4377 5.6
      vertex 53.8404 14.6352 5.6
    endloop
  endfacet
  facet normal 0 0 1
    outer loop
      vertex 53.7355 16.2365 5.6
      vertex 53.7944 14.4377 5.6
      vertex 53.7944 16.0423 5.6
    endloop
  endfacet
  facet normal 0 0 1
    outer loop
      vertex 53.7355 16.2365 5.6
      vertex 53.7355 14.2435 5.6
      vertex 53.7944 14.4377 5.6
    endloop
  endfacet
  facet normal 0 0 1
    outer loop
      vertex 53.664 16.4263 5.6
      vertex 53.7355 14.2435 5.6
      vertex 53.7355 16.2365 5.6
    endloop
  endfacet
  facet normal 0 0 1
    outer loop
      vertex 53.664 16.4263 5.6
      vertex 53.664 14.0537 5.6
      vertex 53.7355 14.2435 5.6
    endloop
  endfacet
  facet normal 0 0 1
    outer loop
      vertex 53.5803 16.6111 5.6
      vertex 53.664 14.0537 5.6
      vertex 53.664 16.4263 5.6
    endloop
  endfacet
  facet normal 0 0 1
    outer loop
      vertex 53.5803 16.6111 5.6
      vertex 53.5803 13.8689 5.6
      vertex 53.664 14.0537 5.6
    endloop
  endfacet
  facet normal 0 0 1
    outer loop
      vertex 53.4847 16.79 5.6
      vertex 53.5803 13.8689 5.6
      vertex 53.5803 16.6111 5.6
    endloop
  endfacet
  facet normal 0 0 1
    outer loop
      vertex 53.4847 16.79 5.6
      vertex 53.4847 13.69 5.6
      vertex 53.5803 13.8689 5.6
    endloop
  endfacet
  facet normal 0 0 1
    outer loop
      vertex 53.3776 16.9623 5.6
      vertex 53.4847 13.69 5.6
      vertex 53.4847 16.79 5.6
    endloop
  endfacet
  facet normal 0 0 1
    outer loop
      vertex 53.3776 16.9623 5.6
      vertex 53.3776 13.5177 5.6
      vertex 53.4847 13.69 5.6
    endloop
  endfacet
  facet normal 0 0 1
    outer loop
      vertex 53.2594 17.1272 5.6
      vertex 53.3776 13.5177 5.6
      vertex 53.3776 16.9623 5.6
    endloop
  endfacet
  facet normal 0 0 1
    outer loop
      vertex 53.2594 17.1272 5.6
      vertex 53.2594 13.3528 5.6
      vertex 53.3776 13.5177 5.6
    endloop
  endfacet
  facet normal 0 0 1
    outer loop
      vertex 53.1307 17.284 5.6
      vertex 53.2594 13.3528 5.6
      vertex 53.2594 17.1272 5.6
    endloop
  endfacet
  facet normal 0 0 1
    outer loop
      vertex 53.1307 17.284 5.6
      vertex 53.1307 13.196 5.6
      vertex 53.2594 13.3528 5.6
    endloop
  endfacet
  facet normal 0 0 1
    outer loop
      vertex 52.992 17.432 5.6
      vertex 53.1307 13.196 5.6
      vertex 53.1307 17.284 5.6
    endloop
  endfacet
  facet normal 0 0 1
    outer loop
      vertex 52.992 17.432 5.6
      vertex 52.992 13.048 5.6
      vertex 53.1307 13.196 5.6
    endloop
  endfacet
  facet normal 0 0 1
    outer loop
      vertex 52.844 17.5707 5.6
      vertex 52.992 13.048 5.6
      vertex 52.992 17.432 5.6
    endloop
  endfacet
  facet normal 0 0 1
    outer loop
      vertex 52.844 17.5707 5.6
      vertex 52.844 12.9093 5.6
      vertex 52.992 13.048 5.6
    endloop
  endfacet
  facet normal 0 0 1
    outer loop
      vertex 52.6872 17.6994 5.6
      vertex 52.844 12.9093 5.6
      vertex 52.844 17.5707 5.6
    endloop
  endfacet
  facet normal 0 0 1
    outer loop
      vertex 52.6872 17.6994 5.6
      vertex 52.6872 12.7806 5.6
      vertex 52.844 12.9093 5.6
    endloop
  endfacet
  facet normal 0 0 1
    outer loop
      vertex 52.5223 17.8176 5.6
      vertex 52.6872 12.7806 5.6
      vertex 52.6872 17.6994 5.6
    endloop
  endfacet
  facet normal 0 0 1
    outer loop
      vertex 52.5223 17.8176 5.6
      vertex 52.5223 12.6624 5.6
      vertex 52.6872 12.7806 5.6
    endloop
  endfacet
  facet normal 0 0 1
    outer loop
      vertex 52.35 17.9247 5.6
      vertex 52.5223 12.6624 5.6
      vertex 52.5223 17.8176 5.6
    endloop
  endfacet
  facet normal 0 0 1
    outer loop
      vertex 52.35 17.9247 5.6
      vertex 52.35 12.5553 5.6
      vertex 52.5223 12.6624 5.6
    endloop
  endfacet
  facet normal 0 0 1
    outer loop
      vertex 52.1711 18.0203 5.6
      vertex 52.35 12.5553 5.6
      vertex 52.35 17.9247 5.6
    endloop
  endfacet
  facet normal 0 0 1
    outer loop
      vertex 52.1711 18.0203 5.6
      vertex 52.1711 12.4597 5.6
      vertex 52.35 12.5553 5.6
    endloop
  endfacet
  facet normal 0 0 1
    outer loop
      vertex 51.9863 18.104 5.6
      vertex 52.1711 12.4597 5.6
      vertex 52.1711 18.0203 5.6
    endloop
  endfacet
  facet normal 0 0 1
    outer loop
      vertex 51.9863 18.104 5.6
      vertex 51.9863 12.376 5.6
      vertex 52.1711 12.4597 5.6
    endloop
  endfacet
  facet normal 0 0 1
    outer loop
      vertex 51.7965 18.1755 5.6
      vertex 51.9863 12.376 5.6
      vertex 51.9863 18.104 5.6
    endloop
  endfacet
  facet normal 0 0 1
    outer loop
      vertex 51.7965 18.1755 5.6
      vertex 51.7965 12.3045 5.6
      vertex 51.9863 12.376 5.6
    endloop
  endfacet
  facet normal 0 0 1
    outer loop
      vertex 51.6023 18.2344 5.6
      vertex 51.7965 12.3045 5.6
      vertex 51.7965 18.1755 5.6
    endloop
  endfacet
  facet normal 0 0 1
    outer loop
      vertex 51.6023 18.2344 5.6
      vertex 51.6023 12.2456 5.6
      vertex 51.7965 12.3045 5.6
    endloop
  endfacet
  facet normal 0 0 1
    outer loop
      vertex 51.4048 18.2804 5.6
      vertex 51.6023 12.2456 5.6
      vertex 51.6023 18.2344 5.6
    endloop
  endfacet
  facet normal 0 0 1
    outer loop
      vertex 51.4048 18.2804 5.6
      vertex 51.4048 12.1996 5.6
      vertex 51.6023 12.2456 5.6
    endloop
  endfacet
  facet normal 0 0 1
    outer loop
      vertex 51.2046 18.3135 5.6
      vertex 51.4048 12.1996 5.6
      vertex 51.4048 18.2804 5.6
    endloop
  endfacet
  facet normal 0 0 1
    outer loop
      vertex 51.2046 18.3135 5.6
      vertex 51.2046 12.1665 5.6
      vertex 51.4048 12.1996 5.6
    endloop
  endfacet
  facet normal 0 0 1
    outer loop
      vertex 51.0028 18.3334 5.6
      vertex 51.2046 12.1665 5.6
      vertex 51.2046 18.3135 5.6
    endloop
  endfacet
  facet normal 0 0 1
    outer loop
      vertex 51.0028 18.3334 5.6
      vertex 51.0028 12.1466 5.6
      vertex 51.2046 12.1665 5.6
    endloop
  endfacet
  facet normal 0 0 1
    outer loop
      vertex 50.8 18.34 5.6
      vertex 51.0028 12.1466 5.6
      vertex 51.0028 18.3334 5.6
    endloop
  endfacet
  facet normal 0 0 1
    outer loop
      vertex 50.8 18.34 5.6
      vertex 50.8 12.14 5.6
      vertex 51.0028 12.1466 5.6
    endloop
  endfacet
  facet normal -0 0 1
    outer loop
      vertex 50.5973 18.3334 5.6
      vertex 50.8 12.14 5.6
      vertex 50.8 18.34 5.6
    endloop
  endfacet
  facet normal 0 0 1
    outer loop
      vertex 50.5973 18.3334 5.6
      vertex 50.5973 12.1466 5.6
      vertex 50.8 12.14 5.6
    endloop
  endfacet
  facet normal -0 0 1
    outer loop
      vertex 50.3954 18.3135 5.6
      vertex 50.5973 12.1466 5.6
      vertex 50.5973 18.3334 5.6
    endloop
  endfacet
  facet normal 0 0 1
    outer loop
      vertex 50.3954 18.3135 5.6
      vertex 50.3954 12.1665 5.6
      vertex 50.5973 12.1466 5.6
    endloop
  endfacet
  facet normal -0 0 1
    outer loop
      vertex 50.1952 18.2804 5.6
      vertex 50.3954 12.1665 5.6
      vertex 50.3954 18.3135 5.6
    endloop
  endfacet
  facet normal 0 0 1
    outer loop
      vertex 50.1952 18.2804 5.6
      vertex 50.1952 12.1996 5.6
      vertex 50.3954 12.1665 5.6
    endloop
  endfacet
  facet normal -0 0 1
    outer loop
      vertex 49.9977 18.2344 5.6
      vertex 50.1952 12.1996 5.6
      vertex 50.1952 18.2804 5.6
    endloop
  endfacet
  facet normal 0 0 1
    outer loop
      vertex 49.9977 18.2344 5.6
      vertex 49.9977 12.2456 5.6
      vertex 50.1952 12.1996 5.6
    endloop
  endfacet
  facet normal -0 0 1
    outer loop
      vertex 49.8035 18.1755 5.6
      vertex 49.9977 12.2456 5.6
      vertex 49.9977 18.2344 5.6
    endloop
  endfacet
  facet normal 0 0 1
    outer loop
      vertex 49.8035 18.1755 5.6
      vertex 49.8035 12.3045 5.6
      vertex 49.9977 12.2456 5.6
    endloop
  endfacet
  facet normal -0 0 1
    outer loop
      vertex 49.6137 18.104 5.6
      vertex 49.8035 12.3045 5.6
      vertex 49.8035 18.1755 5.6
    endloop
  endfacet
  facet normal 0 0 1
    outer loop
      vertex 49.6137 18.104 5.6
      vertex 49.6137 12.376 5.6
      vertex 49.8035 12.3045 5.6
    endloop
  endfacet
  facet normal -0 0 1
    outer loop
      vertex 49.4289 18.0203 5.6
      vertex 49.6137 12.376 5.6
      vertex 49.6137 18.104 5.6
    endloop
  endfacet
  facet normal 0 0 1
    outer loop
      vertex 49.4289 18.0203 5.6
      vertex 49.4289 12.4597 5.6
      vertex 49.6137 12.376 5.6
    endloop
  endfacet
  facet normal -0 0 1
    outer loop
      vertex 49.25 17.9247 5.6
      vertex 49.4289 12.4597 5.6
      vertex 49.4289 18.0203 5.6
    endloop
  endfacet
  facet normal 0 0 1
    outer loop
      vertex 49.25 17.9247 5.6
      vertex 49.25 12.5553 5.6
      vertex 49.4289 12.4597 5.6
    endloop
  endfacet
  facet normal -0 0 1
    outer loop
      vertex 49.0777 17.8176 5.6
      vertex 49.25 12.5553 5.6
      vertex 49.25 17.9247 5.6
    endloop
  endfacet
  facet normal 0 0 1
    outer loop
      vertex 49.0777 17.8176 5.6
      vertex 49.0777 12.6624 5.6
      vertex 49.25 12.5553 5.6
    endloop
  endfacet
  facet normal -0 0 1
    outer loop
      vertex 48.9128 17.6994 5.6
      vertex 49.0777 12.6624 5.6
      vertex 49.0777 17.8176 5.6
    endloop
  endfacet
  facet normal 0 0 1
    outer loop
      vertex 48.9128 17.6994 5.6
      vertex 48.9128 12.7806 5.6
      vertex 49.0777 12.6624 5.6
    endloop
  endfacet
  facet normal -0 0 1
    outer loop
      vertex 48.756 17.5707 5.6
      vertex 48.9128 12.7806 5.6
      vertex 48.9128 17.6994 5.6
    endloop
  endfacet
  facet normal 0 0 1
    outer loop
      vertex 48.756 17.5707 5.6
      vertex 48.756 12.9093 5.6
      vertex 48.9128 12.7806 5.6
    endloop
  endfacet
  facet normal -0 0 1
    outer loop
      vertex 48.608 17.432 5.6
      vertex 48.756 12.9093 5.6
      vertex 48.756 17.5707 5.6
    endloop
  endfacet
  facet normal 0 0 1
    outer loop
      vertex 48.608 17.432 5.6
      vertex 48.608 13.048 5.6
      vertex 48.756 12.9093 5.6
    endloop
  endfacet
  facet normal -0 0 1
    outer loop
      vertex 48.4693 17.284 5.6
      vertex 48.608 13.048 5.6
      vertex 48.608 17.432 5.6
    endloop
  endfacet
  facet normal 0 0 1
    outer loop
      vertex 48.4693 17.284 5.6
      vertex 48.4693 13.196 5.6
      vertex 48.608 13.048 5.6
    endloop
  endfacet
  facet normal -0 0 1
    outer loop
      vertex 48.3406 17.1272 5.6
      vertex 48.4693 13.196 5.6
      vertex 48.4693 17.284 5.6
    endloop
  endfacet
  facet normal 0 0 1
    outer loop
      vertex 48.3406 17.1272 5.6
      vertex 48.3406 13.3528 5.6
      vertex 48.4693 13.196 5.6
    endloop
  endfacet
  facet normal -0 0 1
    outer loop
      vertex 48.2224 16.9623 5.6
      vertex 48.3406 13.3528 5.6
      vertex 48.3406 17.1272 5.6
    endloop
  endfacet
  facet normal 0 0 1
    outer loop
      vertex 48.2224 16.9623 5.6
      vertex 48.2224 13.5177 5.6
      vertex 48.3406 13.3528 5.6
    endloop
  endfacet
  facet normal -0 0 1
    outer loop
      vertex 48.1153 16.79 5.6
      vertex 48.2224 13.5177 5.6
      vertex 48.2224 16.9623 5.6
    endloop
  endfacet
  facet normal 0 0 1
    outer loop
      vertex 48.1153 16.79 5.6
      vertex 48.1153 13.69 5.6
      vertex 48.2224 13.5177 5.6
    endloop
  endfacet
  facet normal -0 0 1
    outer loop
      vertex 48.0197 16.6111 5.6
      vertex 48.1153 13.69 5.6
      vertex 48.1153 16.79 5.6
    endloop
  endfacet
  facet normal 0 0 1
    outer loop
      vertex 48.0197 16.6111 5.6
      vertex 48.0197 13.8689 5.6
      vertex 48.1153 13.69 5.6
    endloop
  endfacet
  facet normal -0 0 1
    outer loop
      vertex 47.936 16.4263 5.6
      vertex 48.0197 13.8689 5.6
      vertex 48.0197 16.6111 5.6
    endloop
  endfacet
  facet normal 0 0 1
    outer loop
      vertex 47.936 16.4263 5.6
      vertex 47.936 14.0537 5.6
      vertex 48.0197 13.8689 5.6
    endloop
  endfacet
  facet normal -0 0 1
    outer loop
      vertex 47.8645 16.2365 5.6
      vertex 47.936 14.0537 5.6
      vertex 47.936 16.4263 5.6
    endloop
  endfacet
  facet normal 0 0 1
    outer loop
      vertex 47.8645 16.2365 5.6
      vertex 47.8645 14.2435 5.6
      vertex 47.936 14.0537 5.6
    endloop
  endfacet
  facet normal -0 0 1
    outer loop
      vertex 47.8056 16.0423 5.6
      vertex 47.8645 14.2435 5.6
      vertex 47.8645 16.2365 5.6
    endloop
  endfacet
  facet normal 0 0 1
    outer loop
      vertex 47.8056 16.0423 5.6
      vertex 47.8056 14.4377 5.6
      vertex 47.8645 14.2435 5.6
    endloop
  endfacet
  facet normal -0 0 1
    outer loop
      vertex 47.7596 15.8448 5.6
      vertex 47.8056 14.4377 5.6
      vertex 47.8056 16.0423 5.6
    endloop
  endfacet
  facet normal 0 0 1
    outer loop
      vertex 47.7596 15.8448 5.6
      vertex 47.7596 14.6352 5.6
      vertex 47.8056 14.4377 5.6
    endloop
  endfacet
  facet normal -0 0 1
    outer loop
      vertex 47.7265 15.6446 5.6
      vertex 47.7596 14.6352 5.6
      vertex 47.7596 15.8448 5.6
    endloop
  endfacet
  facet normal 0 0 1
    outer loop
      vertex 47.7265 15.6446 5.6
      vertex 47.7265 14.8354 5.6
      vertex 47.7596 14.6352 5.6
    endloop
  endfacet
  facet normal -0 0 1
    outer loop
      vertex 47.7066 15.4427 5.6
      vertex 47.7265 14.8354 5.6
      vertex 47.7265 15.6446 5.6
    endloop
  endfacet
  facet normal 0 0 1
    outer loop
      vertex 47.7066 15.4427 5.6
      vertex 47.7066 15.0373 5.6
      vertex 47.7265 14.8354 5.6
    endloop
  endfacet
  facet normal 0 -0 1
    outer loop
      vertex 47.7066 15.0373 5.6
      vertex 47.7066 15.4427 5.6
      vertex 47.7 15.24 5.6
    endloop
  endfacet
  facet normal -0.72966 -0.68381 0
    outer loop
      vertex 48.608 13.048 2.4
      vertex 48.4693 13.196 5.6
      vertex 48.4693 13.196 2.4
    endloop
  endfacet
  facet normal -0.72966 -0.68381 0
    outer loop
      vertex 48.4693 13.196 5.6
      vertex 48.608 13.048 2.4
      vertex 48.608 13.048 5.6
    endloop
  endfacet
  facet normal 0.16312 0.986606 -0
    outer loop
      vertex 51.4048 18.2804 2.4
      vertex 51.2046 18.3135 5.6
      vertex 51.4048 18.2804 5.6
    endloop
  endfacet
  facet normal 0.16312 0.986606 0
    outer loop
      vertex 51.2046 18.3135 5.6
      vertex 51.4048 18.2804 2.4
      vertex 51.2046 18.3135 2.4
    endloop
  endfacet
  facet normal -0.986606 -0.16312 0
    outer loop
      vertex 47.7596 14.6352 2.4
      vertex 47.7265 14.8354 5.6
      vertex 47.7265 14.8354 2.4
    endloop
  endfacet
  facet normal -0.986606 -0.16312 0
    outer loop
      vertex 47.7265 14.8354 5.6
      vertex 47.7596 14.6352 2.4
      vertex 47.7596 14.6352 5.6
    endloop
  endfacet
  facet normal 0.812767 0.582589 0
    outer loop
      vertex 53.3776 16.9623 5.6
      vertex 53.2594 17.1272 2.4
      vertex 53.2594 17.1272 5.6
    endloop
  endfacet
  facet normal 0.812767 0.582589 0
    outer loop
      vertex 53.2594 17.1272 2.4
      vertex 53.3776 16.9623 5.6
      vertex 53.3776 16.9623 2.4
    endloop
  endfacet
  facet normal -0.471305 0.881971 0
    outer loop
      vertex 49.4289 18.0203 2.4
      vertex 49.25 17.9247 5.6
      vertex 49.4289 18.0203 5.6
    endloop
  endfacet
  facet normal -0.471305 0.881971 0
    outer loop
      vertex 49.25 17.9247 5.6
      vertex 49.4289 18.0203 2.4
      vertex 49.25 17.9247 2.4
    endloop
  endfacet
  facet normal 0.68381 0.72966 -0
    outer loop
      vertex 52.992 17.432 2.4
      vertex 52.844 17.5707 5.6
      vertex 52.992 17.432 5.6
    endloop
  endfacet
  facet normal 0.68381 0.72966 0
    outer loop
      vertex 52.844 17.5707 5.6
      vertex 52.992 17.432 2.4
      vertex 52.844 17.5707 2.4
    endloop
  endfacet
  facet normal 0.29024 0.956954 -0
    outer loop
      vertex 51.7965 18.1755 2.4
      vertex 51.6023 18.2344 5.6
      vertex 51.7965 18.1755 5.6
    endloop
  endfacet
  facet normal 0.29024 0.956954 0
    outer loop
      vertex 51.6023 18.2344 5.6
      vertex 51.7965 18.1755 2.4
      vertex 51.6023 18.2344 2.4
    endloop
  endfacet
  facet normal -0.0980883 0.995178 0
    outer loop
      vertex 50.5973 18.3334 2.4
      vertex 50.3954 18.3135 5.6
      vertex 50.5973 18.3334 5.6
    endloop
  endfacet
  facet normal -0.0980883 0.995178 0
    outer loop
      vertex 50.3954 18.3135 5.6
      vertex 50.5973 18.3334 2.4
      vertex 50.3954 18.3135 2.4
    endloop
  endfacet
  facet normal 0.812767 -0.582589 0
    outer loop
      vertex 53.2594 13.3528 5.6
      vertex 53.3776 13.5177 2.4
      vertex 53.3776 13.5177 5.6
    endloop
  endfacet
  facet normal 0.812767 -0.582589 0
    outer loop
      vertex 53.3776 13.5177 2.4
      vertex 53.2594 13.3528 5.6
      vertex 53.2594 13.3528 2.4
    endloop
  endfacet
  facet normal -0.935801 -0.352528 0
    outer loop
      vertex 47.936 14.0537 2.4
      vertex 47.8645 14.2435 5.6
      vertex 47.8645 14.2435 2.4
    endloop
  endfacet
  facet normal -0.935801 -0.352528 0
    outer loop
      vertex 47.8645 14.2435 5.6
      vertex 47.936 14.0537 2.4
      vertex 47.936 14.0537 5.6
    endloop
  endfacet
  facet normal 0.352528 0.935801 -0
    outer loop
      vertex 51.9863 18.104 2.4
      vertex 51.7965 18.1755 5.6
      vertex 51.9863 18.104 5.6
    endloop
  endfacet
  facet normal 0.352528 0.935801 0
    outer loop
      vertex 51.7965 18.1755 5.6
      vertex 51.9863 18.104 2.4
      vertex 51.7965 18.1755 2.4
    endloop
  endfacet
  facet normal 0.412577 -0.910923 0
    outer loop
      vertex 51.9863 12.376 2.4
      vertex 52.1711 12.4597 5.6
      vertex 51.9863 12.376 5.6
    endloop
  endfacet
  facet normal 0.412577 -0.910923 0
    outer loop
      vertex 52.1711 12.4597 5.6
      vertex 51.9863 12.376 2.4
      vertex 52.1711 12.4597 2.4
    endloop
  endfacet
  facet normal -0.935801 0.352528 0
    outer loop
      vertex 47.8645 16.2365 2.4
      vertex 47.936 16.4263 5.6
      vertex 47.936 16.4263 2.4
    endloop
  endfacet
  facet normal -0.935801 0.352528 0
    outer loop
      vertex 47.936 16.4263 5.6
      vertex 47.8645 16.2365 2.4
      vertex 47.8645 16.2365 5.6
    endloop
  endfacet
  facet normal 0.956957 0.290229 0
    outer loop
      vertex 53.7355 16.2365 5.6
      vertex 53.79 16.0568 4.75
      vertex 53.7355 16.2365 2.4
    endloop
  endfacet
  facet normal 0.956954 0.29024 -2.49282e-06
    outer loop
      vertex 53.7944 16.0423 5.6
      vertex 53.79 16.0568 4.75
      vertex 53.7355 16.2365 5.6
    endloop
  endfacet
  facet normal 0.956913 0.290374 0
    outer loop
      vertex 53.79 16.0568 4.75
      vertex 53.7944 16.0423 5.6
      vertex 53.7944 16.0423 4.75
    endloop
  endfacet
  facet normal 0.956957 0.290229 0
    outer loop
      vertex 53.7355 16.2365 2.4
      vertex 53.79 16.0568 4.75
      vertex 53.79 16.0568 2.4
    endloop
  endfacet
  facet normal -0.986606 0.16312 0
    outer loop
      vertex 47.7265 15.6446 2.4
      vertex 47.7596 15.8448 5.6
      vertex 47.7596 15.8448 2.4
    endloop
  endfacet
  facet normal -0.986606 0.16312 0
    outer loop
      vertex 47.7596 15.8448 5.6
      vertex 47.7265 15.6446 2.4
      vertex 47.7265 15.6446 5.6
    endloop
  endfacet
  facet normal 0.849297 0.527915 0
    outer loop
      vertex 53.4847 16.79 5.6
      vertex 53.3776 16.9623 2.4
      vertex 53.3776 16.9623 5.6
    endloop
  endfacet
  facet normal 0.849297 0.527915 0
    outer loop
      vertex 53.3776 16.9623 2.4
      vertex 53.4847 16.79 5.6
      vertex 53.4847 16.79 2.4
    endloop
  endfacet
  facet normal 0.72966 0.68381 0
    outer loop
      vertex 53.1307 17.284 5.6
      vertex 52.992 17.432 2.4
      vertex 52.992 17.432 5.6
    endloop
  endfacet
  facet normal 0.72966 0.68381 0
    outer loop
      vertex 52.992 17.432 2.4
      vertex 53.1307 17.284 5.6
      vertex 53.1307 17.284 2.4
    endloop
  endfacet
  facet normal 0.973932 0.22684 0
    outer loop
      vertex 53.8404 15.8448 5.6
      vertex 53.7944 16.0423 4.75
      vertex 53.7944 16.0423 5.6
    endloop
  endfacet
  facet normal 0.973932 0.22684 0
    outer loop
      vertex 53.7944 16.0423 4.75
      vertex 53.8404 15.8448 5.6
      vertex 53.8404 15.8448 4.75
    endloop
  endfacet
  facet normal 0.99947 -0.0325432 0
    outer loop
      vertex 53.8934 15.0373 5.6
      vertex 53.9 15.24 4.75
      vertex 53.9 15.24 5.6
    endloop
  endfacet
  facet normal 0.99947 -0.0325432 0
    outer loop
      vertex 53.9 15.24 4.75
      vertex 53.8934 15.0373 5.6
      vertex 53.8934 15.0373 4.75
    endloop
  endfacet
  facet normal 0.881971 0.471305 0
    outer loop
      vertex 53.5803 16.6111 5.6
      vertex 53.4847 16.79 2.4
      vertex 53.4847 16.79 5.6
    endloop
  endfacet
  facet normal 0.881971 0.471305 0
    outer loop
      vertex 53.4847 16.79 2.4
      vertex 53.5803 16.6111 5.6
      vertex 53.5803 16.6111 2.4
    endloop
  endfacet
  facet normal 0.412577 0.910923 -0
    outer loop
      vertex 52.1711 18.0203 2.4
      vertex 51.9863 18.104 5.6
      vertex 52.1711 18.0203 5.6
    endloop
  endfacet
  facet normal 0.412577 0.910923 0
    outer loop
      vertex 51.9863 18.104 5.6
      vertex 52.1711 18.0203 2.4
      vertex 51.9863 18.104 2.4
    endloop
  endfacet
  facet normal 0.935801 0.352528 0
    outer loop
      vertex 53.7355 16.2365 5.6
      vertex 53.664 16.4263 2.4
      vertex 53.664 16.4263 5.6
    endloop
  endfacet
  facet normal 0.935801 0.352528 0
    outer loop
      vertex 53.664 16.4263 2.4
      vertex 53.7355 16.2365 5.6
      vertex 53.7355 16.2365 2.4
    endloop
  endfacet
  facet normal -0.412577 0.910923 0
    outer loop
      vertex 49.6137 18.104 2.4
      vertex 49.4289 18.0203 5.6
      vertex 49.6137 18.104 5.6
    endloop
  endfacet
  facet normal -0.412577 0.910923 0
    outer loop
      vertex 49.4289 18.0203 5.6
      vertex 49.6137 18.104 2.4
      vertex 49.4289 18.0203 2.4
    endloop
  endfacet
  facet normal 0.910923 0.412577 0
    outer loop
      vertex 53.664 16.4263 5.6
      vertex 53.5803 16.6111 2.4
      vertex 53.5803 16.6111 5.6
    endloop
  endfacet
  facet normal 0.910923 0.412577 0
    outer loop
      vertex 53.5803 16.6111 2.4
      vertex 53.664 16.4263 5.6
      vertex 53.664 16.4263 2.4
    endloop
  endfacet
  facet normal -0.16312 -0.986606 0
    outer loop
      vertex 50.1952 12.1996 2.4
      vertex 50.3954 12.1665 5.6
      vertex 50.1952 12.1996 5.6
    endloop
  endfacet
  facet normal -0.16312 -0.986606 -0
    outer loop
      vertex 50.3954 12.1665 5.6
      vertex 50.1952 12.1996 2.4
      vertex 50.3954 12.1665 2.4
    endloop
  endfacet
  facet normal -0.812767 -0.582589 0
    outer loop
      vertex 48.3406 13.3528 2.4
      vertex 48.2224 13.5177 5.6
      vertex 48.2224 13.5177 2.4
    endloop
  endfacet
  facet normal -0.812767 -0.582589 0
    outer loop
      vertex 48.2224 13.5177 5.6
      vertex 48.3406 13.3528 2.4
      vertex 48.3406 13.3528 5.6
    endloop
  endfacet
  facet normal -0.881971 -0.471305 0
    outer loop
      vertex 48.1153 13.69 2.4
      vertex 48.0197 13.8689 5.6
      vertex 48.0197 13.8689 2.4
    endloop
  endfacet
  facet normal -0.881971 -0.471305 0
    outer loop
      vertex 48.0197 13.8689 5.6
      vertex 48.1153 13.69 2.4
      vertex 48.1153 13.69 5.6
    endloop
  endfacet
  facet normal 0.0981365 -0.995173 0
    outer loop
      vertex 51.0028 12.1466 2.4
      vertex 51.2046 12.1665 5.6
      vertex 51.0028 12.1466 5.6
    endloop
  endfacet
  facet normal 0.0981365 -0.995173 0
    outer loop
      vertex 51.2046 12.1665 5.6
      vertex 51.0028 12.1466 2.4
      vertex 51.2046 12.1665 2.4
    endloop
  endfacet
  facet normal -0.68381 -0.72966 0
    outer loop
      vertex 48.608 13.048 2.4
      vertex 48.756 12.9093 5.6
      vertex 48.608 13.048 5.6
    endloop
  endfacet
  facet normal -0.68381 -0.72966 -0
    outer loop
      vertex 48.756 12.9093 5.6
      vertex 48.608 13.048 2.4
      vertex 48.756 12.9093 2.4
    endloop
  endfacet
  facet normal 0.0325272 0.999471 -0
    outer loop
      vertex 51.0028 18.3334 2.4
      vertex 50.8 18.34 5.6
      vertex 51.0028 18.3334 5.6
    endloop
  endfacet
  facet normal 0.0325272 0.999471 0
    outer loop
      vertex 50.8 18.34 5.6
      vertex 51.0028 18.3334 2.4
      vertex 50.8 18.34 2.4
    endloop
  endfacet
  facet normal 0.582589 0.812767 -0
    outer loop
      vertex 52.6872 17.6994 2.4
      vertex 52.5223 17.8176 5.6
      vertex 52.6872 17.6994 5.6
    endloop
  endfacet
  facet normal 0.582589 0.812767 0
    outer loop
      vertex 52.5223 17.8176 5.6
      vertex 52.6872 17.6994 2.4
      vertex 52.5223 17.8176 2.4
    endloop
  endfacet
  facet normal -0.16312 0.986606 0
    outer loop
      vertex 50.3954 18.3135 2.4
      vertex 50.1952 18.2804 5.6
      vertex 50.3954 18.3135 5.6
    endloop
  endfacet
  facet normal -0.16312 0.986606 0
    outer loop
      vertex 50.1952 18.2804 5.6
      vertex 50.3954 18.3135 2.4
      vertex 50.1952 18.2804 2.4
    endloop
  endfacet
  facet normal 0.29024 -0.956954 0
    outer loop
      vertex 51.6023 12.2456 2.4
      vertex 51.7965 12.3045 5.6
      vertex 51.6023 12.2456 5.6
    endloop
  endfacet
  facet normal 0.29024 -0.956954 0
    outer loop
      vertex 51.7965 12.3045 5.6
      vertex 51.6023 12.2456 2.4
      vertex 51.7965 12.3045 2.4
    endloop
  endfacet
  facet normal 0.772968 -0.634445 0
    outer loop
      vertex 53.1307 13.196 5.6
      vertex 53.2594 13.3528 2.4
      vertex 53.2594 13.3528 5.6
    endloop
  endfacet
  facet normal 0.772968 -0.634445 0
    outer loop
      vertex 53.2594 13.3528 2.4
      vertex 53.1307 13.196 5.6
      vertex 53.1307 13.196 2.4
    endloop
  endfacet
  facet normal 0.995178 -0.0980883 0
    outer loop
      vertex 53.8735 14.8354 5.6
      vertex 53.8934 15.0373 4.75
      vertex 53.8934 15.0373 5.6
    endloop
  endfacet
  facet normal 0.995178 -0.0980883 0
    outer loop
      vertex 53.8934 15.0373 4.75
      vertex 53.8735 14.8354 5.6
      vertex 53.8735 14.8354 4.75
    endloop
  endfacet
  facet normal 0.352528 -0.935801 0
    outer loop
      vertex 51.7965 12.3045 2.4
      vertex 51.9863 12.376 5.6
      vertex 51.7965 12.3045 5.6
    endloop
  endfacet
  facet normal 0.352528 -0.935801 0
    outer loop
      vertex 51.9863 12.376 5.6
      vertex 51.7965 12.3045 2.4
      vertex 51.9863 12.376 2.4
    endloop
  endfacet
  facet normal -0.0980883 -0.995178 0
    outer loop
      vertex 50.3954 12.1665 2.4
      vertex 50.5973 12.1466 5.6
      vertex 50.3954 12.1665 5.6
    endloop
  endfacet
  facet normal -0.0980883 -0.995178 -0
    outer loop
      vertex 50.5973 12.1466 5.6
      vertex 50.3954 12.1665 2.4
      vertex 50.5973 12.1466 2.4
    endloop
  endfacet
  facet normal -0.352528 -0.935801 0
    outer loop
      vertex 49.6137 12.376 2.4
      vertex 49.8035 12.3045 5.6
      vertex 49.6137 12.376 5.6
    endloop
  endfacet
  facet normal -0.352528 -0.935801 -0
    outer loop
      vertex 49.8035 12.3045 5.6
      vertex 49.6137 12.376 2.4
      vertex 49.8035 12.3045 2.4
    endloop
  endfacet
  facet normal -0.956954 0.29024 0
    outer loop
      vertex 47.8056 16.0423 2.4
      vertex 47.8645 16.2365 5.6
      vertex 47.8645 16.2365 2.4
    endloop
  endfacet
  facet normal -0.956954 0.29024 0
    outer loop
      vertex 47.8645 16.2365 5.6
      vertex 47.8056 16.0423 2.4
      vertex 47.8056 16.0423 5.6
    endloop
  endfacet
  facet normal 0.772968 0.634445 0
    outer loop
      vertex 53.2594 17.1272 5.6
      vertex 53.1307 17.284 2.4
      vertex 53.1307 17.284 5.6
    endloop
  endfacet
  facet normal 0.772968 0.634445 0
    outer loop
      vertex 53.1307 17.284 2.4
      vertex 53.2594 17.1272 5.6
      vertex 53.2594 17.1272 2.4
    endloop
  endfacet
  facet normal -0.812767 0.582589 0
    outer loop
      vertex 48.2224 16.9623 2.4
      vertex 48.3406 17.1272 5.6
      vertex 48.3406 17.1272 2.4
    endloop
  endfacet
  facet normal -0.812767 0.582589 0
    outer loop
      vertex 48.3406 17.1272 5.6
      vertex 48.2224 16.9623 2.4
      vertex 48.2224 16.9623 5.6
    endloop
  endfacet
  facet normal 0.22684 0.973932 -0
    outer loop
      vertex 51.6023 18.2344 2.4
      vertex 51.4048 18.2804 5.6
      vertex 51.6023 18.2344 5.6
    endloop
  endfacet
  facet normal 0.22684 0.973932 0
    outer loop
      vertex 51.4048 18.2804 5.6
      vertex 51.6023 18.2344 2.4
      vertex 51.4048 18.2804 2.4
    endloop
  endfacet
  facet normal 0.910923 -0.412577 0
    outer loop
      vertex 53.5803 13.8689 5.6
      vertex 53.664 14.0537 2.4
      vertex 53.664 14.0537 5.6
    endloop
  endfacet
  facet normal 0.910923 -0.412577 0
    outer loop
      vertex 53.664 14.0537 2.4
      vertex 53.5803 13.8689 5.6
      vertex 53.5803 13.8689 2.4
    endloop
  endfacet
  facet normal -0.634445 -0.772968 0
    outer loop
      vertex 48.756 12.9093 2.4
      vertex 48.9128 12.7806 5.6
      vertex 48.756 12.9093 5.6
    endloop
  endfacet
  facet normal -0.634445 -0.772968 -0
    outer loop
      vertex 48.9128 12.7806 5.6
      vertex 48.756 12.9093 2.4
      vertex 48.9128 12.7806 2.4
    endloop
  endfacet
  facet normal 0.471305 0.881971 -0
    outer loop
      vertex 52.35 17.9247 2.4
      vertex 52.1711 18.0203 5.6
      vertex 52.35 17.9247 5.6
    endloop
  endfacet
  facet normal 0.471305 0.881971 0
    outer loop
      vertex 52.1711 18.0203 5.6
      vertex 52.35 17.9247 2.4
      vertex 52.1711 18.0203 2.4
    endloop
  endfacet
  facet normal -0.910923 0.412577 0
    outer loop
      vertex 47.936 16.4263 2.4
      vertex 48.0197 16.6111 5.6
      vertex 48.0197 16.6111 2.4
    endloop
  endfacet
  facet normal -0.910923 0.412577 0
    outer loop
      vertex 48.0197 16.6111 5.6
      vertex 47.936 16.4263 2.4
      vertex 47.936 16.4263 5.6
    endloop
  endfacet
  facet normal -0.772968 -0.634445 0
    outer loop
      vertex 48.4693 13.196 2.4
      vertex 48.3406 13.3528 5.6
      vertex 48.3406 13.3528 2.4
    endloop
  endfacet
  facet normal -0.772968 -0.634445 0
    outer loop
      vertex 48.3406 13.3528 5.6
      vertex 48.4693 13.196 2.4
      vertex 48.4693 13.196 5.6
    endloop
  endfacet
  facet normal -0.22684 -0.973932 0
    outer loop
      vertex 49.9977 12.2456 2.4
      vertex 50.1952 12.1996 5.6
      vertex 49.9977 12.2456 5.6
    endloop
  endfacet
  facet normal -0.22684 -0.973932 -0
    outer loop
      vertex 50.1952 12.1996 5.6
      vertex 49.9977 12.2456 2.4
      vertex 50.1952 12.1996 2.4
    endloop
  endfacet
  facet normal 0.634445 -0.772968 0
    outer loop
      vertex 52.6872 12.7806 2.4
      vertex 52.844 12.9093 5.6
      vertex 52.6872 12.7806 5.6
    endloop
  endfacet
  facet normal 0.634445 -0.772968 0
    outer loop
      vertex 52.844 12.9093 5.6
      vertex 52.6872 12.7806 2.4
      vertex 52.844 12.9093 2.4
    endloop
  endfacet
  facet normal 0.68381 -0.72966 0
    outer loop
      vertex 52.844 12.9093 2.4
      vertex 52.992 13.048 5.6
      vertex 52.844 12.9093 5.6
    endloop
  endfacet
  facet normal 0.68381 -0.72966 0
    outer loop
      vertex 52.992 13.048 5.6
      vertex 52.844 12.9093 2.4
      vertex 52.992 13.048 2.4
    endloop
  endfacet
  facet normal -0.99947 -0.0325432 0
    outer loop
      vertex 47.7066 15.0373 2.4
      vertex 47.7 15.24 5.6
      vertex 47.7 15.24 2.4
    endloop
  endfacet
  facet normal -0.99947 -0.0325432 0
    outer loop
      vertex 47.7 15.24 5.6
      vertex 47.7066 15.0373 2.4
      vertex 47.7066 15.0373 5.6
    endloop
  endfacet
  facet normal -0.956954 -0.29024 0
    outer loop
      vertex 47.8645 14.2435 2.4
      vertex 47.8056 14.4377 5.6
      vertex 47.8056 14.4377 2.4
    endloop
  endfacet
  facet normal -0.956954 -0.29024 0
    outer loop
      vertex 47.8056 14.4377 5.6
      vertex 47.8645 14.2435 2.4
      vertex 47.8645 14.2435 5.6
    endloop
  endfacet
  facet normal -0.0325432 0.99947 0
    outer loop
      vertex 50.8 18.34 2.4
      vertex 50.5973 18.3334 5.6
      vertex 50.8 18.34 5.6
    endloop
  endfacet
  facet normal -0.0325432 0.99947 0
    outer loop
      vertex 50.5973 18.3334 5.6
      vertex 50.8 18.34 2.4
      vertex 50.5973 18.3334 2.4
    endloop
  endfacet
  facet normal -0.72966 0.68381 0
    outer loop
      vertex 48.4693 17.284 2.4
      vertex 48.608 17.432 5.6
      vertex 48.608 17.432 2.4
    endloop
  endfacet
  facet normal -0.72966 0.68381 0
    outer loop
      vertex 48.608 17.432 5.6
      vertex 48.4693 17.284 2.4
      vertex 48.4693 17.284 5.6
    endloop
  endfacet
  facet normal -0.849297 -0.527915 0
    outer loop
      vertex 48.2224 13.5177 2.4
      vertex 48.1153 13.69 5.6
      vertex 48.1153 13.69 2.4
    endloop
  endfacet
  facet normal -0.849297 -0.527915 0
    outer loop
      vertex 48.1153 13.69 5.6
      vertex 48.2224 13.5177 2.4
      vertex 48.2224 13.5177 5.6
    endloop
  endfacet
  facet normal 0.0981365 0.995173 -0
    outer loop
      vertex 51.2046 18.3135 2.4
      vertex 51.0028 18.3334 5.6
      vertex 51.2046 18.3135 5.6
    endloop
  endfacet
  facet normal 0.0981365 0.995173 0
    outer loop
      vertex 51.0028 18.3334 5.6
      vertex 51.2046 18.3135 2.4
      vertex 51.0028 18.3334 2.4
    endloop
  endfacet
  facet normal -0.582589 0.812767 0
    outer loop
      vertex 49.0777 17.8176 2.4
      vertex 48.9128 17.6994 5.6
      vertex 49.0777 17.8176 5.6
    endloop
  endfacet
  facet normal -0.582589 0.812767 0
    outer loop
      vertex 48.9128 17.6994 5.6
      vertex 49.0777 17.8176 2.4
      vertex 48.9128 17.6994 2.4
    endloop
  endfacet
  facet normal -0.772968 0.634445 0
    outer loop
      vertex 48.3406 17.1272 2.4
      vertex 48.4693 17.284 5.6
      vertex 48.4693 17.284 2.4
    endloop
  endfacet
  facet normal -0.772968 0.634445 0
    outer loop
      vertex 48.4693 17.284 5.6
      vertex 48.3406 17.1272 2.4
      vertex 48.3406 17.1272 5.6
    endloop
  endfacet
  facet normal 0.527915 -0.849297 0
    outer loop
      vertex 52.35 12.5553 2.4
      vertex 52.5223 12.6624 5.6
      vertex 52.35 12.5553 5.6
    endloop
  endfacet
  facet normal 0.527915 -0.849297 0
    outer loop
      vertex 52.5223 12.6624 5.6
      vertex 52.35 12.5553 2.4
      vertex 52.5223 12.6624 2.4
    endloop
  endfacet
  facet normal -0.0325432 -0.99947 0
    outer loop
      vertex 50.5973 12.1466 2.4
      vertex 50.8 12.14 5.6
      vertex 50.5973 12.1466 5.6
    endloop
  endfacet
  facet normal -0.0325432 -0.99947 -0
    outer loop
      vertex 50.8 12.14 5.6
      vertex 50.5973 12.1466 2.4
      vertex 50.8 12.14 2.4
    endloop
  endfacet
  facet normal 0.881971 -0.471305 0
    outer loop
      vertex 53.4847 13.69 5.6
      vertex 53.5803 13.8689 2.4
      vertex 53.5803 13.8689 5.6
    endloop
  endfacet
  facet normal 0.881971 -0.471305 0
    outer loop
      vertex 53.5803 13.8689 2.4
      vertex 53.4847 13.69 5.6
      vertex 53.4847 13.69 2.4
    endloop
  endfacet
  facet normal 0.527915 0.849297 -0
    outer loop
      vertex 52.5223 17.8176 2.4
      vertex 52.35 17.9247 5.6
      vertex 52.5223 17.8176 5.6
    endloop
  endfacet
  facet normal 0.527915 0.849297 0
    outer loop
      vertex 52.35 17.9247 5.6
      vertex 52.5223 17.8176 2.4
      vertex 52.35 17.9247 2.4
    endloop
  endfacet
  facet normal -0.527915 -0.849297 0
    outer loop
      vertex 49.0777 12.6624 2.4
      vertex 49.25 12.5553 5.6
      vertex 49.0777 12.6624 5.6
    endloop
  endfacet
  facet normal -0.527915 -0.849297 -0
    outer loop
      vertex 49.25 12.5553 5.6
      vertex 49.0777 12.6624 2.4
      vertex 49.25 12.5553 2.4
    endloop
  endfacet
  facet normal 0.973932 -0.22684 0
    outer loop
      vertex 53.7944 14.4377 5.6
      vertex 53.8404 14.6352 4.75
      vertex 53.8404 14.6352 5.6
    endloop
  endfacet
  facet normal 0.973932 -0.22684 0
    outer loop
      vertex 53.8404 14.6352 4.75
      vertex 53.7944 14.4377 5.6
      vertex 53.7944 14.4377 4.75
    endloop
  endfacet
  facet normal 0.986606 -0.16312 0
    outer loop
      vertex 53.8404 14.6352 5.6
      vertex 53.8735 14.8354 4.75
      vertex 53.8735 14.8354 5.6
    endloop
  endfacet
  facet normal 0.986606 -0.16312 0
    outer loop
      vertex 53.8735 14.8354 4.75
      vertex 53.8404 14.6352 5.6
      vertex 53.8404 14.6352 4.75
    endloop
  endfacet
  facet normal -0.29024 -0.956954 0
    outer loop
      vertex 49.8035 12.3045 2.4
      vertex 49.9977 12.2456 5.6
      vertex 49.8035 12.3045 5.6
    endloop
  endfacet
  facet normal -0.29024 -0.956954 -0
    outer loop
      vertex 49.9977 12.2456 5.6
      vertex 49.8035 12.3045 2.4
      vertex 49.9977 12.2456 2.4
    endloop
  endfacet
  facet normal -0.634445 0.772968 0
    outer loop
      vertex 48.9128 17.6994 2.4
      vertex 48.756 17.5707 5.6
      vertex 48.9128 17.6994 5.6
    endloop
  endfacet
  facet normal -0.634445 0.772968 0
    outer loop
      vertex 48.756 17.5707 5.6
      vertex 48.9128 17.6994 2.4
      vertex 48.756 17.5707 2.4
    endloop
  endfacet
  facet normal -0.99947 0.0325432 0
    outer loop
      vertex 47.7 15.24 2.4
      vertex 47.7066 15.4427 5.6
      vertex 47.7066 15.4427 2.4
    endloop
  endfacet
  facet normal -0.99947 0.0325432 0
    outer loop
      vertex 47.7066 15.4427 5.6
      vertex 47.7 15.24 2.4
      vertex 47.7 15.24 5.6
    endloop
  endfacet
  facet normal -0.582589 -0.812767 0
    outer loop
      vertex 48.9128 12.7806 2.4
      vertex 49.0777 12.6624 5.6
      vertex 48.9128 12.7806 5.6
    endloop
  endfacet
  facet normal -0.582589 -0.812767 -0
    outer loop
      vertex 49.0777 12.6624 5.6
      vertex 48.9128 12.7806 2.4
      vertex 49.0777 12.6624 2.4
    endloop
  endfacet
  facet normal -0.412577 -0.910923 0
    outer loop
      vertex 49.4289 12.4597 2.4
      vertex 49.6137 12.376 5.6
      vertex 49.4289 12.4597 5.6
    endloop
  endfacet
  facet normal -0.412577 -0.910923 -0
    outer loop
      vertex 49.6137 12.376 5.6
      vertex 49.4289 12.4597 2.4
      vertex 49.6137 12.376 2.4
    endloop
  endfacet
  facet normal -0.849297 0.527915 0
    outer loop
      vertex 48.1153 16.79 2.4
      vertex 48.2224 16.9623 5.6
      vertex 48.2224 16.9623 2.4
    endloop
  endfacet
  facet normal -0.849297 0.527915 0
    outer loop
      vertex 48.2224 16.9623 5.6
      vertex 48.1153 16.79 2.4
      vertex 48.1153 16.79 5.6
    endloop
  endfacet
  facet normal -0.881971 0.471305 0
    outer loop
      vertex 48.0197 16.6111 2.4
      vertex 48.1153 16.79 5.6
      vertex 48.1153 16.79 2.4
    endloop
  endfacet
  facet normal -0.881971 0.471305 0
    outer loop
      vertex 48.1153 16.79 5.6
      vertex 48.0197 16.6111 2.4
      vertex 48.0197 16.6111 5.6
    endloop
  endfacet
  facet normal 0.986649 -0.162858 0
    outer loop
      vertex 49.6846 15.3868 4.78
      vertex 49.6966 15.4595 2.4
      vertex 49.6966 15.4595 4.78
    endloop
  endfacet
  facet normal 0.986649 -0.162858 0
    outer loop
      vertex 49.6966 15.4595 2.4
      vertex 49.6846 15.3868 4.78
      vertex 49.6846 15.3868 2.4
    endloop
  endfacet
  facet normal -0.995197 -0.0978883 0
    outer loop
      vertex 51.9226 15.3136 2.4
      vertex 51.9154 15.3868 4.78
      vertex 51.9154 15.3868 2.4
    endloop
  endfacet
  facet normal -0.995197 -0.0978883 0
    outer loop
      vertex 51.9154 15.3868 4.78
      vertex 51.9226 15.3136 2.4
      vertex 51.9226 15.3136 4.78
    endloop
  endfacet
  facet normal -0.999469 -0.0325914 0
    outer loop
      vertex 51.925 15.24 2.4
      vertex 51.9226 15.3136 4.78
      vertex 51.9226 15.3136 2.4
    endloop
  endfacet
  facet normal -0.999469 -0.0325914 0
    outer loop
      vertex 51.9226 15.3136 4.78
      vertex 51.925 15.24 2.4
      vertex 51.925 15.24 4.78
    endloop
  endfacet
  facet normal -0.986649 -0.162858 0
    outer loop
      vertex 51.9154 15.3868 2.4
      vertex 51.9034 15.4595 4.78
      vertex 51.9034 15.4595 2.4
    endloop
  endfacet
  facet normal -0.986649 -0.162858 0
    outer loop
      vertex 51.9034 15.4595 4.78
      vertex 51.9154 15.3868 2.4
      vertex 51.9154 15.3868 4.78
    endloop
  endfacet
  facet normal -0.986649 0.162858 0
    outer loop
      vertex 51.9034 15.0205 2.4
      vertex 51.9154 15.0932 4.78
      vertex 51.9154 15.0932 2.4
    endloop
  endfacet
  facet normal -0.986649 0.162858 0
    outer loop
      vertex 51.9154 15.0932 4.78
      vertex 51.9034 15.0205 2.4
      vertex 51.9034 15.0205 4.78
    endloop
  endfacet
  facet normal -0.0978883 0.995197 0
    outer loop
      vertex 50.9468 14.1246 2.4
      vertex 50.8736 14.1174 4.78
      vertex 50.9468 14.1246 4.78
    endloop
  endfacet
  facet normal -0.0978883 0.995197 0
    outer loop
      vertex 50.8736 14.1174 4.78
      vertex 50.9468 14.1246 2.4
      vertex 50.8736 14.1174 2.4
    endloop
  endfacet
  facet normal -0.528411 0.848989 0
    outer loop
      vertex 51.425 14.3046 2.4
      vertex 51.3625 14.2657 4.78
      vertex 51.425 14.3046 4.78
    endloop
  endfacet
  facet normal -0.528411 0.848989 0
    outer loop
      vertex 51.3625 14.2657 4.78
      vertex 51.425 14.3046 2.4
      vertex 51.3625 14.2657 2.4
    endloop
  endfacet
  facet normal -0.634421 0.772988 0
    outer loop
      vertex 51.5418 14.3942 2.4
      vertex 51.4849 14.3475 4.78
      vertex 51.5418 14.3942 4.78
    endloop
  endfacet
  facet normal -0.634421 0.772988 0
    outer loop
      vertex 51.4849 14.3475 4.78
      vertex 51.5418 14.3942 2.4
      vertex 51.4849 14.3475 2.4
    endloop
  endfacet
  facet normal -0.0978883 -0.995197 0
    outer loop
      vertex 50.8736 16.3626 2.4
      vertex 50.9468 16.3554 4.78
      vertex 50.8736 16.3626 4.78
    endloop
  endfacet
  facet normal -0.0978883 -0.995197 -0
    outer loop
      vertex 50.9468 16.3554 4.78
      vertex 50.8736 16.3626 2.4
      vertex 50.9468 16.3554 2.4
    endloop
  endfacet
  facet normal -0.93605 -0.351868 0
    outer loop
      vertex 51.8653 15.6016 2.4
      vertex 51.8394 15.6705 4.78
      vertex 51.8394 15.6705 2.4
    endloop
  endfacet
  facet normal -0.93605 -0.351868 0
    outer loop
      vertex 51.8394 15.6705 4.78
      vertex 51.8653 15.6016 2.4
      vertex 51.8653 15.6016 4.78
    endloop
  endfacet
  facet normal -0.973931 -0.226843 0
    outer loop
      vertex 51.9034 15.4595 2.4
      vertex 51.8867 15.5312 4.78
      vertex 51.8867 15.5312 2.4
    endloop
  endfacet
  facet normal -0.973931 -0.226843 0
    outer loop
      vertex 51.8867 15.5312 4.78
      vertex 51.9034 15.4595 2.4
      vertex 51.9034 15.4595 4.78
    endloop
  endfacet
  facet normal 0.995197 -0.0978883 0
    outer loop
      vertex 49.6774 15.3136 4.78
      vertex 49.6846 15.3868 2.4
      vertex 49.6846 15.3868 4.78
    endloop
  endfacet
  facet normal 0.995197 -0.0978883 0
    outer loop
      vertex 49.6846 15.3868 2.4
      vertex 49.6774 15.3136 4.78
      vertex 49.6774 15.3136 2.4
    endloop
  endfacet
  facet normal -0.528411 -0.848989 0
    outer loop
      vertex 51.3625 16.2143 2.4
      vertex 51.425 16.1754 4.78
      vertex 51.3625 16.2143 4.78
    endloop
  endfacet
  facet normal -0.528411 -0.848989 -0
    outer loop
      vertex 51.425 16.1754 4.78
      vertex 51.3625 16.2143 2.4
      vertex 51.425 16.1754 2.4
    endloop
  endfacet
  facet normal 0.412678 0.910877 -0
    outer loop
      vertex 50.3695 14.2006 2.4
      vertex 50.3024 14.231 4.78
      vertex 50.3695 14.2006 4.78
    endloop
  endfacet
  facet normal 0.412678 0.910877 0
    outer loop
      vertex 50.3024 14.231 4.78
      vertex 50.3695 14.2006 2.4
      vertex 50.3024 14.231 2.4
    endloop
  endfacet
  facet normal -0.0325914 0.999469 0
    outer loop
      vertex 50.8736 14.1174 2.4
      vertex 50.8 14.115 4.78
      vertex 50.8736 14.1174 4.78
    endloop
  endfacet
  facet normal -0.0325914 0.999469 0
    outer loop
      vertex 50.8 14.115 4.78
      vertex 50.8736 14.1174 2.4
      vertex 50.8 14.115 2.4
    endloop
  endfacet
  facet normal 0.683625 -0.729834 0
    outer loop
      vertex 50.0045 16.0355 2.4
      vertex 50.0582 16.0858 4.78
      vertex 50.0045 16.0355 4.78
    endloop
  endfacet
  facet normal 0.683625 -0.729834 0
    outer loop
      vertex 50.0582 16.0858 4.78
      vertex 50.0045 16.0355 2.4
      vertex 50.0582 16.0858 2.4
    endloop
  endfacet
  facet normal 0.0325914 0.999469 -0
    outer loop
      vertex 50.8 14.115 2.4
      vertex 50.7264 14.1174 4.78
      vertex 50.8 14.115 4.78
    endloop
  endfacet
  facet normal 0.0325914 0.999469 0
    outer loop
      vertex 50.7264 14.1174 4.78
      vertex 50.8 14.115 2.4
      vertex 50.7264 14.1174 2.4
    endloop
  endfacet
  facet normal 0.812999 0.582265 0
    outer loop
      vertex 49.9075 14.5551 4.78
      vertex 49.8646 14.615 2.4
      vertex 49.8646 14.615 4.78
    endloop
  endfacet
  facet normal 0.812999 0.582265 0
    outer loop
      vertex 49.8646 14.615 2.4
      vertex 49.9075 14.5551 4.78
      vertex 49.9075 14.5551 2.4
    endloop
  endfacet
  facet normal -0.226843 0.973931 0
    outer loop
      vertex 51.0912 14.1533 2.4
      vertex 51.0195 14.1366 4.78
      vertex 51.0912 14.1533 4.78
    endloop
  endfacet
  facet normal -0.226843 0.973931 0
    outer loop
      vertex 51.0195 14.1366 4.78
      vertex 51.0912 14.1533 2.4
      vertex 51.0195 14.1366 2.4
    endloop
  endfacet
  facet normal -0.290837 0.956773 0
    outer loop
      vertex 51.1616 14.1747 2.4
      vertex 51.0912 14.1533 4.78
      vertex 51.1616 14.1747 4.78
    endloop
  endfacet
  facet normal -0.290837 0.956773 0
    outer loop
      vertex 51.0912 14.1533 4.78
      vertex 51.1616 14.1747 2.4
      vertex 51.0912 14.1533 2.4
    endloop
  endfacet
  facet normal 0.999469 0.0325914 0
    outer loop
      vertex 49.6774 15.1664 4.78
      vertex 49.675 15.24 2.4
      vertex 49.675 15.24 4.78
    endloop
  endfacet
  facet normal 0.999469 0.0325914 0
    outer loop
      vertex 49.675 15.24 2.4
      vertex 49.6774 15.1664 4.78
      vertex 49.6774 15.1664 2.4
    endloop
  endfacet
  facet normal 0.93605 0.351868 0
    outer loop
      vertex 49.7606 14.8095 4.78
      vertex 49.7347 14.8784 2.4
      vertex 49.7347 14.8784 4.78
    endloop
  endfacet
  facet normal 0.93605 0.351868 0
    outer loop
      vertex 49.7347 14.8784 2.4
      vertex 49.7606 14.8095 4.78
      vertex 49.7606 14.8095 2.4
    endloop
  endfacet
  facet normal -0.848989 -0.528411 0
    outer loop
      vertex 51.7743 15.8025 2.4
      vertex 51.7354 15.865 4.78
      vertex 51.7354 15.865 2.4
    endloop
  endfacet
  facet normal -0.848989 -0.528411 0
    outer loop
      vertex 51.7354 15.865 4.78
      vertex 51.7743 15.8025 2.4
      vertex 51.7743 15.8025 4.78
    endloop
  endfacet
  facet normal 0.956773 0.290837 0
    outer loop
      vertex 49.7347 14.8784 4.78
      vertex 49.7133 14.9488 2.4
      vertex 49.7133 14.9488 4.78
    endloop
  endfacet
  facet normal 0.956773 0.290837 0
    outer loop
      vertex 49.7133 14.9488 2.4
      vertex 49.7347 14.8784 4.78
      vertex 49.7347 14.8784 2.4
    endloop
  endfacet
  facet normal -0.162858 -0.986649 0
    outer loop
      vertex 50.9468 16.3554 2.4
      vertex 51.0195 16.3434 4.78
      vertex 50.9468 16.3554 4.78
    endloop
  endfacet
  facet normal -0.162858 -0.986649 -0
    outer loop
      vertex 51.0195 16.3434 4.78
      vertex 50.9468 16.3554 2.4
      vertex 51.0195 16.3434 2.4
    endloop
  endfacet
  facet normal -0.93605 0.351868 0
    outer loop
      vertex 51.8394 14.8095 2.4
      vertex 51.8653 14.8784 4.78
      vertex 51.8653 14.8784 2.4
    endloop
  endfacet
  facet normal -0.93605 0.351868 0
    outer loop
      vertex 51.8653 14.8784 4.78
      vertex 51.8394 14.8095 2.4
      vertex 51.8394 14.8095 4.78
    endloop
  endfacet
  facet normal 0.986649 0.162858 0
    outer loop
      vertex 49.6966 15.0205 4.78
      vertex 49.6846 15.0932 2.4
      vertex 49.6846 15.0932 4.78
    endloop
  endfacet
  facet normal 0.986649 0.162858 0
    outer loop
      vertex 49.6846 15.0932 2.4
      vertex 49.6966 15.0205 4.78
      vertex 49.6966 15.0205 2.4
    endloop
  endfacet
  facet normal -0.683625 -0.729834 0
    outer loop
      vertex 51.5418 16.0858 2.4
      vertex 51.5955 16.0355 4.78
      vertex 51.5418 16.0858 4.78
    endloop
  endfacet
  facet normal -0.683625 -0.729834 -0
    outer loop
      vertex 51.5955 16.0355 4.78
      vertex 51.5418 16.0858 2.4
      vertex 51.5955 16.0355 2.4
    endloop
  endfacet
  facet normal 0.848989 -0.528411 0
    outer loop
      vertex 49.8257 15.8025 4.78
      vertex 49.8646 15.865 2.4
      vertex 49.8646 15.865 4.78
    endloop
  endfacet
  facet normal 0.848989 -0.528411 0
    outer loop
      vertex 49.8646 15.865 2.4
      vertex 49.8257 15.8025 4.78
      vertex 49.8257 15.8025 2.4
    endloop
  endfacet
  facet normal -0.910877 -0.412678 0
    outer loop
      vertex 51.8394 15.6705 2.4
      vertex 51.809 15.7376 4.78
      vertex 51.809 15.7376 2.4
    endloop
  endfacet
  facet normal -0.910877 -0.412678 0
    outer loop
      vertex 51.809 15.7376 4.78
      vertex 51.8394 15.6705 2.4
      vertex 51.8394 15.6705 4.78
    endloop
  endfacet
  facet normal 0.973931 0.226843 0
    outer loop
      vertex 49.7133 14.9488 4.78
      vertex 49.6966 15.0205 2.4
      vertex 49.6966 15.0205 4.78
    endloop
  endfacet
  facet normal 0.973931 0.226843 0
    outer loop
      vertex 49.6966 15.0205 2.4
      vertex 49.7133 14.9488 4.78
      vertex 49.7133 14.9488 2.4
    endloop
  endfacet
  facet normal 0.812999 -0.582265 0
    outer loop
      vertex 49.8646 15.865 4.78
      vertex 49.9075 15.9249 2.4
      vertex 49.9075 15.9249 4.78
    endloop
  endfacet
  facet normal 0.812999 -0.582265 0
    outer loop
      vertex 49.9075 15.9249 2.4
      vertex 49.8646 15.865 4.78
      vertex 49.8646 15.865 2.4
    endloop
  endfacet
  facet normal -0.351868 0.93605 0
    outer loop
      vertex 51.2305 14.2006 2.4
      vertex 51.1616 14.1747 4.78
      vertex 51.2305 14.2006 4.78
    endloop
  endfacet
  facet normal -0.351868 0.93605 0
    outer loop
      vertex 51.1616 14.1747 4.78
      vertex 51.2305 14.2006 2.4
      vertex 51.1616 14.1747 2.4
    endloop
  endfacet
  facet normal 0.582265 -0.812999 0
    outer loop
      vertex 50.1151 16.1325 2.4
      vertex 50.175 16.1754 4.78
      vertex 50.1151 16.1325 4.78
    endloop
  endfacet
  facet normal 0.582265 -0.812999 0
    outer loop
      vertex 50.175 16.1754 4.78
      vertex 50.1151 16.1325 2.4
      vertex 50.175 16.1754 2.4
    endloop
  endfacet
  facet normal 0.910877 -0.412678 0
    outer loop
      vertex 49.7606 15.6705 4.78
      vertex 49.791 15.7376 2.4
      vertex 49.791 15.7376 4.78
    endloop
  endfacet
  facet normal 0.910877 -0.412678 0
    outer loop
      vertex 49.791 15.7376 2.4
      vertex 49.7606 15.6705 4.78
      vertex 49.7606 15.6705 2.4
    endloop
  endfacet
  facet normal -0.995197 0.0978883 0
    outer loop
      vertex 51.9154 15.0932 2.4
      vertex 51.9226 15.1664 4.78
      vertex 51.9226 15.1664 2.4
    endloop
  endfacet
  facet normal -0.995197 0.0978883 0
    outer loop
      vertex 51.9226 15.1664 4.78
      vertex 51.9154 15.0932 2.4
      vertex 51.9154 15.0932 4.78
    endloop
  endfacet
  facet normal -0.582265 -0.812999 0
    outer loop
      vertex 51.425 16.1754 2.4
      vertex 51.4849 16.1325 4.78
      vertex 51.425 16.1754 4.78
    endloop
  endfacet
  facet normal -0.582265 -0.812999 -0
    outer loop
      vertex 51.4849 16.1325 4.78
      vertex 51.425 16.1754 2.4
      vertex 51.4849 16.1325 2.4
    endloop
  endfacet
  facet normal 0.999469 -0.0325914 0
    outer loop
      vertex 49.675 15.24 4.78
      vertex 49.6774 15.3136 2.4
      vertex 49.6774 15.3136 4.78
    endloop
  endfacet
  facet normal 0.999469 -0.0325914 0
    outer loop
      vertex 49.6774 15.3136 2.4
      vertex 49.675 15.24 4.78
      vertex 49.675 15.24 2.4
    endloop
  endfacet
  facet normal 0.528411 -0.848989 0
    outer loop
      vertex 50.175 16.1754 2.4
      vertex 50.2375 16.2143 4.78
      vertex 50.175 16.1754 4.78
    endloop
  endfacet
  facet normal 0.528411 -0.848989 0
    outer loop
      vertex 50.2375 16.2143 4.78
      vertex 50.175 16.1754 2.4
      vertex 50.2375 16.2143 2.4
    endloop
  endfacet
  facet normal -0.881863 -0.471505 0
    outer loop
      vertex 51.809 15.7376 2.4
      vertex 51.7743 15.8025 4.78
      vertex 51.7743 15.8025 2.4
    endloop
  endfacet
  facet normal -0.881863 -0.471505 0
    outer loop
      vertex 51.7743 15.8025 4.78
      vertex 51.809 15.7376 2.4
      vertex 51.809 15.7376 4.78
    endloop
  endfacet
  facet normal 0.162858 -0.986649 0
    outer loop
      vertex 50.5805 16.3434 2.4
      vertex 50.6532 16.3554 4.78
      vertex 50.5805 16.3434 4.78
    endloop
  endfacet
  facet normal 0.162858 -0.986649 0
    outer loop
      vertex 50.6532 16.3554 4.78
      vertex 50.5805 16.3434 2.4
      vertex 50.6532 16.3554 2.4
    endloop
  endfacet
  facet normal 0 0 -1
    outer loop
      vertex 52.3966 15.1354 5.58
      vertex 52.3966 15.3446 5.58
      vertex 52.4 15.24 5.58
    endloop
  endfacet
  facet normal 0 0 -1
    outer loop
      vertex 52.3863 15.0312 5.58
      vertex 52.3966 15.3446 5.58
      vertex 52.3966 15.1354 5.58
    endloop
  endfacet
  facet normal 0 0 -1
    outer loop
      vertex 52.3863 15.0312 5.58
      vertex 52.3863 15.4488 5.58
      vertex 52.3966 15.3446 5.58
    endloop
  endfacet
  facet normal 0 0 -1
    outer loop
      vertex 52.3693 14.9279 5.58
      vertex 52.3863 15.4488 5.58
      vertex 52.3863 15.0312 5.58
    endloop
  endfacet
  facet normal 0 0 -1
    outer loop
      vertex 52.3693 14.9279 5.58
      vertex 52.3693 15.5521 5.58
      vertex 52.3863 15.4488 5.58
    endloop
  endfacet
  facet normal 0 0 -1
    outer loop
      vertex 52.3455 14.8259 5.58
      vertex 52.3693 15.5521 5.58
      vertex 52.3693 14.9279 5.58
    endloop
  endfacet
  facet normal 0 0 -1
    outer loop
      vertex 52.3455 14.8259 5.58
      vertex 52.3455 15.6541 5.58
      vertex 52.3693 15.5521 5.58
    endloop
  endfacet
  facet normal 0 0 -1
    outer loop
      vertex 52.3151 14.7257 5.58
      vertex 52.3455 15.6541 5.58
      vertex 52.3455 14.8259 5.58
    endloop
  endfacet
  facet normal 0 0 -1
    outer loop
      vertex 52.3151 14.7257 5.58
      vertex 52.3151 15.7543 5.58
      vertex 52.3455 15.6541 5.58
    endloop
  endfacet
  facet normal 0 0 -1
    outer loop
      vertex 52.2782 14.6277 5.58
      vertex 52.3151 15.7543 5.58
      vertex 52.3151 14.7257 5.58
    endloop
  endfacet
  facet normal 0 0 -1
    outer loop
      vertex 52.2782 14.6277 5.58
      vertex 52.2782 15.8523 5.58
      vertex 52.3151 15.7543 5.58
    endloop
  endfacet
  facet normal 0 0 -1
    outer loop
      vertex 52.235 14.5323 5.58
      vertex 52.2782 15.8523 5.58
      vertex 52.2782 14.6277 5.58
    endloop
  endfacet
  facet normal 0 0 -1
    outer loop
      vertex 52.235 14.5323 5.58
      vertex 52.235 15.9477 5.58
      vertex 52.2782 15.8523 5.58
    endloop
  endfacet
  facet normal 0 0 -1
    outer loop
      vertex 52.1856 14.44 5.58
      vertex 52.235 15.9477 5.58
      vertex 52.235 14.5323 5.58
    endloop
  endfacet
  facet normal 0 0 -1
    outer loop
      vertex 52.1856 14.44 5.58
      vertex 52.1856 16.04 5.58
      vertex 52.235 15.9477 5.58
    endloop
  endfacet
  facet normal 0 0 -1
    outer loop
      vertex 52.1304 14.3511 5.58
      vertex 52.1856 16.04 5.58
      vertex 52.1856 14.44 5.58
    endloop
  endfacet
  facet normal 0 0 -1
    outer loop
      vertex 52.1304 14.3511 5.58
      vertex 52.1304 16.1289 5.58
      vertex 52.1856 16.04 5.58
    endloop
  endfacet
  facet normal 0 0 -1
    outer loop
      vertex 52.0694 14.266 5.58
      vertex 52.1304 16.1289 5.58
      vertex 52.1304 14.3511 5.58
    endloop
  endfacet
  facet normal 0 0 -1
    outer loop
      vertex 52.0694 14.266 5.58
      vertex 52.0694 16.214 5.58
      vertex 52.1304 16.1289 5.58
    endloop
  endfacet
  facet normal 0 0 -1
    outer loop
      vertex 52.0029 14.185 5.58
      vertex 52.0694 16.214 5.58
      vertex 52.0694 14.266 5.58
    endloop
  endfacet
  facet normal 0 0 -1
    outer loop
      vertex 52.0029 14.185 5.58
      vertex 52.0029 16.295 5.58
      vertex 52.0694 16.214 5.58
    endloop
  endfacet
  facet normal 0 0 -1
    outer loop
      vertex 51.9314 14.1086 5.58
      vertex 52.0029 16.295 5.58
      vertex 52.0029 14.185 5.58
    endloop
  endfacet
  facet normal 0 0 -1
    outer loop
      vertex 51.9314 14.1086 5.58
      vertex 51.9314 16.3714 5.58
      vertex 52.0029 16.295 5.58
    endloop
  endfacet
  facet normal 0 0 -1
    outer loop
      vertex 51.855 14.0371 5.58
      vertex 51.9314 16.3714 5.58
      vertex 51.9314 14.1086 5.58
    endloop
  endfacet
  facet normal 0 0 -1
    outer loop
      vertex 51.855 14.0371 5.58
      vertex 51.855 16.4429 5.58
      vertex 51.9314 16.3714 5.58
    endloop
  endfacet
  facet normal 0 0 -1
    outer loop
      vertex 51.774 13.9706 5.58
      vertex 51.855 16.4429 5.58
      vertex 51.855 14.0371 5.58
    endloop
  endfacet
  facet normal 0 0 -1
    outer loop
      vertex 51.774 13.9706 5.58
      vertex 51.774 16.5094 5.58
      vertex 51.855 16.4429 5.58
    endloop
  endfacet
  facet normal 0 0 -1
    outer loop
      vertex 51.6889 13.9096 5.58
      vertex 51.774 16.5094 5.58
      vertex 51.774 13.9706 5.58
    endloop
  endfacet
  facet normal 0 0 -1
    outer loop
      vertex 51.6889 13.9096 5.58
      vertex 51.6889 16.5704 5.58
      vertex 51.774 16.5094 5.58
    endloop
  endfacet
  facet normal 0 0 -1
    outer loop
      vertex 51.6 13.8544 5.58
      vertex 51.6889 16.5704 5.58
      vertex 51.6889 13.9096 5.58
    endloop
  endfacet
  facet normal 0 0 -1
    outer loop
      vertex 51.6 13.8544 5.58
      vertex 51.6 16.6256 5.58
      vertex 51.6889 16.5704 5.58
    endloop
  endfacet
  facet normal 0 0 -1
    outer loop
      vertex 51.5077 13.805 5.58
      vertex 51.6 16.6256 5.58
      vertex 51.6 13.8544 5.58
    endloop
  endfacet
  facet normal 0 0 -1
    outer loop
      vertex 51.5077 13.805 5.58
      vertex 51.5077 16.675 5.58
      vertex 51.6 16.6256 5.58
    endloop
  endfacet
  facet normal 0 0 -1
    outer loop
      vertex 51.4123 13.7618 5.58
      vertex 51.5077 16.675 5.58
      vertex 51.5077 13.805 5.58
    endloop
  endfacet
  facet normal 0 0 -1
    outer loop
      vertex 51.4123 13.7618 5.58
      vertex 51.4123 16.7182 5.58
      vertex 51.5077 16.675 5.58
    endloop
  endfacet
  facet normal 0 0 -1
    outer loop
      vertex 51.3143 13.7249 5.58
      vertex 51.4123 16.7182 5.58
      vertex 51.4123 13.7618 5.58
    endloop
  endfacet
  facet normal 0 0 -1
    outer loop
      vertex 51.3143 13.7249 5.58
      vertex 51.3143 16.7551 5.58
      vertex 51.4123 16.7182 5.58
    endloop
  endfacet
  facet normal 0 0 -1
    outer loop
      vertex 51.2141 13.6945 5.58
      vertex 51.3143 16.7551 5.58
      vertex 51.3143 13.7249 5.58
    endloop
  endfacet
  facet normal 0 0 -1
    outer loop
      vertex 51.2141 13.6945 5.58
      vertex 51.2141 16.7855 5.58
      vertex 51.3143 16.7551 5.58
    endloop
  endfacet
  facet normal 0 0 -1
    outer loop
      vertex 51.1121 13.6707 5.58
      vertex 51.2141 16.7855 5.58
      vertex 51.2141 13.6945 5.58
    endloop
  endfacet
  facet normal 0 0 -1
    outer loop
      vertex 51.1121 13.6707 5.58
      vertex 51.1121 16.8093 5.58
      vertex 51.2141 16.7855 5.58
    endloop
  endfacet
  facet normal 0 0 -1
    outer loop
      vertex 51.0088 13.6537 5.58
      vertex 51.1121 16.8093 5.58
      vertex 51.1121 13.6707 5.58
    endloop
  endfacet
  facet normal 0 0 -1
    outer loop
      vertex 51.0088 13.6537 5.58
      vertex 51.0088 16.8263 5.58
      vertex 51.1121 16.8093 5.58
    endloop
  endfacet
  facet normal 0 0 -1
    outer loop
      vertex 50.9046 13.6434 5.58
      vertex 51.0088 16.8263 5.58
      vertex 51.0088 13.6537 5.58
    endloop
  endfacet
  facet normal 0 0 -1
    outer loop
      vertex 50.9046 13.6434 5.58
      vertex 50.9046 16.8366 5.58
      vertex 51.0088 16.8263 5.58
    endloop
  endfacet
  facet normal 0 0 -1
    outer loop
      vertex 50.8 13.64 5.58
      vertex 50.9046 16.8366 5.58
      vertex 50.9046 13.6434 5.58
    endloop
  endfacet
  facet normal 0 0 -1
    outer loop
      vertex 50.8 13.64 5.58
      vertex 50.8 16.84 5.58
      vertex 50.9046 16.8366 5.58
    endloop
  endfacet
  facet normal 0 0 -1
    outer loop
      vertex 50.6954 13.6434 5.58
      vertex 50.8 16.84 5.58
      vertex 50.8 13.64 5.58
    endloop
  endfacet
  facet normal 0 0 -1
    outer loop
      vertex 50.6954 13.6434 5.58
      vertex 50.6954 16.8366 5.58
      vertex 50.8 16.84 5.58
    endloop
  endfacet
  facet normal 0 0 -1
    outer loop
      vertex 50.5912 13.6537 5.58
      vertex 50.6954 16.8366 5.58
      vertex 50.6954 13.6434 5.58
    endloop
  endfacet
  facet normal 0 0 -1
    outer loop
      vertex 50.5912 13.6537 5.58
      vertex 50.5912 16.8263 5.58
      vertex 50.6954 16.8366 5.58
    endloop
  endfacet
  facet normal 0 0 -1
    outer loop
      vertex 50.4879 13.6707 5.58
      vertex 50.5912 16.8263 5.58
      vertex 50.5912 13.6537 5.58
    endloop
  endfacet
  facet normal 0 0 -1
    outer loop
      vertex 50.4879 13.6707 5.58
      vertex 50.4879 16.8093 5.58
      vertex 50.5912 16.8263 5.58
    endloop
  endfacet
  facet normal 0 0 -1
    outer loop
      vertex 50.3859 13.6945 5.58
      vertex 50.4879 16.8093 5.58
      vertex 50.4879 13.6707 5.58
    endloop
  endfacet
  facet normal 0 0 -1
    outer loop
      vertex 50.3859 13.6945 5.58
      vertex 50.3859 16.7855 5.58
      vertex 50.4879 16.8093 5.58
    endloop
  endfacet
  facet normal 0 0 -1
    outer loop
      vertex 50.2857 13.7249 5.58
      vertex 50.3859 16.7855 5.58
      vertex 50.3859 13.6945 5.58
    endloop
  endfacet
  facet normal 0 0 -1
    outer loop
      vertex 50.2857 13.7249 5.58
      vertex 50.2857 16.7551 5.58
      vertex 50.3859 16.7855 5.58
    endloop
  endfacet
  facet normal 0 0 -1
    outer loop
      vertex 50.1877 13.7618 5.58
      vertex 50.2857 16.7551 5.58
      vertex 50.2857 13.7249 5.58
    endloop
  endfacet
  facet normal 0 0 -1
    outer loop
      vertex 50.1877 13.7618 5.58
      vertex 50.1877 16.7182 5.58
      vertex 50.2857 16.7551 5.58
    endloop
  endfacet
  facet normal 0 0 -1
    outer loop
      vertex 50.0923 13.805 5.58
      vertex 50.1877 16.7182 5.58
      vertex 50.1877 13.7618 5.58
    endloop
  endfacet
  facet normal 0 0 -1
    outer loop
      vertex 50.0923 13.805 5.58
      vertex 50.0923 16.675 5.58
      vertex 50.1877 16.7182 5.58
    endloop
  endfacet
  facet normal 0 0 -1
    outer loop
      vertex 50 13.8544 5.58
      vertex 50.0923 16.675 5.58
      vertex 50.0923 13.805 5.58
    endloop
  endfacet
  facet normal 0 0 -1
    outer loop
      vertex 50 13.8544 5.58
      vertex 50 16.6256 5.58
      vertex 50.0923 16.675 5.58
    endloop
  endfacet
  facet normal 0 0 -1
    outer loop
      vertex 49.9111 13.9096 5.58
      vertex 50 16.6256 5.58
      vertex 50 13.8544 5.58
    endloop
  endfacet
  facet normal 0 0 -1
    outer loop
      vertex 49.9111 13.9096 5.58
      vertex 49.9111 16.5704 5.58
      vertex 50 16.6256 5.58
    endloop
  endfacet
  facet normal 0 0 -1
    outer loop
      vertex 49.826 13.9706 5.58
      vertex 49.9111 16.5704 5.58
      vertex 49.9111 13.9096 5.58
    endloop
  endfacet
  facet normal 0 0 -1
    outer loop
      vertex 49.826 13.9706 5.58
      vertex 49.826 16.5094 5.58
      vertex 49.9111 16.5704 5.58
    endloop
  endfacet
  facet normal 0 0 -1
    outer loop
      vertex 49.745 14.0371 5.58
      vertex 49.826 16.5094 5.58
      vertex 49.826 13.9706 5.58
    endloop
  endfacet
  facet normal 0 0 -1
    outer loop
      vertex 49.745 14.0371 5.58
      vertex 49.745 16.4429 5.58
      vertex 49.826 16.5094 5.58
    endloop
  endfacet
  facet normal 0 0 -1
    outer loop
      vertex 49.6686 14.1086 5.58
      vertex 49.745 16.4429 5.58
      vertex 49.745 14.0371 5.58
    endloop
  endfacet
  facet normal 0 0 -1
    outer loop
      vertex 49.6686 14.1086 5.58
      vertex 49.6686 16.3714 5.58
      vertex 49.745 16.4429 5.58
    endloop
  endfacet
  facet normal 0 0 -1
    outer loop
      vertex 49.5971 14.185 5.58
      vertex 49.6686 16.3714 5.58
      vertex 49.6686 14.1086 5.58
    endloop
  endfacet
  facet normal 0 0 -1
    outer loop
      vertex 49.5971 14.185 5.58
      vertex 49.5971 16.295 5.58
      vertex 49.6686 16.3714 5.58
    endloop
  endfacet
  facet normal 0 0 -1
    outer loop
      vertex 49.5306 14.266 5.58
      vertex 49.5971 16.295 5.58
      vertex 49.5971 14.185 5.58
    endloop
  endfacet
  facet normal 0 0 -1
    outer loop
      vertex 49.5306 14.266 5.58
      vertex 49.5306 16.214 5.58
      vertex 49.5971 16.295 5.58
    endloop
  endfacet
  facet normal 0 0 -1
    outer loop
      vertex 49.4697 14.3511 5.58
      vertex 49.5306 16.214 5.58
      vertex 49.5306 14.266 5.58
    endloop
  endfacet
  facet normal 0 0 -1
    outer loop
      vertex 49.4697 14.3511 5.58
      vertex 49.4697 16.1289 5.58
      vertex 49.5306 16.214 5.58
    endloop
  endfacet
  facet normal 0 0 -1
    outer loop
      vertex 49.4144 14.44 5.58
      vertex 49.4697 16.1289 5.58
      vertex 49.4697 14.3511 5.58
    endloop
  endfacet
  facet normal 0 0 -1
    outer loop
      vertex 49.4144 14.44 5.58
      vertex 49.4144 16.04 5.58
      vertex 49.4697 16.1289 5.58
    endloop
  endfacet
  facet normal 0 0 -1
    outer loop
      vertex 49.365 14.5323 5.58
      vertex 49.4144 16.04 5.58
      vertex 49.4144 14.44 5.58
    endloop
  endfacet
  facet normal 0 0 -1
    outer loop
      vertex 49.365 14.5323 5.58
      vertex 49.365 15.9477 5.58
      vertex 49.4144 16.04 5.58
    endloop
  endfacet
  facet normal 0 0 -1
    outer loop
      vertex 49.3218 14.6277 5.58
      vertex 49.365 15.9477 5.58
      vertex 49.365 14.5323 5.58
    endloop
  endfacet
  facet normal 0 0 -1
    outer loop
      vertex 49.3218 14.6277 5.58
      vertex 49.3218 15.8523 5.58
      vertex 49.365 15.9477 5.58
    endloop
  endfacet
  facet normal 0 0 -1
    outer loop
      vertex 49.2849 14.7257 5.58
      vertex 49.3218 15.8523 5.58
      vertex 49.3218 14.6277 5.58
    endloop
  endfacet
  facet normal 0 0 -1
    outer loop
      vertex 49.2849 14.7257 5.58
      vertex 49.2849 15.7543 5.58
      vertex 49.3218 15.8523 5.58
    endloop
  endfacet
  facet normal 0 0 -1
    outer loop
      vertex 49.2545 14.8259 5.58
      vertex 49.2849 15.7543 5.58
      vertex 49.2849 14.7257 5.58
    endloop
  endfacet
  facet normal 0 0 -1
    outer loop
      vertex 49.2545 14.8259 5.58
      vertex 49.2545 15.6541 5.58
      vertex 49.2849 15.7543 5.58
    endloop
  endfacet
  facet normal 0 0 -1
    outer loop
      vertex 49.2307 14.9279 5.58
      vertex 49.2545 15.6541 5.58
      vertex 49.2545 14.8259 5.58
    endloop
  endfacet
  facet normal 0 0 -1
    outer loop
      vertex 49.2307 14.9279 5.58
      vertex 49.2307 15.5521 5.58
      vertex 49.2545 15.6541 5.58
    endloop
  endfacet
  facet normal 0 0 -1
    outer loop
      vertex 49.2137 15.0312 5.58
      vertex 49.2307 15.5521 5.58
      vertex 49.2307 14.9279 5.58
    endloop
  endfacet
  facet normal 0 0 -1
    outer loop
      vertex 49.2137 15.0312 5.58
      vertex 49.2137 15.4488 5.58
      vertex 49.2307 15.5521 5.58
    endloop
  endfacet
  facet normal 0 0 -1
    outer loop
      vertex 49.2034 15.1354 5.58
      vertex 49.2137 15.4488 5.58
      vertex 49.2137 15.0312 5.58
    endloop
  endfacet
  facet normal 0 0 -1
    outer loop
      vertex 49.2034 15.1354 5.58
      vertex 49.2034 15.3446 5.58
      vertex 49.2137 15.4488 5.58
    endloop
  endfacet
  facet normal 0 -0 -1
    outer loop
      vertex 49.2034 15.3446 5.58
      vertex 49.2034 15.1354 5.58
      vertex 49.2 15.24 5.58
    endloop
  endfacet
  facet normal -0.471505 0.881863 0
    outer loop
      vertex 51.3625 14.2657 2.4
      vertex 51.2976 14.231 4.78
      vertex 51.3625 14.2657 4.78
    endloop
  endfacet
  facet normal -0.471505 0.881863 0
    outer loop
      vertex 51.2976 14.231 4.78
      vertex 51.3625 14.2657 2.4
      vertex 51.2976 14.231 2.4
    endloop
  endfacet
  facet normal -0.729834 -0.683625 0
    outer loop
      vertex 51.6458 15.9818 2.4
      vertex 51.5955 16.0355 4.78
      vertex 51.5955 16.0355 2.4
    endloop
  endfacet
  facet normal -0.729834 -0.683625 0
    outer loop
      vertex 51.5955 16.0355 4.78
      vertex 51.6458 15.9818 2.4
      vertex 51.6458 15.9818 4.78
    endloop
  endfacet
  facet normal 0.582265 0.812999 -0
    outer loop
      vertex 50.175 14.3046 2.4
      vertex 50.1151 14.3475 4.78
      vertex 50.175 14.3046 4.78
    endloop
  endfacet
  facet normal 0.582265 0.812999 0
    outer loop
      vertex 50.1151 14.3475 4.78
      vertex 50.175 14.3046 2.4
      vertex 50.1151 14.3475 2.4
    endloop
  endfacet
  facet normal 0.290837 -0.956773 0
    outer loop
      vertex 50.4384 16.3053 2.4
      vertex 50.5088 16.3267 4.78
      vertex 50.4384 16.3053 4.78
    endloop
  endfacet
  facet normal 0.290837 -0.956773 0
    outer loop
      vertex 50.5088 16.3267 4.78
      vertex 50.4384 16.3053 2.4
      vertex 50.5088 16.3267 2.4
    endloop
  endfacet
  facet normal -0.812999 0.582265 0
    outer loop
      vertex 51.6925 14.5551 2.4
      vertex 51.7354 14.615 4.78
      vertex 51.7354 14.615 2.4
    endloop
  endfacet
  facet normal -0.812999 0.582265 0
    outer loop
      vertex 51.7354 14.615 4.78
      vertex 51.6925 14.5551 2.4
      vertex 51.6925 14.5551 4.78
    endloop
  endfacet
  facet normal -0.956773 -0.290837 0
    outer loop
      vertex 51.8867 15.5312 2.4
      vertex 51.8653 15.6016 4.78
      vertex 51.8653 15.6016 2.4
    endloop
  endfacet
  facet normal -0.956773 -0.290837 0
    outer loop
      vertex 51.8653 15.6016 4.78
      vertex 51.8867 15.5312 2.4
      vertex 51.8867 15.5312 4.78
    endloop
  endfacet
  facet normal 0.881863 0.471505 0
    outer loop
      vertex 49.8257 14.6775 4.78
      vertex 49.791 14.7424 2.4
      vertex 49.791 14.7424 4.78
    endloop
  endfacet
  facet normal 0.881863 0.471505 0
    outer loop
      vertex 49.791 14.7424 2.4
      vertex 49.8257 14.6775 4.78
      vertex 49.8257 14.6775 2.4
    endloop
  endfacet
  facet normal -0.999469 0.0325914 0
    outer loop
      vertex 51.9226 15.1664 2.4
      vertex 51.925 15.24 4.78
      vertex 51.925 15.24 2.4
    endloop
  endfacet
  facet normal -0.999469 0.0325914 0
    outer loop
      vertex 51.925 15.24 4.78
      vertex 51.9226 15.1664 2.4
      vertex 51.9226 15.1664 4.78
    endloop
  endfacet
  facet normal 0.995197 0.0978883 0
    outer loop
      vertex 49.6846 15.0932 4.78
      vertex 49.6774 15.1664 2.4
      vertex 49.6774 15.1664 4.78
    endloop
  endfacet
  facet normal 0.995197 0.0978883 0
    outer loop
      vertex 49.6774 15.1664 2.4
      vertex 49.6846 15.0932 4.78
      vertex 49.6846 15.0932 2.4
    endloop
  endfacet
  facet normal -0.683625 0.729834 0
    outer loop
      vertex 51.5955 14.4445 2.4
      vertex 51.5418 14.3942 4.78
      vertex 51.5955 14.4445 4.78
    endloop
  endfacet
  facet normal -0.683625 0.729834 0
    outer loop
      vertex 51.5418 14.3942 4.78
      vertex 51.5955 14.4445 2.4
      vertex 51.5418 14.3942 2.4
    endloop
  endfacet
  facet normal 0.772988 -0.634421 0
    outer loop
      vertex 49.9075 15.9249 4.78
      vertex 49.9542 15.9818 2.4
      vertex 49.9542 15.9818 4.78
    endloop
  endfacet
  facet normal 0.772988 -0.634421 0
    outer loop
      vertex 49.9542 15.9818 2.4
      vertex 49.9075 15.9249 4.78
      vertex 49.9075 15.9249 2.4
    endloop
  endfacet
  facet normal -0.848989 0.528411 0
    outer loop
      vertex 51.7354 14.615 2.4
      vertex 51.7743 14.6775 4.78
      vertex 51.7743 14.6775 2.4
    endloop
  endfacet
  facet normal -0.848989 0.528411 0
    outer loop
      vertex 51.7743 14.6775 4.78
      vertex 51.7354 14.615 2.4
      vertex 51.7354 14.615 4.78
    endloop
  endfacet
  facet normal 0.848989 0.528411 0
    outer loop
      vertex 49.8646 14.615 4.78
      vertex 49.8257 14.6775 2.4
      vertex 49.8257 14.6775 4.78
    endloop
  endfacet
  facet normal 0.848989 0.528411 0
    outer loop
      vertex 49.8257 14.6775 2.4
      vertex 49.8646 14.615 4.78
      vertex 49.8646 14.615 2.4
    endloop
  endfacet
  facet normal 0.351868 -0.93605 0
    outer loop
      vertex 50.3695 16.2794 2.4
      vertex 50.4384 16.3053 4.78
      vertex 50.3695 16.2794 4.78
    endloop
  endfacet
  facet normal 0.351868 -0.93605 0
    outer loop
      vertex 50.4384 16.3053 4.78
      vertex 50.3695 16.2794 2.4
      vertex 50.4384 16.3053 2.4
    endloop
  endfacet
  facet normal -0.634421 -0.772988 0
    outer loop
      vertex 51.4849 16.1325 2.4
      vertex 51.5418 16.0858 4.78
      vertex 51.4849 16.1325 4.78
    endloop
  endfacet
  facet normal -0.634421 -0.772988 -0
    outer loop
      vertex 51.5418 16.0858 4.78
      vertex 51.4849 16.1325 2.4
      vertex 51.5418 16.0858 2.4
    endloop
  endfacet
  facet normal 0.729834 0.683625 0
    outer loop
      vertex 50.0045 14.4445 4.78
      vertex 49.9542 14.4982 2.4
      vertex 49.9542 14.4982 4.78
    endloop
  endfacet
  facet normal 0.729834 0.683625 0
    outer loop
      vertex 49.9542 14.4982 2.4
      vertex 50.0045 14.4445 4.78
      vertex 50.0045 14.4445 2.4
    endloop
  endfacet
  facet normal 0.0325914 -0.999469 0
    outer loop
      vertex 50.7264 16.3626 2.4
      vertex 50.8 16.365 4.78
      vertex 50.7264 16.3626 4.78
    endloop
  endfacet
  facet normal 0.0325914 -0.999469 0
    outer loop
      vertex 50.8 16.365 4.78
      vertex 50.7264 16.3626 2.4
      vertex 50.8 16.365 2.4
    endloop
  endfacet
  facet normal -0.412678 -0.910877 0
    outer loop
      vertex 51.2305 16.2794 2.4
      vertex 51.2976 16.249 4.78
      vertex 51.2305 16.2794 4.78
    endloop
  endfacet
  facet normal -0.412678 -0.910877 -0
    outer loop
      vertex 51.2976 16.249 4.78
      vertex 51.2305 16.2794 2.4
      vertex 51.2976 16.249 2.4
    endloop
  endfacet
  facet normal -0.471505 -0.881863 0
    outer loop
      vertex 51.2976 16.249 2.4
      vertex 51.3625 16.2143 4.78
      vertex 51.2976 16.249 4.78
    endloop
  endfacet
  facet normal -0.471505 -0.881863 -0
    outer loop
      vertex 51.3625 16.2143 4.78
      vertex 51.2976 16.249 2.4
      vertex 51.3625 16.2143 2.4
    endloop
  endfacet
  facet normal -0.351868 -0.93605 0
    outer loop
      vertex 51.1616 16.3053 2.4
      vertex 51.2305 16.2794 4.78
      vertex 51.1616 16.3053 4.78
    endloop
  endfacet
  facet normal -0.351868 -0.93605 -0
    outer loop
      vertex 51.2305 16.2794 4.78
      vertex 51.1616 16.3053 2.4
      vertex 51.2305 16.2794 2.4
    endloop
  endfacet
  facet normal -0.0325914 -0.999469 0
    outer loop
      vertex 50.8 16.365 2.4
      vertex 50.8736 16.3626 4.78
      vertex 50.8 16.365 4.78
    endloop
  endfacet
  facet normal -0.0325914 -0.999469 -0
    outer loop
      vertex 50.8736 16.3626 4.78
      vertex 50.8 16.365 2.4
      vertex 50.8736 16.3626 2.4
    endloop
  endfacet
  facet normal 0.910877 0.412678 0
    outer loop
      vertex 49.791 14.7424 4.78
      vertex 49.7606 14.8095 2.4
      vertex 49.7606 14.8095 4.78
    endloop
  endfacet
  facet normal 0.910877 0.412678 0
    outer loop
      vertex 49.7606 14.8095 2.4
      vertex 49.791 14.7424 4.78
      vertex 49.791 14.7424 2.4
    endloop
  endfacet
  facet normal -0.729834 0.683625 0
    outer loop
      vertex 51.5955 14.4445 2.4
      vertex 51.6458 14.4982 4.78
      vertex 51.6458 14.4982 2.4
    endloop
  endfacet
  facet normal -0.729834 0.683625 0
    outer loop
      vertex 51.6458 14.4982 4.78
      vertex 51.5955 14.4445 2.4
      vertex 51.5955 14.4445 4.78
    endloop
  endfacet
  facet normal -0.772988 0.634421 0
    outer loop
      vertex 51.6458 14.4982 2.4
      vertex 51.6925 14.5551 4.78
      vertex 51.6925 14.5551 2.4
    endloop
  endfacet
  facet normal -0.772988 0.634421 0
    outer loop
      vertex 51.6925 14.5551 4.78
      vertex 51.6458 14.4982 2.4
      vertex 51.6458 14.4982 4.78
    endloop
  endfacet
  facet normal -0.881863 0.471505 0
    outer loop
      vertex 51.7743 14.6775 2.4
      vertex 51.809 14.7424 4.78
      vertex 51.809 14.7424 2.4
    endloop
  endfacet
  facet normal -0.881863 0.471505 0
    outer loop
      vertex 51.809 14.7424 4.78
      vertex 51.7743 14.6775 2.4
      vertex 51.7743 14.6775 4.78
    endloop
  endfacet
  facet normal 0.973931 -0.226843 0
    outer loop
      vertex 49.6966 15.4595 4.78
      vertex 49.7133 15.5312 2.4
      vertex 49.7133 15.5312 4.78
    endloop
  endfacet
  facet normal 0.973931 -0.226843 0
    outer loop
      vertex 49.7133 15.5312 2.4
      vertex 49.6966 15.4595 4.78
      vertex 49.6966 15.4595 2.4
    endloop
  endfacet
  facet normal 0.881863 -0.471505 0
    outer loop
      vertex 49.791 15.7376 4.78
      vertex 49.8257 15.8025 2.4
      vertex 49.8257 15.8025 4.78
    endloop
  endfacet
  facet normal 0.881863 -0.471505 0
    outer loop
      vertex 49.8257 15.8025 2.4
      vertex 49.791 15.7376 4.78
      vertex 49.791 15.7376 2.4
    endloop
  endfacet
  facet normal 0.634421 -0.772988 0
    outer loop
      vertex 50.0582 16.0858 2.4
      vertex 50.1151 16.1325 4.78
      vertex 50.0582 16.0858 4.78
    endloop
  endfacet
  facet normal 0.634421 -0.772988 0
    outer loop
      vertex 50.1151 16.1325 4.78
      vertex 50.0582 16.0858 2.4
      vertex 50.1151 16.1325 2.4
    endloop
  endfacet
  facet normal -0.956773 0.290837 0
    outer loop
      vertex 51.8653 14.8784 2.4
      vertex 51.8867 14.9488 4.78
      vertex 51.8867 14.9488 2.4
    endloop
  endfacet
  facet normal -0.956773 0.290837 0
    outer loop
      vertex 51.8867 14.9488 4.78
      vertex 51.8653 14.8784 2.4
      vertex 51.8653 14.8784 4.78
    endloop
  endfacet
  facet normal 0.93605 -0.351868 0
    outer loop
      vertex 49.7347 15.6016 4.78
      vertex 49.7606 15.6705 2.4
      vertex 49.7606 15.6705 4.78
    endloop
  endfacet
  facet normal 0.93605 -0.351868 0
    outer loop
      vertex 49.7606 15.6705 2.4
      vertex 49.7347 15.6016 4.78
      vertex 49.7347 15.6016 2.4
    endloop
  endfacet
  facet normal -0.812999 -0.582265 0
    outer loop
      vertex 51.7354 15.865 2.4
      vertex 51.6925 15.9249 4.78
      vertex 51.6925 15.9249 2.4
    endloop
  endfacet
  facet normal -0.812999 -0.582265 0
    outer loop
      vertex 51.6925 15.9249 4.78
      vertex 51.7354 15.865 2.4
      vertex 51.7354 15.865 4.78
    endloop
  endfacet
  facet normal 0.0978883 -0.995197 0
    outer loop
      vertex 50.6532 16.3554 2.4
      vertex 50.7264 16.3626 4.78
      vertex 50.6532 16.3554 4.78
    endloop
  endfacet
  facet normal 0.0978883 -0.995197 0
    outer loop
      vertex 50.7264 16.3626 4.78
      vertex 50.6532 16.3554 2.4
      vertex 50.7264 16.3626 2.4
    endloop
  endfacet
  facet normal 0.226843 0.973931 -0
    outer loop
      vertex 50.5805 14.1366 2.4
      vertex 50.5088 14.1533 4.78
      vertex 50.5805 14.1366 4.78
    endloop
  endfacet
  facet normal 0.226843 0.973931 0
    outer loop
      vertex 50.5088 14.1533 4.78
      vertex 50.5805 14.1366 2.4
      vertex 50.5088 14.1533 2.4
    endloop
  endfacet
  facet normal 0.290837 0.956773 -0
    outer loop
      vertex 50.5088 14.1533 2.4
      vertex 50.4384 14.1747 4.78
      vertex 50.5088 14.1533 4.78
    endloop
  endfacet
  facet normal 0.290837 0.956773 0
    outer loop
      vertex 50.4384 14.1747 4.78
      vertex 50.5088 14.1533 2.4
      vertex 50.4384 14.1747 2.4
    endloop
  endfacet
  facet normal 0.412678 -0.910877 0
    outer loop
      vertex 50.3024 16.249 2.4
      vertex 50.3695 16.2794 4.78
      vertex 50.3024 16.249 4.78
    endloop
  endfacet
  facet normal 0.412678 -0.910877 0
    outer loop
      vertex 50.3695 16.2794 4.78
      vertex 50.3024 16.249 2.4
      vertex 50.3695 16.2794 2.4
    endloop
  endfacet
  facet normal -0.162858 0.986649 0
    outer loop
      vertex 51.0195 14.1366 2.4
      vertex 50.9468 14.1246 4.78
      vertex 51.0195 14.1366 4.78
    endloop
  endfacet
  facet normal -0.162858 0.986649 0
    outer loop
      vertex 50.9468 14.1246 4.78
      vertex 51.0195 14.1366 2.4
      vertex 50.9468 14.1246 2.4
    endloop
  endfacet
  facet normal -0.772988 -0.634421 0
    outer loop
      vertex 51.6925 15.9249 2.4
      vertex 51.6458 15.9818 4.78
      vertex 51.6458 15.9818 2.4
    endloop
  endfacet
  facet normal -0.772988 -0.634421 0
    outer loop
      vertex 51.6458 15.9818 4.78
      vertex 51.6925 15.9249 2.4
      vertex 51.6925 15.9249 4.78
    endloop
  endfacet
  facet normal -0.226843 -0.973931 0
    outer loop
      vertex 51.0195 16.3434 2.4
      vertex 51.0912 16.3267 4.78
      vertex 51.0195 16.3434 4.78
    endloop
  endfacet
  facet normal -0.226843 -0.973931 -0
    outer loop
      vertex 51.0912 16.3267 4.78
      vertex 51.0195 16.3434 2.4
      vertex 51.0912 16.3267 2.4
    endloop
  endfacet
  facet normal 0.528411 0.848989 -0
    outer loop
      vertex 50.2375 14.2657 2.4
      vertex 50.175 14.3046 4.78
      vertex 50.2375 14.2657 4.78
    endloop
  endfacet
  facet normal 0.528411 0.848989 0
    outer loop
      vertex 50.175 14.3046 4.78
      vertex 50.2375 14.2657 2.4
      vertex 50.175 14.3046 2.4
    endloop
  endfacet
  facet normal 0.351868 0.93605 -0
    outer loop
      vertex 50.4384 14.1747 2.4
      vertex 50.3695 14.2006 4.78
      vertex 50.4384 14.1747 4.78
    endloop
  endfacet
  facet normal 0.351868 0.93605 0
    outer loop
      vertex 50.3695 14.2006 4.78
      vertex 50.4384 14.1747 2.4
      vertex 50.3695 14.2006 2.4
    endloop
  endfacet
  facet normal -0.412678 0.910877 0
    outer loop
      vertex 51.2976 14.231 2.4
      vertex 51.2305 14.2006 4.78
      vertex 51.2976 14.231 4.78
    endloop
  endfacet
  facet normal -0.412678 0.910877 0
    outer loop
      vertex 51.2305 14.2006 4.78
      vertex 51.2976 14.231 2.4
      vertex 51.2305 14.2006 2.4
    endloop
  endfacet
  facet normal 0.683625 0.729834 -0
    outer loop
      vertex 50.0582 14.3942 2.4
      vertex 50.0045 14.4445 4.78
      vertex 50.0582 14.3942 4.78
    endloop
  endfacet
  facet normal 0.683625 0.729834 0
    outer loop
      vertex 50.0045 14.4445 4.78
      vertex 50.0582 14.3942 2.4
      vertex 50.0045 14.4445 2.4
    endloop
  endfacet
  facet normal 0.772988 0.634421 0
    outer loop
      vertex 49.9542 14.4982 4.78
      vertex 49.9075 14.5551 2.4
      vertex 49.9075 14.5551 4.78
    endloop
  endfacet
  facet normal 0.772988 0.634421 0
    outer loop
      vertex 49.9075 14.5551 2.4
      vertex 49.9542 14.4982 4.78
      vertex 49.9542 14.4982 2.4
    endloop
  endfacet
  facet normal 0.0978883 0.995197 -0
    outer loop
      vertex 50.7264 14.1174 2.4
      vertex 50.6532 14.1246 4.78
      vertex 50.7264 14.1174 4.78
    endloop
  endfacet
  facet normal 0.0978883 0.995197 0
    outer loop
      vertex 50.6532 14.1246 4.78
      vertex 50.7264 14.1174 2.4
      vertex 50.6532 14.1246 2.4
    endloop
  endfacet
  facet normal -0.582265 0.812999 0
    outer loop
      vertex 51.4849 14.3475 2.4
      vertex 51.425 14.3046 4.78
      vertex 51.4849 14.3475 4.78
    endloop
  endfacet
  facet normal -0.582265 0.812999 0
    outer loop
      vertex 51.425 14.3046 4.78
      vertex 51.4849 14.3475 2.4
      vertex 51.425 14.3046 2.4
    endloop
  endfacet
  facet normal 0.226843 -0.973931 0
    outer loop
      vertex 50.5088 16.3267 2.4
      vertex 50.5805 16.3434 4.78
      vertex 50.5088 16.3267 4.78
    endloop
  endfacet
  facet normal 0.226843 -0.973931 0
    outer loop
      vertex 50.5805 16.3434 4.78
      vertex 50.5088 16.3267 2.4
      vertex 50.5805 16.3434 2.4
    endloop
  endfacet
  facet normal -0.973931 0.226843 0
    outer loop
      vertex 51.8867 14.9488 2.4
      vertex 51.9034 15.0205 4.78
      vertex 51.9034 15.0205 2.4
    endloop
  endfacet
  facet normal -0.973931 0.226843 0
    outer loop
      vertex 51.9034 15.0205 4.78
      vertex 51.8867 14.9488 2.4
      vertex 51.8867 14.9488 4.78
    endloop
  endfacet
  facet normal 0.729834 -0.683625 0
    outer loop
      vertex 49.9542 15.9818 4.78
      vertex 50.0045 16.0355 2.4
      vertex 50.0045 16.0355 4.78
    endloop
  endfacet
  facet normal 0.729834 -0.683625 0
    outer loop
      vertex 50.0045 16.0355 2.4
      vertex 49.9542 15.9818 4.78
      vertex 49.9542 15.9818 2.4
    endloop
  endfacet
  facet normal 0.162858 0.986649 -0
    outer loop
      vertex 50.6532 14.1246 2.4
      vertex 50.5805 14.1366 4.78
      vertex 50.6532 14.1246 4.78
    endloop
  endfacet
  facet normal 0.162858 0.986649 0
    outer loop
      vertex 50.5805 14.1366 4.78
      vertex 50.6532 14.1246 2.4
      vertex 50.5805 14.1366 2.4
    endloop
  endfacet
  facet normal 0.956773 -0.290837 0
    outer loop
      vertex 49.7133 15.5312 4.78
      vertex 49.7347 15.6016 2.4
      vertex 49.7347 15.6016 4.78
    endloop
  endfacet
  facet normal 0.956773 -0.290837 0
    outer loop
      vertex 49.7347 15.6016 2.4
      vertex 49.7133 15.5312 4.78
      vertex 49.7133 15.5312 2.4
    endloop
  endfacet
  facet normal -0.290837 -0.956773 0
    outer loop
      vertex 51.0912 16.3267 2.4
      vertex 51.1616 16.3053 4.78
      vertex 51.0912 16.3267 4.78
    endloop
  endfacet
  facet normal -0.290837 -0.956773 -0
    outer loop
      vertex 51.1616 16.3053 4.78
      vertex 51.0912 16.3267 2.4
      vertex 51.1616 16.3053 2.4
    endloop
  endfacet
  facet normal -0.910877 0.412678 0
    outer loop
      vertex 51.809 14.7424 2.4
      vertex 51.8394 14.8095 4.78
      vertex 51.8394 14.8095 2.4
    endloop
  endfacet
  facet normal -0.910877 0.412678 0
    outer loop
      vertex 51.8394 14.8095 4.78
      vertex 51.809 14.7424 2.4
      vertex 51.809 14.7424 4.78
    endloop
  endfacet
  facet normal 0.471505 -0.881863 0
    outer loop
      vertex 50.2375 16.2143 2.4
      vertex 50.3024 16.249 4.78
      vertex 50.2375 16.2143 4.78
    endloop
  endfacet
  facet normal 0.471505 -0.881863 0
    outer loop
      vertex 50.3024 16.249 4.78
      vertex 50.2375 16.2143 2.4
      vertex 50.3024 16.249 2.4
    endloop
  endfacet
  facet normal 0.634421 0.772988 -0
    outer loop
      vertex 50.1151 14.3475 2.4
      vertex 50.0582 14.3942 4.78
      vertex 50.1151 14.3475 4.78
    endloop
  endfacet
  facet normal 0.634421 0.772988 0
    outer loop
      vertex 50.0582 14.3942 4.78
      vertex 50.1151 14.3475 2.4
      vertex 50.0582 14.3942 2.4
    endloop
  endfacet
  facet normal 0.471505 0.881863 -0
    outer loop
      vertex 50.3024 14.231 2.4
      vertex 50.2375 14.2657 4.78
      vertex 50.3024 14.231 4.78
    endloop
  endfacet
  facet normal 0.471505 0.881863 0
    outer loop
      vertex 50.2375 14.2657 4.78
      vertex 50.3024 14.231 2.4
      vertex 50.2375 14.2657 2.4
    endloop
  endfacet
  facet normal 0.303035 0.804809 0.510346
    outer loop
      vertex 50.2857 13.7249 5.58
      vertex 50.4384 14.1747 4.78
      vertex 50.1877 13.7618 5.58
    endloop
  endfacet
  facet normal -0.354748 0.783402 0.510328
    outer loop
      vertex 51.4123 13.7618 5.58
      vertex 51.5077 13.805 5.58
      vertex 51.2976 14.231 4.78
    endloop
  endfacet
  facet normal 0.0841832 -0.855863 0.510306
    outer loop
      vertex 50.6532 16.3554 4.78
      vertex 50.7264 16.3626 4.78
      vertex 50.5912 16.8263 5.58
    endloop
  endfacet
  facet normal 0.0841832 0.855863 0.510306
    outer loop
      vertex 50.7264 14.1174 4.78
      vertex 50.6532 14.1246 4.78
      vertex 50.5912 13.6537 5.58
    endloop
  endfacet
  facet normal -0.859519 -0.0279385 0.510339
    outer loop
      vertex 52.4 15.24 5.58
      vertex 52.3966 15.3446 5.58
      vertex 51.925 15.24 4.78
    endloop
  endfacet
  facet normal -0.859512 -0.0280276 0.510347
    outer loop
      vertex 51.925 15.24 4.78
      vertex 52.3966 15.3446 5.58
      vertex 51.9226 15.3136 4.78
    endloop
  endfacet
  facet normal -0.855863 0.0841832 0.510306
    outer loop
      vertex 52.3863 15.0312 5.58
      vertex 51.9226 15.1664 4.78
      vertex 51.9154 15.0932 4.78
    endloop
  endfacet
  facet normal 0.140057 -0.84851 0.510309
    outer loop
      vertex 50.6532 16.3554 4.78
      vertex 50.5912 16.8263 5.58
      vertex 50.5805 16.3434 4.78
    endloop
  endfacet
  facet normal 0.627642 0.587903 0.510328
    outer loop
      vertex 50.0045 14.4445 4.78
      vertex 49.9542 14.4982 4.78
      vertex 49.5971 14.185 5.58
    endloop
  endfacet
  facet normal 0.664672 -0.545687 0.51033
    outer loop
      vertex 49.9542 15.9818 4.78
      vertex 49.5971 16.295 5.58
      vertex 49.5306 16.214 5.58
    endloop
  endfacet
  facet normal 0.405484 0.758384 0.51033
    outer loop
      vertex 50.3024 14.231 4.78
      vertex 50.2375 14.2657 4.78
      vertex 50.0923 13.805 5.58
    endloop
  endfacet
  facet normal 0.84851 -0.140057 0.510309
    outer loop
      vertex 49.6846 15.3868 4.78
      vertex 49.6966 15.4595 4.78
      vertex 49.2137 15.4488 5.58
    endloop
  endfacet
  facet normal 0.453652 -0.73061 0.510303
    outer loop
      vertex 50.2375 16.2143 4.78
      vertex 50 16.6256 5.58
      vertex 49.9111 16.5704 5.58
    endloop
  endfacet
  facet normal -0.140057 0.84851 0.510309
    outer loop
      vertex 51.0088 13.6537 5.58
      vertex 51.0195 14.1366 4.78
      vertex 50.9468 14.1246 4.78
    endloop
  endfacet
  facet normal -0.804996 0.302604 0.510307
    outer loop
      vertex 52.2782 14.6277 5.58
      vertex 51.8653 14.8784 4.78
      vertex 51.8394 14.8095 4.78
    endloop
  endfacet
  facet normal -0.545584 0.664748 0.51034
    outer loop
      vertex 51.774 13.9706 5.58
      vertex 51.5418 14.3942 4.78
      vertex 51.4849 14.3475 4.78
    endloop
  endfacet
  facet normal -0.730088 0.454407 0.510378
    outer loop
      vertex 52.1304 14.3511 5.58
      vertex 51.7743 14.6775 4.78
      vertex 51.7354 14.615 4.78
    endloop
  endfacet
  facet normal 0.837488 0.195414 0.51032
    outer loop
      vertex 49.2545 14.8259 5.58
      vertex 49.7133 14.9488 4.78
      vertex 49.2307 14.9279 5.58
    endloop
  endfacet
  facet normal -0.0841832 -0.855863 0.510306
    outer loop
      vertex 50.9468 16.3554 4.78
      vertex 51.0088 16.8263 5.58
      vertex 50.8736 16.3626 4.78
    endloop
  endfacet
  facet normal 0.730122 -0.454428 0.510311
    outer loop
      vertex 49.8257 15.8025 4.78
      vertex 49.8646 15.865 4.78
      vertex 49.4697 16.1289 5.58
    endloop
  endfacet
  facet normal -0.848557 -0.139646 0.510343
    outer loop
      vertex 52.3863 15.4488 5.58
      vertex 52.3693 15.5521 5.58
      vertex 51.9034 15.4595 4.78
    endloop
  endfacet
  facet normal 0.822928 -0.249671 0.510347
    outer loop
      vertex 49.7347 15.6016 4.78
      vertex 49.2849 15.7543 5.58
      vertex 49.2545 15.6541 5.58
    endloop
  endfacet
  facet normal -0.859512 0.0280276 0.510347
    outer loop
      vertex 52.3966 15.1354 5.58
      vertex 51.925 15.24 4.78
      vertex 51.9226 15.1664 4.78
    endloop
  endfacet
  facet normal -0.453652 0.73061 0.510303
    outer loop
      vertex 51.6 13.8544 5.58
      vertex 51.6889 13.9096 5.58
      vertex 51.3625 14.2657 4.78
    endloop
  endfacet
  facet normal 0.0845946 -0.855802 0.51034
    outer loop
      vertex 50.7264 16.3626 4.78
      vertex 50.6954 16.8366 5.58
      vertex 50.5912 16.8263 5.58
    endloop
  endfacet
  facet normal 0.859519 -0.0279385 0.510339
    outer loop
      vertex 49.675 15.24 4.78
      vertex 49.2034 15.3446 5.58
      vertex 49.2 15.24 5.58
    endloop
  endfacet
  facet normal -0.0845946 -0.855802 0.51034
    outer loop
      vertex 51.0088 16.8263 5.58
      vertex 50.9046 16.8366 5.58
      vertex 50.8736 16.3626 4.78
    endloop
  endfacet
  facet normal -0.453652 -0.73061 0.510303
    outer loop
      vertex 51.6889 16.5704 5.58
      vertex 51.6 16.6256 5.58
      vertex 51.3625 16.2143 4.78
    endloop
  endfacet
  facet normal 0.0280276 -0.859512 0.510347
    outer loop
      vertex 50.7264 16.3626 4.78
      vertex 50.8 16.365 4.78
      vertex 50.6954 16.8366 5.58
    endloop
  endfacet
  facet normal 0.249671 0.822928 0.510347
    outer loop
      vertex 50.3859 13.6945 5.58
      vertex 50.4384 14.1747 4.78
      vertex 50.2857 13.7249 5.58
    endloop
  endfacet
  facet normal -0.405484 0.758384 0.51033
    outer loop
      vertex 51.5077 13.805 5.58
      vertex 51.3625 14.2657 4.78
      vertex 51.2976 14.231 4.78
    endloop
  endfacet
  facet normal 0.855863 -0.0841832 0.510306
    outer loop
      vertex 49.6774 15.3136 4.78
      vertex 49.6846 15.3868 4.78
      vertex 49.2137 15.4488 5.58
    endloop
  endfacet
  facet normal -0.698941 0.501003 0.51037
    outer loop
      vertex 52.0694 14.266 5.58
      vertex 52.1304 14.3511 5.58
      vertex 51.7354 14.615 4.78
    endloop
  endfacet
  facet normal -0.859519 0.0279385 0.510339
    outer loop
      vertex 52.3966 15.1354 5.58
      vertex 52.4 15.24 5.58
      vertex 51.925 15.24 4.78
    endloop
  endfacet
  facet normal -0.804809 0.303035 0.510346
    outer loop
      vertex 52.2782 14.6277 5.58
      vertex 52.3151 14.7257 5.58
      vertex 51.8653 14.8784 4.78
    endloop
  endfacet
  facet normal 0.545687 0.664672 0.51033
    outer loop
      vertex 49.826 13.9706 5.58
      vertex 50.0582 14.3942 4.78
      vertex 49.745 14.0371 5.58
    endloop
  endfacet
  facet normal -0.454407 0.730088 0.510378
    outer loop
      vertex 51.6889 13.9096 5.58
      vertex 51.425 14.3046 4.78
      vertex 51.3625 14.2657 4.78
    endloop
  endfacet
  facet normal -0.783402 -0.354748 0.510328
    outer loop
      vertex 52.2782 15.8523 5.58
      vertex 52.235 15.9477 5.58
      vertex 51.809 15.7376 4.78
    endloop
  endfacet
  facet normal 0.405484 -0.758384 0.51033
    outer loop
      vertex 50.2375 16.2143 4.78
      vertex 50.3024 16.249 4.78
      vertex 50.0923 16.675 5.58
    endloop
  endfacet
  facet normal 0.855802 -0.0845946 0.51034
    outer loop
      vertex 49.6774 15.3136 4.78
      vertex 49.2137 15.4488 5.58
      vertex 49.2034 15.3446 5.58
    endloop
  endfacet
  facet normal 0.501003 0.698941 0.51037
    outer loop
      vertex 49.9111 13.9096 5.58
      vertex 50.175 14.3046 4.78
      vertex 49.826 13.9706 5.58
    endloop
  endfacet
  facet normal -0.303035 -0.804809 0.510346
    outer loop
      vertex 51.4123 16.7182 5.58
      vertex 51.3143 16.7551 5.58
      vertex 51.1616 16.3053 4.78
    endloop
  endfacet
  facet normal 0.249671 -0.822928 0.510347
    outer loop
      vertex 50.4384 16.3053 4.78
      vertex 50.3859 16.7855 5.58
      vertex 50.2857 16.7551 5.58
    endloop
  endfacet
  facet normal -0.195414 -0.837488 0.51032
    outer loop
      vertex 51.2141 16.7855 5.58
      vertex 51.1121 16.8093 5.58
      vertex 51.0912 16.3267 4.78
    endloop
  endfacet
  facet normal 0.195078 0.83755 0.510348
    outer loop
      vertex 50.5805 14.1366 4.78
      vertex 50.5088 14.1533 4.78
      vertex 50.4879 13.6707 5.58
    endloop
  endfacet
  facet normal 0.0845946 0.855802 0.51034
    outer loop
      vertex 50.6954 13.6434 5.58
      vertex 50.7264 14.1174 4.78
      vertex 50.5912 13.6537 5.58
    endloop
  endfacet
  facet normal -0.822816 0.250117 0.510309
    outer loop
      vertex 52.3455 14.8259 5.58
      vertex 51.8867 14.9488 4.78
      vertex 51.8653 14.8784 4.78
    endloop
  endfacet
  facet normal -0.83755 0.195078 0.510348
    outer loop
      vertex 52.3693 14.9279 5.58
      vertex 51.9034 15.0205 4.78
      vertex 51.8867 14.9488 4.78
    endloop
  endfacet
  facet normal -0.405812 0.758228 0.5103
    outer loop
      vertex 51.5077 13.805 5.58
      vertex 51.6 13.8544 5.58
      vertex 51.3625 14.2657 4.78
    endloop
  endfacet
  facet normal 0.83755 0.195078 0.510348
    outer loop
      vertex 49.7133 14.9488 4.78
      vertex 49.6966 15.0205 4.78
      vertex 49.2307 14.9279 5.58
    endloop
  endfacet
  facet normal -0.627642 -0.587903 0.510328
    outer loop
      vertex 51.6458 15.9818 4.78
      vertex 52.0029 16.295 5.58
      vertex 51.5955 16.0355 4.78
    endloop
  endfacet
  facet normal -0.699156 0.500731 0.510342
    outer loop
      vertex 52.0694 14.266 5.58
      vertex 51.7354 14.615 4.78
      vertex 51.6925 14.5551 4.78
    endloop
  endfacet
  facet normal 0.730247 -0.454248 0.510293
    outer loop
      vertex 49.8257 15.8025 4.78
      vertex 49.4697 16.1289 5.58
      vertex 49.4144 16.04 5.58
    endloop
  endfacet
  facet normal -0.627886 0.587616 0.510359
    outer loop
      vertex 51.9314 14.1086 5.58
      vertex 52.0029 14.185 5.58
      vertex 51.5955 14.4445 4.78
    endloop
  endfacet
  facet normal -0.195414 0.837488 0.51032
    outer loop
      vertex 51.1121 13.6707 5.58
      vertex 51.2141 13.6945 5.58
      vertex 51.0912 14.1533 4.78
    endloop
  endfacet
  facet normal -0.758228 0.405812 0.5103
    outer loop
      vertex 52.1856 14.44 5.58
      vertex 52.235 14.5323 5.58
      vertex 51.7743 14.6775 4.78
    endloop
  endfacet
  facet normal -0.84851 0.140057 0.510309
    outer loop
      vertex 52.3863 15.0312 5.58
      vertex 51.9154 15.0932 4.78
      vertex 51.9034 15.0205 4.78
    endloop
  endfacet
  facet normal 0.354748 0.783402 0.510328
    outer loop
      vertex 50.1877 13.7618 5.58
      vertex 50.3024 14.231 4.78
      vertex 50.0923 13.805 5.58
    endloop
  endfacet
  facet normal 0.855802 0.0845946 0.51034
    outer loop
      vertex 49.2137 15.0312 5.58
      vertex 49.6774 15.1664 4.78
      vertex 49.2034 15.1354 5.58
    endloop
  endfacet
  facet normal -0.501003 0.698941 0.51037
    outer loop
      vertex 51.6889 13.9096 5.58
      vertex 51.774 13.9706 5.58
      vertex 51.425 14.3046 4.78
    endloop
  endfacet
  facet normal 0.587903 0.627642 0.510328
    outer loop
      vertex 50.0582 14.3942 4.78
      vertex 50.0045 14.4445 4.78
      vertex 49.745 14.0371 5.58
    endloop
  endfacet
  facet normal 0.0280276 0.859512 0.510347
    outer loop
      vertex 50.8 14.115 4.78
      vertex 50.7264 14.1174 4.78
      vertex 50.6954 13.6434 5.58
    endloop
  endfacet
  facet normal -0.664748 0.545584 0.51034
    outer loop
      vertex 52.0694 14.266 5.58
      vertex 51.6925 14.5551 4.78
      vertex 51.6458 14.4982 4.78
    endloop
  endfacet
  facet normal 0.500731 0.699156 0.510342
    outer loop
      vertex 50.175 14.3046 4.78
      vertex 50.1151 14.3475 4.78
      vertex 49.826 13.9706 5.58
    endloop
  endfacet
  facet normal 0.140057 0.84851 0.510309
    outer loop
      vertex 50.5912 13.6537 5.58
      vertex 50.6532 14.1246 4.78
      vertex 50.5805 14.1366 4.78
    endloop
  endfacet
  facet normal -0.627642 0.587903 0.510328
    outer loop
      vertex 52.0029 14.185 5.58
      vertex 51.6458 14.4982 4.78
      vertex 51.5955 14.4445 4.78
    endloop
  endfacet
  facet normal 0.354898 -0.783343 0.510314
    outer loop
      vertex 50.3024 16.249 4.78
      vertex 50.3695 16.2794 4.78
      vertex 50.1877 16.7182 5.58
    endloop
  endfacet
  facet normal 0.0279385 -0.859519 0.510339
    outer loop
      vertex 50.8 16.365 4.78
      vertex 50.8 16.84 5.58
      vertex 50.6954 16.8366 5.58
    endloop
  endfacet
  facet normal -0.354748 -0.783402 0.510328
    outer loop
      vertex 51.5077 16.675 5.58
      vertex 51.4123 16.7182 5.58
      vertex 51.2976 16.249 4.78
    endloop
  endfacet
  facet normal 0.804809 -0.303035 0.510346
    outer loop
      vertex 49.7347 15.6016 4.78
      vertex 49.3218 15.8523 5.58
      vertex 49.2849 15.7543 5.58
    endloop
  endfacet
  facet normal 0.453652 0.73061 0.510303
    outer loop
      vertex 50 13.8544 5.58
      vertex 50.2375 14.2657 4.78
      vertex 49.9111 13.9096 5.58
    endloop
  endfacet
  facet normal 0.730247 0.454248 0.510293
    outer loop
      vertex 49.4697 14.3511 5.58
      vertex 49.8257 14.6775 4.78
      vertex 49.4144 14.44 5.58
    endloop
  endfacet
  facet normal -0.0845946 0.855802 0.51034
    outer loop
      vertex 50.9046 13.6434 5.58
      vertex 51.0088 13.6537 5.58
      vertex 50.8736 14.1174 4.78
    endloop
  endfacet
  facet normal 0.0279385 0.859519 0.510339
    outer loop
      vertex 50.8 13.64 5.58
      vertex 50.8 14.115 4.78
      vertex 50.6954 13.6434 5.58
    endloop
  endfacet
  facet normal 0.405812 0.758228 0.5103
    outer loop
      vertex 50.0923 13.805 5.58
      vertex 50.2375 14.2657 4.78
      vertex 50 13.8544 5.58
    endloop
  endfacet
  facet normal -0.73061 -0.453652 0.510303
    outer loop
      vertex 52.1856 16.04 5.58
      vertex 52.1304 16.1289 5.58
      vertex 51.7743 15.8025 4.78
    endloop
  endfacet
  facet normal 0.804996 -0.302604 0.510307
    outer loop
      vertex 49.7347 15.6016 4.78
      vertex 49.7606 15.6705 4.78
      vertex 49.3218 15.8523 5.58
    endloop
  endfacet
  facet normal -0.195078 0.83755 0.510348
    outer loop
      vertex 51.1121 13.6707 5.58
      vertex 51.0912 14.1533 4.78
      vertex 51.0195 14.1366 4.78
    endloop
  endfacet
  facet normal -0.0280276 -0.859512 0.510347
    outer loop
      vertex 50.8736 16.3626 4.78
      vertex 50.9046 16.8366 5.58
      vertex 50.8 16.365 4.78
    endloop
  endfacet
  facet normal -0.698941 -0.501003 0.51037
    outer loop
      vertex 52.1304 16.1289 5.58
      vertex 52.0694 16.214 5.58
      vertex 51.7354 15.865 4.78
    endloop
  endfacet
  facet normal -0.783402 0.354748 0.510328
    outer loop
      vertex 52.235 14.5323 5.58
      vertex 52.2782 14.6277 5.58
      vertex 51.809 14.7424 4.78
    endloop
  endfacet
  facet normal -0.302604 0.804996 0.510307
    outer loop
      vertex 51.4123 13.7618 5.58
      vertex 51.2305 14.2006 4.78
      vertex 51.1616 14.1747 4.78
    endloop
  endfacet
  facet normal -0.848557 0.139646 0.510343
    outer loop
      vertex 52.3693 14.9279 5.58
      vertex 52.3863 15.0312 5.58
      vertex 51.9034 15.0205 4.78
    endloop
  endfacet
  facet normal -0.545687 -0.664672 0.51033
    outer loop
      vertex 51.855 16.4429 5.58
      vertex 51.774 16.5094 5.58
      vertex 51.5418 16.0858 4.78
    endloop
  endfacet
  facet normal 0.195414 -0.837488 0.51032
    outer loop
      vertex 50.5088 16.3267 4.78
      vertex 50.4879 16.8093 5.58
      vertex 50.3859 16.7855 5.58
    endloop
  endfacet
  facet normal -0.587616 0.627886 0.510359
    outer loop
      vertex 51.855 14.0371 5.58
      vertex 51.9314 14.1086 5.58
      vertex 51.5955 14.4445 4.78
    endloop
  endfacet
  facet normal -0.500731 0.699156 0.510342
    outer loop
      vertex 51.774 13.9706 5.58
      vertex 51.4849 14.3475 4.78
      vertex 51.425 14.3046 4.78
    endloop
  endfacet
  facet normal 0.848557 0.139646 0.510343
    outer loop
      vertex 49.2307 14.9279 5.58
      vertex 49.6966 15.0205 4.78
      vertex 49.2137 15.0312 5.58
    endloop
  endfacet
  facet normal -0.664672 0.545687 0.51033
    outer loop
      vertex 52.0029 14.185 5.58
      vertex 52.0694 14.266 5.58
      vertex 51.6458 14.4982 4.78
    endloop
  endfacet
  facet normal 0.250117 -0.822816 0.510309
    outer loop
      vertex 50.4384 16.3053 4.78
      vertex 50.5088 16.3267 4.78
      vertex 50.3859 16.7855 5.58
    endloop
  endfacet
  facet normal -0.501003 -0.698941 0.51037
    outer loop
      vertex 51.774 16.5094 5.58
      vertex 51.6889 16.5704 5.58
      vertex 51.425 16.1754 4.78
    endloop
  endfacet
  facet normal -0.837488 0.195414 0.51032
    outer loop
      vertex 52.3455 14.8259 5.58
      vertex 52.3693 14.9279 5.58
      vertex 51.8867 14.9488 4.78
    endloop
  endfacet
  facet normal -0.855802 0.0845946 0.51034
    outer loop
      vertex 52.3863 15.0312 5.58
      vertex 52.3966 15.1354 5.58
      vertex 51.9226 15.1664 4.78
    endloop
  endfacet
  facet normal 0.859512 -0.0280276 0.510347
    outer loop
      vertex 49.675 15.24 4.78
      vertex 49.6774 15.3136 4.78
      vertex 49.2034 15.3446 5.58
    endloop
  endfacet
  facet normal -0.0280276 0.859512 0.510347
    outer loop
      vertex 50.9046 13.6434 5.58
      vertex 50.8736 14.1174 4.78
      vertex 50.8 14.115 4.78
    endloop
  endfacet
  facet normal -0.0841832 0.855863 0.510306
    outer loop
      vertex 51.0088 13.6537 5.58
      vertex 50.9468 14.1246 4.78
      vertex 50.8736 14.1174 4.78
    endloop
  endfacet
  facet normal 0.822816 0.250117 0.510309
    outer loop
      vertex 49.7347 14.8784 4.78
      vertex 49.7133 14.9488 4.78
      vertex 49.2545 14.8259 5.58
    endloop
  endfacet
  facet normal 0.139646 0.848557 0.510343
    outer loop
      vertex 50.5912 13.6537 5.58
      vertex 50.5805 14.1366 4.78
      vertex 50.4879 13.6707 5.58
    endloop
  endfacet
  facet normal -0.0279385 0.859519 0.510339
    outer loop
      vertex 50.9046 13.6434 5.58
      vertex 50.8 14.115 4.78
      vertex 50.8 13.64 5.58
    endloop
  endfacet
  facet normal 0.627886 0.587616 0.510359
    outer loop
      vertex 49.6686 14.1086 5.58
      vertex 50.0045 14.4445 4.78
      vertex 49.5971 14.185 5.58
    endloop
  endfacet
  facet normal 0.699156 -0.500731 0.510342
    outer loop
      vertex 49.8646 15.865 4.78
      vertex 49.9075 15.9249 4.78
      vertex 49.5306 16.214 5.58
    endloop
  endfacet
  facet normal 0.822928 0.249671 0.510347
    outer loop
      vertex 49.2849 14.7257 5.58
      vertex 49.7347 14.8784 4.78
      vertex 49.2545 14.8259 5.58
    endloop
  endfacet
  facet normal 0.804809 0.303035 0.510346
    outer loop
      vertex 49.3218 14.6277 5.58
      vertex 49.7347 14.8784 4.78
      vertex 49.2849 14.7257 5.58
    endloop
  endfacet
  facet normal 0.848557 -0.139646 0.510343
    outer loop
      vertex 49.6966 15.4595 4.78
      vertex 49.2307 15.5521 5.58
      vertex 49.2137 15.4488 5.58
    endloop
  endfacet
  facet normal 0.587616 0.627886 0.510359
    outer loop
      vertex 49.745 14.0371 5.58
      vertex 50.0045 14.4445 4.78
      vertex 49.6686 14.1086 5.58
    endloop
  endfacet
  facet normal 0.302604 -0.804996 0.510307
    outer loop
      vertex 50.3695 16.2794 4.78
      vertex 50.4384 16.3053 4.78
      vertex 50.1877 16.7182 5.58
    endloop
  endfacet
  facet normal -0.545687 0.664672 0.51033
    outer loop
      vertex 51.774 13.9706 5.58
      vertex 51.855 14.0371 5.58
      vertex 51.5418 14.3942 4.78
    endloop
  endfacet
  facet normal 0.545687 -0.664672 0.51033
    outer loop
      vertex 50.0582 16.0858 4.78
      vertex 49.826 16.5094 5.58
      vertex 49.745 16.4429 5.58
    endloop
  endfacet
  facet normal 0.758228 0.405812 0.5103
    outer loop
      vertex 49.4144 14.44 5.58
      vertex 49.8257 14.6775 4.78
      vertex 49.365 14.5323 5.58
    endloop
  endfacet
  facet normal 0.501003 -0.698941 0.51037
    outer loop
      vertex 50.175 16.1754 4.78
      vertex 49.9111 16.5704 5.58
      vertex 49.826 16.5094 5.58
    endloop
  endfacet
  facet normal 0.664748 0.545584 0.51034
    outer loop
      vertex 49.9542 14.4982 4.78
      vertex 49.9075 14.5551 4.78
      vertex 49.5306 14.266 5.58
    endloop
  endfacet
  facet normal 0.545584 0.664748 0.51034
    outer loop
      vertex 50.1151 14.3475 4.78
      vertex 50.0582 14.3942 4.78
      vertex 49.826 13.9706 5.58
    endloop
  endfacet
  facet normal -0.139646 -0.848557 0.510343
    outer loop
      vertex 51.0195 16.3434 4.78
      vertex 51.1121 16.8093 5.58
      vertex 51.0088 16.8263 5.58
    endloop
  endfacet
  facet normal -0.500731 -0.699156 0.510342
    outer loop
      vertex 51.4849 16.1325 4.78
      vertex 51.774 16.5094 5.58
      vertex 51.425 16.1754 4.78
    endloop
  endfacet
  facet normal 0.195078 -0.83755 0.510348
    outer loop
      vertex 50.5088 16.3267 4.78
      vertex 50.5805 16.3434 4.78
      vertex 50.4879 16.8093 5.58
    endloop
  endfacet
  facet normal -0.140057 -0.84851 0.510309
    outer loop
      vertex 51.0195 16.3434 4.78
      vertex 51.0088 16.8263 5.58
      vertex 50.9468 16.3554 4.78
    endloop
  endfacet
  facet normal -0.837488 -0.195414 0.51032
    outer loop
      vertex 52.3693 15.5521 5.58
      vertex 52.3455 15.6541 5.58
      vertex 51.8867 15.5312 4.78
    endloop
  endfacet
  facet normal -0.354898 0.783343 0.510314
    outer loop
      vertex 51.4123 13.7618 5.58
      vertex 51.2976 14.231 4.78
      vertex 51.2305 14.2006 4.78
    endloop
  endfacet
  facet normal -0.250117 -0.822816 0.510309
    outer loop
      vertex 51.1616 16.3053 4.78
      vertex 51.2141 16.7855 5.58
      vertex 51.0912 16.3267 4.78
    endloop
  endfacet
  facet normal 0.699356 -0.500479 0.510315
    outer loop
      vertex 49.8646 15.865 4.78
      vertex 49.5306 16.214 5.58
      vertex 49.4697 16.1289 5.58
    endloop
  endfacet
  facet normal -0.249671 -0.822928 0.510347
    outer loop
      vertex 51.3143 16.7551 5.58
      vertex 51.2141 16.7855 5.58
      vertex 51.1616 16.3053 4.78
    endloop
  endfacet
  facet normal 0.302604 0.804996 0.510307
    outer loop
      vertex 50.4384 14.1747 4.78
      vertex 50.3695 14.2006 4.78
      vertex 50.1877 13.7618 5.58
    endloop
  endfacet
  facet normal -0.250117 0.822816 0.510309
    outer loop
      vertex 51.2141 13.6945 5.58
      vertex 51.1616 14.1747 4.78
      vertex 51.0912 14.1533 4.78
    endloop
  endfacet
  facet normal 0.354898 0.783343 0.510314
    outer loop
      vertex 50.3695 14.2006 4.78
      vertex 50.3024 14.231 4.78
      vertex 50.1877 13.7618 5.58
    endloop
  endfacet
  facet normal -0.822928 0.249671 0.510347
    outer loop
      vertex 52.3151 14.7257 5.58
      vertex 52.3455 14.8259 5.58
      vertex 51.8653 14.8784 4.78
    endloop
  endfacet
  facet normal 0.664672 0.545687 0.51033
    outer loop
      vertex 49.5971 14.185 5.58
      vertex 49.9542 14.4982 4.78
      vertex 49.5306 14.266 5.58
    endloop
  endfacet
  facet normal 0.303035 -0.804809 0.510346
    outer loop
      vertex 50.4384 16.3053 4.78
      vertex 50.2857 16.7551 5.58
      vertex 50.1877 16.7182 5.58
    endloop
  endfacet
  facet normal -0.139646 0.848557 0.510343
    outer loop
      vertex 51.1121 13.6707 5.58
      vertex 51.0195 14.1366 4.78
      vertex 51.0088 13.6537 5.58
    endloop
  endfacet
  facet normal -0.73061 0.453652 0.510303
    outer loop
      vertex 52.1304 14.3511 5.58
      vertex 52.1856 14.44 5.58
      vertex 51.7743 14.6775 4.78
    endloop
  endfacet
  facet normal 0.664748 -0.545584 0.51034
    outer loop
      vertex 49.9075 15.9249 4.78
      vertex 49.9542 15.9818 4.78
      vertex 49.5306 16.214 5.58
    endloop
  endfacet
  facet normal -0.249671 0.822928 0.510347
    outer loop
      vertex 51.2141 13.6945 5.58
      vertex 51.3143 13.7249 5.58
      vertex 51.1616 14.1747 4.78
    endloop
  endfacet
  facet normal -0.303035 0.804809 0.510346
    outer loop
      vertex 51.3143 13.7249 5.58
      vertex 51.4123 13.7618 5.58
      vertex 51.1616 14.1747 4.78
    endloop
  endfacet
  facet normal 0.699356 0.500479 0.510315
    outer loop
      vertex 49.5306 14.266 5.58
      vertex 49.8646 14.615 4.78
      vertex 49.4697 14.3511 5.58
    endloop
  endfacet
  facet normal 0.139646 -0.848557 0.510343
    outer loop
      vertex 50.5805 16.3434 4.78
      vertex 50.5912 16.8263 5.58
      vertex 50.4879 16.8093 5.58
    endloop
  endfacet
  facet normal 0.758384 -0.405484 0.51033
    outer loop
      vertex 49.791 15.7376 4.78
      vertex 49.8257 15.8025 4.78
      vertex 49.365 15.9477 5.58
    endloop
  endfacet
  facet normal 0.783402 0.354748 0.510328
    outer loop
      vertex 49.365 14.5323 5.58
      vertex 49.791 14.7424 4.78
      vertex 49.3218 14.6277 5.58
    endloop
  endfacet
  facet normal 0.83755 -0.195078 0.510348
    outer loop
      vertex 49.6966 15.4595 4.78
      vertex 49.7133 15.5312 4.78
      vertex 49.2307 15.5521 5.58
    endloop
  endfacet
  facet normal 0.84851 0.140057 0.510309
    outer loop
      vertex 49.6966 15.0205 4.78
      vertex 49.6846 15.0932 4.78
      vertex 49.2137 15.0312 5.58
    endloop
  endfacet
  facet normal 0.855863 0.0841832 0.510306
    outer loop
      vertex 49.6846 15.0932 4.78
      vertex 49.6774 15.1664 4.78
      vertex 49.2137 15.0312 5.58
    endloop
  endfacet
  facet normal 0.454407 0.730088 0.510378
    outer loop
      vertex 50.2375 14.2657 4.78
      vertex 50.175 14.3046 4.78
      vertex 49.9111 13.9096 5.58
    endloop
  endfacet
  facet normal -0.758228 -0.405812 0.5103
    outer loop
      vertex 52.235 15.9477 5.58
      vertex 52.1856 16.04 5.58
      vertex 51.7743 15.8025 4.78
    endloop
  endfacet
  facet normal -0.83755 -0.195078 0.510348
    outer loop
      vertex 51.9034 15.4595 4.78
      vertex 52.3693 15.5521 5.58
      vertex 51.8867 15.5312 4.78
    endloop
  endfacet
  facet normal -0.587903 0.627642 0.510328
    outer loop
      vertex 51.855 14.0371 5.58
      vertex 51.5955 14.4445 4.78
      vertex 51.5418 14.3942 4.78
    endloop
  endfacet
  facet normal 0.195414 0.837488 0.51032
    outer loop
      vertex 50.4879 13.6707 5.58
      vertex 50.5088 14.1533 4.78
      vertex 50.3859 13.6945 5.58
    endloop
  endfacet
  facet normal 0.250117 0.822816 0.510309
    outer loop
      vertex 50.5088 14.1533 4.78
      vertex 50.4384 14.1747 4.78
      vertex 50.3859 13.6945 5.58
    endloop
  endfacet
  facet normal -0.0279385 -0.859519 0.510339
    outer loop
      vertex 50.9046 16.8366 5.58
      vertex 50.8 16.84 5.58
      vertex 50.8 16.365 4.78
    endloop
  endfacet
  facet normal 0.587903 -0.627642 0.510328
    outer loop
      vertex 50.0045 16.0355 4.78
      vertex 50.0582 16.0858 4.78
      vertex 49.745 16.4429 5.58
    endloop
  endfacet
  facet normal 0.354748 -0.783402 0.510328
    outer loop
      vertex 50.3024 16.249 4.78
      vertex 50.1877 16.7182 5.58
      vertex 50.0923 16.675 5.58
    endloop
  endfacet
  facet normal -0.587903 -0.627642 0.510328
    outer loop
      vertex 51.5955 16.0355 4.78
      vertex 51.855 16.4429 5.58
      vertex 51.5418 16.0858 4.78
    endloop
  endfacet
  facet normal 0.783402 -0.354748 0.510328
    outer loop
      vertex 49.791 15.7376 4.78
      vertex 49.365 15.9477 5.58
      vertex 49.3218 15.8523 5.58
    endloop
  endfacet
  facet normal -0.664672 -0.545687 0.51033
    outer loop
      vertex 52.0694 16.214 5.58
      vertex 52.0029 16.295 5.58
      vertex 51.6458 15.9818 4.78
    endloop
  endfacet
  facet normal -0.405812 -0.758228 0.5103
    outer loop
      vertex 51.6 16.6256 5.58
      vertex 51.5077 16.675 5.58
      vertex 51.3625 16.2143 4.78
    endloop
  endfacet
  facet normal -0.855802 -0.0845946 0.51034
    outer loop
      vertex 52.3966 15.3446 5.58
      vertex 52.3863 15.4488 5.58
      vertex 51.9226 15.3136 4.78
    endloop
  endfacet
  facet normal -0.730088 -0.454407 0.510378
    outer loop
      vertex 51.7743 15.8025 4.78
      vertex 52.1304 16.1289 5.58
      vertex 51.7354 15.865 4.78
    endloop
  endfacet
  facet normal -0.783343 -0.354898 0.510314
    outer loop
      vertex 51.8394 15.6705 4.78
      vertex 52.2782 15.8523 5.58
      vertex 51.809 15.7376 4.78
    endloop
  endfacet
  facet normal 0.587616 -0.627886 0.510359
    outer loop
      vertex 50.0045 16.0355 4.78
      vertex 49.745 16.4429 5.58
      vertex 49.6686 16.3714 5.58
    endloop
  endfacet
  facet normal 0.837488 -0.195414 0.51032
    outer loop
      vertex 49.7133 15.5312 4.78
      vertex 49.2545 15.6541 5.58
      vertex 49.2307 15.5521 5.58
    endloop
  endfacet
  facet normal 0.822816 -0.250117 0.510309
    outer loop
      vertex 49.7133 15.5312 4.78
      vertex 49.7347 15.6016 4.78
      vertex 49.2545 15.6541 5.58
    endloop
  endfacet
  facet normal 0.627886 -0.587616 0.510359
    outer loop
      vertex 50.0045 16.0355 4.78
      vertex 49.6686 16.3714 5.58
      vertex 49.5971 16.295 5.58
    endloop
  endfacet
  facet normal -0.545584 -0.664748 0.51034
    outer loop
      vertex 51.5418 16.0858 4.78
      vertex 51.774 16.5094 5.58
      vertex 51.4849 16.1325 4.78
    endloop
  endfacet
  facet normal 0.699156 0.500731 0.510342
    outer loop
      vertex 49.9075 14.5551 4.78
      vertex 49.8646 14.615 4.78
      vertex 49.5306 14.266 5.58
    endloop
  endfacet
  facet normal -0.758384 0.405484 0.51033
    outer loop
      vertex 52.235 14.5323 5.58
      vertex 51.809 14.7424 4.78
      vertex 51.7743 14.6775 4.78
    endloop
  endfacet
  facet normal -0.783343 0.354898 0.510314
    outer loop
      vertex 52.2782 14.6277 5.58
      vertex 51.8394 14.8095 4.78
      vertex 51.809 14.7424 4.78
    endloop
  endfacet
  facet normal -0.822928 -0.249671 0.510347
    outer loop
      vertex 52.3455 15.6541 5.58
      vertex 52.3151 15.7543 5.58
      vertex 51.8653 15.6016 4.78
    endloop
  endfacet
  facet normal -0.699156 -0.500731 0.510342
    outer loop
      vertex 51.7354 15.865 4.78
      vertex 52.0694 16.214 5.58
      vertex 51.6925 15.9249 4.78
    endloop
  endfacet
  facet normal 0.758384 0.405484 0.51033
    outer loop
      vertex 49.8257 14.6775 4.78
      vertex 49.791 14.7424 4.78
      vertex 49.365 14.5323 5.58
    endloop
  endfacet
  facet normal 0.730122 0.454428 0.510311
    outer loop
      vertex 49.8646 14.615 4.78
      vertex 49.8257 14.6775 4.78
      vertex 49.4697 14.3511 5.58
    endloop
  endfacet
  facet normal -0.804809 -0.303035 0.510346
    outer loop
      vertex 52.3151 15.7543 5.58
      vertex 52.2782 15.8523 5.58
      vertex 51.8653 15.6016 4.78
    endloop
  endfacet
  facet normal 0.545584 -0.664748 0.51034
    outer loop
      vertex 50.0582 16.0858 4.78
      vertex 50.1151 16.1325 4.78
      vertex 49.826 16.5094 5.58
    endloop
  endfacet
  facet normal 0.758228 -0.405812 0.5103
    outer loop
      vertex 49.8257 15.8025 4.78
      vertex 49.4144 16.04 5.58
      vertex 49.365 15.9477 5.58
    endloop
  endfacet
  facet normal -0.627886 -0.587616 0.510359
    outer loop
      vertex 52.0029 16.295 5.58
      vertex 51.9314 16.3714 5.58
      vertex 51.5955 16.0355 4.78
    endloop
  endfacet
  facet normal 0.627642 -0.587903 0.510328
    outer loop
      vertex 49.9542 15.9818 4.78
      vertex 50.0045 16.0355 4.78
      vertex 49.5971 16.295 5.58
    endloop
  endfacet
  facet normal 0.500731 -0.699156 0.510342
    outer loop
      vertex 50.1151 16.1325 4.78
      vertex 50.175 16.1754 4.78
      vertex 49.826 16.5094 5.58
    endloop
  endfacet
  facet normal -0.195078 -0.83755 0.510348
    outer loop
      vertex 51.0912 16.3267 4.78
      vertex 51.1121 16.8093 5.58
      vertex 51.0195 16.3434 4.78
    endloop
  endfacet
  facet normal -0.664748 -0.545584 0.51034
    outer loop
      vertex 51.6925 15.9249 4.78
      vertex 52.0694 16.214 5.58
      vertex 51.6458 15.9818 4.78
    endloop
  endfacet
  facet normal -0.354898 -0.783343 0.510314
    outer loop
      vertex 51.2976 16.249 4.78
      vertex 51.4123 16.7182 5.58
      vertex 51.2305 16.2794 4.78
    endloop
  endfacet
  facet normal 0.783343 -0.354898 0.510314
    outer loop
      vertex 49.7606 15.6705 4.78
      vertex 49.791 15.7376 4.78
      vertex 49.3218 15.8523 5.58
    endloop
  endfacet
  facet normal -0.302604 -0.804996 0.510307
    outer loop
      vertex 51.2305 16.2794 4.78
      vertex 51.4123 16.7182 5.58
      vertex 51.1616 16.3053 4.78
    endloop
  endfacet
  facet normal -0.454407 -0.730088 0.510378
    outer loop
      vertex 51.425 16.1754 4.78
      vertex 51.6889 16.5704 5.58
      vertex 51.3625 16.2143 4.78
    endloop
  endfacet
  facet normal -0.804996 -0.302604 0.510307
    outer loop
      vertex 51.8653 15.6016 4.78
      vertex 52.2782 15.8523 5.58
      vertex 51.8394 15.6705 4.78
    endloop
  endfacet
  facet normal -0.822816 -0.250117 0.510309
    outer loop
      vertex 51.8867 15.5312 4.78
      vertex 52.3455 15.6541 5.58
      vertex 51.8653 15.6016 4.78
    endloop
  endfacet
  facet normal -0.405484 -0.758384 0.51033
    outer loop
      vertex 51.3625 16.2143 4.78
      vertex 51.5077 16.675 5.58
      vertex 51.2976 16.249 4.78
    endloop
  endfacet
  facet normal -0.587616 -0.627886 0.510359
    outer loop
      vertex 51.9314 16.3714 5.58
      vertex 51.855 16.4429 5.58
      vertex 51.5955 16.0355 4.78
    endloop
  endfacet
  facet normal 0.859512 0.0280276 0.510347
    outer loop
      vertex 49.6774 15.1664 4.78
      vertex 49.675 15.24 4.78
      vertex 49.2034 15.1354 5.58
    endloop
  endfacet
  facet normal 0.859519 0.0279385 0.510339
    outer loop
      vertex 49.2034 15.1354 5.58
      vertex 49.675 15.24 4.78
      vertex 49.2 15.24 5.58
    endloop
  endfacet
  facet normal 0.454407 -0.730088 0.510378
    outer loop
      vertex 50.175 16.1754 4.78
      vertex 50.2375 16.2143 4.78
      vertex 49.9111 16.5704 5.58
    endloop
  endfacet
  facet normal 0.405812 -0.758228 0.5103
    outer loop
      vertex 50.2375 16.2143 4.78
      vertex 50.0923 16.675 5.58
      vertex 50 16.6256 5.58
    endloop
  endfacet
  facet normal 0.783343 0.354898 0.510314
    outer loop
      vertex 49.791 14.7424 4.78
      vertex 49.7606 14.8095 4.78
      vertex 49.3218 14.6277 5.58
    endloop
  endfacet
  facet normal 0.804996 0.302604 0.510307
    outer loop
      vertex 49.7606 14.8095 4.78
      vertex 49.7347 14.8784 4.78
      vertex 49.3218 14.6277 5.58
    endloop
  endfacet
  facet normal -0.758384 -0.405484 0.51033
    outer loop
      vertex 51.809 15.7376 4.78
      vertex 52.235 15.9477 5.58
      vertex 51.7743 15.8025 4.78
    endloop
  endfacet
  facet normal -0.84851 -0.140057 0.510309
    outer loop
      vertex 51.9154 15.3868 4.78
      vertex 52.3863 15.4488 5.58
      vertex 51.9034 15.4595 4.78
    endloop
  endfacet
  facet normal -0.855863 -0.0841832 0.510306
    outer loop
      vertex 51.9226 15.3136 4.78
      vertex 52.3863 15.4488 5.58
      vertex 51.9154 15.3868 4.78
    endloop
  endfacet
  facet normal 0.995173 0.0981365 0
    outer loop
      vertex 20.8734 66.2428 5.6
      vertex 20.8535 66.4446 2.4
      vertex 20.8535 66.4446 5.6
    endloop
  endfacet
  facet normal 0.995173 0.0981365 0
    outer loop
      vertex 20.8535 66.4446 2.4
      vertex 20.8734 66.2428 5.6
      vertex 20.8734 66.2428 2.4
    endloop
  endfacet
  facet normal 0.999471 0.0325272 0
    outer loop
      vertex 20.88 66.04 5.6
      vertex 20.8734 66.2428 2.4
      vertex 20.8734 66.2428 5.6
    endloop
  endfacet
  facet normal 0.999471 0.0325272 0
    outer loop
      vertex 20.8734 66.2428 2.4
      vertex 20.88 66.04 5.6
      vertex 20.88 66.04 2.4
    endloop
  endfacet
  facet normal 0.986606 0.16312 0
    outer loop
      vertex 20.8535 66.4446 5.6
      vertex 20.8204 66.6448 2.4
      vertex 20.8204 66.6448 5.6
    endloop
  endfacet
  facet normal 0.986606 0.16312 0
    outer loop
      vertex 20.8204 66.6448 2.4
      vertex 20.8535 66.4446 5.6
      vertex 20.8535 66.4446 2.4
    endloop
  endfacet
  facet normal 0.849297 -0.527915 0
    outer loop
      vertex 20.3576 64.3177 5.6
      vertex 20.4647 64.49 2.4
      vertex 20.4647 64.49 5.6
    endloop
  endfacet
  facet normal 0.849297 -0.527915 0
    outer loop
      vertex 20.4647 64.49 2.4
      vertex 20.3576 64.3177 5.6
      vertex 20.3576 64.3177 2.4
    endloop
  endfacet
  facet normal -0.910923 -0.412577 0
    outer loop
      vertex 14.9997 64.6689 2.4
      vertex 14.916 64.8537 5.6
      vertex 14.916 64.8537 2.4
    endloop
  endfacet
  facet normal -0.910923 -0.412577 0
    outer loop
      vertex 14.916 64.8537 5.6
      vertex 14.9997 64.6689 2.4
      vertex 14.9997 64.6689 5.6
    endloop
  endfacet
  facet normal -0.973932 -0.22684 0
    outer loop
      vertex 14.7856 65.2377 2.4
      vertex 14.7396 65.4352 5.6
      vertex 14.7396 65.4352 2.4
    endloop
  endfacet
  facet normal -0.973932 -0.22684 0
    outer loop
      vertex 14.7396 65.4352 5.6
      vertex 14.7856 65.2377 2.4
      vertex 14.7856 65.2377 5.6
    endloop
  endfacet
  facet normal 0.935801 -0.352528 0
    outer loop
      vertex 20.644 64.8537 5.6
      vertex 20.7155 65.0435 2.4
      vertex 20.7155 65.0435 5.6
    endloop
  endfacet
  facet normal 0.935801 -0.352528 0
    outer loop
      vertex 20.7155 65.0435 2.4
      vertex 20.644 64.8537 5.6
      vertex 20.644 64.8537 2.4
    endloop
  endfacet
  facet normal -0.22684 0.973932 0
    outer loop
      vertex 17.1752 69.0804 2.4
      vertex 16.9777 69.0344 5.6
      vertex 17.1752 69.0804 5.6
    endloop
  endfacet
  facet normal -0.22684 0.973932 0
    outer loop
      vertex 16.9777 69.0344 5.6
      vertex 17.1752 69.0804 2.4
      vertex 16.9777 69.0344 2.4
    endloop
  endfacet
  facet normal -0.471305 -0.881971 0
    outer loop
      vertex 16.23 63.3553 2.4
      vertex 16.4089 63.2597 5.6
      vertex 16.23 63.3553 5.6
    endloop
  endfacet
  facet normal -0.471305 -0.881971 -0
    outer loop
      vertex 16.4089 63.2597 5.6
      vertex 16.23 63.3553 2.4
      vertex 16.4089 63.2597 2.4
    endloop
  endfacet
  facet normal 0.22684 -0.973932 0
    outer loop
      vertex 18.3848 62.9996 2.4
      vertex 18.5823 63.0456 5.6
      vertex 18.3848 62.9996 5.6
    endloop
  endfacet
  facet normal 0.22684 -0.973932 0
    outer loop
      vertex 18.5823 63.0456 5.6
      vertex 18.3848 62.9996 2.4
      vertex 18.5823 63.0456 2.4
    endloop
  endfacet
  facet normal 0.0325432 -0.99947 0
    outer loop
      vertex 17.78 62.94 2.4
      vertex 17.9827 62.9466 5.6
      vertex 17.78 62.94 5.6
    endloop
  endfacet
  facet normal 0.0325432 -0.99947 0
    outer loop
      vertex 17.9827 62.9466 5.6
      vertex 17.78 62.94 2.4
      vertex 17.9827 62.9466 2.4
    endloop
  endfacet
  facet normal 0.16312 -0.986606 0
    outer loop
      vertex 18.1846 62.9665 2.4
      vertex 18.3848 62.9996 5.6
      vertex 18.1846 62.9665 5.6
    endloop
  endfacet
  facet normal 0.16312 -0.986606 0
    outer loop
      vertex 18.3848 62.9996 5.6
      vertex 18.1846 62.9665 2.4
      vertex 18.3848 62.9996 2.4
    endloop
  endfacet
  facet normal 0.582589 -0.812767 0
    outer loop
      vertex 19.5023 63.4624 2.4
      vertex 19.6672 63.5806 5.6
      vertex 19.5023 63.4624 5.6
    endloop
  endfacet
  facet normal 0.582589 -0.812767 0
    outer loop
      vertex 19.6672 63.5806 5.6
      vertex 19.5023 63.4624 2.4
      vertex 19.6672 63.5806 2.4
    endloop
  endfacet
  facet normal -0.68381 0.72966 0
    outer loop
      vertex 15.736 68.3707 2.4
      vertex 15.588 68.232 5.6
      vertex 15.736 68.3707 5.6
    endloop
  endfacet
  facet normal -0.68381 0.72966 0
    outer loop
      vertex 15.588 68.232 5.6
      vertex 15.736 68.3707 2.4
      vertex 15.588 68.232 2.4
    endloop
  endfacet
  facet normal -0.973932 0.22684 0
    outer loop
      vertex 14.7396 66.6448 2.4
      vertex 14.7856 66.8423 5.6
      vertex 14.7856 66.8423 2.4
    endloop
  endfacet
  facet normal -0.973932 0.22684 0
    outer loop
      vertex 14.7856 66.8423 5.6
      vertex 14.7396 66.6448 2.4
      vertex 14.7396 66.6448 5.6
    endloop
  endfacet
  facet normal -0.995173 0.0981365 0
    outer loop
      vertex 14.6866 66.2428 2.4
      vertex 14.7065 66.4446 5.6
      vertex 14.7065 66.4446 2.4
    endloop
  endfacet
  facet normal -0.995173 0.0981365 0
    outer loop
      vertex 14.7065 66.4446 5.6
      vertex 14.6866 66.2428 2.4
      vertex 14.6866 66.2428 5.6
    endloop
  endfacet
  facet normal -0.352528 0.935801 0
    outer loop
      vertex 16.7835 68.9755 2.4
      vertex 16.5937 68.904 5.6
      vertex 16.7835 68.9755 5.6
    endloop
  endfacet
  facet normal -0.352528 0.935801 0
    outer loop
      vertex 16.5937 68.904 5.6
      vertex 16.7835 68.9755 2.4
      vertex 16.5937 68.904 2.4
    endloop
  endfacet
  facet normal -0.995173 -0.0981365 0
    outer loop
      vertex 14.7065 65.6354 2.4
      vertex 14.6866 65.8372 5.6
      vertex 14.6866 65.8372 2.4
    endloop
  endfacet
  facet normal -0.995173 -0.0981365 0
    outer loop
      vertex 14.6866 65.8372 5.6
      vertex 14.7065 65.6354 2.4
      vertex 14.7065 65.6354 5.6
    endloop
  endfacet
  facet normal 0.72966 -0.68381 0
    outer loop
      vertex 19.972 63.848 5.6
      vertex 20.1107 63.996 2.4
      vertex 20.1107 63.996 5.6
    endloop
  endfacet
  facet normal 0.72966 -0.68381 0
    outer loop
      vertex 20.1107 63.996 2.4
      vertex 19.972 63.848 5.6
      vertex 19.972 63.848 2.4
    endloop
  endfacet
  facet normal 0.956954 -0.29024 0
    outer loop
      vertex 20.7155 65.0435 5.6
      vertex 20.7744 65.2377 2.4
      vertex 20.7744 65.2377 5.6
    endloop
  endfacet
  facet normal 0.956954 -0.29024 0
    outer loop
      vertex 20.7744 65.2377 2.4
      vertex 20.7155 65.0435 5.6
      vertex 20.7155 65.0435 2.4
    endloop
  endfacet
  facet normal -0.527915 0.849297 0
    outer loop
      vertex 16.23 68.7247 2.4
      vertex 16.0577 68.6176 5.6
      vertex 16.23 68.7247 5.6
    endloop
  endfacet
  facet normal -0.527915 0.849297 0
    outer loop
      vertex 16.0577 68.6176 5.6
      vertex 16.23 68.7247 2.4
      vertex 16.0577 68.6176 2.4
    endloop
  endfacet
  facet normal 0.634445 0.772968 -0
    outer loop
      vertex 19.824 68.3707 2.4
      vertex 19.6672 68.4994 5.6
      vertex 19.824 68.3707 5.6
    endloop
  endfacet
  facet normal 0.634445 0.772968 0
    outer loop
      vertex 19.6672 68.4994 5.6
      vertex 19.824 68.3707 2.4
      vertex 19.6672 68.4994 2.4
    endloop
  endfacet
  facet normal -0.29024 0.956954 0
    outer loop
      vertex 16.9777 69.0344 2.4
      vertex 16.7835 68.9755 5.6
      vertex 16.9777 69.0344 5.6
    endloop
  endfacet
  facet normal -0.29024 0.956954 0
    outer loop
      vertex 16.7835 68.9755 5.6
      vertex 16.9777 69.0344 2.4
      vertex 16.7835 68.9755 2.4
    endloop
  endfacet
  facet normal 0.471305 -0.881971 0
    outer loop
      vertex 19.1511 63.2597 2.4
      vertex 19.33 63.3553 5.6
      vertex 19.1511 63.2597 5.6
    endloop
  endfacet
  facet normal 0.471305 -0.881971 0
    outer loop
      vertex 19.33 63.3553 5.6
      vertex 19.1511 63.2597 2.4
      vertex 19.33 63.3553 2.4
    endloop
  endfacet
  facet normal 0 0 1
    outer loop
      vertex 20.8734 66.2428 5.6
      vertex 20.8734 65.8372 5.6
      vertex 20.88 66.04 5.6
    endloop
  endfacet
  facet normal 0 0 1
    outer loop
      vertex 20.8535 66.4446 5.6
      vertex 20.8734 65.8372 5.6
      vertex 20.8734 66.2428 5.6
    endloop
  endfacet
  facet normal 0 0 1
    outer loop
      vertex 20.8535 66.4446 5.6
      vertex 20.8535 65.6354 5.6
      vertex 20.8734 65.8372 5.6
    endloop
  endfacet
  facet normal 0 0 1
    outer loop
      vertex 20.8204 66.6448 5.6
      vertex 20.8535 65.6354 5.6
      vertex 20.8535 66.4446 5.6
    endloop
  endfacet
  facet normal 0 0 1
    outer loop
      vertex 20.8204 66.6448 5.6
      vertex 20.8204 65.4352 5.6
      vertex 20.8535 65.6354 5.6
    endloop
  endfacet
  facet normal 0 0 1
    outer loop
      vertex 20.7744 66.8423 5.6
      vertex 20.8204 65.4352 5.6
      vertex 20.8204 66.6448 5.6
    endloop
  endfacet
  facet normal 0 0 1
    outer loop
      vertex 20.7744 66.8423 5.6
      vertex 20.7744 65.2377 5.6
      vertex 20.8204 65.4352 5.6
    endloop
  endfacet
  facet normal 0 0 1
    outer loop
      vertex 20.7155 67.0365 5.6
      vertex 20.7744 65.2377 5.6
      vertex 20.7744 66.8423 5.6
    endloop
  endfacet
  facet normal 0 0 1
    outer loop
      vertex 20.7155 67.0365 5.6
      vertex 20.7155 65.0435 5.6
      vertex 20.7744 65.2377 5.6
    endloop
  endfacet
  facet normal 0 0 1
    outer loop
      vertex 20.644 67.2263 5.6
      vertex 20.7155 65.0435 5.6
      vertex 20.7155 67.0365 5.6
    endloop
  endfacet
  facet normal 0 0 1
    outer loop
      vertex 20.644 67.2263 5.6
      vertex 20.644 64.8537 5.6
      vertex 20.7155 65.0435 5.6
    endloop
  endfacet
  facet normal 0 0 1
    outer loop
      vertex 20.5603 67.4111 5.6
      vertex 20.644 64.8537 5.6
      vertex 20.644 67.2263 5.6
    endloop
  endfacet
  facet normal 0 0 1
    outer loop
      vertex 20.5603 67.4111 5.6
      vertex 20.5603 64.6689 5.6
      vertex 20.644 64.8537 5.6
    endloop
  endfacet
  facet normal 0 0 1
    outer loop
      vertex 20.4647 67.59 5.6
      vertex 20.5603 64.6689 5.6
      vertex 20.5603 67.4111 5.6
    endloop
  endfacet
  facet normal 0 0 1
    outer loop
      vertex 20.4647 67.59 5.6
      vertex 20.4647 64.49 5.6
      vertex 20.5603 64.6689 5.6
    endloop
  endfacet
  facet normal 0 0 1
    outer loop
      vertex 20.3576 67.7623 5.6
      vertex 20.4647 64.49 5.6
      vertex 20.4647 67.59 5.6
    endloop
  endfacet
  facet normal 0 0 1
    outer loop
      vertex 20.3576 67.7623 5.6
      vertex 20.3576 64.3177 5.6
      vertex 20.4647 64.49 5.6
    endloop
  endfacet
  facet normal 0 0 1
    outer loop
      vertex 20.2394 67.9272 5.6
      vertex 20.3576 64.3177 5.6
      vertex 20.3576 67.7623 5.6
    endloop
  endfacet
  facet normal 0 0 1
    outer loop
      vertex 20.2394 67.9272 5.6
      vertex 20.2394 64.1528 5.6
      vertex 20.3576 64.3177 5.6
    endloop
  endfacet
  facet normal 0 0 1
    outer loop
      vertex 20.1107 68.084 5.6
      vertex 20.2394 64.1528 5.6
      vertex 20.2394 67.9272 5.6
    endloop
  endfacet
  facet normal 0 0 1
    outer loop
      vertex 20.1107 68.084 5.6
      vertex 20.1107 63.996 5.6
      vertex 20.2394 64.1528 5.6
    endloop
  endfacet
  facet normal 0 0 1
    outer loop
      vertex 19.972 68.232 5.6
      vertex 20.1107 63.996 5.6
      vertex 20.1107 68.084 5.6
    endloop
  endfacet
  facet normal 0 0 1
    outer loop
      vertex 19.972 68.232 5.6
      vertex 19.972 63.848 5.6
      vertex 20.1107 63.996 5.6
    endloop
  endfacet
  facet normal 0 0 1
    outer loop
      vertex 19.824 68.3707 5.6
      vertex 19.972 63.848 5.6
      vertex 19.972 68.232 5.6
    endloop
  endfacet
  facet normal 0 0 1
    outer loop
      vertex 19.824 68.3707 5.6
      vertex 19.824 63.7093 5.6
      vertex 19.972 63.848 5.6
    endloop
  endfacet
  facet normal 0 0 1
    outer loop
      vertex 19.6672 68.4994 5.6
      vertex 19.824 63.7093 5.6
      vertex 19.824 68.3707 5.6
    endloop
  endfacet
  facet normal 0 0 1
    outer loop
      vertex 19.6672 68.4994 5.6
      vertex 19.6672 63.5806 5.6
      vertex 19.824 63.7093 5.6
    endloop
  endfacet
  facet normal 0 0 1
    outer loop
      vertex 19.5023 68.6176 5.6
      vertex 19.6672 63.5806 5.6
      vertex 19.6672 68.4994 5.6
    endloop
  endfacet
  facet normal 0 0 1
    outer loop
      vertex 19.5023 68.6176 5.6
      vertex 19.5023 63.4624 5.6
      vertex 19.6672 63.5806 5.6
    endloop
  endfacet
  facet normal 0 0 1
    outer loop
      vertex 19.33 68.7247 5.6
      vertex 19.5023 63.4624 5.6
      vertex 19.5023 68.6176 5.6
    endloop
  endfacet
  facet normal 0 0 1
    outer loop
      vertex 19.33 68.7247 5.6
      vertex 19.33 63.3553 5.6
      vertex 19.5023 63.4624 5.6
    endloop
  endfacet
  facet normal 0 0 1
    outer loop
      vertex 19.1511 68.8203 5.6
      vertex 19.33 63.3553 5.6
      vertex 19.33 68.7247 5.6
    endloop
  endfacet
  facet normal 0 0 1
    outer loop
      vertex 19.1511 68.8203 5.6
      vertex 19.1511 63.2597 5.6
      vertex 19.33 63.3553 5.6
    endloop
  endfacet
  facet normal 0 0 1
    outer loop
      vertex 18.9663 68.904 5.6
      vertex 19.1511 63.2597 5.6
      vertex 19.1511 68.8203 5.6
    endloop
  endfacet
  facet normal 0 0 1
    outer loop
      vertex 18.9663 68.904 5.6
      vertex 18.9663 63.176 5.6
      vertex 19.1511 63.2597 5.6
    endloop
  endfacet
  facet normal 0 0 1
    outer loop
      vertex 18.7765 68.9755 5.6
      vertex 18.9663 63.176 5.6
      vertex 18.9663 68.904 5.6
    endloop
  endfacet
  facet normal 0 0 1
    outer loop
      vertex 18.7765 68.9755 5.6
      vertex 18.7765 63.1045 5.6
      vertex 18.9663 63.176 5.6
    endloop
  endfacet
  facet normal 0 0 1
    outer loop
      vertex 18.5823 69.0344 5.6
      vertex 18.7765 63.1045 5.6
      vertex 18.7765 68.9755 5.6
    endloop
  endfacet
  facet normal 0 0 1
    outer loop
      vertex 18.5823 69.0344 5.6
      vertex 18.5823 63.0456 5.6
      vertex 18.7765 63.1045 5.6
    endloop
  endfacet
  facet normal 0 0 1
    outer loop
      vertex 18.3848 69.0804 5.6
      vertex 18.5823 63.0456 5.6
      vertex 18.5823 69.0344 5.6
    endloop
  endfacet
  facet normal 0 0 1
    outer loop
      vertex 18.3848 69.0804 5.6
      vertex 18.3848 62.9996 5.6
      vertex 18.5823 63.0456 5.6
    endloop
  endfacet
  facet normal 0 0 1
    outer loop
      vertex 18.1846 69.1135 5.6
      vertex 18.3848 62.9996 5.6
      vertex 18.3848 69.0804 5.6
    endloop
  endfacet
  facet normal 0 0 1
    outer loop
      vertex 18.1846 69.1135 5.6
      vertex 18.1846 62.9665 5.6
      vertex 18.3848 62.9996 5.6
    endloop
  endfacet
  facet normal 0 0 1
    outer loop
      vertex 17.9827 69.1334 5.6
      vertex 18.1846 62.9665 5.6
      vertex 18.1846 69.1135 5.6
    endloop
  endfacet
  facet normal 0 0 1
    outer loop
      vertex 17.9827 69.1334 5.6
      vertex 17.9827 62.9466 5.6
      vertex 18.1846 62.9665 5.6
    endloop
  endfacet
  facet normal 0 0 1
    outer loop
      vertex 17.78 69.14 5.6
      vertex 17.9827 62.9466 5.6
      vertex 17.9827 69.1334 5.6
    endloop
  endfacet
  facet normal 0 0 1
    outer loop
      vertex 17.78 69.14 5.6
      vertex 17.78 62.94 5.6
      vertex 17.9827 62.9466 5.6
    endloop
  endfacet
  facet normal -0 0 1
    outer loop
      vertex 17.5773 69.1334 5.6
      vertex 17.78 62.94 5.6
      vertex 17.78 69.14 5.6
    endloop
  endfacet
  facet normal 0 0 1
    outer loop
      vertex 17.5773 69.1334 5.6
      vertex 17.5773 62.9466 5.6
      vertex 17.78 62.94 5.6
    endloop
  endfacet
  facet normal -0 0 1
    outer loop
      vertex 17.3754 69.1135 5.6
      vertex 17.5773 62.9466 5.6
      vertex 17.5773 69.1334 5.6
    endloop
  endfacet
  facet normal 0 0 1
    outer loop
      vertex 17.3754 69.1135 5.6
      vertex 17.3754 62.9665 5.6
      vertex 17.5773 62.9466 5.6
    endloop
  endfacet
  facet normal -0 0 1
    outer loop
      vertex 17.1752 69.0804 5.6
      vertex 17.3754 62.9665 5.6
      vertex 17.3754 69.1135 5.6
    endloop
  endfacet
  facet normal 0 0 1
    outer loop
      vertex 17.1752 69.0804 5.6
      vertex 17.1752 62.9996 5.6
      vertex 17.3754 62.9665 5.6
    endloop
  endfacet
  facet normal -0 0 1
    outer loop
      vertex 16.9777 69.0344 5.6
      vertex 17.1752 62.9996 5.6
      vertex 17.1752 69.0804 5.6
    endloop
  endfacet
  facet normal 0 0 1
    outer loop
      vertex 16.9777 69.0344 5.6
      vertex 16.9777 63.0456 5.6
      vertex 17.1752 62.9996 5.6
    endloop
  endfacet
  facet normal -0 0 1
    outer loop
      vertex 16.7835 68.9755 5.6
      vertex 16.9777 63.0456 5.6
      vertex 16.9777 69.0344 5.6
    endloop
  endfacet
  facet normal 0 0 1
    outer loop
      vertex 16.7835 68.9755 5.6
      vertex 16.7835 63.1045 5.6
      vertex 16.9777 63.0456 5.6
    endloop
  endfacet
  facet normal -0 0 1
    outer loop
      vertex 16.5937 68.904 5.6
      vertex 16.7835 63.1045 5.6
      vertex 16.7835 68.9755 5.6
    endloop
  endfacet
  facet normal 0 0 1
    outer loop
      vertex 16.5937 68.904 5.6
      vertex 16.5937 63.176 5.6
      vertex 16.7835 63.1045 5.6
    endloop
  endfacet
  facet normal -0 0 1
    outer loop
      vertex 16.4089 68.8203 5.6
      vertex 16.5937 63.176 5.6
      vertex 16.5937 68.904 5.6
    endloop
  endfacet
  facet normal 0 0 1
    outer loop
      vertex 16.4089 68.8203 5.6
      vertex 16.4089 63.2597 5.6
      vertex 16.5937 63.176 5.6
    endloop
  endfacet
  facet normal -0 0 1
    outer loop
      vertex 16.23 68.7247 5.6
      vertex 16.4089 63.2597 5.6
      vertex 16.4089 68.8203 5.6
    endloop
  endfacet
  facet normal 0 0 1
    outer loop
      vertex 16.23 68.7247 5.6
      vertex 16.23 63.3553 5.6
      vertex 16.4089 63.2597 5.6
    endloop
  endfacet
  facet normal -0 0 1
    outer loop
      vertex 16.0577 68.6176 5.6
      vertex 16.23 63.3553 5.6
      vertex 16.23 68.7247 5.6
    endloop
  endfacet
  facet normal 0 0 1
    outer loop
      vertex 16.0577 68.6176 5.6
      vertex 16.0577 63.4624 5.6
      vertex 16.23 63.3553 5.6
    endloop
  endfacet
  facet normal -0 0 1
    outer loop
      vertex 15.8928 68.4994 5.6
      vertex 16.0577 63.4624 5.6
      vertex 16.0577 68.6176 5.6
    endloop
  endfacet
  facet normal 0 0 1
    outer loop
      vertex 15.8928 68.4994 5.6
      vertex 15.8928 63.5806 5.6
      vertex 16.0577 63.4624 5.6
    endloop
  endfacet
  facet normal -0 0 1
    outer loop
      vertex 15.736 68.3707 5.6
      vertex 15.8928 63.5806 5.6
      vertex 15.8928 68.4994 5.6
    endloop
  endfacet
  facet normal 0 0 1
    outer loop
      vertex 15.736 68.3707 5.6
      vertex 15.736 63.7093 5.6
      vertex 15.8928 63.5806 5.6
    endloop
  endfacet
  facet normal -0 0 1
    outer loop
      vertex 15.588 68.232 5.6
      vertex 15.736 63.7093 5.6
      vertex 15.736 68.3707 5.6
    endloop
  endfacet
  facet normal 0 0 1
    outer loop
      vertex 15.588 68.232 5.6
      vertex 15.588 63.848 5.6
      vertex 15.736 63.7093 5.6
    endloop
  endfacet
  facet normal -0 0 1
    outer loop
      vertex 15.4493 68.084 5.6
      vertex 15.588 63.848 5.6
      vertex 15.588 68.232 5.6
    endloop
  endfacet
  facet normal 0 0 1
    outer loop
      vertex 15.4493 68.084 5.6
      vertex 15.4493 63.996 5.6
      vertex 15.588 63.848 5.6
    endloop
  endfacet
  facet normal -0 0 1
    outer loop
      vertex 15.3206 67.9272 5.6
      vertex 15.4493 63.996 5.6
      vertex 15.4493 68.084 5.6
    endloop
  endfacet
  facet normal 0 0 1
    outer loop
      vertex 15.3206 67.9272 5.6
      vertex 15.3206 64.1528 5.6
      vertex 15.4493 63.996 5.6
    endloop
  endfacet
  facet normal -0 0 1
    outer loop
      vertex 15.2024 67.7623 5.6
      vertex 15.3206 64.1528 5.6
      vertex 15.3206 67.9272 5.6
    endloop
  endfacet
  facet normal 0 0 1
    outer loop
      vertex 15.2024 67.7623 5.6
      vertex 15.2024 64.3177 5.6
      vertex 15.3206 64.1528 5.6
    endloop
  endfacet
  facet normal -0 0 1
    outer loop
      vertex 15.0953 67.59 5.6
      vertex 15.2024 64.3177 5.6
      vertex 15.2024 67.7623 5.6
    endloop
  endfacet
  facet normal 0 0 1
    outer loop
      vertex 15.0953 67.59 5.6
      vertex 15.0953 64.49 5.6
      vertex 15.2024 64.3177 5.6
    endloop
  endfacet
  facet normal -0 0 1
    outer loop
      vertex 14.9997 67.4111 5.6
      vertex 15.0953 64.49 5.6
      vertex 15.0953 67.59 5.6
    endloop
  endfacet
  facet normal 0 0 1
    outer loop
      vertex 14.9997 67.4111 5.6
      vertex 14.9997 64.6689 5.6
      vertex 15.0953 64.49 5.6
    endloop
  endfacet
  facet normal -0 0 1
    outer loop
      vertex 14.916 67.2263 5.6
      vertex 14.9997 64.6689 5.6
      vertex 14.9997 67.4111 5.6
    endloop
  endfacet
  facet normal 0 0 1
    outer loop
      vertex 14.916 67.2263 5.6
      vertex 14.916 64.8537 5.6
      vertex 14.9997 64.6689 5.6
    endloop
  endfacet
  facet normal -0 0 1
    outer loop
      vertex 14.8445 67.0365 5.6
      vertex 14.916 64.8537 5.6
      vertex 14.916 67.2263 5.6
    endloop
  endfacet
  facet normal 0 0 1
    outer loop
      vertex 14.8445 67.0365 5.6
      vertex 14.8445 65.0435 5.6
      vertex 14.916 64.8537 5.6
    endloop
  endfacet
  facet normal -0 0 1
    outer loop
      vertex 14.7856 66.8423 5.6
      vertex 14.8445 65.0435 5.6
      vertex 14.8445 67.0365 5.6
    endloop
  endfacet
  facet normal 0 0 1
    outer loop
      vertex 14.7856 66.8423 5.6
      vertex 14.7856 65.2377 5.6
      vertex 14.8445 65.0435 5.6
    endloop
  endfacet
  facet normal -0 0 1
    outer loop
      vertex 14.7396 66.6448 5.6
      vertex 14.7856 65.2377 5.6
      vertex 14.7856 66.8423 5.6
    endloop
  endfacet
  facet normal 0 0 1
    outer loop
      vertex 14.7396 66.6448 5.6
      vertex 14.7396 65.4352 5.6
      vertex 14.7856 65.2377 5.6
    endloop
  endfacet
  facet normal -0 0 1
    outer loop
      vertex 14.7065 66.4446 5.6
      vertex 14.7396 65.4352 5.6
      vertex 14.7396 66.6448 5.6
    endloop
  endfacet
  facet normal 0 0 1
    outer loop
      vertex 14.7065 66.4446 5.6
      vertex 14.7065 65.6354 5.6
      vertex 14.7396 65.4352 5.6
    endloop
  endfacet
  facet normal -0 0 1
    outer loop
      vertex 14.6866 66.2428 5.6
      vertex 14.7065 65.6354 5.6
      vertex 14.7065 66.4446 5.6
    endloop
  endfacet
  facet normal 0 0 1
    outer loop
      vertex 14.6866 66.2428 5.6
      vertex 14.6866 65.8372 5.6
      vertex 14.7065 65.6354 5.6
    endloop
  endfacet
  facet normal 0 -0 1
    outer loop
      vertex 14.6866 65.8372 5.6
      vertex 14.6866 66.2428 5.6
      vertex 14.68 66.04 5.6
    endloop
  endfacet
  facet normal -0.72966 -0.68381 0
    outer loop
      vertex 15.588 63.848 2.4
      vertex 15.4493 63.996 5.6
      vertex 15.4493 63.996 2.4
    endloop
  endfacet
  facet normal -0.72966 -0.68381 0
    outer loop
      vertex 15.4493 63.996 5.6
      vertex 15.588 63.848 2.4
      vertex 15.588 63.848 5.6
    endloop
  endfacet
  facet normal 0.16312 0.986606 -0
    outer loop
      vertex 18.3848 69.0804 2.4
      vertex 18.1846 69.1135 5.6
      vertex 18.3848 69.0804 5.6
    endloop
  endfacet
  facet normal 0.16312 0.986606 0
    outer loop
      vertex 18.1846 69.1135 5.6
      vertex 18.3848 69.0804 2.4
      vertex 18.1846 69.1135 2.4
    endloop
  endfacet
  facet normal -0.986606 -0.16312 0
    outer loop
      vertex 14.7396 65.4352 2.4
      vertex 14.7065 65.6354 5.6
      vertex 14.7065 65.6354 2.4
    endloop
  endfacet
  facet normal -0.986606 -0.16312 0
    outer loop
      vertex 14.7065 65.6354 5.6
      vertex 14.7396 65.4352 2.4
      vertex 14.7396 65.4352 5.6
    endloop
  endfacet
  facet normal 0.812767 0.582589 0
    outer loop
      vertex 20.3576 67.7623 5.6
      vertex 20.2394 67.9272 2.4
      vertex 20.2394 67.9272 5.6
    endloop
  endfacet
  facet normal 0.812767 0.582589 0
    outer loop
      vertex 20.2394 67.9272 2.4
      vertex 20.3576 67.7623 5.6
      vertex 20.3576 67.7623 2.4
    endloop
  endfacet
  facet normal -0.471305 0.881971 0
    outer loop
      vertex 16.4089 68.8203 2.4
      vertex 16.23 68.7247 5.6
      vertex 16.4089 68.8203 5.6
    endloop
  endfacet
  facet normal -0.471305 0.881971 0
    outer loop
      vertex 16.23 68.7247 5.6
      vertex 16.4089 68.8203 2.4
      vertex 16.23 68.7247 2.4
    endloop
  endfacet
  facet normal 0.68381 0.72966 -0
    outer loop
      vertex 19.972 68.232 2.4
      vertex 19.824 68.3707 5.6
      vertex 19.972 68.232 5.6
    endloop
  endfacet
  facet normal 0.68381 0.72966 0
    outer loop
      vertex 19.824 68.3707 5.6
      vertex 19.972 68.232 2.4
      vertex 19.824 68.3707 2.4
    endloop
  endfacet
  facet normal 0.29024 0.956954 -0
    outer loop
      vertex 18.7765 68.9755 2.4
      vertex 18.5823 69.0344 5.6
      vertex 18.7765 68.9755 5.6
    endloop
  endfacet
  facet normal 0.29024 0.956954 0
    outer loop
      vertex 18.5823 69.0344 5.6
      vertex 18.7765 68.9755 2.4
      vertex 18.5823 69.0344 2.4
    endloop
  endfacet
  facet normal -0.0980883 0.995178 0
    outer loop
      vertex 17.5773 69.1334 2.4
      vertex 17.3754 69.1135 5.6
      vertex 17.5773 69.1334 5.6
    endloop
  endfacet
  facet normal -0.0980883 0.995178 0
    outer loop
      vertex 17.3754 69.1135 5.6
      vertex 17.5773 69.1334 2.4
      vertex 17.3754 69.1135 2.4
    endloop
  endfacet
  facet normal 0.812767 -0.582589 0
    outer loop
      vertex 20.2394 64.1528 5.6
      vertex 20.3576 64.3177 2.4
      vertex 20.3576 64.3177 5.6
    endloop
  endfacet
  facet normal 0.812767 -0.582589 0
    outer loop
      vertex 20.3576 64.3177 2.4
      vertex 20.2394 64.1528 5.6
      vertex 20.2394 64.1528 2.4
    endloop
  endfacet
  facet normal -0.935801 -0.352528 0
    outer loop
      vertex 14.916 64.8537 2.4
      vertex 14.8445 65.0435 5.6
      vertex 14.8445 65.0435 2.4
    endloop
  endfacet
  facet normal -0.935801 -0.352528 0
    outer loop
      vertex 14.8445 65.0435 5.6
      vertex 14.916 64.8537 2.4
      vertex 14.916 64.8537 5.6
    endloop
  endfacet
  facet normal 0.352528 0.935801 -0
    outer loop
      vertex 18.9663 68.904 2.4
      vertex 18.7765 68.9755 5.6
      vertex 18.9663 68.904 5.6
    endloop
  endfacet
  facet normal 0.352528 0.935801 0
    outer loop
      vertex 18.7765 68.9755 5.6
      vertex 18.9663 68.904 2.4
      vertex 18.7765 68.9755 2.4
    endloop
  endfacet
  facet normal 0.412577 -0.910923 0
    outer loop
      vertex 18.9663 63.176 2.4
      vertex 19.1511 63.2597 5.6
      vertex 18.9663 63.176 5.6
    endloop
  endfacet
  facet normal 0.412577 -0.910923 0
    outer loop
      vertex 19.1511 63.2597 5.6
      vertex 18.9663 63.176 2.4
      vertex 19.1511 63.2597 2.4
    endloop
  endfacet
  facet normal -0.935801 0.352528 0
    outer loop
      vertex 14.8445 67.0365 2.4
      vertex 14.916 67.2263 5.6
      vertex 14.916 67.2263 2.4
    endloop
  endfacet
  facet normal -0.935801 0.352528 0
    outer loop
      vertex 14.916 67.2263 5.6
      vertex 14.8445 67.0365 2.4
      vertex 14.8445 67.0365 5.6
    endloop
  endfacet
  facet normal 0.956954 0.29024 0
    outer loop
      vertex 20.7744 66.8423 5.6
      vertex 20.7155 67.0365 2.4
      vertex 20.7155 67.0365 5.6
    endloop
  endfacet
  facet normal 0.956954 0.29024 0
    outer loop
      vertex 20.7155 67.0365 2.4
      vertex 20.7744 66.8423 5.6
      vertex 20.7744 66.8423 2.4
    endloop
  endfacet
  facet normal -0.986606 0.16312 0
    outer loop
      vertex 14.7065 66.4446 2.4
      vertex 14.7396 66.6448 5.6
      vertex 14.7396 66.6448 2.4
    endloop
  endfacet
  facet normal -0.986606 0.16312 0
    outer loop
      vertex 14.7396 66.6448 5.6
      vertex 14.7065 66.4446 2.4
      vertex 14.7065 66.4446 5.6
    endloop
  endfacet
  facet normal 0.849297 0.527915 0
    outer loop
      vertex 20.4647 67.59 5.6
      vertex 20.3576 67.7623 2.4
      vertex 20.3576 67.7623 5.6
    endloop
  endfacet
  facet normal 0.849297 0.527915 0
    outer loop
      vertex 20.3576 67.7623 2.4
      vertex 20.4647 67.59 5.6
      vertex 20.4647 67.59 2.4
    endloop
  endfacet
  facet normal 0.72966 0.68381 0
    outer loop
      vertex 20.1107 68.084 5.6
      vertex 19.972 68.232 2.4
      vertex 19.972 68.232 5.6
    endloop
  endfacet
  facet normal 0.72966 0.68381 0
    outer loop
      vertex 19.972 68.232 2.4
      vertex 20.1107 68.084 5.6
      vertex 20.1107 68.084 2.4
    endloop
  endfacet
  facet normal 0.973932 0.22684 0
    outer loop
      vertex 20.8204 66.6448 5.6
      vertex 20.7744 66.8423 2.4
      vertex 20.7744 66.8423 5.6
    endloop
  endfacet
  facet normal 0.973932 0.22684 0
    outer loop
      vertex 20.7744 66.8423 2.4
      vertex 20.8204 66.6448 5.6
      vertex 20.8204 66.6448 2.4
    endloop
  endfacet
  facet normal 0.999471 -0.0325272 0
    outer loop
      vertex 20.8734 65.8372 5.6
      vertex 20.88 66.04 2.4
      vertex 20.88 66.04 5.6
    endloop
  endfacet
  facet normal 0.999471 -0.0325272 0
    outer loop
      vertex 20.88 66.04 2.4
      vertex 20.8734 65.8372 5.6
      vertex 20.8734 65.8372 2.4
    endloop
  endfacet
  facet normal 0.881971 0.471305 0
    outer loop
      vertex 20.5603 67.4111 5.6
      vertex 20.4647 67.59 2.4
      vertex 20.4647 67.59 5.6
    endloop
  endfacet
  facet normal 0.881971 0.471305 0
    outer loop
      vertex 20.4647 67.59 2.4
      vertex 20.5603 67.4111 5.6
      vertex 20.5603 67.4111 2.4
    endloop
  endfacet
  facet normal 0.412577 0.910923 -0
    outer loop
      vertex 19.1511 68.8203 2.4
      vertex 18.9663 68.904 5.6
      vertex 19.1511 68.8203 5.6
    endloop
  endfacet
  facet normal 0.412577 0.910923 0
    outer loop
      vertex 18.9663 68.904 5.6
      vertex 19.1511 68.8203 2.4
      vertex 18.9663 68.904 2.4
    endloop
  endfacet
  facet normal 0.935801 0.352528 0
    outer loop
      vertex 20.7155 67.0365 5.6
      vertex 20.644 67.2263 2.4
      vertex 20.644 67.2263 5.6
    endloop
  endfacet
  facet normal 0.935801 0.352528 0
    outer loop
      vertex 20.644 67.2263 2.4
      vertex 20.7155 67.0365 5.6
      vertex 20.7155 67.0365 2.4
    endloop
  endfacet
  facet normal -0.412577 0.910923 0
    outer loop
      vertex 16.5937 68.904 2.4
      vertex 16.4089 68.8203 5.6
      vertex 16.5937 68.904 5.6
    endloop
  endfacet
  facet normal -0.412577 0.910923 0
    outer loop
      vertex 16.4089 68.8203 5.6
      vertex 16.5937 68.904 2.4
      vertex 16.4089 68.8203 2.4
    endloop
  endfacet
  facet normal 0.910923 0.412577 0
    outer loop
      vertex 20.644 67.2263 5.6
      vertex 20.5603 67.4111 2.4
      vertex 20.5603 67.4111 5.6
    endloop
  endfacet
  facet normal 0.910923 0.412577 0
    outer loop
      vertex 20.5603 67.4111 2.4
      vertex 20.644 67.2263 5.6
      vertex 20.644 67.2263 2.4
    endloop
  endfacet
  facet normal -0.16312 -0.986606 0
    outer loop
      vertex 17.1752 62.9996 2.4
      vertex 17.3754 62.9665 5.6
      vertex 17.1752 62.9996 5.6
    endloop
  endfacet
  facet normal -0.16312 -0.986606 -0
    outer loop
      vertex 17.3754 62.9665 5.6
      vertex 17.1752 62.9996 2.4
      vertex 17.3754 62.9665 2.4
    endloop
  endfacet
  facet normal -0.812767 -0.582589 0
    outer loop
      vertex 15.3206 64.1528 2.4
      vertex 15.2024 64.3177 5.6
      vertex 15.2024 64.3177 2.4
    endloop
  endfacet
  facet normal -0.812767 -0.582589 0
    outer loop
      vertex 15.2024 64.3177 5.6
      vertex 15.3206 64.1528 2.4
      vertex 15.3206 64.1528 5.6
    endloop
  endfacet
  facet normal -0.881971 -0.471305 0
    outer loop
      vertex 15.0953 64.49 2.4
      vertex 14.9997 64.6689 5.6
      vertex 14.9997 64.6689 2.4
    endloop
  endfacet
  facet normal -0.881971 -0.471305 0
    outer loop
      vertex 14.9997 64.6689 5.6
      vertex 15.0953 64.49 2.4
      vertex 15.0953 64.49 5.6
    endloop
  endfacet
  facet normal 0.0980883 -0.995178 0
    outer loop
      vertex 17.9827 62.9466 2.4
      vertex 18.1846 62.9665 5.6
      vertex 17.9827 62.9466 5.6
    endloop
  endfacet
  facet normal 0.0980883 -0.995178 0
    outer loop
      vertex 18.1846 62.9665 5.6
      vertex 17.9827 62.9466 2.4
      vertex 18.1846 62.9665 2.4
    endloop
  endfacet
  facet normal -0.68381 -0.72966 0
    outer loop
      vertex 15.588 63.848 2.4
      vertex 15.736 63.7093 5.6
      vertex 15.588 63.848 5.6
    endloop
  endfacet
  facet normal -0.68381 -0.72966 -0
    outer loop
      vertex 15.736 63.7093 5.6
      vertex 15.588 63.848 2.4
      vertex 15.736 63.7093 2.4
    endloop
  endfacet
  facet normal 0.0325432 0.99947 -0
    outer loop
      vertex 17.9827 69.1334 2.4
      vertex 17.78 69.14 5.6
      vertex 17.9827 69.1334 5.6
    endloop
  endfacet
  facet normal 0.0325432 0.99947 0
    outer loop
      vertex 17.78 69.14 5.6
      vertex 17.9827 69.1334 2.4
      vertex 17.78 69.14 2.4
    endloop
  endfacet
  facet normal 0.582589 0.812767 -0
    outer loop
      vertex 19.6672 68.4994 2.4
      vertex 19.5023 68.6176 5.6
      vertex 19.6672 68.4994 5.6
    endloop
  endfacet
  facet normal 0.582589 0.812767 0
    outer loop
      vertex 19.5023 68.6176 5.6
      vertex 19.6672 68.4994 2.4
      vertex 19.5023 68.6176 2.4
    endloop
  endfacet
  facet normal -0.16312 0.986606 0
    outer loop
      vertex 17.3754 69.1135 2.4
      vertex 17.1752 69.0804 5.6
      vertex 17.3754 69.1135 5.6
    endloop
  endfacet
  facet normal -0.16312 0.986606 0
    outer loop
      vertex 17.1752 69.0804 5.6
      vertex 17.3754 69.1135 2.4
      vertex 17.1752 69.0804 2.4
    endloop
  endfacet
  facet normal 0.29024 -0.956954 0
    outer loop
      vertex 18.5823 63.0456 2.4
      vertex 18.7765 63.1045 5.6
      vertex 18.5823 63.0456 5.6
    endloop
  endfacet
  facet normal 0.29024 -0.956954 0
    outer loop
      vertex 18.7765 63.1045 5.6
      vertex 18.5823 63.0456 2.4
      vertex 18.7765 63.1045 2.4
    endloop
  endfacet
  facet normal 0.772968 -0.634445 0
    outer loop
      vertex 20.1107 63.996 5.6
      vertex 20.2394 64.1528 2.4
      vertex 20.2394 64.1528 5.6
    endloop
  endfacet
  facet normal 0.772968 -0.634445 0
    outer loop
      vertex 20.2394 64.1528 2.4
      vertex 20.1107 63.996 5.6
      vertex 20.1107 63.996 2.4
    endloop
  endfacet
  facet normal 0.995173 -0.0981365 0
    outer loop
      vertex 20.8535 65.6354 5.6
      vertex 20.8734 65.8372 2.4
      vertex 20.8734 65.8372 5.6
    endloop
  endfacet
  facet normal 0.995173 -0.0981365 0
    outer loop
      vertex 20.8734 65.8372 2.4
      vertex 20.8535 65.6354 5.6
      vertex 20.8535 65.6354 2.4
    endloop
  endfacet
  facet normal 0.352528 -0.935801 0
    outer loop
      vertex 18.7765 63.1045 2.4
      vertex 18.9663 63.176 5.6
      vertex 18.7765 63.1045 5.6
    endloop
  endfacet
  facet normal 0.352528 -0.935801 0
    outer loop
      vertex 18.9663 63.176 5.6
      vertex 18.7765 63.1045 2.4
      vertex 18.9663 63.176 2.4
    endloop
  endfacet
  facet normal -0.0980883 -0.995178 0
    outer loop
      vertex 17.3754 62.9665 2.4
      vertex 17.5773 62.9466 5.6
      vertex 17.3754 62.9665 5.6
    endloop
  endfacet
  facet normal -0.0980883 -0.995178 -0
    outer loop
      vertex 17.5773 62.9466 5.6
      vertex 17.3754 62.9665 2.4
      vertex 17.5773 62.9466 2.4
    endloop
  endfacet
  facet normal -0.352528 -0.935801 0
    outer loop
      vertex 16.5937 63.176 2.4
      vertex 16.7835 63.1045 5.6
      vertex 16.5937 63.176 5.6
    endloop
  endfacet
  facet normal -0.352528 -0.935801 -0
    outer loop
      vertex 16.7835 63.1045 5.6
      vertex 16.5937 63.176 2.4
      vertex 16.7835 63.1045 2.4
    endloop
  endfacet
  facet normal -0.956954 0.29024 0
    outer loop
      vertex 14.7856 66.8423 2.4
      vertex 14.8445 67.0365 5.6
      vertex 14.8445 67.0365 2.4
    endloop
  endfacet
  facet normal -0.956954 0.29024 0
    outer loop
      vertex 14.8445 67.0365 5.6
      vertex 14.7856 66.8423 2.4
      vertex 14.7856 66.8423 5.6
    endloop
  endfacet
  facet normal 0.772968 0.634445 0
    outer loop
      vertex 20.2394 67.9272 5.6
      vertex 20.1107 68.084 2.4
      vertex 20.1107 68.084 5.6
    endloop
  endfacet
  facet normal 0.772968 0.634445 0
    outer loop
      vertex 20.1107 68.084 2.4
      vertex 20.2394 67.9272 5.6
      vertex 20.2394 67.9272 2.4
    endloop
  endfacet
  facet normal -0.812767 0.582589 0
    outer loop
      vertex 15.2024 67.7623 2.4
      vertex 15.3206 67.9272 5.6
      vertex 15.3206 67.9272 2.4
    endloop
  endfacet
  facet normal -0.812767 0.582589 0
    outer loop
      vertex 15.3206 67.9272 5.6
      vertex 15.2024 67.7623 2.4
      vertex 15.2024 67.7623 5.6
    endloop
  endfacet
  facet normal 0.22684 0.973932 -0
    outer loop
      vertex 18.5823 69.0344 2.4
      vertex 18.3848 69.0804 5.6
      vertex 18.5823 69.0344 5.6
    endloop
  endfacet
  facet normal 0.22684 0.973932 0
    outer loop
      vertex 18.3848 69.0804 5.6
      vertex 18.5823 69.0344 2.4
      vertex 18.3848 69.0804 2.4
    endloop
  endfacet
  facet normal 0.910923 -0.412577 0
    outer loop
      vertex 20.5603 64.6689 5.6
      vertex 20.644 64.8537 2.4
      vertex 20.644 64.8537 5.6
    endloop
  endfacet
  facet normal 0.910923 -0.412577 0
    outer loop
      vertex 20.644 64.8537 2.4
      vertex 20.5603 64.6689 5.6
      vertex 20.5603 64.6689 2.4
    endloop
  endfacet
  facet normal -0.634445 -0.772968 0
    outer loop
      vertex 15.736 63.7093 2.4
      vertex 15.8928 63.5806 5.6
      vertex 15.736 63.7093 5.6
    endloop
  endfacet
  facet normal -0.634445 -0.772968 -0
    outer loop
      vertex 15.8928 63.5806 5.6
      vertex 15.736 63.7093 2.4
      vertex 15.8928 63.5806 2.4
    endloop
  endfacet
  facet normal 0.471305 0.881971 -0
    outer loop
      vertex 19.33 68.7247 2.4
      vertex 19.1511 68.8203 5.6
      vertex 19.33 68.7247 5.6
    endloop
  endfacet
  facet normal 0.471305 0.881971 0
    outer loop
      vertex 19.1511 68.8203 5.6
      vertex 19.33 68.7247 2.4
      vertex 19.1511 68.8203 2.4
    endloop
  endfacet
  facet normal -0.910923 0.412577 0
    outer loop
      vertex 14.916 67.2263 2.4
      vertex 14.9997 67.4111 5.6
      vertex 14.9997 67.4111 2.4
    endloop
  endfacet
  facet normal -0.910923 0.412577 0
    outer loop
      vertex 14.9997 67.4111 5.6
      vertex 14.916 67.2263 2.4
      vertex 14.916 67.2263 5.6
    endloop
  endfacet
  facet normal -0.772968 -0.634445 0
    outer loop
      vertex 15.4493 63.996 2.4
      vertex 15.3206 64.1528 5.6
      vertex 15.3206 64.1528 2.4
    endloop
  endfacet
  facet normal -0.772968 -0.634445 0
    outer loop
      vertex 15.3206 64.1528 5.6
      vertex 15.4493 63.996 2.4
      vertex 15.4493 63.996 5.6
    endloop
  endfacet
  facet normal -0.22684 -0.973932 0
    outer loop
      vertex 16.9777 63.0456 2.4
      vertex 17.1752 62.9996 5.6
      vertex 16.9777 63.0456 5.6
    endloop
  endfacet
  facet normal -0.22684 -0.973932 -0
    outer loop
      vertex 17.1752 62.9996 5.6
      vertex 16.9777 63.0456 2.4
      vertex 17.1752 62.9996 2.4
    endloop
  endfacet
  facet normal 0.634445 -0.772968 0
    outer loop
      vertex 19.6672 63.5806 2.4
      vertex 19.824 63.7093 5.6
      vertex 19.6672 63.5806 5.6
    endloop
  endfacet
  facet normal 0.634445 -0.772968 0
    outer loop
      vertex 19.824 63.7093 5.6
      vertex 19.6672 63.5806 2.4
      vertex 19.824 63.7093 2.4
    endloop
  endfacet
  facet normal 0.68381 -0.72966 0
    outer loop
      vertex 19.824 63.7093 2.4
      vertex 19.972 63.848 5.6
      vertex 19.824 63.7093 5.6
    endloop
  endfacet
  facet normal 0.68381 -0.72966 0
    outer loop
      vertex 19.972 63.848 5.6
      vertex 19.824 63.7093 2.4
      vertex 19.972 63.848 2.4
    endloop
  endfacet
  facet normal -0.999471 -0.0325272 0
    outer loop
      vertex 14.6866 65.8372 2.4
      vertex 14.68 66.04 5.6
      vertex 14.68 66.04 2.4
    endloop
  endfacet
  facet normal -0.999471 -0.0325272 0
    outer loop
      vertex 14.68 66.04 5.6
      vertex 14.6866 65.8372 2.4
      vertex 14.6866 65.8372 5.6
    endloop
  endfacet
  facet normal -0.956954 -0.29024 0
    outer loop
      vertex 14.8445 65.0435 2.4
      vertex 14.7856 65.2377 5.6
      vertex 14.7856 65.2377 2.4
    endloop
  endfacet
  facet normal -0.956954 -0.29024 0
    outer loop
      vertex 14.7856 65.2377 5.6
      vertex 14.8445 65.0435 2.4
      vertex 14.8445 65.0435 5.6
    endloop
  endfacet
  facet normal -0.0325432 0.99947 0
    outer loop
      vertex 17.78 69.14 2.4
      vertex 17.5773 69.1334 5.6
      vertex 17.78 69.14 5.6
    endloop
  endfacet
  facet normal -0.0325432 0.99947 0
    outer loop
      vertex 17.5773 69.1334 5.6
      vertex 17.78 69.14 2.4
      vertex 17.5773 69.1334 2.4
    endloop
  endfacet
  facet normal -0.72966 0.68381 0
    outer loop
      vertex 15.4493 68.084 2.4
      vertex 15.588 68.232 5.6
      vertex 15.588 68.232 2.4
    endloop
  endfacet
  facet normal -0.72966 0.68381 0
    outer loop
      vertex 15.588 68.232 5.6
      vertex 15.4493 68.084 2.4
      vertex 15.4493 68.084 5.6
    endloop
  endfacet
  facet normal -0.849297 -0.527915 0
    outer loop
      vertex 15.2024 64.3177 2.4
      vertex 15.0953 64.49 5.6
      vertex 15.0953 64.49 2.4
    endloop
  endfacet
  facet normal -0.849297 -0.527915 0
    outer loop
      vertex 15.0953 64.49 5.6
      vertex 15.2024 64.3177 2.4
      vertex 15.2024 64.3177 5.6
    endloop
  endfacet
  facet normal 0.0980883 0.995178 -0
    outer loop
      vertex 18.1846 69.1135 2.4
      vertex 17.9827 69.1334 5.6
      vertex 18.1846 69.1135 5.6
    endloop
  endfacet
  facet normal 0.0980883 0.995178 0
    outer loop
      vertex 17.9827 69.1334 5.6
      vertex 18.1846 69.1135 2.4
      vertex 17.9827 69.1334 2.4
    endloop
  endfacet
  facet normal -0.582589 0.812767 0
    outer loop
      vertex 16.0577 68.6176 2.4
      vertex 15.8928 68.4994 5.6
      vertex 16.0577 68.6176 5.6
    endloop
  endfacet
  facet normal -0.582589 0.812767 0
    outer loop
      vertex 15.8928 68.4994 5.6
      vertex 16.0577 68.6176 2.4
      vertex 15.8928 68.4994 2.4
    endloop
  endfacet
  facet normal -0.772968 0.634445 0
    outer loop
      vertex 15.3206 67.9272 2.4
      vertex 15.4493 68.084 5.6
      vertex 15.4493 68.084 2.4
    endloop
  endfacet
  facet normal -0.772968 0.634445 0
    outer loop
      vertex 15.4493 68.084 5.6
      vertex 15.3206 67.9272 2.4
      vertex 15.3206 67.9272 5.6
    endloop
  endfacet
  facet normal 0.527915 -0.849297 0
    outer loop
      vertex 19.33 63.3553 2.4
      vertex 19.5023 63.4624 5.6
      vertex 19.33 63.3553 5.6
    endloop
  endfacet
  facet normal 0.527915 -0.849297 0
    outer loop
      vertex 19.5023 63.4624 5.6
      vertex 19.33 63.3553 2.4
      vertex 19.5023 63.4624 2.4
    endloop
  endfacet
  facet normal -0.0325432 -0.99947 0
    outer loop
      vertex 17.5773 62.9466 2.4
      vertex 17.78 62.94 5.6
      vertex 17.5773 62.9466 5.6
    endloop
  endfacet
  facet normal -0.0325432 -0.99947 -0
    outer loop
      vertex 17.78 62.94 5.6
      vertex 17.5773 62.9466 2.4
      vertex 17.78 62.94 2.4
    endloop
  endfacet
  facet normal 0.881971 -0.471305 0
    outer loop
      vertex 20.4647 64.49 5.6
      vertex 20.5603 64.6689 2.4
      vertex 20.5603 64.6689 5.6
    endloop
  endfacet
  facet normal 0.881971 -0.471305 0
    outer loop
      vertex 20.5603 64.6689 2.4
      vertex 20.4647 64.49 5.6
      vertex 20.4647 64.49 2.4
    endloop
  endfacet
  facet normal 0.527915 0.849297 -0
    outer loop
      vertex 19.5023 68.6176 2.4
      vertex 19.33 68.7247 5.6
      vertex 19.5023 68.6176 5.6
    endloop
  endfacet
  facet normal 0.527915 0.849297 0
    outer loop
      vertex 19.33 68.7247 5.6
      vertex 19.5023 68.6176 2.4
      vertex 19.33 68.7247 2.4
    endloop
  endfacet
  facet normal -0.527915 -0.849297 0
    outer loop
      vertex 16.0577 63.4624 2.4
      vertex 16.23 63.3553 5.6
      vertex 16.0577 63.4624 5.6
    endloop
  endfacet
  facet normal -0.527915 -0.849297 -0
    outer loop
      vertex 16.23 63.3553 5.6
      vertex 16.0577 63.4624 2.4
      vertex 16.23 63.3553 2.4
    endloop
  endfacet
  facet normal 0.973932 -0.22684 0
    outer loop
      vertex 20.7744 65.2377 5.6
      vertex 20.8204 65.4352 2.4
      vertex 20.8204 65.4352 5.6
    endloop
  endfacet
  facet normal 0.973932 -0.22684 0
    outer loop
      vertex 20.8204 65.4352 2.4
      vertex 20.7744 65.2377 5.6
      vertex 20.7744 65.2377 2.4
    endloop
  endfacet
  facet normal 0.986606 -0.16312 0
    outer loop
      vertex 20.8204 65.4352 5.6
      vertex 20.8535 65.6354 2.4
      vertex 20.8535 65.6354 5.6
    endloop
  endfacet
  facet normal 0.986606 -0.16312 0
    outer loop
      vertex 20.8535 65.6354 2.4
      vertex 20.8204 65.4352 5.6
      vertex 20.8204 65.4352 2.4
    endloop
  endfacet
  facet normal -0.29024 -0.956954 0
    outer loop
      vertex 16.7835 63.1045 2.4
      vertex 16.9777 63.0456 5.6
      vertex 16.7835 63.1045 5.6
    endloop
  endfacet
  facet normal -0.29024 -0.956954 -0
    outer loop
      vertex 16.9777 63.0456 5.6
      vertex 16.7835 63.1045 2.4
      vertex 16.9777 63.0456 2.4
    endloop
  endfacet
  facet normal -0.634445 0.772968 0
    outer loop
      vertex 15.8928 68.4994 2.4
      vertex 15.736 68.3707 5.6
      vertex 15.8928 68.4994 5.6
    endloop
  endfacet
  facet normal -0.634445 0.772968 0
    outer loop
      vertex 15.736 68.3707 5.6
      vertex 15.8928 68.4994 2.4
      vertex 15.736 68.3707 2.4
    endloop
  endfacet
  facet normal -0.999471 0.0325272 0
    outer loop
      vertex 14.68 66.04 2.4
      vertex 14.6866 66.2428 5.6
      vertex 14.6866 66.2428 2.4
    endloop
  endfacet
  facet normal -0.999471 0.0325272 0
    outer loop
      vertex 14.6866 66.2428 5.6
      vertex 14.68 66.04 2.4
      vertex 14.68 66.04 5.6
    endloop
  endfacet
  facet normal -0.582589 -0.812767 0
    outer loop
      vertex 15.8928 63.5806 2.4
      vertex 16.0577 63.4624 5.6
      vertex 15.8928 63.5806 5.6
    endloop
  endfacet
  facet normal -0.582589 -0.812767 -0
    outer loop
      vertex 16.0577 63.4624 5.6
      vertex 15.8928 63.5806 2.4
      vertex 16.0577 63.4624 2.4
    endloop
  endfacet
  facet normal -0.412577 -0.910923 0
    outer loop
      vertex 16.4089 63.2597 2.4
      vertex 16.5937 63.176 5.6
      vertex 16.4089 63.2597 5.6
    endloop
  endfacet
  facet normal -0.412577 -0.910923 -0
    outer loop
      vertex 16.5937 63.176 5.6
      vertex 16.4089 63.2597 2.4
      vertex 16.5937 63.176 2.4
    endloop
  endfacet
  facet normal -0.849297 0.527915 0
    outer loop
      vertex 15.0953 67.59 2.4
      vertex 15.2024 67.7623 5.6
      vertex 15.2024 67.7623 2.4
    endloop
  endfacet
  facet normal -0.849297 0.527915 0
    outer loop
      vertex 15.2024 67.7623 5.6
      vertex 15.0953 67.59 2.4
      vertex 15.0953 67.59 5.6
    endloop
  endfacet
  facet normal -0.881971 0.471305 0
    outer loop
      vertex 14.9997 67.4111 2.4
      vertex 15.0953 67.59 5.6
      vertex 15.0953 67.59 2.4
    endloop
  endfacet
  facet normal -0.881971 0.471305 0
    outer loop
      vertex 15.0953 67.59 5.6
      vertex 14.9997 67.4111 2.4
      vertex 14.9997 67.4111 5.6
    endloop
  endfacet
  facet normal 0.986649 -0.162858 0
    outer loop
      vertex 16.6646 66.1868 4.78
      vertex 16.6766 66.2595 2.4
      vertex 16.6766 66.2595 4.78
    endloop
  endfacet
  facet normal 0.986649 -0.162858 0
    outer loop
      vertex 16.6766 66.2595 2.4
      vertex 16.6646 66.1868 4.78
      vertex 16.6646 66.1868 2.4
    endloop
  endfacet
  facet normal -0.995197 -0.0978883 0
    outer loop
      vertex 18.9026 66.1136 2.4
      vertex 18.8954 66.1868 4.78
      vertex 18.8954 66.1868 2.4
    endloop
  endfacet
  facet normal -0.995197 -0.0978883 0
    outer loop
      vertex 18.8954 66.1868 4.78
      vertex 18.9026 66.1136 2.4
      vertex 18.9026 66.1136 4.78
    endloop
  endfacet
  facet normal -0.999469 -0.0325914 0
    outer loop
      vertex 18.905 66.04 2.4
      vertex 18.9026 66.1136 4.78
      vertex 18.9026 66.1136 2.4
    endloop
  endfacet
  facet normal -0.999469 -0.0325914 0
    outer loop
      vertex 18.9026 66.1136 4.78
      vertex 18.905 66.04 2.4
      vertex 18.905 66.04 4.78
    endloop
  endfacet
  facet normal -0.986649 -0.162858 0
    outer loop
      vertex 18.8954 66.1868 2.4
      vertex 18.8834 66.2595 4.78
      vertex 18.8834 66.2595 2.4
    endloop
  endfacet
  facet normal -0.986649 -0.162858 0
    outer loop
      vertex 18.8834 66.2595 4.78
      vertex 18.8954 66.1868 2.4
      vertex 18.8954 66.1868 4.78
    endloop
  endfacet
  facet normal -0.986649 0.162858 0
    outer loop
      vertex 18.8834 65.8205 2.4
      vertex 18.8954 65.8932 4.78
      vertex 18.8954 65.8932 2.4
    endloop
  endfacet
  facet normal -0.986649 0.162858 0
    outer loop
      vertex 18.8954 65.8932 4.78
      vertex 18.8834 65.8205 2.4
      vertex 18.8834 65.8205 4.78
    endloop
  endfacet
  facet normal -0.0978883 0.995197 0
    outer loop
      vertex 17.9268 64.9246 2.4
      vertex 17.8536 64.9174 4.78
      vertex 17.9268 64.9246 4.78
    endloop
  endfacet
  facet normal -0.0978883 0.995197 0
    outer loop
      vertex 17.8536 64.9174 4.78
      vertex 17.9268 64.9246 2.4
      vertex 17.8536 64.9174 2.4
    endloop
  endfacet
  facet normal -0.528411 0.848989 0
    outer loop
      vertex 18.405 65.1046 2.4
      vertex 18.3425 65.0657 4.78
      vertex 18.405 65.1046 4.78
    endloop
  endfacet
  facet normal -0.528411 0.848989 0
    outer loop
      vertex 18.3425 65.0657 4.78
      vertex 18.405 65.1046 2.4
      vertex 18.3425 65.0657 2.4
    endloop
  endfacet
  facet normal -0.634421 0.772988 0
    outer loop
      vertex 18.5218 65.1942 2.4
      vertex 18.4649 65.1475 4.78
      vertex 18.5218 65.1942 4.78
    endloop
  endfacet
  facet normal -0.634421 0.772988 0
    outer loop
      vertex 18.4649 65.1475 4.78
      vertex 18.5218 65.1942 2.4
      vertex 18.4649 65.1475 2.4
    endloop
  endfacet
  facet normal -0.0978883 -0.995197 0
    outer loop
      vertex 17.8536 67.1626 2.4
      vertex 17.9268 67.1554 4.78
      vertex 17.8536 67.1626 4.78
    endloop
  endfacet
  facet normal -0.0978883 -0.995197 -0
    outer loop
      vertex 17.9268 67.1554 4.78
      vertex 17.8536 67.1626 2.4
      vertex 17.9268 67.1554 2.4
    endloop
  endfacet
  facet normal -0.93605 -0.351868 0
    outer loop
      vertex 18.8453 66.4016 2.4
      vertex 18.8194 66.4705 4.78
      vertex 18.8194 66.4705 2.4
    endloop
  endfacet
  facet normal -0.93605 -0.351868 0
    outer loop
      vertex 18.8194 66.4705 4.78
      vertex 18.8453 66.4016 2.4
      vertex 18.8453 66.4016 4.78
    endloop
  endfacet
  facet normal -0.973931 -0.226843 0
    outer loop
      vertex 18.8834 66.2595 2.4
      vertex 18.8667 66.3312 4.78
      vertex 18.8667 66.3312 2.4
    endloop
  endfacet
  facet normal -0.973931 -0.226843 0
    outer loop
      vertex 18.8667 66.3312 4.78
      vertex 18.8834 66.2595 2.4
      vertex 18.8834 66.2595 4.78
    endloop
  endfacet
  facet normal 0.995197 -0.0978883 0
    outer loop
      vertex 16.6574 66.1136 4.78
      vertex 16.6646 66.1868 2.4
      vertex 16.6646 66.1868 4.78
    endloop
  endfacet
  facet normal 0.995197 -0.0978883 0
    outer loop
      vertex 16.6646 66.1868 2.4
      vertex 16.6574 66.1136 4.78
      vertex 16.6574 66.1136 2.4
    endloop
  endfacet
  facet normal -0.528411 -0.848989 0
    outer loop
      vertex 18.3425 67.0143 2.4
      vertex 18.405 66.9754 4.78
      vertex 18.3425 67.0143 4.78
    endloop
  endfacet
  facet normal -0.528411 -0.848989 -0
    outer loop
      vertex 18.405 66.9754 4.78
      vertex 18.3425 67.0143 2.4
      vertex 18.405 66.9754 2.4
    endloop
  endfacet
  facet normal 0.412678 0.910877 -0
    outer loop
      vertex 17.3495 65.0006 2.4
      vertex 17.2824 65.031 4.78
      vertex 17.3495 65.0006 4.78
    endloop
  endfacet
  facet normal 0.412678 0.910877 0
    outer loop
      vertex 17.2824 65.031 4.78
      vertex 17.3495 65.0006 2.4
      vertex 17.2824 65.031 2.4
    endloop
  endfacet
  facet normal -0.0325914 0.999469 0
    outer loop
      vertex 17.8536 64.9174 2.4
      vertex 17.78 64.915 4.78
      vertex 17.8536 64.9174 4.78
    endloop
  endfacet
  facet normal -0.0325914 0.999469 0
    outer loop
      vertex 17.78 64.915 4.78
      vertex 17.8536 64.9174 2.4
      vertex 17.78 64.915 2.4
    endloop
  endfacet
  facet normal 0.683625 -0.729834 0
    outer loop
      vertex 16.9845 66.8355 2.4
      vertex 17.0382 66.8858 4.78
      vertex 16.9845 66.8355 4.78
    endloop
  endfacet
  facet normal 0.683625 -0.729834 0
    outer loop
      vertex 17.0382 66.8858 4.78
      vertex 16.9845 66.8355 2.4
      vertex 17.0382 66.8858 2.4
    endloop
  endfacet
  facet normal 0.0325914 0.999469 -0
    outer loop
      vertex 17.78 64.915 2.4
      vertex 17.7064 64.9174 4.78
      vertex 17.78 64.915 4.78
    endloop
  endfacet
  facet normal 0.0325914 0.999469 0
    outer loop
      vertex 17.7064 64.9174 4.78
      vertex 17.78 64.915 2.4
      vertex 17.7064 64.9174 2.4
    endloop
  endfacet
  facet normal 0.812999 0.582265 0
    outer loop
      vertex 16.8875 65.3551 4.78
      vertex 16.8446 65.415 2.4
      vertex 16.8446 65.415 4.78
    endloop
  endfacet
  facet normal 0.812999 0.582265 0
    outer loop
      vertex 16.8446 65.415 2.4
      vertex 16.8875 65.3551 4.78
      vertex 16.8875 65.3551 2.4
    endloop
  endfacet
  facet normal -0.226843 0.973931 0
    outer loop
      vertex 18.0712 64.9533 2.4
      vertex 17.9995 64.9366 4.78
      vertex 18.0712 64.9533 4.78
    endloop
  endfacet
  facet normal -0.226843 0.973931 0
    outer loop
      vertex 17.9995 64.9366 4.78
      vertex 18.0712 64.9533 2.4
      vertex 17.9995 64.9366 2.4
    endloop
  endfacet
  facet normal -0.290837 0.956773 0
    outer loop
      vertex 18.1416 64.9747 2.4
      vertex 18.0712 64.9533 4.78
      vertex 18.1416 64.9747 4.78
    endloop
  endfacet
  facet normal -0.290837 0.956773 0
    outer loop
      vertex 18.0712 64.9533 4.78
      vertex 18.1416 64.9747 2.4
      vertex 18.0712 64.9533 2.4
    endloop
  endfacet
  facet normal 0.999469 0.0325914 0
    outer loop
      vertex 16.6574 65.9664 4.78
      vertex 16.655 66.04 2.4
      vertex 16.655 66.04 4.78
    endloop
  endfacet
  facet normal 0.999469 0.0325914 0
    outer loop
      vertex 16.655 66.04 2.4
      vertex 16.6574 65.9664 4.78
      vertex 16.6574 65.9664 2.4
    endloop
  endfacet
  facet normal 0.93605 0.351868 0
    outer loop
      vertex 16.7406 65.6095 4.78
      vertex 16.7147 65.6784 2.4
      vertex 16.7147 65.6784 4.78
    endloop
  endfacet
  facet normal 0.93605 0.351868 0
    outer loop
      vertex 16.7147 65.6784 2.4
      vertex 16.7406 65.6095 4.78
      vertex 16.7406 65.6095 2.4
    endloop
  endfacet
  facet normal -0.848989 -0.528411 0
    outer loop
      vertex 18.7543 66.6025 2.4
      vertex 18.7154 66.665 4.78
      vertex 18.7154 66.665 2.4
    endloop
  endfacet
  facet normal -0.848989 -0.528411 0
    outer loop
      vertex 18.7154 66.665 4.78
      vertex 18.7543 66.6025 2.4
      vertex 18.7543 66.6025 4.78
    endloop
  endfacet
  facet normal 0.956773 0.290837 0
    outer loop
      vertex 16.7147 65.6784 4.78
      vertex 16.6933 65.7488 2.4
      vertex 16.6933 65.7488 4.78
    endloop
  endfacet
  facet normal 0.956773 0.290837 0
    outer loop
      vertex 16.6933 65.7488 2.4
      vertex 16.7147 65.6784 4.78
      vertex 16.7147 65.6784 2.4
    endloop
  endfacet
  facet normal -0.162858 -0.986649 0
    outer loop
      vertex 17.9268 67.1554 2.4
      vertex 17.9995 67.1434 4.78
      vertex 17.9268 67.1554 4.78
    endloop
  endfacet
  facet normal -0.162858 -0.986649 -0
    outer loop
      vertex 17.9995 67.1434 4.78
      vertex 17.9268 67.1554 2.4
      vertex 17.9995 67.1434 2.4
    endloop
  endfacet
  facet normal -0.93605 0.351868 0
    outer loop
      vertex 18.8194 65.6095 2.4
      vertex 18.8453 65.6784 4.78
      vertex 18.8453 65.6784 2.4
    endloop
  endfacet
  facet normal -0.93605 0.351868 0
    outer loop
      vertex 18.8453 65.6784 4.78
      vertex 18.8194 65.6095 2.4
      vertex 18.8194 65.6095 4.78
    endloop
  endfacet
  facet normal 0.986649 0.162858 0
    outer loop
      vertex 16.6766 65.8205 4.78
      vertex 16.6646 65.8932 2.4
      vertex 16.6646 65.8932 4.78
    endloop
  endfacet
  facet normal 0.986649 0.162858 0
    outer loop
      vertex 16.6646 65.8932 2.4
      vertex 16.6766 65.8205 4.78
      vertex 16.6766 65.8205 2.4
    endloop
  endfacet
  facet normal -0.683625 -0.729834 0
    outer loop
      vertex 18.5218 66.8858 2.4
      vertex 18.5755 66.8355 4.78
      vertex 18.5218 66.8858 4.78
    endloop
  endfacet
  facet normal -0.683625 -0.729834 -0
    outer loop
      vertex 18.5755 66.8355 4.78
      vertex 18.5218 66.8858 2.4
      vertex 18.5755 66.8355 2.4
    endloop
  endfacet
  facet normal 0.848989 -0.528411 0
    outer loop
      vertex 16.8057 66.6025 4.78
      vertex 16.8446 66.665 2.4
      vertex 16.8446 66.665 4.78
    endloop
  endfacet
  facet normal 0.848989 -0.528411 0
    outer loop
      vertex 16.8446 66.665 2.4
      vertex 16.8057 66.6025 4.78
      vertex 16.8057 66.6025 2.4
    endloop
  endfacet
  facet normal -0.910877 -0.412678 0
    outer loop
      vertex 18.8194 66.4705 2.4
      vertex 18.789 66.5376 4.78
      vertex 18.789 66.5376 2.4
    endloop
  endfacet
  facet normal -0.910877 -0.412678 0
    outer loop
      vertex 18.789 66.5376 4.78
      vertex 18.8194 66.4705 2.4
      vertex 18.8194 66.4705 4.78
    endloop
  endfacet
  facet normal 0.973931 0.226843 0
    outer loop
      vertex 16.6933 65.7488 4.78
      vertex 16.6766 65.8205 2.4
      vertex 16.6766 65.8205 4.78
    endloop
  endfacet
  facet normal 0.973931 0.226843 0
    outer loop
      vertex 16.6766 65.8205 2.4
      vertex 16.6933 65.7488 4.78
      vertex 16.6933 65.7488 2.4
    endloop
  endfacet
  facet normal 0.812999 -0.582265 0
    outer loop
      vertex 16.8446 66.665 4.78
      vertex 16.8875 66.7249 2.4
      vertex 16.8875 66.7249 4.78
    endloop
  endfacet
  facet normal 0.812999 -0.582265 0
    outer loop
      vertex 16.8875 66.7249 2.4
      vertex 16.8446 66.665 4.78
      vertex 16.8446 66.665 2.4
    endloop
  endfacet
  facet normal -0.351868 0.93605 0
    outer loop
      vertex 18.2105 65.0006 2.4
      vertex 18.1416 64.9747 4.78
      vertex 18.2105 65.0006 4.78
    endloop
  endfacet
  facet normal -0.351868 0.93605 0
    outer loop
      vertex 18.1416 64.9747 4.78
      vertex 18.2105 65.0006 2.4
      vertex 18.1416 64.9747 2.4
    endloop
  endfacet
  facet normal 0.582265 -0.812999 0
    outer loop
      vertex 17.0951 66.9325 2.4
      vertex 17.155 66.9754 4.78
      vertex 17.0951 66.9325 4.78
    endloop
  endfacet
  facet normal 0.582265 -0.812999 0
    outer loop
      vertex 17.155 66.9754 4.78
      vertex 17.0951 66.9325 2.4
      vertex 17.155 66.9754 2.4
    endloop
  endfacet
  facet normal 0.910877 -0.412678 0
    outer loop
      vertex 16.7406 66.4705 4.78
      vertex 16.771 66.5376 2.4
      vertex 16.771 66.5376 4.78
    endloop
  endfacet
  facet normal 0.910877 -0.412678 0
    outer loop
      vertex 16.771 66.5376 2.4
      vertex 16.7406 66.4705 4.78
      vertex 16.7406 66.4705 2.4
    endloop
  endfacet
  facet normal -0.995197 0.0978883 0
    outer loop
      vertex 18.8954 65.8932 2.4
      vertex 18.9026 65.9664 4.78
      vertex 18.9026 65.9664 2.4
    endloop
  endfacet
  facet normal -0.995197 0.0978883 0
    outer loop
      vertex 18.9026 65.9664 4.78
      vertex 18.8954 65.8932 2.4
      vertex 18.8954 65.8932 4.78
    endloop
  endfacet
  facet normal -0.582265 -0.812999 0
    outer loop
      vertex 18.405 66.9754 2.4
      vertex 18.4649 66.9325 4.78
      vertex 18.405 66.9754 4.78
    endloop
  endfacet
  facet normal -0.582265 -0.812999 -0
    outer loop
      vertex 18.4649 66.9325 4.78
      vertex 18.405 66.9754 2.4
      vertex 18.4649 66.9325 2.4
    endloop
  endfacet
  facet normal 0.999469 -0.0325914 0
    outer loop
      vertex 16.655 66.04 4.78
      vertex 16.6574 66.1136 2.4
      vertex 16.6574 66.1136 4.78
    endloop
  endfacet
  facet normal 0.999469 -0.0325914 0
    outer loop
      vertex 16.6574 66.1136 2.4
      vertex 16.655 66.04 4.78
      vertex 16.655 66.04 2.4
    endloop
  endfacet
  facet normal 0.528411 -0.848989 0
    outer loop
      vertex 17.155 66.9754 2.4
      vertex 17.2175 67.0143 4.78
      vertex 17.155 66.9754 4.78
    endloop
  endfacet
  facet normal 0.528411 -0.848989 0
    outer loop
      vertex 17.2175 67.0143 4.78
      vertex 17.155 66.9754 2.4
      vertex 17.2175 67.0143 2.4
    endloop
  endfacet
  facet normal -0.881863 -0.471505 0
    outer loop
      vertex 18.789 66.5376 2.4
      vertex 18.7543 66.6025 4.78
      vertex 18.7543 66.6025 2.4
    endloop
  endfacet
  facet normal -0.881863 -0.471505 0
    outer loop
      vertex 18.7543 66.6025 4.78
      vertex 18.789 66.5376 2.4
      vertex 18.789 66.5376 4.78
    endloop
  endfacet
  facet normal 0.162858 -0.986649 0
    outer loop
      vertex 17.5605 67.1434 2.4
      vertex 17.6332 67.1554 4.78
      vertex 17.5605 67.1434 4.78
    endloop
  endfacet
  facet normal 0.162858 -0.986649 0
    outer loop
      vertex 17.6332 67.1554 4.78
      vertex 17.5605 67.1434 2.4
      vertex 17.6332 67.1554 2.4
    endloop
  endfacet
  facet normal 0 0 -1
    outer loop
      vertex 19.3766 65.9354 5.58
      vertex 19.3766 66.1446 5.58
      vertex 19.38 66.04 5.58
    endloop
  endfacet
  facet normal 0 0 -1
    outer loop
      vertex 19.3663 65.8312 5.58
      vertex 19.3766 66.1446 5.58
      vertex 19.3766 65.9354 5.58
    endloop
  endfacet
  facet normal 0 0 -1
    outer loop
      vertex 19.3663 65.8312 5.58
      vertex 19.3663 66.2488 5.58
      vertex 19.3766 66.1446 5.58
    endloop
  endfacet
  facet normal 0 0 -1
    outer loop
      vertex 19.3493 65.7279 5.58
      vertex 19.3663 66.2488 5.58
      vertex 19.3663 65.8312 5.58
    endloop
  endfacet
  facet normal 0 0 -1
    outer loop
      vertex 19.3493 65.7279 5.58
      vertex 19.3493 66.3521 5.58
      vertex 19.3663 66.2488 5.58
    endloop
  endfacet
  facet normal 0 0 -1
    outer loop
      vertex 19.3255 65.6259 5.58
      vertex 19.3493 66.3521 5.58
      vertex 19.3493 65.7279 5.58
    endloop
  endfacet
  facet normal 0 0 -1
    outer loop
      vertex 19.3255 65.6259 5.58
      vertex 19.3255 66.4541 5.58
      vertex 19.3493 66.3521 5.58
    endloop
  endfacet
  facet normal 0 0 -1
    outer loop
      vertex 19.2951 65.5257 5.58
      vertex 19.3255 66.4541 5.58
      vertex 19.3255 65.6259 5.58
    endloop
  endfacet
  facet normal 0 0 -1
    outer loop
      vertex 19.2951 65.5257 5.58
      vertex 19.2951 66.5543 5.58
      vertex 19.3255 66.4541 5.58
    endloop
  endfacet
  facet normal 0 0 -1
    outer loop
      vertex 19.2582 65.4277 5.58
      vertex 19.2951 66.5543 5.58
      vertex 19.2951 65.5257 5.58
    endloop
  endfacet
  facet normal 0 0 -1
    outer loop
      vertex 19.2582 65.4277 5.58
      vertex 19.2582 66.6523 5.58
      vertex 19.2951 66.5543 5.58
    endloop
  endfacet
  facet normal 0 0 -1
    outer loop
      vertex 19.215 65.3323 5.58
      vertex 19.2582 66.6523 5.58
      vertex 19.2582 65.4277 5.58
    endloop
  endfacet
  facet normal 0 0 -1
    outer loop
      vertex 19.215 65.3323 5.58
      vertex 19.215 66.7477 5.58
      vertex 19.2582 66.6523 5.58
    endloop
  endfacet
  facet normal 0 0 -1
    outer loop
      vertex 19.1656 65.24 5.58
      vertex 19.215 66.7477 5.58
      vertex 19.215 65.3323 5.58
    endloop
  endfacet
  facet normal 0 0 -1
    outer loop
      vertex 19.1656 65.24 5.58
      vertex 19.1656 66.84 5.58
      vertex 19.215 66.7477 5.58
    endloop
  endfacet
  facet normal 0 0 -1
    outer loop
      vertex 19.1104 65.1511 5.58
      vertex 19.1656 66.84 5.58
      vertex 19.1656 65.24 5.58
    endloop
  endfacet
  facet normal 0 0 -1
    outer loop
      vertex 19.1104 65.1511 5.58
      vertex 19.1104 66.9289 5.58
      vertex 19.1656 66.84 5.58
    endloop
  endfacet
  facet normal 0 0 -1
    outer loop
      vertex 19.0494 65.066 5.58
      vertex 19.1104 66.9289 5.58
      vertex 19.1104 65.1511 5.58
    endloop
  endfacet
  facet normal 0 0 -1
    outer loop
      vertex 19.0494 65.066 5.58
      vertex 19.0494 67.014 5.58
      vertex 19.1104 66.9289 5.58
    endloop
  endfacet
  facet normal 0 0 -1
    outer loop
      vertex 18.9829 64.985 5.58
      vertex 19.0494 67.014 5.58
      vertex 19.0494 65.066 5.58
    endloop
  endfacet
  facet normal 0 0 -1
    outer loop
      vertex 18.9829 64.985 5.58
      vertex 18.9829 67.095 5.58
      vertex 19.0494 67.014 5.58
    endloop
  endfacet
  facet normal 0 0 -1
    outer loop
      vertex 18.9114 64.9086 5.58
      vertex 18.9829 67.095 5.58
      vertex 18.9829 64.985 5.58
    endloop
  endfacet
  facet normal 0 0 -1
    outer loop
      vertex 18.9114 64.9086 5.58
      vertex 18.9114 67.1714 5.58
      vertex 18.9829 67.095 5.58
    endloop
  endfacet
  facet normal 0 0 -1
    outer loop
      vertex 18.835 64.8371 5.58
      vertex 18.9114 67.1714 5.58
      vertex 18.9114 64.9086 5.58
    endloop
  endfacet
  facet normal 0 0 -1
    outer loop
      vertex 18.835 64.8371 5.58
      vertex 18.835 67.2429 5.58
      vertex 18.9114 67.1714 5.58
    endloop
  endfacet
  facet normal 0 0 -1
    outer loop
      vertex 18.754 64.7706 5.58
      vertex 18.835 67.2429 5.58
      vertex 18.835 64.8371 5.58
    endloop
  endfacet
  facet normal 0 0 -1
    outer loop
      vertex 18.754 64.7706 5.58
      vertex 18.754 67.3094 5.58
      vertex 18.835 67.2429 5.58
    endloop
  endfacet
  facet normal 0 0 -1
    outer loop
      vertex 18.6689 64.7096 5.58
      vertex 18.754 67.3094 5.58
      vertex 18.754 64.7706 5.58
    endloop
  endfacet
  facet normal 0 0 -1
    outer loop
      vertex 18.6689 64.7096 5.58
      vertex 18.6689 67.3704 5.58
      vertex 18.754 67.3094 5.58
    endloop
  endfacet
  facet normal 0 0 -1
    outer loop
      vertex 18.58 64.6544 5.58
      vertex 18.6689 67.3704 5.58
      vertex 18.6689 64.7096 5.58
    endloop
  endfacet
  facet normal 0 0 -1
    outer loop
      vertex 18.58 64.6544 5.58
      vertex 18.58 67.4256 5.58
      vertex 18.6689 67.3704 5.58
    endloop
  endfacet
  facet normal 0 0 -1
    outer loop
      vertex 18.4877 64.605 5.58
      vertex 18.58 67.4256 5.58
      vertex 18.58 64.6544 5.58
    endloop
  endfacet
  facet normal 0 0 -1
    outer loop
      vertex 18.4877 64.605 5.58
      vertex 18.4877 67.475 5.58
      vertex 18.58 67.4256 5.58
    endloop
  endfacet
  facet normal 0 0 -1
    outer loop
      vertex 18.3923 64.5618 5.58
      vertex 18.4877 67.475 5.58
      vertex 18.4877 64.605 5.58
    endloop
  endfacet
  facet normal 0 0 -1
    outer loop
      vertex 18.3923 64.5618 5.58
      vertex 18.3923 67.5182 5.58
      vertex 18.4877 67.475 5.58
    endloop
  endfacet
  facet normal 0 0 -1
    outer loop
      vertex 18.2943 64.5249 5.58
      vertex 18.3923 67.5182 5.58
      vertex 18.3923 64.5618 5.58
    endloop
  endfacet
  facet normal 0 0 -1
    outer loop
      vertex 18.2943 64.5249 5.58
      vertex 18.2943 67.5551 5.58
      vertex 18.3923 67.5182 5.58
    endloop
  endfacet
  facet normal 0 0 -1
    outer loop
      vertex 18.1941 64.4945 5.58
      vertex 18.2943 67.5551 5.58
      vertex 18.2943 64.5249 5.58
    endloop
  endfacet
  facet normal 0 0 -1
    outer loop
      vertex 18.1941 64.4945 5.58
      vertex 18.1941 67.5855 5.58
      vertex 18.2943 67.5551 5.58
    endloop
  endfacet
  facet normal 0 0 -1
    outer loop
      vertex 18.0921 64.4707 5.58
      vertex 18.1941 67.5855 5.58
      vertex 18.1941 64.4945 5.58
    endloop
  endfacet
  facet normal 0 0 -1
    outer loop
      vertex 18.0921 64.4707 5.58
      vertex 18.0921 67.6093 5.58
      vertex 18.1941 67.5855 5.58
    endloop
  endfacet
  facet normal 0 0 -1
    outer loop
      vertex 17.9888 64.4537 5.58
      vertex 18.0921 67.6093 5.58
      vertex 18.0921 64.4707 5.58
    endloop
  endfacet
  facet normal 0 0 -1
    outer loop
      vertex 17.9888 64.4537 5.58
      vertex 17.9888 67.6263 5.58
      vertex 18.0921 67.6093 5.58
    endloop
  endfacet
  facet normal 0 0 -1
    outer loop
      vertex 17.8846 64.4434 5.58
      vertex 17.9888 67.6263 5.58
      vertex 17.9888 64.4537 5.58
    endloop
  endfacet
  facet normal 0 0 -1
    outer loop
      vertex 17.8846 64.4434 5.58
      vertex 17.8846 67.6366 5.58
      vertex 17.9888 67.6263 5.58
    endloop
  endfacet
  facet normal 0 0 -1
    outer loop
      vertex 17.78 64.44 5.58
      vertex 17.8846 67.6366 5.58
      vertex 17.8846 64.4434 5.58
    endloop
  endfacet
  facet normal 0 0 -1
    outer loop
      vertex 17.78 64.44 5.58
      vertex 17.78 67.64 5.58
      vertex 17.8846 67.6366 5.58
    endloop
  endfacet
  facet normal 0 0 -1
    outer loop
      vertex 17.6754 64.4434 5.58
      vertex 17.78 67.64 5.58
      vertex 17.78 64.44 5.58
    endloop
  endfacet
  facet normal 0 0 -1
    outer loop
      vertex 17.6754 64.4434 5.58
      vertex 17.6754 67.6366 5.58
      vertex 17.78 67.64 5.58
    endloop
  endfacet
  facet normal 0 0 -1
    outer loop
      vertex 17.5712 64.4537 5.58
      vertex 17.6754 67.6366 5.58
      vertex 17.6754 64.4434 5.58
    endloop
  endfacet
  facet normal 0 0 -1
    outer loop
      vertex 17.5712 64.4537 5.58
      vertex 17.5712 67.6263 5.58
      vertex 17.6754 67.6366 5.58
    endloop
  endfacet
  facet normal 0 0 -1
    outer loop
      vertex 17.4679 64.4707 5.58
      vertex 17.5712 67.6263 5.58
      vertex 17.5712 64.4537 5.58
    endloop
  endfacet
  facet normal 0 0 -1
    outer loop
      vertex 17.4679 64.4707 5.58
      vertex 17.4679 67.6093 5.58
      vertex 17.5712 67.6263 5.58
    endloop
  endfacet
  facet normal 0 0 -1
    outer loop
      vertex 17.3659 64.4945 5.58
      vertex 17.4679 67.6093 5.58
      vertex 17.4679 64.4707 5.58
    endloop
  endfacet
  facet normal 0 0 -1
    outer loop
      vertex 17.3659 64.4945 5.58
      vertex 17.3659 67.5855 5.58
      vertex 17.4679 67.6093 5.58
    endloop
  endfacet
  facet normal 0 0 -1
    outer loop
      vertex 17.2657 64.5249 5.58
      vertex 17.3659 67.5855 5.58
      vertex 17.3659 64.4945 5.58
    endloop
  endfacet
  facet normal 0 0 -1
    outer loop
      vertex 17.2657 64.5249 5.58
      vertex 17.2657 67.5551 5.58
      vertex 17.3659 67.5855 5.58
    endloop
  endfacet
  facet normal 0 0 -1
    outer loop
      vertex 17.1677 64.5618 5.58
      vertex 17.2657 67.5551 5.58
      vertex 17.2657 64.5249 5.58
    endloop
  endfacet
  facet normal 0 0 -1
    outer loop
      vertex 17.1677 64.5618 5.58
      vertex 17.1677 67.5182 5.58
      vertex 17.2657 67.5551 5.58
    endloop
  endfacet
  facet normal 0 0 -1
    outer loop
      vertex 17.0723 64.605 5.58
      vertex 17.1677 67.5182 5.58
      vertex 17.1677 64.5618 5.58
    endloop
  endfacet
  facet normal 0 0 -1
    outer loop
      vertex 17.0723 64.605 5.58
      vertex 17.0723 67.475 5.58
      vertex 17.1677 67.5182 5.58
    endloop
  endfacet
  facet normal 0 0 -1
    outer loop
      vertex 16.98 64.6544 5.58
      vertex 17.0723 67.475 5.58
      vertex 17.0723 64.605 5.58
    endloop
  endfacet
  facet normal 0 0 -1
    outer loop
      vertex 16.98 64.6544 5.58
      vertex 16.98 67.4256 5.58
      vertex 17.0723 67.475 5.58
    endloop
  endfacet
  facet normal 0 0 -1
    outer loop
      vertex 16.8911 64.7096 5.58
      vertex 16.98 67.4256 5.58
      vertex 16.98 64.6544 5.58
    endloop
  endfacet
  facet normal 0 0 -1
    outer loop
      vertex 16.8911 64.7096 5.58
      vertex 16.8911 67.3704 5.58
      vertex 16.98 67.4256 5.58
    endloop
  endfacet
  facet normal 0 0 -1
    outer loop
      vertex 16.806 64.7706 5.58
      vertex 16.8911 67.3704 5.58
      vertex 16.8911 64.7096 5.58
    endloop
  endfacet
  facet normal 0 0 -1
    outer loop
      vertex 16.806 64.7706 5.58
      vertex 16.806 67.3094 5.58
      vertex 16.8911 67.3704 5.58
    endloop
  endfacet
  facet normal 0 0 -1
    outer loop
      vertex 16.725 64.8371 5.58
      vertex 16.806 67.3094 5.58
      vertex 16.806 64.7706 5.58
    endloop
  endfacet
  facet normal 0 0 -1
    outer loop
      vertex 16.725 64.8371 5.58
      vertex 16.725 67.2429 5.58
      vertex 16.806 67.3094 5.58
    endloop
  endfacet
  facet normal 0 0 -1
    outer loop
      vertex 16.6486 64.9086 5.58
      vertex 16.725 67.2429 5.58
      vertex 16.725 64.8371 5.58
    endloop
  endfacet
  facet normal 0 0 -1
    outer loop
      vertex 16.6486 64.9086 5.58
      vertex 16.6486 67.1714 5.58
      vertex 16.725 67.2429 5.58
    endloop
  endfacet
  facet normal 0 0 -1
    outer loop
      vertex 16.5771 64.985 5.58
      vertex 16.6486 67.1714 5.58
      vertex 16.6486 64.9086 5.58
    endloop
  endfacet
  facet normal 0 0 -1
    outer loop
      vertex 16.5771 64.985 5.58
      vertex 16.5771 67.095 5.58
      vertex 16.6486 67.1714 5.58
    endloop
  endfacet
  facet normal 0 0 -1
    outer loop
      vertex 16.5106 65.066 5.58
      vertex 16.5771 67.095 5.58
      vertex 16.5771 64.985 5.58
    endloop
  endfacet
  facet normal 0 0 -1
    outer loop
      vertex 16.5106 65.066 5.58
      vertex 16.5106 67.014 5.58
      vertex 16.5771 67.095 5.58
    endloop
  endfacet
  facet normal 0 0 -1
    outer loop
      vertex 16.4496 65.1511 5.58
      vertex 16.5106 67.014 5.58
      vertex 16.5106 65.066 5.58
    endloop
  endfacet
  facet normal 0 0 -1
    outer loop
      vertex 16.4496 65.1511 5.58
      vertex 16.4496 66.9289 5.58
      vertex 16.5106 67.014 5.58
    endloop
  endfacet
  facet normal 0 0 -1
    outer loop
      vertex 16.3944 65.24 5.58
      vertex 16.4496 66.9289 5.58
      vertex 16.4496 65.1511 5.58
    endloop
  endfacet
  facet normal 0 0 -1
    outer loop
      vertex 16.3944 65.24 5.58
      vertex 16.3944 66.84 5.58
      vertex 16.4496 66.9289 5.58
    endloop
  endfacet
  facet normal 0 0 -1
    outer loop
      vertex 16.345 65.3323 5.58
      vertex 16.3944 66.84 5.58
      vertex 16.3944 65.24 5.58
    endloop
  endfacet
  facet normal 0 0 -1
    outer loop
      vertex 16.345 65.3323 5.58
      vertex 16.345 66.7477 5.58
      vertex 16.3944 66.84 5.58
    endloop
  endfacet
  facet normal 0 0 -1
    outer loop
      vertex 16.3018 65.4277 5.58
      vertex 16.345 66.7477 5.58
      vertex 16.345 65.3323 5.58
    endloop
  endfacet
  facet normal 0 0 -1
    outer loop
      vertex 16.3018 65.4277 5.58
      vertex 16.3018 66.6523 5.58
      vertex 16.345 66.7477 5.58
    endloop
  endfacet
  facet normal 0 0 -1
    outer loop
      vertex 16.2649 65.5257 5.58
      vertex 16.3018 66.6523 5.58
      vertex 16.3018 65.4277 5.58
    endloop
  endfacet
  facet normal 0 0 -1
    outer loop
      vertex 16.2649 65.5257 5.58
      vertex 16.2649 66.5543 5.58
      vertex 16.3018 66.6523 5.58
    endloop
  endfacet
  facet normal 0 0 -1
    outer loop
      vertex 16.2345 65.6259 5.58
      vertex 16.2649 66.5543 5.58
      vertex 16.2649 65.5257 5.58
    endloop
  endfacet
  facet normal 0 0 -1
    outer loop
      vertex 16.2345 65.6259 5.58
      vertex 16.2345 66.4541 5.58
      vertex 16.2649 66.5543 5.58
    endloop
  endfacet
  facet normal 0 0 -1
    outer loop
      vertex 16.2107 65.7279 5.58
      vertex 16.2345 66.4541 5.58
      vertex 16.2345 65.6259 5.58
    endloop
  endfacet
  facet normal 0 0 -1
    outer loop
      vertex 16.2107 65.7279 5.58
      vertex 16.2107 66.3521 5.58
      vertex 16.2345 66.4541 5.58
    endloop
  endfacet
  facet normal 0 0 -1
    outer loop
      vertex 16.1937 65.8312 5.58
      vertex 16.2107 66.3521 5.58
      vertex 16.2107 65.7279 5.58
    endloop
  endfacet
  facet normal 0 0 -1
    outer loop
      vertex 16.1937 65.8312 5.58
      vertex 16.1937 66.2488 5.58
      vertex 16.2107 66.3521 5.58
    endloop
  endfacet
  facet normal 0 0 -1
    outer loop
      vertex 16.1834 65.9354 5.58
      vertex 16.1937 66.2488 5.58
      vertex 16.1937 65.8312 5.58
    endloop
  endfacet
  facet normal 0 0 -1
    outer loop
      vertex 16.1834 65.9354 5.58
      vertex 16.1834 66.1446 5.58
      vertex 16.1937 66.2488 5.58
    endloop
  endfacet
  facet normal 0 -0 -1
    outer loop
      vertex 16.1834 66.1446 5.58
      vertex 16.1834 65.9354 5.58
      vertex 16.18 66.04 5.58
    endloop
  endfacet
  facet normal -0.471505 0.881863 0
    outer loop
      vertex 18.3425 65.0657 2.4
      vertex 18.2776 65.031 4.78
      vertex 18.3425 65.0657 4.78
    endloop
  endfacet
  facet normal -0.471505 0.881863 0
    outer loop
      vertex 18.2776 65.031 4.78
      vertex 18.3425 65.0657 2.4
      vertex 18.2776 65.031 2.4
    endloop
  endfacet
  facet normal -0.729834 -0.683625 0
    outer loop
      vertex 18.6258 66.7818 2.4
      vertex 18.5755 66.8355 4.78
      vertex 18.5755 66.8355 2.4
    endloop
  endfacet
  facet normal -0.729834 -0.683625 0
    outer loop
      vertex 18.5755 66.8355 4.78
      vertex 18.6258 66.7818 2.4
      vertex 18.6258 66.7818 4.78
    endloop
  endfacet
  facet normal 0.582265 0.812999 -0
    outer loop
      vertex 17.155 65.1046 2.4
      vertex 17.0951 65.1475 4.78
      vertex 17.155 65.1046 4.78
    endloop
  endfacet
  facet normal 0.582265 0.812999 0
    outer loop
      vertex 17.0951 65.1475 4.78
      vertex 17.155 65.1046 2.4
      vertex 17.0951 65.1475 2.4
    endloop
  endfacet
  facet normal 0.290837 -0.956773 0
    outer loop
      vertex 17.4184 67.1053 2.4
      vertex 17.4888 67.1267 4.78
      vertex 17.4184 67.1053 4.78
    endloop
  endfacet
  facet normal 0.290837 -0.956773 0
    outer loop
      vertex 17.4888 67.1267 4.78
      vertex 17.4184 67.1053 2.4
      vertex 17.4888 67.1267 2.4
    endloop
  endfacet
  facet normal -0.812999 0.582265 0
    outer loop
      vertex 18.6725 65.3551 2.4
      vertex 18.7154 65.415 4.78
      vertex 18.7154 65.415 2.4
    endloop
  endfacet
  facet normal -0.812999 0.582265 0
    outer loop
      vertex 18.7154 65.415 4.78
      vertex 18.6725 65.3551 2.4
      vertex 18.6725 65.3551 4.78
    endloop
  endfacet
  facet normal -0.956773 -0.290837 0
    outer loop
      vertex 18.8667 66.3312 2.4
      vertex 18.8453 66.4016 4.78
      vertex 18.8453 66.4016 2.4
    endloop
  endfacet
  facet normal -0.956773 -0.290837 0
    outer loop
      vertex 18.8453 66.4016 4.78
      vertex 18.8667 66.3312 2.4
      vertex 18.8667 66.3312 4.78
    endloop
  endfacet
  facet normal 0.881863 0.471505 0
    outer loop
      vertex 16.8057 65.4775 4.78
      vertex 16.771 65.5424 2.4
      vertex 16.771 65.5424 4.78
    endloop
  endfacet
  facet normal 0.881863 0.471505 0
    outer loop
      vertex 16.771 65.5424 2.4
      vertex 16.8057 65.4775 4.78
      vertex 16.8057 65.4775 2.4
    endloop
  endfacet
  facet normal -0.999469 0.0325914 0
    outer loop
      vertex 18.9026 65.9664 2.4
      vertex 18.905 66.04 4.78
      vertex 18.905 66.04 2.4
    endloop
  endfacet
  facet normal -0.999469 0.0325914 0
    outer loop
      vertex 18.905 66.04 4.78
      vertex 18.9026 65.9664 2.4
      vertex 18.9026 65.9664 4.78
    endloop
  endfacet
  facet normal 0.995197 0.0978883 0
    outer loop
      vertex 16.6646 65.8932 4.78
      vertex 16.6574 65.9664 2.4
      vertex 16.6574 65.9664 4.78
    endloop
  endfacet
  facet normal 0.995197 0.0978883 0
    outer loop
      vertex 16.6574 65.9664 2.4
      vertex 16.6646 65.8932 4.78
      vertex 16.6646 65.8932 2.4
    endloop
  endfacet
  facet normal -0.683625 0.729834 0
    outer loop
      vertex 18.5755 65.2445 2.4
      vertex 18.5218 65.1942 4.78
      vertex 18.5755 65.2445 4.78
    endloop
  endfacet
  facet normal -0.683625 0.729834 0
    outer loop
      vertex 18.5218 65.1942 4.78
      vertex 18.5755 65.2445 2.4
      vertex 18.5218 65.1942 2.4
    endloop
  endfacet
  facet normal 0.772988 -0.634421 0
    outer loop
      vertex 16.8875 66.7249 4.78
      vertex 16.9342 66.7818 2.4
      vertex 16.9342 66.7818 4.78
    endloop
  endfacet
  facet normal 0.772988 -0.634421 0
    outer loop
      vertex 16.9342 66.7818 2.4
      vertex 16.8875 66.7249 4.78
      vertex 16.8875 66.7249 2.4
    endloop
  endfacet
  facet normal -0.848989 0.528411 0
    outer loop
      vertex 18.7154 65.415 2.4
      vertex 18.7543 65.4775 4.78
      vertex 18.7543 65.4775 2.4
    endloop
  endfacet
  facet normal -0.848989 0.528411 0
    outer loop
      vertex 18.7543 65.4775 4.78
      vertex 18.7154 65.415 2.4
      vertex 18.7154 65.415 4.78
    endloop
  endfacet
  facet normal 0.848989 0.528411 0
    outer loop
      vertex 16.8446 65.415 4.78
      vertex 16.8057 65.4775 2.4
      vertex 16.8057 65.4775 4.78
    endloop
  endfacet
  facet normal 0.848989 0.528411 0
    outer loop
      vertex 16.8057 65.4775 2.4
      vertex 16.8446 65.415 4.78
      vertex 16.8446 65.415 2.4
    endloop
  endfacet
  facet normal 0.351868 -0.93605 0
    outer loop
      vertex 17.3495 67.0794 2.4
      vertex 17.4184 67.1053 4.78
      vertex 17.3495 67.0794 4.78
    endloop
  endfacet
  facet normal 0.351868 -0.93605 0
    outer loop
      vertex 17.4184 67.1053 4.78
      vertex 17.3495 67.0794 2.4
      vertex 17.4184 67.1053 2.4
    endloop
  endfacet
  facet normal -0.634421 -0.772988 0
    outer loop
      vertex 18.4649 66.9325 2.4
      vertex 18.5218 66.8858 4.78
      vertex 18.4649 66.9325 4.78
    endloop
  endfacet
  facet normal -0.634421 -0.772988 -0
    outer loop
      vertex 18.5218 66.8858 4.78
      vertex 18.4649 66.9325 2.4
      vertex 18.5218 66.8858 2.4
    endloop
  endfacet
  facet normal 0.729834 0.683625 0
    outer loop
      vertex 16.9845 65.2445 4.78
      vertex 16.9342 65.2982 2.4
      vertex 16.9342 65.2982 4.78
    endloop
  endfacet
  facet normal 0.729834 0.683625 0
    outer loop
      vertex 16.9342 65.2982 2.4
      vertex 16.9845 65.2445 4.78
      vertex 16.9845 65.2445 2.4
    endloop
  endfacet
  facet normal 0.0325914 -0.999469 0
    outer loop
      vertex 17.7064 67.1626 2.4
      vertex 17.78 67.165 4.78
      vertex 17.7064 67.1626 4.78
    endloop
  endfacet
  facet normal 0.0325914 -0.999469 0
    outer loop
      vertex 17.78 67.165 4.78
      vertex 17.7064 67.1626 2.4
      vertex 17.78 67.165 2.4
    endloop
  endfacet
  facet normal -0.412678 -0.910877 0
    outer loop
      vertex 18.2105 67.0794 2.4
      vertex 18.2776 67.049 4.78
      vertex 18.2105 67.0794 4.78
    endloop
  endfacet
  facet normal -0.412678 -0.910877 -0
    outer loop
      vertex 18.2776 67.049 4.78
      vertex 18.2105 67.0794 2.4
      vertex 18.2776 67.049 2.4
    endloop
  endfacet
  facet normal -0.471505 -0.881863 0
    outer loop
      vertex 18.2776 67.049 2.4
      vertex 18.3425 67.0143 4.78
      vertex 18.2776 67.049 4.78
    endloop
  endfacet
  facet normal -0.471505 -0.881863 -0
    outer loop
      vertex 18.3425 67.0143 4.78
      vertex 18.2776 67.049 2.4
      vertex 18.3425 67.0143 2.4
    endloop
  endfacet
  facet normal -0.351868 -0.93605 0
    outer loop
      vertex 18.1416 67.1053 2.4
      vertex 18.2105 67.0794 4.78
      vertex 18.1416 67.1053 4.78
    endloop
  endfacet
  facet normal -0.351868 -0.93605 -0
    outer loop
      vertex 18.2105 67.0794 4.78
      vertex 18.1416 67.1053 2.4
      vertex 18.2105 67.0794 2.4
    endloop
  endfacet
  facet normal -0.0325914 -0.999469 0
    outer loop
      vertex 17.78 67.165 2.4
      vertex 17.8536 67.1626 4.78
      vertex 17.78 67.165 4.78
    endloop
  endfacet
  facet normal -0.0325914 -0.999469 -0
    outer loop
      vertex 17.8536 67.1626 4.78
      vertex 17.78 67.165 2.4
      vertex 17.8536 67.1626 2.4
    endloop
  endfacet
  facet normal 0.910877 0.412678 0
    outer loop
      vertex 16.771 65.5424 4.78
      vertex 16.7406 65.6095 2.4
      vertex 16.7406 65.6095 4.78
    endloop
  endfacet
  facet normal 0.910877 0.412678 0
    outer loop
      vertex 16.7406 65.6095 2.4
      vertex 16.771 65.5424 4.78
      vertex 16.771 65.5424 2.4
    endloop
  endfacet
  facet normal -0.729834 0.683625 0
    outer loop
      vertex 18.5755 65.2445 2.4
      vertex 18.6258 65.2982 4.78
      vertex 18.6258 65.2982 2.4
    endloop
  endfacet
  facet normal -0.729834 0.683625 0
    outer loop
      vertex 18.6258 65.2982 4.78
      vertex 18.5755 65.2445 2.4
      vertex 18.5755 65.2445 4.78
    endloop
  endfacet
  facet normal -0.772988 0.634421 0
    outer loop
      vertex 18.6258 65.2982 2.4
      vertex 18.6725 65.3551 4.78
      vertex 18.6725 65.3551 2.4
    endloop
  endfacet
  facet normal -0.772988 0.634421 0
    outer loop
      vertex 18.6725 65.3551 4.78
      vertex 18.6258 65.2982 2.4
      vertex 18.6258 65.2982 4.78
    endloop
  endfacet
  facet normal -0.881863 0.471505 0
    outer loop
      vertex 18.7543 65.4775 2.4
      vertex 18.789 65.5424 4.78
      vertex 18.789 65.5424 2.4
    endloop
  endfacet
  facet normal -0.881863 0.471505 0
    outer loop
      vertex 18.789 65.5424 4.78
      vertex 18.7543 65.4775 2.4
      vertex 18.7543 65.4775 4.78
    endloop
  endfacet
  facet normal 0.973931 -0.226843 0
    outer loop
      vertex 16.6766 66.2595 4.78
      vertex 16.6933 66.3312 2.4
      vertex 16.6933 66.3312 4.78
    endloop
  endfacet
  facet normal 0.973931 -0.226843 0
    outer loop
      vertex 16.6933 66.3312 2.4
      vertex 16.6766 66.2595 4.78
      vertex 16.6766 66.2595 2.4
    endloop
  endfacet
  facet normal 0.881863 -0.471505 0
    outer loop
      vertex 16.771 66.5376 4.78
      vertex 16.8057 66.6025 2.4
      vertex 16.8057 66.6025 4.78
    endloop
  endfacet
  facet normal 0.881863 -0.471505 0
    outer loop
      vertex 16.8057 66.6025 2.4
      vertex 16.771 66.5376 4.78
      vertex 16.771 66.5376 2.4
    endloop
  endfacet
  facet normal 0.634421 -0.772988 0
    outer loop
      vertex 17.0382 66.8858 2.4
      vertex 17.0951 66.9325 4.78
      vertex 17.0382 66.8858 4.78
    endloop
  endfacet
  facet normal 0.634421 -0.772988 0
    outer loop
      vertex 17.0951 66.9325 4.78
      vertex 17.0382 66.8858 2.4
      vertex 17.0951 66.9325 2.4
    endloop
  endfacet
  facet normal -0.956773 0.290837 0
    outer loop
      vertex 18.8453 65.6784 2.4
      vertex 18.8667 65.7488 4.78
      vertex 18.8667 65.7488 2.4
    endloop
  endfacet
  facet normal -0.956773 0.290837 0
    outer loop
      vertex 18.8667 65.7488 4.78
      vertex 18.8453 65.6784 2.4
      vertex 18.8453 65.6784 4.78
    endloop
  endfacet
  facet normal 0.93605 -0.351868 0
    outer loop
      vertex 16.7147 66.4016 4.78
      vertex 16.7406 66.4705 2.4
      vertex 16.7406 66.4705 4.78
    endloop
  endfacet
  facet normal 0.93605 -0.351868 0
    outer loop
      vertex 16.7406 66.4705 2.4
      vertex 16.7147 66.4016 4.78
      vertex 16.7147 66.4016 2.4
    endloop
  endfacet
  facet normal -0.812999 -0.582265 0
    outer loop
      vertex 18.7154 66.665 2.4
      vertex 18.6725 66.7249 4.78
      vertex 18.6725 66.7249 2.4
    endloop
  endfacet
  facet normal -0.812999 -0.582265 0
    outer loop
      vertex 18.6725 66.7249 4.78
      vertex 18.7154 66.665 2.4
      vertex 18.7154 66.665 4.78
    endloop
  endfacet
  facet normal 0.0978883 -0.995197 0
    outer loop
      vertex 17.6332 67.1554 2.4
      vertex 17.7064 67.1626 4.78
      vertex 17.6332 67.1554 4.78
    endloop
  endfacet
  facet normal 0.0978883 -0.995197 0
    outer loop
      vertex 17.7064 67.1626 4.78
      vertex 17.6332 67.1554 2.4
      vertex 17.7064 67.1626 2.4
    endloop
  endfacet
  facet normal 0.226843 0.973931 -0
    outer loop
      vertex 17.5605 64.9366 2.4
      vertex 17.4888 64.9533 4.78
      vertex 17.5605 64.9366 4.78
    endloop
  endfacet
  facet normal 0.226843 0.973931 0
    outer loop
      vertex 17.4888 64.9533 4.78
      vertex 17.5605 64.9366 2.4
      vertex 17.4888 64.9533 2.4
    endloop
  endfacet
  facet normal 0.290837 0.956773 -0
    outer loop
      vertex 17.4888 64.9533 2.4
      vertex 17.4184 64.9747 4.78
      vertex 17.4888 64.9533 4.78
    endloop
  endfacet
  facet normal 0.290837 0.956773 0
    outer loop
      vertex 17.4184 64.9747 4.78
      vertex 17.4888 64.9533 2.4
      vertex 17.4184 64.9747 2.4
    endloop
  endfacet
  facet normal 0.412678 -0.910877 0
    outer loop
      vertex 17.2824 67.049 2.4
      vertex 17.3495 67.0794 4.78
      vertex 17.2824 67.049 4.78
    endloop
  endfacet
  facet normal 0.412678 -0.910877 0
    outer loop
      vertex 17.3495 67.0794 4.78
      vertex 17.2824 67.049 2.4
      vertex 17.3495 67.0794 2.4
    endloop
  endfacet
  facet normal -0.162858 0.986649 0
    outer loop
      vertex 17.9995 64.9366 2.4
      vertex 17.9268 64.9246 4.78
      vertex 17.9995 64.9366 4.78
    endloop
  endfacet
  facet normal -0.162858 0.986649 0
    outer loop
      vertex 17.9268 64.9246 4.78
      vertex 17.9995 64.9366 2.4
      vertex 17.9268 64.9246 2.4
    endloop
  endfacet
  facet normal -0.772988 -0.634421 0
    outer loop
      vertex 18.6725 66.7249 2.4
      vertex 18.6258 66.7818 4.78
      vertex 18.6258 66.7818 2.4
    endloop
  endfacet
  facet normal -0.772988 -0.634421 0
    outer loop
      vertex 18.6258 66.7818 4.78
      vertex 18.6725 66.7249 2.4
      vertex 18.6725 66.7249 4.78
    endloop
  endfacet
  facet normal -0.226843 -0.973931 0
    outer loop
      vertex 17.9995 67.1434 2.4
      vertex 18.0712 67.1267 4.78
      vertex 17.9995 67.1434 4.78
    endloop
  endfacet
  facet normal -0.226843 -0.973931 -0
    outer loop
      vertex 18.0712 67.1267 4.78
      vertex 17.9995 67.1434 2.4
      vertex 18.0712 67.1267 2.4
    endloop
  endfacet
  facet normal 0.528411 0.848989 -0
    outer loop
      vertex 17.2175 65.0657 2.4
      vertex 17.155 65.1046 4.78
      vertex 17.2175 65.0657 4.78
    endloop
  endfacet
  facet normal 0.528411 0.848989 0
    outer loop
      vertex 17.155 65.1046 4.78
      vertex 17.2175 65.0657 2.4
      vertex 17.155 65.1046 2.4
    endloop
  endfacet
  facet normal 0.351868 0.93605 -0
    outer loop
      vertex 17.4184 64.9747 2.4
      vertex 17.3495 65.0006 4.78
      vertex 17.4184 64.9747 4.78
    endloop
  endfacet
  facet normal 0.351868 0.93605 0
    outer loop
      vertex 17.3495 65.0006 4.78
      vertex 17.4184 64.9747 2.4
      vertex 17.3495 65.0006 2.4
    endloop
  endfacet
  facet normal -0.412678 0.910877 0
    outer loop
      vertex 18.2776 65.031 2.4
      vertex 18.2105 65.0006 4.78
      vertex 18.2776 65.031 4.78
    endloop
  endfacet
  facet normal -0.412678 0.910877 0
    outer loop
      vertex 18.2105 65.0006 4.78
      vertex 18.2776 65.031 2.4
      vertex 18.2105 65.0006 2.4
    endloop
  endfacet
  facet normal 0.683625 0.729834 -0
    outer loop
      vertex 17.0382 65.1942 2.4
      vertex 16.9845 65.2445 4.78
      vertex 17.0382 65.1942 4.78
    endloop
  endfacet
  facet normal 0.683625 0.729834 0
    outer loop
      vertex 16.9845 65.2445 4.78
      vertex 17.0382 65.1942 2.4
      vertex 16.9845 65.2445 2.4
    endloop
  endfacet
  facet normal 0.772988 0.634421 0
    outer loop
      vertex 16.9342 65.2982 4.78
      vertex 16.8875 65.3551 2.4
      vertex 16.8875 65.3551 4.78
    endloop
  endfacet
  facet normal 0.772988 0.634421 0
    outer loop
      vertex 16.8875 65.3551 2.4
      vertex 16.9342 65.2982 4.78
      vertex 16.9342 65.2982 2.4
    endloop
  endfacet
  facet normal 0.0978883 0.995197 -0
    outer loop
      vertex 17.7064 64.9174 2.4
      vertex 17.6332 64.9246 4.78
      vertex 17.7064 64.9174 4.78
    endloop
  endfacet
  facet normal 0.0978883 0.995197 0
    outer loop
      vertex 17.6332 64.9246 4.78
      vertex 17.7064 64.9174 2.4
      vertex 17.6332 64.9246 2.4
    endloop
  endfacet
  facet normal -0.582265 0.812999 0
    outer loop
      vertex 18.4649 65.1475 2.4
      vertex 18.405 65.1046 4.78
      vertex 18.4649 65.1475 4.78
    endloop
  endfacet
  facet normal -0.582265 0.812999 0
    outer loop
      vertex 18.405 65.1046 4.78
      vertex 18.4649 65.1475 2.4
      vertex 18.405 65.1046 2.4
    endloop
  endfacet
  facet normal 0.226843 -0.973931 0
    outer loop
      vertex 17.4888 67.1267 2.4
      vertex 17.5605 67.1434 4.78
      vertex 17.4888 67.1267 4.78
    endloop
  endfacet
  facet normal 0.226843 -0.973931 0
    outer loop
      vertex 17.5605 67.1434 4.78
      vertex 17.4888 67.1267 2.4
      vertex 17.5605 67.1434 2.4
    endloop
  endfacet
  facet normal -0.973931 0.226843 0
    outer loop
      vertex 18.8667 65.7488 2.4
      vertex 18.8834 65.8205 4.78
      vertex 18.8834 65.8205 2.4
    endloop
  endfacet
  facet normal -0.973931 0.226843 0
    outer loop
      vertex 18.8834 65.8205 4.78
      vertex 18.8667 65.7488 2.4
      vertex 18.8667 65.7488 4.78
    endloop
  endfacet
  facet normal 0.729834 -0.683625 0
    outer loop
      vertex 16.9342 66.7818 4.78
      vertex 16.9845 66.8355 2.4
      vertex 16.9845 66.8355 4.78
    endloop
  endfacet
  facet normal 0.729834 -0.683625 0
    outer loop
      vertex 16.9845 66.8355 2.4
      vertex 16.9342 66.7818 4.78
      vertex 16.9342 66.7818 2.4
    endloop
  endfacet
  facet normal 0.162858 0.986649 -0
    outer loop
      vertex 17.6332 64.9246 2.4
      vertex 17.5605 64.9366 4.78
      vertex 17.6332 64.9246 4.78
    endloop
  endfacet
  facet normal 0.162858 0.986649 0
    outer loop
      vertex 17.5605 64.9366 4.78
      vertex 17.6332 64.9246 2.4
      vertex 17.5605 64.9366 2.4
    endloop
  endfacet
  facet normal 0.956773 -0.290837 0
    outer loop
      vertex 16.6933 66.3312 4.78
      vertex 16.7147 66.4016 2.4
      vertex 16.7147 66.4016 4.78
    endloop
  endfacet
  facet normal 0.956773 -0.290837 0
    outer loop
      vertex 16.7147 66.4016 2.4
      vertex 16.6933 66.3312 4.78
      vertex 16.6933 66.3312 2.4
    endloop
  endfacet
  facet normal -0.290837 -0.956773 0
    outer loop
      vertex 18.0712 67.1267 2.4
      vertex 18.1416 67.1053 4.78
      vertex 18.0712 67.1267 4.78
    endloop
  endfacet
  facet normal -0.290837 -0.956773 -0
    outer loop
      vertex 18.1416 67.1053 4.78
      vertex 18.0712 67.1267 2.4
      vertex 18.1416 67.1053 2.4
    endloop
  endfacet
  facet normal -0.910877 0.412678 0
    outer loop
      vertex 18.789 65.5424 2.4
      vertex 18.8194 65.6095 4.78
      vertex 18.8194 65.6095 2.4
    endloop
  endfacet
  facet normal -0.910877 0.412678 0
    outer loop
      vertex 18.8194 65.6095 4.78
      vertex 18.789 65.5424 2.4
      vertex 18.789 65.5424 4.78
    endloop
  endfacet
  facet normal 0.471505 -0.881863 0
    outer loop
      vertex 17.2175 67.0143 2.4
      vertex 17.2824 67.049 4.78
      vertex 17.2175 67.0143 4.78
    endloop
  endfacet
  facet normal 0.471505 -0.881863 0
    outer loop
      vertex 17.2824 67.049 4.78
      vertex 17.2175 67.0143 2.4
      vertex 17.2824 67.049 2.4
    endloop
  endfacet
  facet normal 0.634421 0.772988 -0
    outer loop
      vertex 17.0951 65.1475 2.4
      vertex 17.0382 65.1942 4.78
      vertex 17.0951 65.1475 4.78
    endloop
  endfacet
  facet normal 0.634421 0.772988 0
    outer loop
      vertex 17.0382 65.1942 4.78
      vertex 17.0951 65.1475 2.4
      vertex 17.0382 65.1942 2.4
    endloop
  endfacet
  facet normal 0.471505 0.881863 -0
    outer loop
      vertex 17.2824 65.031 2.4
      vertex 17.2175 65.0657 4.78
      vertex 17.2824 65.031 4.78
    endloop
  endfacet
  facet normal 0.471505 0.881863 0
    outer loop
      vertex 17.2175 65.0657 4.78
      vertex 17.2824 65.031 2.4
      vertex 17.2175 65.0657 2.4
    endloop
  endfacet
  facet normal 0.303035 0.804809 0.510346
    outer loop
      vertex 17.2657 64.5249 5.58
      vertex 17.4184 64.9747 4.78
      vertex 17.1677 64.5618 5.58
    endloop
  endfacet
  facet normal -0.354748 0.783402 0.510328
    outer loop
      vertex 18.3923 64.5618 5.58
      vertex 18.4877 64.605 5.58
      vertex 18.2776 65.031 4.78
    endloop
  endfacet
  facet normal 0.0841832 -0.855863 0.510306
    outer loop
      vertex 17.6332 67.1554 4.78
      vertex 17.7064 67.1626 4.78
      vertex 17.5712 67.6263 5.58
    endloop
  endfacet
  facet normal 0.0841832 0.855863 0.510306
    outer loop
      vertex 17.7064 64.9174 4.78
      vertex 17.6332 64.9246 4.78
      vertex 17.5712 64.4537 5.58
    endloop
  endfacet
  facet normal -0.859519 -0.0279385 0.510339
    outer loop
      vertex 19.38 66.04 5.58
      vertex 19.3766 66.1446 5.58
      vertex 18.905 66.04 4.78
    endloop
  endfacet
  facet normal -0.859512 -0.0280276 0.510347
    outer loop
      vertex 18.905 66.04 4.78
      vertex 19.3766 66.1446 5.58
      vertex 18.9026 66.1136 4.78
    endloop
  endfacet
  facet normal -0.855863 0.0841832 0.510306
    outer loop
      vertex 19.3663 65.8312 5.58
      vertex 18.9026 65.9664 4.78
      vertex 18.8954 65.8932 4.78
    endloop
  endfacet
  facet normal 0.140057 -0.84851 0.510309
    outer loop
      vertex 17.6332 67.1554 4.78
      vertex 17.5712 67.6263 5.58
      vertex 17.5605 67.1434 4.78
    endloop
  endfacet
  facet normal 0.627642 0.587903 0.510328
    outer loop
      vertex 16.9845 65.2445 4.78
      vertex 16.9342 65.2982 4.78
      vertex 16.5771 64.985 5.58
    endloop
  endfacet
  facet normal 0.664672 -0.545687 0.51033
    outer loop
      vertex 16.9342 66.7818 4.78
      vertex 16.5771 67.095 5.58
      vertex 16.5106 67.014 5.58
    endloop
  endfacet
  facet normal 0.405484 0.758384 0.51033
    outer loop
      vertex 17.2824 65.031 4.78
      vertex 17.2175 65.0657 4.78
      vertex 17.0723 64.605 5.58
    endloop
  endfacet
  facet normal 0.84851 -0.140057 0.510309
    outer loop
      vertex 16.6646 66.1868 4.78
      vertex 16.6766 66.2595 4.78
      vertex 16.1937 66.2488 5.58
    endloop
  endfacet
  facet normal 0.453652 -0.73061 0.510303
    outer loop
      vertex 17.2175 67.0143 4.78
      vertex 16.98 67.4256 5.58
      vertex 16.8911 67.3704 5.58
    endloop
  endfacet
  facet normal -0.140057 0.84851 0.510309
    outer loop
      vertex 17.9888 64.4537 5.58
      vertex 17.9995 64.9366 4.78
      vertex 17.9268 64.9246 4.78
    endloop
  endfacet
  facet normal -0.804996 0.302604 0.510307
    outer loop
      vertex 19.2582 65.4277 5.58
      vertex 18.8453 65.6784 4.78
      vertex 18.8194 65.6095 4.78
    endloop
  endfacet
  facet normal -0.545584 0.664748 0.51034
    outer loop
      vertex 18.754 64.7706 5.58
      vertex 18.5218 65.1942 4.78
      vertex 18.4649 65.1475 4.78
    endloop
  endfacet
  facet normal -0.730088 0.454407 0.510378
    outer loop
      vertex 19.1104 65.1511 5.58
      vertex 18.7543 65.4775 4.78
      vertex 18.7154 65.415 4.78
    endloop
  endfacet
  facet normal 0.837488 0.195414 0.51032
    outer loop
      vertex 16.2345 65.6259 5.58
      vertex 16.6933 65.7488 4.78
      vertex 16.2107 65.7279 5.58
    endloop
  endfacet
  facet normal -0.0841832 -0.855863 0.510306
    outer loop
      vertex 17.9268 67.1554 4.78
      vertex 17.9888 67.6263 5.58
      vertex 17.8536 67.1626 4.78
    endloop
  endfacet
  facet normal 0.730088 -0.454407 0.510378
    outer loop
      vertex 16.8057 66.6025 4.78
      vertex 16.8446 66.665 4.78
      vertex 16.4496 66.9289 5.58
    endloop
  endfacet
  facet normal -0.848557 -0.139646 0.510343
    outer loop
      vertex 19.3663 66.2488 5.58
      vertex 19.3493 66.3521 5.58
      vertex 18.8834 66.2595 4.78
    endloop
  endfacet
  facet normal 0.822928 -0.249671 0.510347
    outer loop
      vertex 16.7147 66.4016 4.78
      vertex 16.2649 66.5543 5.58
      vertex 16.2345 66.4541 5.58
    endloop
  endfacet
  facet normal -0.859512 0.0280276 0.510347
    outer loop
      vertex 19.3766 65.9354 5.58
      vertex 18.905 66.04 4.78
      vertex 18.9026 65.9664 4.78
    endloop
  endfacet
  facet normal -0.453652 0.73061 0.510303
    outer loop
      vertex 18.58 64.6544 5.58
      vertex 18.6689 64.7096 5.58
      vertex 18.3425 65.0657 4.78
    endloop
  endfacet
  facet normal 0.0845946 -0.855802 0.51034
    outer loop
      vertex 17.7064 67.1626 4.78
      vertex 17.6754 67.6366 5.58
      vertex 17.5712 67.6263 5.58
    endloop
  endfacet
  facet normal 0.859519 -0.0279385 0.510339
    outer loop
      vertex 16.655 66.04 4.78
      vertex 16.1834 66.1446 5.58
      vertex 16.18 66.04 5.58
    endloop
  endfacet
  facet normal -0.0845946 -0.855802 0.51034
    outer loop
      vertex 17.9888 67.6263 5.58
      vertex 17.8846 67.6366 5.58
      vertex 17.8536 67.1626 4.78
    endloop
  endfacet
  facet normal -0.453652 -0.73061 0.510303
    outer loop
      vertex 18.6689 67.3704 5.58
      vertex 18.58 67.4256 5.58
      vertex 18.3425 67.0143 4.78
    endloop
  endfacet
  facet normal 0.0280276 -0.859512 0.510347
    outer loop
      vertex 17.7064 67.1626 4.78
      vertex 17.78 67.165 4.78
      vertex 17.6754 67.6366 5.58
    endloop
  endfacet
  facet normal 0.249671 0.822928 0.510347
    outer loop
      vertex 17.3659 64.4945 5.58
      vertex 17.4184 64.9747 4.78
      vertex 17.2657 64.5249 5.58
    endloop
  endfacet
  facet normal -0.405484 0.758384 0.51033
    outer loop
      vertex 18.4877 64.605 5.58
      vertex 18.3425 65.0657 4.78
      vertex 18.2776 65.031 4.78
    endloop
  endfacet
  facet normal 0.855863 -0.0841832 0.510306
    outer loop
      vertex 16.6574 66.1136 4.78
      vertex 16.6646 66.1868 4.78
      vertex 16.1937 66.2488 5.58
    endloop
  endfacet
  facet normal -0.698941 0.501003 0.51037
    outer loop
      vertex 19.0494 65.066 5.58
      vertex 19.1104 65.1511 5.58
      vertex 18.7154 65.415 4.78
    endloop
  endfacet
  facet normal -0.859519 0.0279385 0.510339
    outer loop
      vertex 19.3766 65.9354 5.58
      vertex 19.38 66.04 5.58
      vertex 18.905 66.04 4.78
    endloop
  endfacet
  facet normal -0.804809 0.303035 0.510346
    outer loop
      vertex 19.2582 65.4277 5.58
      vertex 19.2951 65.5257 5.58
      vertex 18.8453 65.6784 4.78
    endloop
  endfacet
  facet normal 0.545687 0.664672 0.51033
    outer loop
      vertex 16.806 64.7706 5.58
      vertex 17.0382 65.1942 4.78
      vertex 16.725 64.8371 5.58
    endloop
  endfacet
  facet normal -0.454407 0.730088 0.510378
    outer loop
      vertex 18.6689 64.7096 5.58
      vertex 18.405 65.1046 4.78
      vertex 18.3425 65.0657 4.78
    endloop
  endfacet
  facet normal -0.783402 -0.354748 0.510328
    outer loop
      vertex 19.2582 66.6523 5.58
      vertex 19.215 66.7477 5.58
      vertex 18.789 66.5376 4.78
    endloop
  endfacet
  facet normal 0.405484 -0.758384 0.51033
    outer loop
      vertex 17.2175 67.0143 4.78
      vertex 17.2824 67.049 4.78
      vertex 17.0723 67.475 5.58
    endloop
  endfacet
  facet normal 0.855802 -0.0845946 0.51034
    outer loop
      vertex 16.6574 66.1136 4.78
      vertex 16.1937 66.2488 5.58
      vertex 16.1834 66.1446 5.58
    endloop
  endfacet
  facet normal 0.501003 0.698941 0.51037
    outer loop
      vertex 16.8911 64.7096 5.58
      vertex 17.155 65.1046 4.78
      vertex 16.806 64.7706 5.58
    endloop
  endfacet
  facet normal -0.303035 -0.804809 0.510346
    outer loop
      vertex 18.3923 67.5182 5.58
      vertex 18.2943 67.5551 5.58
      vertex 18.1416 67.1053 4.78
    endloop
  endfacet
  facet normal 0.249671 -0.822928 0.510347
    outer loop
      vertex 17.4184 67.1053 4.78
      vertex 17.3659 67.5855 5.58
      vertex 17.2657 67.5551 5.58
    endloop
  endfacet
  facet normal -0.195414 -0.837488 0.51032
    outer loop
      vertex 18.1941 67.5855 5.58
      vertex 18.0921 67.6093 5.58
      vertex 18.0712 67.1267 4.78
    endloop
  endfacet
  facet normal 0.195078 0.83755 0.510348
    outer loop
      vertex 17.5605 64.9366 4.78
      vertex 17.4888 64.9533 4.78
      vertex 17.4679 64.4707 5.58
    endloop
  endfacet
  facet normal 0.0845946 0.855802 0.51034
    outer loop
      vertex 17.6754 64.4434 5.58
      vertex 17.7064 64.9174 4.78
      vertex 17.5712 64.4537 5.58
    endloop
  endfacet
  facet normal -0.822816 0.250117 0.510309
    outer loop
      vertex 19.3255 65.6259 5.58
      vertex 18.8667 65.7488 4.78
      vertex 18.8453 65.6784 4.78
    endloop
  endfacet
  facet normal -0.83755 0.195078 0.510348
    outer loop
      vertex 19.3493 65.7279 5.58
      vertex 18.8834 65.8205 4.78
      vertex 18.8667 65.7488 4.78
    endloop
  endfacet
  facet normal -0.405812 0.758228 0.5103
    outer loop
      vertex 18.4877 64.605 5.58
      vertex 18.58 64.6544 5.58
      vertex 18.3425 65.0657 4.78
    endloop
  endfacet
  facet normal 0.83755 0.195078 0.510348
    outer loop
      vertex 16.6933 65.7488 4.78
      vertex 16.6766 65.8205 4.78
      vertex 16.2107 65.7279 5.58
    endloop
  endfacet
  facet normal -0.627642 -0.587903 0.510328
    outer loop
      vertex 18.6258 66.7818 4.78
      vertex 18.9829 67.095 5.58
      vertex 18.5755 66.8355 4.78
    endloop
  endfacet
  facet normal -0.699156 0.500731 0.510342
    outer loop
      vertex 19.0494 65.066 5.58
      vertex 18.7154 65.415 4.78
      vertex 18.6725 65.3551 4.78
    endloop
  endfacet
  facet normal 0.73061 -0.453652 0.510303
    outer loop
      vertex 16.8057 66.6025 4.78
      vertex 16.4496 66.9289 5.58
      vertex 16.3944 66.84 5.58
    endloop
  endfacet
  facet normal -0.627886 0.587616 0.510359
    outer loop
      vertex 18.9114 64.9086 5.58
      vertex 18.9829 64.985 5.58
      vertex 18.5755 65.2445 4.78
    endloop
  endfacet
  facet normal -0.195414 0.837488 0.51032
    outer loop
      vertex 18.0921 64.4707 5.58
      vertex 18.1941 64.4945 5.58
      vertex 18.0712 64.9533 4.78
    endloop
  endfacet
  facet normal -0.758228 0.405812 0.5103
    outer loop
      vertex 19.1656 65.24 5.58
      vertex 19.215 65.3323 5.58
      vertex 18.7543 65.4775 4.78
    endloop
  endfacet
  facet normal -0.84851 0.140057 0.510309
    outer loop
      vertex 19.3663 65.8312 5.58
      vertex 18.8954 65.8932 4.78
      vertex 18.8834 65.8205 4.78
    endloop
  endfacet
  facet normal 0.354748 0.783402 0.510328
    outer loop
      vertex 17.1677 64.5618 5.58
      vertex 17.2824 65.031 4.78
      vertex 17.0723 64.605 5.58
    endloop
  endfacet
  facet normal 0.855802 0.0845946 0.51034
    outer loop
      vertex 16.1937 65.8312 5.58
      vertex 16.6574 65.9664 4.78
      vertex 16.1834 65.9354 5.58
    endloop
  endfacet
  facet normal -0.501003 0.698941 0.51037
    outer loop
      vertex 18.6689 64.7096 5.58
      vertex 18.754 64.7706 5.58
      vertex 18.405 65.1046 4.78
    endloop
  endfacet
  facet normal 0.587903 0.627642 0.510328
    outer loop
      vertex 17.0382 65.1942 4.78
      vertex 16.9845 65.2445 4.78
      vertex 16.725 64.8371 5.58
    endloop
  endfacet
  facet normal 0.0280276 0.859512 0.510347
    outer loop
      vertex 17.78 64.915 4.78
      vertex 17.7064 64.9174 4.78
      vertex 17.6754 64.4434 5.58
    endloop
  endfacet
  facet normal -0.664748 0.545584 0.51034
    outer loop
      vertex 19.0494 65.066 5.58
      vertex 18.6725 65.3551 4.78
      vertex 18.6258 65.2982 4.78
    endloop
  endfacet
  facet normal 0.500731 0.699156 0.510342
    outer loop
      vertex 17.155 65.1046 4.78
      vertex 17.0951 65.1475 4.78
      vertex 16.806 64.7706 5.58
    endloop
  endfacet
  facet normal 0.140057 0.84851 0.510309
    outer loop
      vertex 17.5712 64.4537 5.58
      vertex 17.6332 64.9246 4.78
      vertex 17.5605 64.9366 4.78
    endloop
  endfacet
  facet normal -0.627642 0.587903 0.510328
    outer loop
      vertex 18.9829 64.985 5.58
      vertex 18.6258 65.2982 4.78
      vertex 18.5755 65.2445 4.78
    endloop
  endfacet
  facet normal 0.354898 -0.783343 0.510314
    outer loop
      vertex 17.2824 67.049 4.78
      vertex 17.3495 67.0794 4.78
      vertex 17.1677 67.5182 5.58
    endloop
  endfacet
  facet normal 0.0279385 -0.859519 0.510339
    outer loop
      vertex 17.78 67.165 4.78
      vertex 17.78 67.64 5.58
      vertex 17.6754 67.6366 5.58
    endloop
  endfacet
  facet normal -0.354748 -0.783402 0.510328
    outer loop
      vertex 18.4877 67.475 5.58
      vertex 18.3923 67.5182 5.58
      vertex 18.2776 67.049 4.78
    endloop
  endfacet
  facet normal 0.804809 -0.303035 0.510346
    outer loop
      vertex 16.7147 66.4016 4.78
      vertex 16.3018 66.6523 5.58
      vertex 16.2649 66.5543 5.58
    endloop
  endfacet
  facet normal 0.453652 0.73061 0.510303
    outer loop
      vertex 16.98 64.6544 5.58
      vertex 17.2175 65.0657 4.78
      vertex 16.8911 64.7096 5.58
    endloop
  endfacet
  facet normal 0.73061 0.453652 0.510303
    outer loop
      vertex 16.4496 65.1511 5.58
      vertex 16.8057 65.4775 4.78
      vertex 16.3944 65.24 5.58
    endloop
  endfacet
  facet normal -0.0845946 0.855802 0.51034
    outer loop
      vertex 17.8846 64.4434 5.58
      vertex 17.9888 64.4537 5.58
      vertex 17.8536 64.9174 4.78
    endloop
  endfacet
  facet normal 0.0279385 0.859519 0.510339
    outer loop
      vertex 17.78 64.44 5.58
      vertex 17.78 64.915 4.78
      vertex 17.6754 64.4434 5.58
    endloop
  endfacet
  facet normal 0.405812 0.758228 0.5103
    outer loop
      vertex 17.0723 64.605 5.58
      vertex 17.2175 65.0657 4.78
      vertex 16.98 64.6544 5.58
    endloop
  endfacet
  facet normal -0.73061 -0.453652 0.510303
    outer loop
      vertex 19.1656 66.84 5.58
      vertex 19.1104 66.9289 5.58
      vertex 18.7543 66.6025 4.78
    endloop
  endfacet
  facet normal 0.804996 -0.302604 0.510307
    outer loop
      vertex 16.7147 66.4016 4.78
      vertex 16.7406 66.4705 4.78
      vertex 16.3018 66.6523 5.58
    endloop
  endfacet
  facet normal -0.195078 0.83755 0.510348
    outer loop
      vertex 18.0921 64.4707 5.58
      vertex 18.0712 64.9533 4.78
      vertex 17.9995 64.9366 4.78
    endloop
  endfacet
  facet normal -0.0280276 -0.859512 0.510347
    outer loop
      vertex 17.8536 67.1626 4.78
      vertex 17.8846 67.6366 5.58
      vertex 17.78 67.165 4.78
    endloop
  endfacet
  facet normal -0.698941 -0.501003 0.51037
    outer loop
      vertex 19.1104 66.9289 5.58
      vertex 19.0494 67.014 5.58
      vertex 18.7154 66.665 4.78
    endloop
  endfacet
  facet normal -0.783402 0.354748 0.510328
    outer loop
      vertex 19.215 65.3323 5.58
      vertex 19.2582 65.4277 5.58
      vertex 18.789 65.5424 4.78
    endloop
  endfacet
  facet normal -0.302604 0.804996 0.510307
    outer loop
      vertex 18.3923 64.5618 5.58
      vertex 18.2105 65.0006 4.78
      vertex 18.1416 64.9747 4.78
    endloop
  endfacet
  facet normal -0.848557 0.139646 0.510343
    outer loop
      vertex 19.3493 65.7279 5.58
      vertex 19.3663 65.8312 5.58
      vertex 18.8834 65.8205 4.78
    endloop
  endfacet
  facet normal -0.545687 -0.664672 0.51033
    outer loop
      vertex 18.835 67.2429 5.58
      vertex 18.754 67.3094 5.58
      vertex 18.5218 66.8858 4.78
    endloop
  endfacet
  facet normal 0.195414 -0.837488 0.51032
    outer loop
      vertex 17.4888 67.1267 4.78
      vertex 17.4679 67.6093 5.58
      vertex 17.3659 67.5855 5.58
    endloop
  endfacet
  facet normal -0.587616 0.627886 0.510359
    outer loop
      vertex 18.835 64.8371 5.58
      vertex 18.9114 64.9086 5.58
      vertex 18.5755 65.2445 4.78
    endloop
  endfacet
  facet normal -0.500731 0.699156 0.510342
    outer loop
      vertex 18.754 64.7706 5.58
      vertex 18.4649 65.1475 4.78
      vertex 18.405 65.1046 4.78
    endloop
  endfacet
  facet normal 0.848557 0.139646 0.510343
    outer loop
      vertex 16.2107 65.7279 5.58
      vertex 16.6766 65.8205 4.78
      vertex 16.1937 65.8312 5.58
    endloop
  endfacet
  facet normal -0.664672 0.545687 0.51033
    outer loop
      vertex 18.9829 64.985 5.58
      vertex 19.0494 65.066 5.58
      vertex 18.6258 65.2982 4.78
    endloop
  endfacet
  facet normal 0.250117 -0.822816 0.510309
    outer loop
      vertex 17.4184 67.1053 4.78
      vertex 17.4888 67.1267 4.78
      vertex 17.3659 67.5855 5.58
    endloop
  endfacet
  facet normal -0.501003 -0.698941 0.51037
    outer loop
      vertex 18.754 67.3094 5.58
      vertex 18.6689 67.3704 5.58
      vertex 18.405 66.9754 4.78
    endloop
  endfacet
  facet normal -0.837488 0.195414 0.51032
    outer loop
      vertex 19.3255 65.6259 5.58
      vertex 19.3493 65.7279 5.58
      vertex 18.8667 65.7488 4.78
    endloop
  endfacet
  facet normal -0.855802 0.0845946 0.51034
    outer loop
      vertex 19.3663 65.8312 5.58
      vertex 19.3766 65.9354 5.58
      vertex 18.9026 65.9664 4.78
    endloop
  endfacet
  facet normal 0.859512 -0.0280276 0.510347
    outer loop
      vertex 16.655 66.04 4.78
      vertex 16.6574 66.1136 4.78
      vertex 16.1834 66.1446 5.58
    endloop
  endfacet
  facet normal -0.0280276 0.859512 0.510347
    outer loop
      vertex 17.8846 64.4434 5.58
      vertex 17.8536 64.9174 4.78
      vertex 17.78 64.915 4.78
    endloop
  endfacet
  facet normal -0.0841832 0.855863 0.510306
    outer loop
      vertex 17.9888 64.4537 5.58
      vertex 17.9268 64.9246 4.78
      vertex 17.8536 64.9174 4.78
    endloop
  endfacet
  facet normal 0.822816 0.250117 0.510309
    outer loop
      vertex 16.7147 65.6784 4.78
      vertex 16.6933 65.7488 4.78
      vertex 16.2345 65.6259 5.58
    endloop
  endfacet
  facet normal 0.139646 0.848557 0.510343
    outer loop
      vertex 17.5712 64.4537 5.58
      vertex 17.5605 64.9366 4.78
      vertex 17.4679 64.4707 5.58
    endloop
  endfacet
  facet normal -0.0279385 0.859519 0.510339
    outer loop
      vertex 17.8846 64.4434 5.58
      vertex 17.78 64.915 4.78
      vertex 17.78 64.44 5.58
    endloop
  endfacet
  facet normal 0.627886 0.587616 0.510359
    outer loop
      vertex 16.6486 64.9086 5.58
      vertex 16.9845 65.2445 4.78
      vertex 16.5771 64.985 5.58
    endloop
  endfacet
  facet normal 0.699156 -0.500731 0.510342
    outer loop
      vertex 16.8446 66.665 4.78
      vertex 16.8875 66.7249 4.78
      vertex 16.5106 67.014 5.58
    endloop
  endfacet
  facet normal 0.822928 0.249671 0.510347
    outer loop
      vertex 16.2649 65.5257 5.58
      vertex 16.7147 65.6784 4.78
      vertex 16.2345 65.6259 5.58
    endloop
  endfacet
  facet normal 0.804809 0.303035 0.510346
    outer loop
      vertex 16.3018 65.4277 5.58
      vertex 16.7147 65.6784 4.78
      vertex 16.2649 65.5257 5.58
    endloop
  endfacet
  facet normal 0.848557 -0.139646 0.510343
    outer loop
      vertex 16.6766 66.2595 4.78
      vertex 16.2107 66.3521 5.58
      vertex 16.1937 66.2488 5.58
    endloop
  endfacet
  facet normal 0.587616 0.627886 0.510359
    outer loop
      vertex 16.725 64.8371 5.58
      vertex 16.9845 65.2445 4.78
      vertex 16.6486 64.9086 5.58
    endloop
  endfacet
  facet normal 0.302604 -0.804996 0.510307
    outer loop
      vertex 17.3495 67.0794 4.78
      vertex 17.4184 67.1053 4.78
      vertex 17.1677 67.5182 5.58
    endloop
  endfacet
  facet normal -0.545687 0.664672 0.51033
    outer loop
      vertex 18.754 64.7706 5.58
      vertex 18.835 64.8371 5.58
      vertex 18.5218 65.1942 4.78
    endloop
  endfacet
  facet normal 0.545687 -0.664672 0.51033
    outer loop
      vertex 17.0382 66.8858 4.78
      vertex 16.806 67.3094 5.58
      vertex 16.725 67.2429 5.58
    endloop
  endfacet
  facet normal 0.758228 0.405812 0.5103
    outer loop
      vertex 16.3944 65.24 5.58
      vertex 16.8057 65.4775 4.78
      vertex 16.345 65.3323 5.58
    endloop
  endfacet
  facet normal 0.501003 -0.698941 0.51037
    outer loop
      vertex 17.155 66.9754 4.78
      vertex 16.8911 67.3704 5.58
      vertex 16.806 67.3094 5.58
    endloop
  endfacet
  facet normal 0.664748 0.545584 0.51034
    outer loop
      vertex 16.9342 65.2982 4.78
      vertex 16.8875 65.3551 4.78
      vertex 16.5106 65.066 5.58
    endloop
  endfacet
  facet normal 0.545584 0.664748 0.51034
    outer loop
      vertex 17.0951 65.1475 4.78
      vertex 17.0382 65.1942 4.78
      vertex 16.806 64.7706 5.58
    endloop
  endfacet
  facet normal -0.139646 -0.848557 0.510343
    outer loop
      vertex 17.9995 67.1434 4.78
      vertex 18.0921 67.6093 5.58
      vertex 17.9888 67.6263 5.58
    endloop
  endfacet
  facet normal -0.500731 -0.699156 0.510342
    outer loop
      vertex 18.4649 66.9325 4.78
      vertex 18.754 67.3094 5.58
      vertex 18.405 66.9754 4.78
    endloop
  endfacet
  facet normal 0.195078 -0.83755 0.510348
    outer loop
      vertex 17.4888 67.1267 4.78
      vertex 17.5605 67.1434 4.78
      vertex 17.4679 67.6093 5.58
    endloop
  endfacet
  facet normal -0.140057 -0.84851 0.510309
    outer loop
      vertex 17.9995 67.1434 4.78
      vertex 17.9888 67.6263 5.58
      vertex 17.9268 67.1554 4.78
    endloop
  endfacet
  facet normal -0.837488 -0.195414 0.51032
    outer loop
      vertex 19.3493 66.3521 5.58
      vertex 19.3255 66.4541 5.58
      vertex 18.8667 66.3312 4.78
    endloop
  endfacet
  facet normal -0.354898 0.783343 0.510314
    outer loop
      vertex 18.3923 64.5618 5.58
      vertex 18.2776 65.031 4.78
      vertex 18.2105 65.0006 4.78
    endloop
  endfacet
  facet normal -0.250117 -0.822816 0.510309
    outer loop
      vertex 18.1416 67.1053 4.78
      vertex 18.1941 67.5855 5.58
      vertex 18.0712 67.1267 4.78
    endloop
  endfacet
  facet normal 0.698941 -0.501003 0.51037
    outer loop
      vertex 16.8446 66.665 4.78
      vertex 16.5106 67.014 5.58
      vertex 16.4496 66.9289 5.58
    endloop
  endfacet
  facet normal -0.249671 -0.822928 0.510347
    outer loop
      vertex 18.2943 67.5551 5.58
      vertex 18.1941 67.5855 5.58
      vertex 18.1416 67.1053 4.78
    endloop
  endfacet
  facet normal 0.302604 0.804996 0.510307
    outer loop
      vertex 17.4184 64.9747 4.78
      vertex 17.3495 65.0006 4.78
      vertex 17.1677 64.5618 5.58
    endloop
  endfacet
  facet normal -0.250117 0.822816 0.510309
    outer loop
      vertex 18.1941 64.4945 5.58
      vertex 18.1416 64.9747 4.78
      vertex 18.0712 64.9533 4.78
    endloop
  endfacet
  facet normal 0.354898 0.783343 0.510314
    outer loop
      vertex 17.3495 65.0006 4.78
      vertex 17.2824 65.031 4.78
      vertex 17.1677 64.5618 5.58
    endloop
  endfacet
  facet normal -0.822928 0.249671 0.510347
    outer loop
      vertex 19.2951 65.5257 5.58
      vertex 19.3255 65.6259 5.58
      vertex 18.8453 65.6784 4.78
    endloop
  endfacet
  facet normal 0.664672 0.545687 0.51033
    outer loop
      vertex 16.5771 64.985 5.58
      vertex 16.9342 65.2982 4.78
      vertex 16.5106 65.066 5.58
    endloop
  endfacet
  facet normal 0.303035 -0.804809 0.510346
    outer loop
      vertex 17.4184 67.1053 4.78
      vertex 17.2657 67.5551 5.58
      vertex 17.1677 67.5182 5.58
    endloop
  endfacet
  facet normal -0.139646 0.848557 0.510343
    outer loop
      vertex 18.0921 64.4707 5.58
      vertex 17.9995 64.9366 4.78
      vertex 17.9888 64.4537 5.58
    endloop
  endfacet
  facet normal -0.73061 0.453652 0.510303
    outer loop
      vertex 19.1104 65.1511 5.58
      vertex 19.1656 65.24 5.58
      vertex 18.7543 65.4775 4.78
    endloop
  endfacet
  facet normal 0.664748 -0.545584 0.51034
    outer loop
      vertex 16.8875 66.7249 4.78
      vertex 16.9342 66.7818 4.78
      vertex 16.5106 67.014 5.58
    endloop
  endfacet
  facet normal -0.249671 0.822928 0.510347
    outer loop
      vertex 18.1941 64.4945 5.58
      vertex 18.2943 64.5249 5.58
      vertex 18.1416 64.9747 4.78
    endloop
  endfacet
  facet normal -0.303035 0.804809 0.510346
    outer loop
      vertex 18.2943 64.5249 5.58
      vertex 18.3923 64.5618 5.58
      vertex 18.1416 64.9747 4.78
    endloop
  endfacet
  facet normal 0.698941 0.501003 0.51037
    outer loop
      vertex 16.5106 65.066 5.58
      vertex 16.8446 65.415 4.78
      vertex 16.4496 65.1511 5.58
    endloop
  endfacet
  facet normal 0.139646 -0.848557 0.510343
    outer loop
      vertex 17.5605 67.1434 4.78
      vertex 17.5712 67.6263 5.58
      vertex 17.4679 67.6093 5.58
    endloop
  endfacet
  facet normal 0.758384 -0.405484 0.51033
    outer loop
      vertex 16.771 66.5376 4.78
      vertex 16.8057 66.6025 4.78
      vertex 16.345 66.7477 5.58
    endloop
  endfacet
  facet normal 0.783402 0.354748 0.510328
    outer loop
      vertex 16.345 65.3323 5.58
      vertex 16.771 65.5424 4.78
      vertex 16.3018 65.4277 5.58
    endloop
  endfacet
  facet normal 0.83755 -0.195078 0.510348
    outer loop
      vertex 16.6766 66.2595 4.78
      vertex 16.6933 66.3312 4.78
      vertex 16.2107 66.3521 5.58
    endloop
  endfacet
  facet normal 0.84851 0.140057 0.510309
    outer loop
      vertex 16.6766 65.8205 4.78
      vertex 16.6646 65.8932 4.78
      vertex 16.1937 65.8312 5.58
    endloop
  endfacet
  facet normal 0.855863 0.0841832 0.510306
    outer loop
      vertex 16.6646 65.8932 4.78
      vertex 16.6574 65.9664 4.78
      vertex 16.1937 65.8312 5.58
    endloop
  endfacet
  facet normal 0.454407 0.730088 0.510378
    outer loop
      vertex 17.2175 65.0657 4.78
      vertex 17.155 65.1046 4.78
      vertex 16.8911 64.7096 5.58
    endloop
  endfacet
  facet normal -0.758228 -0.405812 0.5103
    outer loop
      vertex 19.215 66.7477 5.58
      vertex 19.1656 66.84 5.58
      vertex 18.7543 66.6025 4.78
    endloop
  endfacet
  facet normal -0.83755 -0.195078 0.510348
    outer loop
      vertex 18.8834 66.2595 4.78
      vertex 19.3493 66.3521 5.58
      vertex 18.8667 66.3312 4.78
    endloop
  endfacet
  facet normal -0.587903 0.627642 0.510328
    outer loop
      vertex 18.835 64.8371 5.58
      vertex 18.5755 65.2445 4.78
      vertex 18.5218 65.1942 4.78
    endloop
  endfacet
  facet normal 0.195414 0.837488 0.51032
    outer loop
      vertex 17.4679 64.4707 5.58
      vertex 17.4888 64.9533 4.78
      vertex 17.3659 64.4945 5.58
    endloop
  endfacet
  facet normal 0.250117 0.822816 0.510309
    outer loop
      vertex 17.4888 64.9533 4.78
      vertex 17.4184 64.9747 4.78
      vertex 17.3659 64.4945 5.58
    endloop
  endfacet
  facet normal -0.0279385 -0.859519 0.510339
    outer loop
      vertex 17.8846 67.6366 5.58
      vertex 17.78 67.64 5.58
      vertex 17.78 67.165 4.78
    endloop
  endfacet
  facet normal 0.587903 -0.627642 0.510328
    outer loop
      vertex 16.9845 66.8355 4.78
      vertex 17.0382 66.8858 4.78
      vertex 16.725 67.2429 5.58
    endloop
  endfacet
  facet normal 0.354748 -0.783402 0.510328
    outer loop
      vertex 17.2824 67.049 4.78
      vertex 17.1677 67.5182 5.58
      vertex 17.0723 67.475 5.58
    endloop
  endfacet
  facet normal -0.587903 -0.627642 0.510328
    outer loop
      vertex 18.5755 66.8355 4.78
      vertex 18.835 67.2429 5.58
      vertex 18.5218 66.8858 4.78
    endloop
  endfacet
  facet normal 0.783402 -0.354748 0.510328
    outer loop
      vertex 16.771 66.5376 4.78
      vertex 16.345 66.7477 5.58
      vertex 16.3018 66.6523 5.58
    endloop
  endfacet
  facet normal -0.664672 -0.545687 0.51033
    outer loop
      vertex 19.0494 67.014 5.58
      vertex 18.9829 67.095 5.58
      vertex 18.6258 66.7818 4.78
    endloop
  endfacet
  facet normal -0.405812 -0.758228 0.5103
    outer loop
      vertex 18.58 67.4256 5.58
      vertex 18.4877 67.475 5.58
      vertex 18.3425 67.0143 4.78
    endloop
  endfacet
  facet normal -0.855802 -0.0845946 0.51034
    outer loop
      vertex 19.3766 66.1446 5.58
      vertex 19.3663 66.2488 5.58
      vertex 18.9026 66.1136 4.78
    endloop
  endfacet
  facet normal -0.730088 -0.454407 0.510378
    outer loop
      vertex 18.7543 66.6025 4.78
      vertex 19.1104 66.9289 5.58
      vertex 18.7154 66.665 4.78
    endloop
  endfacet
  facet normal -0.783343 -0.354898 0.510314
    outer loop
      vertex 18.8194 66.4705 4.78
      vertex 19.2582 66.6523 5.58
      vertex 18.789 66.5376 4.78
    endloop
  endfacet
  facet normal 0.587616 -0.627886 0.510359
    outer loop
      vertex 16.9845 66.8355 4.78
      vertex 16.725 67.2429 5.58
      vertex 16.6486 67.1714 5.58
    endloop
  endfacet
  facet normal 0.837488 -0.195414 0.51032
    outer loop
      vertex 16.6933 66.3312 4.78
      vertex 16.2345 66.4541 5.58
      vertex 16.2107 66.3521 5.58
    endloop
  endfacet
  facet normal 0.822816 -0.250117 0.510309
    outer loop
      vertex 16.6933 66.3312 4.78
      vertex 16.7147 66.4016 4.78
      vertex 16.2345 66.4541 5.58
    endloop
  endfacet
  facet normal 0.627886 -0.587616 0.510359
    outer loop
      vertex 16.9845 66.8355 4.78
      vertex 16.6486 67.1714 5.58
      vertex 16.5771 67.095 5.58
    endloop
  endfacet
  facet normal -0.545584 -0.664748 0.51034
    outer loop
      vertex 18.5218 66.8858 4.78
      vertex 18.754 67.3094 5.58
      vertex 18.4649 66.9325 4.78
    endloop
  endfacet
  facet normal 0.699156 0.500731 0.510342
    outer loop
      vertex 16.8875 65.3551 4.78
      vertex 16.8446 65.415 4.78
      vertex 16.5106 65.066 5.58
    endloop
  endfacet
  facet normal -0.758384 0.405484 0.51033
    outer loop
      vertex 19.215 65.3323 5.58
      vertex 18.789 65.5424 4.78
      vertex 18.7543 65.4775 4.78
    endloop
  endfacet
  facet normal -0.783343 0.354898 0.510314
    outer loop
      vertex 19.2582 65.4277 5.58
      vertex 18.8194 65.6095 4.78
      vertex 18.789 65.5424 4.78
    endloop
  endfacet
  facet normal -0.822928 -0.249671 0.510347
    outer loop
      vertex 19.3255 66.4541 5.58
      vertex 19.2951 66.5543 5.58
      vertex 18.8453 66.4016 4.78
    endloop
  endfacet
  facet normal -0.699156 -0.500731 0.510342
    outer loop
      vertex 18.7154 66.665 4.78
      vertex 19.0494 67.014 5.58
      vertex 18.6725 66.7249 4.78
    endloop
  endfacet
  facet normal 0.758384 0.405484 0.51033
    outer loop
      vertex 16.8057 65.4775 4.78
      vertex 16.771 65.5424 4.78
      vertex 16.345 65.3323 5.58
    endloop
  endfacet
  facet normal 0.730088 0.454407 0.510378
    outer loop
      vertex 16.8446 65.415 4.78
      vertex 16.8057 65.4775 4.78
      vertex 16.4496 65.1511 5.58
    endloop
  endfacet
  facet normal -0.804809 -0.303035 0.510346
    outer loop
      vertex 19.2951 66.5543 5.58
      vertex 19.2582 66.6523 5.58
      vertex 18.8453 66.4016 4.78
    endloop
  endfacet
  facet normal 0.545584 -0.664748 0.51034
    outer loop
      vertex 17.0382 66.8858 4.78
      vertex 17.0951 66.9325 4.78
      vertex 16.806 67.3094 5.58
    endloop
  endfacet
  facet normal 0.758228 -0.405812 0.5103
    outer loop
      vertex 16.8057 66.6025 4.78
      vertex 16.3944 66.84 5.58
      vertex 16.345 66.7477 5.58
    endloop
  endfacet
  facet normal -0.627886 -0.587616 0.510359
    outer loop
      vertex 18.9829 67.095 5.58
      vertex 18.9114 67.1714 5.58
      vertex 18.5755 66.8355 4.78
    endloop
  endfacet
  facet normal 0.627642 -0.587903 0.510328
    outer loop
      vertex 16.9342 66.7818 4.78
      vertex 16.9845 66.8355 4.78
      vertex 16.5771 67.095 5.58
    endloop
  endfacet
  facet normal 0.500731 -0.699156 0.510342
    outer loop
      vertex 17.0951 66.9325 4.78
      vertex 17.155 66.9754 4.78
      vertex 16.806 67.3094 5.58
    endloop
  endfacet
  facet normal -0.195078 -0.83755 0.510348
    outer loop
      vertex 18.0712 67.1267 4.78
      vertex 18.0921 67.6093 5.58
      vertex 17.9995 67.1434 4.78
    endloop
  endfacet
  facet normal -0.664748 -0.545584 0.51034
    outer loop
      vertex 18.6725 66.7249 4.78
      vertex 19.0494 67.014 5.58
      vertex 18.6258 66.7818 4.78
    endloop
  endfacet
  facet normal -0.354898 -0.783343 0.510314
    outer loop
      vertex 18.2776 67.049 4.78
      vertex 18.3923 67.5182 5.58
      vertex 18.2105 67.0794 4.78
    endloop
  endfacet
  facet normal 0.783343 -0.354898 0.510314
    outer loop
      vertex 16.7406 66.4705 4.78
      vertex 16.771 66.5376 4.78
      vertex 16.3018 66.6523 5.58
    endloop
  endfacet
  facet normal -0.302604 -0.804996 0.510307
    outer loop
      vertex 18.2105 67.0794 4.78
      vertex 18.3923 67.5182 5.58
      vertex 18.1416 67.1053 4.78
    endloop
  endfacet
  facet normal -0.454407 -0.730088 0.510378
    outer loop
      vertex 18.405 66.9754 4.78
      vertex 18.6689 67.3704 5.58
      vertex 18.3425 67.0143 4.78
    endloop
  endfacet
  facet normal -0.804996 -0.302604 0.510307
    outer loop
      vertex 18.8453 66.4016 4.78
      vertex 19.2582 66.6523 5.58
      vertex 18.8194 66.4705 4.78
    endloop
  endfacet
  facet normal -0.822816 -0.250117 0.510309
    outer loop
      vertex 18.8667 66.3312 4.78
      vertex 19.3255 66.4541 5.58
      vertex 18.8453 66.4016 4.78
    endloop
  endfacet
  facet normal -0.405484 -0.758384 0.51033
    outer loop
      vertex 18.3425 67.0143 4.78
      vertex 18.4877 67.475 5.58
      vertex 18.2776 67.049 4.78
    endloop
  endfacet
  facet normal -0.587616 -0.627886 0.510359
    outer loop
      vertex 18.9114 67.1714 5.58
      vertex 18.835 67.2429 5.58
      vertex 18.5755 66.8355 4.78
    endloop
  endfacet
  facet normal 0.859512 0.0280276 0.510347
    outer loop
      vertex 16.6574 65.9664 4.78
      vertex 16.655 66.04 4.78
      vertex 16.1834 65.9354 5.58
    endloop
  endfacet
  facet normal 0.859519 0.0279385 0.510339
    outer loop
      vertex 16.1834 65.9354 5.58
      vertex 16.655 66.04 4.78
      vertex 16.18 66.04 5.58
    endloop
  endfacet
  facet normal 0.454407 -0.730088 0.510378
    outer loop
      vertex 17.155 66.9754 4.78
      vertex 17.2175 67.0143 4.78
      vertex 16.8911 67.3704 5.58
    endloop
  endfacet
  facet normal 0.405812 -0.758228 0.5103
    outer loop
      vertex 17.2175 67.0143 4.78
      vertex 17.0723 67.475 5.58
      vertex 16.98 67.4256 5.58
    endloop
  endfacet
  facet normal 0.783343 0.354898 0.510314
    outer loop
      vertex 16.771 65.5424 4.78
      vertex 16.7406 65.6095 4.78
      vertex 16.3018 65.4277 5.58
    endloop
  endfacet
  facet normal 0.804996 0.302604 0.510307
    outer loop
      vertex 16.7406 65.6095 4.78
      vertex 16.7147 65.6784 4.78
      vertex 16.3018 65.4277 5.58
    endloop
  endfacet
  facet normal -0.758384 -0.405484 0.51033
    outer loop
      vertex 18.789 66.5376 4.78
      vertex 19.215 66.7477 5.58
      vertex 18.7543 66.6025 4.78
    endloop
  endfacet
  facet normal -0.84851 -0.140057 0.510309
    outer loop
      vertex 18.8954 66.1868 4.78
      vertex 19.3663 66.2488 5.58
      vertex 18.8834 66.2595 4.78
    endloop
  endfacet
  facet normal -0.855863 -0.0841832 0.510306
    outer loop
      vertex 18.9026 66.1136 4.78
      vertex 19.3663 66.2488 5.58
      vertex 18.8954 66.1868 4.78
    endloop
  endfacet
  facet normal 0.995173 0.0981365 0
    outer loop
      vertex 48.8134 66.2428 5.6
      vertex 48.7935 66.4446 2.4
      vertex 48.7935 66.4446 5.6
    endloop
  endfacet
  facet normal 0.995173 0.0981365 0
    outer loop
      vertex 48.7935 66.4446 2.4
      vertex 48.8134 66.2428 5.6
      vertex 48.8134 66.2428 2.4
    endloop
  endfacet
  facet normal 0.999471 0.0325272 0
    outer loop
      vertex 48.82 66.04 5.6
      vertex 48.8134 66.2428 2.4
      vertex 48.8134 66.2428 5.6
    endloop
  endfacet
  facet normal 0.999471 0.0325272 0
    outer loop
      vertex 48.8134 66.2428 2.4
      vertex 48.82 66.04 5.6
      vertex 48.82 66.04 2.4
    endloop
  endfacet
  facet normal 0.986606 0.16312 0
    outer loop
      vertex 48.7935 66.4446 5.6
      vertex 48.7604 66.6448 2.4
      vertex 48.7604 66.6448 5.6
    endloop
  endfacet
  facet normal 0.986606 0.16312 0
    outer loop
      vertex 48.7604 66.6448 2.4
      vertex 48.7935 66.4446 5.6
      vertex 48.7935 66.4446 2.4
    endloop
  endfacet
  facet normal 0.849297 -0.527915 0
    outer loop
      vertex 48.2976 64.3177 5.6
      vertex 48.4047 64.49 2.4
      vertex 48.4047 64.49 5.6
    endloop
  endfacet
  facet normal 0.849297 -0.527915 0
    outer loop
      vertex 48.4047 64.49 2.4
      vertex 48.2976 64.3177 5.6
      vertex 48.2976 64.3177 2.4
    endloop
  endfacet
  facet normal -0.910923 -0.412577 0
    outer loop
      vertex 42.9397 64.6689 2.4
      vertex 42.856 64.8537 5.6
      vertex 42.856 64.8537 2.4
    endloop
  endfacet
  facet normal -0.910923 -0.412577 0
    outer loop
      vertex 42.856 64.8537 5.6
      vertex 42.9397 64.6689 2.4
      vertex 42.9397 64.6689 5.6
    endloop
  endfacet
  facet normal -0.973932 -0.22684 0
    outer loop
      vertex 42.7256 65.2377 2.4
      vertex 42.6796 65.4352 5.6
      vertex 42.6796 65.4352 2.4
    endloop
  endfacet
  facet normal -0.973932 -0.22684 0
    outer loop
      vertex 42.6796 65.4352 5.6
      vertex 42.7256 65.2377 2.4
      vertex 42.7256 65.2377 5.6
    endloop
  endfacet
  facet normal 0.935801 -0.352528 0
    outer loop
      vertex 48.584 64.8537 5.6
      vertex 48.6555 65.0435 2.4
      vertex 48.6555 65.0435 5.6
    endloop
  endfacet
  facet normal 0.935801 -0.352528 0
    outer loop
      vertex 48.6555 65.0435 2.4
      vertex 48.584 64.8537 5.6
      vertex 48.584 64.8537 2.4
    endloop
  endfacet
  facet normal -0.22684 0.973932 0
    outer loop
      vertex 45.1152 69.0804 2.4
      vertex 44.9177 69.0344 5.6
      vertex 45.1152 69.0804 5.6
    endloop
  endfacet
  facet normal -0.22684 0.973932 0
    outer loop
      vertex 44.9177 69.0344 5.6
      vertex 45.1152 69.0804 2.4
      vertex 44.9177 69.0344 2.4
    endloop
  endfacet
  facet normal -0.471305 -0.881971 0
    outer loop
      vertex 44.17 63.3553 2.4
      vertex 44.3489 63.2597 5.6
      vertex 44.17 63.3553 5.6
    endloop
  endfacet
  facet normal -0.471305 -0.881971 -0
    outer loop
      vertex 44.3489 63.2597 5.6
      vertex 44.17 63.3553 2.4
      vertex 44.3489 63.2597 2.4
    endloop
  endfacet
  facet normal 0.22684 -0.973932 0
    outer loop
      vertex 46.3248 62.9996 2.4
      vertex 46.5223 63.0456 5.6
      vertex 46.3248 62.9996 5.6
    endloop
  endfacet
  facet normal 0.22684 -0.973932 0
    outer loop
      vertex 46.5223 63.0456 5.6
      vertex 46.3248 62.9996 2.4
      vertex 46.5223 63.0456 2.4
    endloop
  endfacet
  facet normal 0.0325432 -0.99947 0
    outer loop
      vertex 45.72 62.94 2.4
      vertex 45.9227 62.9466 5.6
      vertex 45.72 62.94 5.6
    endloop
  endfacet
  facet normal 0.0325432 -0.99947 0
    outer loop
      vertex 45.9227 62.9466 5.6
      vertex 45.72 62.94 2.4
      vertex 45.9227 62.9466 2.4
    endloop
  endfacet
  facet normal 0.16312 -0.986606 0
    outer loop
      vertex 46.1246 62.9665 2.4
      vertex 46.3248 62.9996 5.6
      vertex 46.1246 62.9665 5.6
    endloop
  endfacet
  facet normal 0.16312 -0.986606 0
    outer loop
      vertex 46.3248 62.9996 5.6
      vertex 46.1246 62.9665 2.4
      vertex 46.3248 62.9996 2.4
    endloop
  endfacet
  facet normal 0.582589 -0.812767 0
    outer loop
      vertex 47.4423 63.4624 2.4
      vertex 47.6072 63.5806 5.6
      vertex 47.4423 63.4624 5.6
    endloop
  endfacet
  facet normal 0.582589 -0.812767 0
    outer loop
      vertex 47.6072 63.5806 5.6
      vertex 47.4423 63.4624 2.4
      vertex 47.6072 63.5806 2.4
    endloop
  endfacet
  facet normal -0.68381 0.72966 0
    outer loop
      vertex 43.676 68.3707 2.4
      vertex 43.528 68.232 5.6
      vertex 43.676 68.3707 5.6
    endloop
  endfacet
  facet normal -0.68381 0.72966 0
    outer loop
      vertex 43.528 68.232 5.6
      vertex 43.676 68.3707 2.4
      vertex 43.528 68.232 2.4
    endloop
  endfacet
  facet normal -0.973932 0.22684 0
    outer loop
      vertex 42.6796 66.6448 2.4
      vertex 42.7256 66.8423 5.6
      vertex 42.7256 66.8423 2.4
    endloop
  endfacet
  facet normal -0.973932 0.22684 0
    outer loop
      vertex 42.7256 66.8423 5.6
      vertex 42.6796 66.6448 2.4
      vertex 42.6796 66.6448 5.6
    endloop
  endfacet
  facet normal -0.995173 0.0981365 0
    outer loop
      vertex 42.6266 66.2428 2.4
      vertex 42.6465 66.4446 5.6
      vertex 42.6465 66.4446 2.4
    endloop
  endfacet
  facet normal -0.995173 0.0981365 0
    outer loop
      vertex 42.6465 66.4446 5.6
      vertex 42.6266 66.2428 2.4
      vertex 42.6266 66.2428 5.6
    endloop
  endfacet
  facet normal -0.352528 0.935801 0
    outer loop
      vertex 44.7235 68.9755 2.4
      vertex 44.5337 68.904 5.6
      vertex 44.7235 68.9755 5.6
    endloop
  endfacet
  facet normal -0.352528 0.935801 0
    outer loop
      vertex 44.5337 68.904 5.6
      vertex 44.7235 68.9755 2.4
      vertex 44.5337 68.904 2.4
    endloop
  endfacet
  facet normal -0.995173 -0.0981365 0
    outer loop
      vertex 42.6465 65.6354 2.4
      vertex 42.6266 65.8372 5.6
      vertex 42.6266 65.8372 2.4
    endloop
  endfacet
  facet normal -0.995173 -0.0981365 0
    outer loop
      vertex 42.6266 65.8372 5.6
      vertex 42.6465 65.6354 2.4
      vertex 42.6465 65.6354 5.6
    endloop
  endfacet
  facet normal 0.72966 -0.68381 0
    outer loop
      vertex 47.912 63.848 5.6
      vertex 48.0507 63.996 2.4
      vertex 48.0507 63.996 5.6
    endloop
  endfacet
  facet normal 0.72966 -0.68381 0
    outer loop
      vertex 48.0507 63.996 2.4
      vertex 47.912 63.848 5.6
      vertex 47.912 63.848 2.4
    endloop
  endfacet
  facet normal 0.956954 -0.29024 0
    outer loop
      vertex 48.6555 65.0435 5.6
      vertex 48.7144 65.2377 2.4
      vertex 48.7144 65.2377 5.6
    endloop
  endfacet
  facet normal 0.956954 -0.29024 0
    outer loop
      vertex 48.7144 65.2377 2.4
      vertex 48.6555 65.0435 5.6
      vertex 48.6555 65.0435 2.4
    endloop
  endfacet
  facet normal -0.527915 0.849297 0
    outer loop
      vertex 44.17 68.7247 2.4
      vertex 43.9977 68.6176 5.6
      vertex 44.17 68.7247 5.6
    endloop
  endfacet
  facet normal -0.527915 0.849297 0
    outer loop
      vertex 43.9977 68.6176 5.6
      vertex 44.17 68.7247 2.4
      vertex 43.9977 68.6176 2.4
    endloop
  endfacet
  facet normal 0.634445 0.772968 -0
    outer loop
      vertex 47.764 68.3707 2.4
      vertex 47.6072 68.4994 5.6
      vertex 47.764 68.3707 5.6
    endloop
  endfacet
  facet normal 0.634445 0.772968 0
    outer loop
      vertex 47.6072 68.4994 5.6
      vertex 47.764 68.3707 2.4
      vertex 47.6072 68.4994 2.4
    endloop
  endfacet
  facet normal -0.29024 0.956954 0
    outer loop
      vertex 44.9177 69.0344 2.4
      vertex 44.7235 68.9755 5.6
      vertex 44.9177 69.0344 5.6
    endloop
  endfacet
  facet normal -0.29024 0.956954 0
    outer loop
      vertex 44.7235 68.9755 5.6
      vertex 44.9177 69.0344 2.4
      vertex 44.7235 68.9755 2.4
    endloop
  endfacet
  facet normal 0.471305 -0.881971 0
    outer loop
      vertex 47.0911 63.2597 2.4
      vertex 47.27 63.3553 5.6
      vertex 47.0911 63.2597 5.6
    endloop
  endfacet
  facet normal 0.471305 -0.881971 0
    outer loop
      vertex 47.27 63.3553 5.6
      vertex 47.0911 63.2597 2.4
      vertex 47.27 63.3553 2.4
    endloop
  endfacet
  facet normal 0 0 1
    outer loop
      vertex 48.8134 66.2428 5.6
      vertex 48.8134 65.8372 5.6
      vertex 48.82 66.04 5.6
    endloop
  endfacet
  facet normal 0 0 1
    outer loop
      vertex 48.7935 66.4446 5.6
      vertex 48.8134 65.8372 5.6
      vertex 48.8134 66.2428 5.6
    endloop
  endfacet
  facet normal 0 0 1
    outer loop
      vertex 48.7935 66.4446 5.6
      vertex 48.7935 65.6354 5.6
      vertex 48.8134 65.8372 5.6
    endloop
  endfacet
  facet normal 0 0 1
    outer loop
      vertex 48.7604 66.6448 5.6
      vertex 48.7935 65.6354 5.6
      vertex 48.7935 66.4446 5.6
    endloop
  endfacet
  facet normal 0 0 1
    outer loop
      vertex 48.7604 66.6448 5.6
      vertex 48.7604 65.4352 5.6
      vertex 48.7935 65.6354 5.6
    endloop
  endfacet
  facet normal 0 0 1
    outer loop
      vertex 48.7144 66.8423 5.6
      vertex 48.7604 65.4352 5.6
      vertex 48.7604 66.6448 5.6
    endloop
  endfacet
  facet normal 0 0 1
    outer loop
      vertex 48.7144 66.8423 5.6
      vertex 48.7144 65.2377 5.6
      vertex 48.7604 65.4352 5.6
    endloop
  endfacet
  facet normal 0 0 1
    outer loop
      vertex 48.6555 67.0365 5.6
      vertex 48.7144 65.2377 5.6
      vertex 48.7144 66.8423 5.6
    endloop
  endfacet
  facet normal 0 0 1
    outer loop
      vertex 48.6555 67.0365 5.6
      vertex 48.6555 65.0435 5.6
      vertex 48.7144 65.2377 5.6
    endloop
  endfacet
  facet normal 0 0 1
    outer loop
      vertex 48.584 67.2263 5.6
      vertex 48.6555 65.0435 5.6
      vertex 48.6555 67.0365 5.6
    endloop
  endfacet
  facet normal 0 0 1
    outer loop
      vertex 48.584 67.2263 5.6
      vertex 48.584 64.8537 5.6
      vertex 48.6555 65.0435 5.6
    endloop
  endfacet
  facet normal 0 0 1
    outer loop
      vertex 48.5003 67.4111 5.6
      vertex 48.584 64.8537 5.6
      vertex 48.584 67.2263 5.6
    endloop
  endfacet
  facet normal 0 0 1
    outer loop
      vertex 48.5003 67.4111 5.6
      vertex 48.5003 64.6689 5.6
      vertex 48.584 64.8537 5.6
    endloop
  endfacet
  facet normal 0 0 1
    outer loop
      vertex 48.4047 67.59 5.6
      vertex 48.5003 64.6689 5.6
      vertex 48.5003 67.4111 5.6
    endloop
  endfacet
  facet normal 0 0 1
    outer loop
      vertex 48.4047 67.59 5.6
      vertex 48.4047 64.49 5.6
      vertex 48.5003 64.6689 5.6
    endloop
  endfacet
  facet normal 0 0 1
    outer loop
      vertex 48.2976 67.7623 5.6
      vertex 48.4047 64.49 5.6
      vertex 48.4047 67.59 5.6
    endloop
  endfacet
  facet normal 0 0 1
    outer loop
      vertex 48.2976 67.7623 5.6
      vertex 48.2976 64.3177 5.6
      vertex 48.4047 64.49 5.6
    endloop
  endfacet
  facet normal 0 0 1
    outer loop
      vertex 48.1794 67.9272 5.6
      vertex 48.2976 64.3177 5.6
      vertex 48.2976 67.7623 5.6
    endloop
  endfacet
  facet normal 0 0 1
    outer loop
      vertex 48.1794 67.9272 5.6
      vertex 48.1794 64.1528 5.6
      vertex 48.2976 64.3177 5.6
    endloop
  endfacet
  facet normal 0 0 1
    outer loop
      vertex 48.0507 68.084 5.6
      vertex 48.1794 64.1528 5.6
      vertex 48.1794 67.9272 5.6
    endloop
  endfacet
  facet normal 0 0 1
    outer loop
      vertex 48.0507 68.084 5.6
      vertex 48.0507 63.996 5.6
      vertex 48.1794 64.1528 5.6
    endloop
  endfacet
  facet normal 0 0 1
    outer loop
      vertex 47.912 68.232 5.6
      vertex 48.0507 63.996 5.6
      vertex 48.0507 68.084 5.6
    endloop
  endfacet
  facet normal 0 0 1
    outer loop
      vertex 47.912 68.232 5.6
      vertex 47.912 63.848 5.6
      vertex 48.0507 63.996 5.6
    endloop
  endfacet
  facet normal 0 0 1
    outer loop
      vertex 47.764 68.3707 5.6
      vertex 47.912 63.848 5.6
      vertex 47.912 68.232 5.6
    endloop
  endfacet
  facet normal 0 0 1
    outer loop
      vertex 47.764 68.3707 5.6
      vertex 47.764 63.7093 5.6
      vertex 47.912 63.848 5.6
    endloop
  endfacet
  facet normal 0 0 1
    outer loop
      vertex 47.6072 68.4994 5.6
      vertex 47.764 63.7093 5.6
      vertex 47.764 68.3707 5.6
    endloop
  endfacet
  facet normal 0 0 1
    outer loop
      vertex 47.6072 68.4994 5.6
      vertex 47.6072 63.5806 5.6
      vertex 47.764 63.7093 5.6
    endloop
  endfacet
  facet normal 0 0 1
    outer loop
      vertex 47.4423 68.6176 5.6
      vertex 47.6072 63.5806 5.6
      vertex 47.6072 68.4994 5.6
    endloop
  endfacet
  facet normal 0 0 1
    outer loop
      vertex 47.4423 68.6176 5.6
      vertex 47.4423 63.4624 5.6
      vertex 47.6072 63.5806 5.6
    endloop
  endfacet
  facet normal 0 0 1
    outer loop
      vertex 47.27 68.7247 5.6
      vertex 47.4423 63.4624 5.6
      vertex 47.4423 68.6176 5.6
    endloop
  endfacet
  facet normal 0 0 1
    outer loop
      vertex 47.27 68.7247 5.6
      vertex 47.27 63.3553 5.6
      vertex 47.4423 63.4624 5.6
    endloop
  endfacet
  facet normal 0 0 1
    outer loop
      vertex 47.0911 68.8203 5.6
      vertex 47.27 63.3553 5.6
      vertex 47.27 68.7247 5.6
    endloop
  endfacet
  facet normal 0 0 1
    outer loop
      vertex 47.0911 68.8203 5.6
      vertex 47.0911 63.2597 5.6
      vertex 47.27 63.3553 5.6
    endloop
  endfacet
  facet normal 0 0 1
    outer loop
      vertex 46.9063 68.904 5.6
      vertex 47.0911 63.2597 5.6
      vertex 47.0911 68.8203 5.6
    endloop
  endfacet
  facet normal 0 0 1
    outer loop
      vertex 46.9063 68.904 5.6
      vertex 46.9063 63.176 5.6
      vertex 47.0911 63.2597 5.6
    endloop
  endfacet
  facet normal 0 0 1
    outer loop
      vertex 46.7165 68.9755 5.6
      vertex 46.9063 63.176 5.6
      vertex 46.9063 68.904 5.6
    endloop
  endfacet
  facet normal 0 0 1
    outer loop
      vertex 46.7165 68.9755 5.6
      vertex 46.7165 63.1045 5.6
      vertex 46.9063 63.176 5.6
    endloop
  endfacet
  facet normal 0 0 1
    outer loop
      vertex 46.5223 69.0344 5.6
      vertex 46.7165 63.1045 5.6
      vertex 46.7165 68.9755 5.6
    endloop
  endfacet
  facet normal 0 0 1
    outer loop
      vertex 46.5223 69.0344 5.6
      vertex 46.5223 63.0456 5.6
      vertex 46.7165 63.1045 5.6
    endloop
  endfacet
  facet normal 0 0 1
    outer loop
      vertex 46.3248 69.0804 5.6
      vertex 46.5223 63.0456 5.6
      vertex 46.5223 69.0344 5.6
    endloop
  endfacet
  facet normal 0 0 1
    outer loop
      vertex 46.3248 69.0804 5.6
      vertex 46.3248 62.9996 5.6
      vertex 46.5223 63.0456 5.6
    endloop
  endfacet
  facet normal 0 0 1
    outer loop
      vertex 46.1246 69.1135 5.6
      vertex 46.3248 62.9996 5.6
      vertex 46.3248 69.0804 5.6
    endloop
  endfacet
  facet normal 0 0 1
    outer loop
      vertex 46.1246 69.1135 5.6
      vertex 46.1246 62.9665 5.6
      vertex 46.3248 62.9996 5.6
    endloop
  endfacet
  facet normal 0 0 1
    outer loop
      vertex 45.9227 69.1334 5.6
      vertex 46.1246 62.9665 5.6
      vertex 46.1246 69.1135 5.6
    endloop
  endfacet
  facet normal 0 0 1
    outer loop
      vertex 45.9227 69.1334 5.6
      vertex 45.9227 62.9466 5.6
      vertex 46.1246 62.9665 5.6
    endloop
  endfacet
  facet normal 0 0 1
    outer loop
      vertex 45.72 69.14 5.6
      vertex 45.9227 62.9466 5.6
      vertex 45.9227 69.1334 5.6
    endloop
  endfacet
  facet normal 0 0 1
    outer loop
      vertex 45.72 69.14 5.6
      vertex 45.72 62.94 5.6
      vertex 45.9227 62.9466 5.6
    endloop
  endfacet
  facet normal -0 0 1
    outer loop
      vertex 45.5173 69.1334 5.6
      vertex 45.72 62.94 5.6
      vertex 45.72 69.14 5.6
    endloop
  endfacet
  facet normal 0 0 1
    outer loop
      vertex 45.5173 69.1334 5.6
      vertex 45.5173 62.9466 5.6
      vertex 45.72 62.94 5.6
    endloop
  endfacet
  facet normal -0 0 1
    outer loop
      vertex 45.3154 69.1135 5.6
      vertex 45.5173 62.9466 5.6
      vertex 45.5173 69.1334 5.6
    endloop
  endfacet
  facet normal 0 0 1
    outer loop
      vertex 45.3154 69.1135 5.6
      vertex 45.3154 62.9665 5.6
      vertex 45.5173 62.9466 5.6
    endloop
  endfacet
  facet normal -0 0 1
    outer loop
      vertex 45.1152 69.0804 5.6
      vertex 45.3154 62.9665 5.6
      vertex 45.3154 69.1135 5.6
    endloop
  endfacet
  facet normal 0 0 1
    outer loop
      vertex 45.1152 69.0804 5.6
      vertex 45.1152 62.9996 5.6
      vertex 45.3154 62.9665 5.6
    endloop
  endfacet
  facet normal -0 0 1
    outer loop
      vertex 44.9177 69.0344 5.6
      vertex 45.1152 62.9996 5.6
      vertex 45.1152 69.0804 5.6
    endloop
  endfacet
  facet normal 0 0 1
    outer loop
      vertex 44.9177 69.0344 5.6
      vertex 44.9177 63.0456 5.6
      vertex 45.1152 62.9996 5.6
    endloop
  endfacet
  facet normal -0 0 1
    outer loop
      vertex 44.7235 68.9755 5.6
      vertex 44.9177 63.0456 5.6
      vertex 44.9177 69.0344 5.6
    endloop
  endfacet
  facet normal 0 0 1
    outer loop
      vertex 44.7235 68.9755 5.6
      vertex 44.7235 63.1045 5.6
      vertex 44.9177 63.0456 5.6
    endloop
  endfacet
  facet normal -0 0 1
    outer loop
      vertex 44.5337 68.904 5.6
      vertex 44.7235 63.1045 5.6
      vertex 44.7235 68.9755 5.6
    endloop
  endfacet
  facet normal 0 0 1
    outer loop
      vertex 44.5337 68.904 5.6
      vertex 44.5337 63.176 5.6
      vertex 44.7235 63.1045 5.6
    endloop
  endfacet
  facet normal -0 0 1
    outer loop
      vertex 44.3489 68.8203 5.6
      vertex 44.5337 63.176 5.6
      vertex 44.5337 68.904 5.6
    endloop
  endfacet
  facet normal 0 0 1
    outer loop
      vertex 44.3489 68.8203 5.6
      vertex 44.3489 63.2597 5.6
      vertex 44.5337 63.176 5.6
    endloop
  endfacet
  facet normal -0 0 1
    outer loop
      vertex 44.17 68.7247 5.6
      vertex 44.3489 63.2597 5.6
      vertex 44.3489 68.8203 5.6
    endloop
  endfacet
  facet normal 0 0 1
    outer loop
      vertex 44.17 68.7247 5.6
      vertex 44.17 63.3553 5.6
      vertex 44.3489 63.2597 5.6
    endloop
  endfacet
  facet normal -0 0 1
    outer loop
      vertex 43.9977 68.6176 5.6
      vertex 44.17 63.3553 5.6
      vertex 44.17 68.7247 5.6
    endloop
  endfacet
  facet normal 0 0 1
    outer loop
      vertex 43.9977 68.6176 5.6
      vertex 43.9977 63.4624 5.6
      vertex 44.17 63.3553 5.6
    endloop
  endfacet
  facet normal -0 0 1
    outer loop
      vertex 43.8328 68.4994 5.6
      vertex 43.9977 63.4624 5.6
      vertex 43.9977 68.6176 5.6
    endloop
  endfacet
  facet normal 0 0 1
    outer loop
      vertex 43.8328 68.4994 5.6
      vertex 43.8328 63.5806 5.6
      vertex 43.9977 63.4624 5.6
    endloop
  endfacet
  facet normal -0 0 1
    outer loop
      vertex 43.676 68.3707 5.6
      vertex 43.8328 63.5806 5.6
      vertex 43.8328 68.4994 5.6
    endloop
  endfacet
  facet normal 0 0 1
    outer loop
      vertex 43.676 68.3707 5.6
      vertex 43.676 63.7093 5.6
      vertex 43.8328 63.5806 5.6
    endloop
  endfacet
  facet normal -0 0 1
    outer loop
      vertex 43.528 68.232 5.6
      vertex 43.676 63.7093 5.6
      vertex 43.676 68.3707 5.6
    endloop
  endfacet
  facet normal 0 0 1
    outer loop
      vertex 43.528 68.232 5.6
      vertex 43.528 63.848 5.6
      vertex 43.676 63.7093 5.6
    endloop
  endfacet
  facet normal -0 0 1
    outer loop
      vertex 43.3893 68.084 5.6
      vertex 43.528 63.848 5.6
      vertex 43.528 68.232 5.6
    endloop
  endfacet
  facet normal 0 0 1
    outer loop
      vertex 43.3893 68.084 5.6
      vertex 43.3893 63.996 5.6
      vertex 43.528 63.848 5.6
    endloop
  endfacet
  facet normal -0 0 1
    outer loop
      vertex 43.2606 67.9272 5.6
      vertex 43.3893 63.996 5.6
      vertex 43.3893 68.084 5.6
    endloop
  endfacet
  facet normal 0 0 1
    outer loop
      vertex 43.2606 67.9272 5.6
      vertex 43.2606 64.1528 5.6
      vertex 43.3893 63.996 5.6
    endloop
  endfacet
  facet normal -0 0 1
    outer loop
      vertex 43.1424 67.7623 5.6
      vertex 43.2606 64.1528 5.6
      vertex 43.2606 67.9272 5.6
    endloop
  endfacet
  facet normal 0 0 1
    outer loop
      vertex 43.1424 67.7623 5.6
      vertex 43.1424 64.3177 5.6
      vertex 43.2606 64.1528 5.6
    endloop
  endfacet
  facet normal -0 0 1
    outer loop
      vertex 43.0353 67.59 5.6
      vertex 43.1424 64.3177 5.6
      vertex 43.1424 67.7623 5.6
    endloop
  endfacet
  facet normal 0 0 1
    outer loop
      vertex 43.0353 67.59 5.6
      vertex 43.0353 64.49 5.6
      vertex 43.1424 64.3177 5.6
    endloop
  endfacet
  facet normal -0 0 1
    outer loop
      vertex 42.9397 67.4111 5.6
      vertex 43.0353 64.49 5.6
      vertex 43.0353 67.59 5.6
    endloop
  endfacet
  facet normal 0 0 1
    outer loop
      vertex 42.9397 67.4111 5.6
      vertex 42.9397 64.6689 5.6
      vertex 43.0353 64.49 5.6
    endloop
  endfacet
  facet normal -0 0 1
    outer loop
      vertex 42.856 67.2263 5.6
      vertex 42.9397 64.6689 5.6
      vertex 42.9397 67.4111 5.6
    endloop
  endfacet
  facet normal 0 0 1
    outer loop
      vertex 42.856 67.2263 5.6
      vertex 42.856 64.8537 5.6
      vertex 42.9397 64.6689 5.6
    endloop
  endfacet
  facet normal -0 0 1
    outer loop
      vertex 42.7845 67.0365 5.6
      vertex 42.856 64.8537 5.6
      vertex 42.856 67.2263 5.6
    endloop
  endfacet
  facet normal 0 0 1
    outer loop
      vertex 42.7845 67.0365 5.6
      vertex 42.7845 65.0435 5.6
      vertex 42.856 64.8537 5.6
    endloop
  endfacet
  facet normal -0 0 1
    outer loop
      vertex 42.7256 66.8423 5.6
      vertex 42.7845 65.0435 5.6
      vertex 42.7845 67.0365 5.6
    endloop
  endfacet
  facet normal 0 0 1
    outer loop
      vertex 42.7256 66.8423 5.6
      vertex 42.7256 65.2377 5.6
      vertex 42.7845 65.0435 5.6
    endloop
  endfacet
  facet normal -0 0 1
    outer loop
      vertex 42.6796 66.6448 5.6
      vertex 42.7256 65.2377 5.6
      vertex 42.7256 66.8423 5.6
    endloop
  endfacet
  facet normal 0 0 1
    outer loop
      vertex 42.6796 66.6448 5.6
      vertex 42.6796 65.4352 5.6
      vertex 42.7256 65.2377 5.6
    endloop
  endfacet
  facet normal -0 0 1
    outer loop
      vertex 42.6465 66.4446 5.6
      vertex 42.6796 65.4352 5.6
      vertex 42.6796 66.6448 5.6
    endloop
  endfacet
  facet normal 0 0 1
    outer loop
      vertex 42.6465 66.4446 5.6
      vertex 42.6465 65.6354 5.6
      vertex 42.6796 65.4352 5.6
    endloop
  endfacet
  facet normal -0 0 1
    outer loop
      vertex 42.6266 66.2428 5.6
      vertex 42.6465 65.6354 5.6
      vertex 42.6465 66.4446 5.6
    endloop
  endfacet
  facet normal 0 0 1
    outer loop
      vertex 42.6266 66.2428 5.6
      vertex 42.6266 65.8372 5.6
      vertex 42.6465 65.6354 5.6
    endloop
  endfacet
  facet normal 0 -0 1
    outer loop
      vertex 42.6266 65.8372 5.6
      vertex 42.6266 66.2428 5.6
      vertex 42.62 66.04 5.6
    endloop
  endfacet
  facet normal -0.72966 -0.68381 0
    outer loop
      vertex 43.528 63.848 2.4
      vertex 43.3893 63.996 5.6
      vertex 43.3893 63.996 2.4
    endloop
  endfacet
  facet normal -0.72966 -0.68381 0
    outer loop
      vertex 43.3893 63.996 5.6
      vertex 43.528 63.848 2.4
      vertex 43.528 63.848 5.6
    endloop
  endfacet
  facet normal 0.16312 0.986606 -0
    outer loop
      vertex 46.3248 69.0804 2.4
      vertex 46.1246 69.1135 5.6
      vertex 46.3248 69.0804 5.6
    endloop
  endfacet
  facet normal 0.16312 0.986606 0
    outer loop
      vertex 46.1246 69.1135 5.6
      vertex 46.3248 69.0804 2.4
      vertex 46.1246 69.1135 2.4
    endloop
  endfacet
  facet normal -0.986606 -0.16312 0
    outer loop
      vertex 42.6796 65.4352 2.4
      vertex 42.6465 65.6354 5.6
      vertex 42.6465 65.6354 2.4
    endloop
  endfacet
  facet normal -0.986606 -0.16312 0
    outer loop
      vertex 42.6465 65.6354 5.6
      vertex 42.6796 65.4352 2.4
      vertex 42.6796 65.4352 5.6
    endloop
  endfacet
  facet normal 0.812767 0.582589 0
    outer loop
      vertex 48.2976 67.7623 5.6
      vertex 48.1794 67.9272 2.4
      vertex 48.1794 67.9272 5.6
    endloop
  endfacet
  facet normal 0.812767 0.582589 0
    outer loop
      vertex 48.1794 67.9272 2.4
      vertex 48.2976 67.7623 5.6
      vertex 48.2976 67.7623 2.4
    endloop
  endfacet
  facet normal -0.471305 0.881971 0
    outer loop
      vertex 44.3489 68.8203 2.4
      vertex 44.17 68.7247 5.6
      vertex 44.3489 68.8203 5.6
    endloop
  endfacet
  facet normal -0.471305 0.881971 0
    outer loop
      vertex 44.17 68.7247 5.6
      vertex 44.3489 68.8203 2.4
      vertex 44.17 68.7247 2.4
    endloop
  endfacet
  facet normal 0.68381 0.72966 -0
    outer loop
      vertex 47.912 68.232 2.4
      vertex 47.764 68.3707 5.6
      vertex 47.912 68.232 5.6
    endloop
  endfacet
  facet normal 0.68381 0.72966 0
    outer loop
      vertex 47.764 68.3707 5.6
      vertex 47.912 68.232 2.4
      vertex 47.764 68.3707 2.4
    endloop
  endfacet
  facet normal 0.29024 0.956954 -0
    outer loop
      vertex 46.7165 68.9755 2.4
      vertex 46.5223 69.0344 5.6
      vertex 46.7165 68.9755 5.6
    endloop
  endfacet
  facet normal 0.29024 0.956954 0
    outer loop
      vertex 46.5223 69.0344 5.6
      vertex 46.7165 68.9755 2.4
      vertex 46.5223 69.0344 2.4
    endloop
  endfacet
  facet normal -0.0980883 0.995178 0
    outer loop
      vertex 45.5173 69.1334 2.4
      vertex 45.3154 69.1135 5.6
      vertex 45.5173 69.1334 5.6
    endloop
  endfacet
  facet normal -0.0980883 0.995178 0
    outer loop
      vertex 45.3154 69.1135 5.6
      vertex 45.5173 69.1334 2.4
      vertex 45.3154 69.1135 2.4
    endloop
  endfacet
  facet normal 0.812767 -0.582589 0
    outer loop
      vertex 48.1794 64.1528 5.6
      vertex 48.2976 64.3177 2.4
      vertex 48.2976 64.3177 5.6
    endloop
  endfacet
  facet normal 0.812767 -0.582589 0
    outer loop
      vertex 48.2976 64.3177 2.4
      vertex 48.1794 64.1528 5.6
      vertex 48.1794 64.1528 2.4
    endloop
  endfacet
  facet normal -0.935801 -0.352528 0
    outer loop
      vertex 42.856 64.8537 2.4
      vertex 42.7845 65.0435 5.6
      vertex 42.7845 65.0435 2.4
    endloop
  endfacet
  facet normal -0.935801 -0.352528 0
    outer loop
      vertex 42.7845 65.0435 5.6
      vertex 42.856 64.8537 2.4
      vertex 42.856 64.8537 5.6
    endloop
  endfacet
  facet normal 0.352528 0.935801 -0
    outer loop
      vertex 46.9063 68.904 2.4
      vertex 46.7165 68.9755 5.6
      vertex 46.9063 68.904 5.6
    endloop
  endfacet
  facet normal 0.352528 0.935801 0
    outer loop
      vertex 46.7165 68.9755 5.6
      vertex 46.9063 68.904 2.4
      vertex 46.7165 68.9755 2.4
    endloop
  endfacet
  facet normal 0.412577 -0.910923 0
    outer loop
      vertex 46.9063 63.176 2.4
      vertex 47.0911 63.2597 5.6
      vertex 46.9063 63.176 5.6
    endloop
  endfacet
  facet normal 0.412577 -0.910923 0
    outer loop
      vertex 47.0911 63.2597 5.6
      vertex 46.9063 63.176 2.4
      vertex 47.0911 63.2597 2.4
    endloop
  endfacet
  facet normal -0.935801 0.352528 0
    outer loop
      vertex 42.7845 67.0365 2.4
      vertex 42.856 67.2263 5.6
      vertex 42.856 67.2263 2.4
    endloop
  endfacet
  facet normal -0.935801 0.352528 0
    outer loop
      vertex 42.856 67.2263 5.6
      vertex 42.7845 67.0365 2.4
      vertex 42.7845 67.0365 5.6
    endloop
  endfacet
  facet normal 0.956954 0.29024 0
    outer loop
      vertex 48.7144 66.8423 5.6
      vertex 48.6555 67.0365 2.4
      vertex 48.6555 67.0365 5.6
    endloop
  endfacet
  facet normal 0.956954 0.29024 0
    outer loop
      vertex 48.6555 67.0365 2.4
      vertex 48.7144 66.8423 5.6
      vertex 48.7144 66.8423 2.4
    endloop
  endfacet
  facet normal -0.986606 0.16312 0
    outer loop
      vertex 42.6465 66.4446 2.4
      vertex 42.6796 66.6448 5.6
      vertex 42.6796 66.6448 2.4
    endloop
  endfacet
  facet normal -0.986606 0.16312 0
    outer loop
      vertex 42.6796 66.6448 5.6
      vertex 42.6465 66.4446 2.4
      vertex 42.6465 66.4446 5.6
    endloop
  endfacet
  facet normal 0.849297 0.527915 0
    outer loop
      vertex 48.4047 67.59 5.6
      vertex 48.2976 67.7623 2.4
      vertex 48.2976 67.7623 5.6
    endloop
  endfacet
  facet normal 0.849297 0.527915 0
    outer loop
      vertex 48.2976 67.7623 2.4
      vertex 48.4047 67.59 5.6
      vertex 48.4047 67.59 2.4
    endloop
  endfacet
  facet normal 0.72966 0.68381 0
    outer loop
      vertex 48.0507 68.084 5.6
      vertex 47.912 68.232 2.4
      vertex 47.912 68.232 5.6
    endloop
  endfacet
  facet normal 0.72966 0.68381 0
    outer loop
      vertex 47.912 68.232 2.4
      vertex 48.0507 68.084 5.6
      vertex 48.0507 68.084 2.4
    endloop
  endfacet
  facet normal 0.973932 0.22684 0
    outer loop
      vertex 48.7604 66.6448 5.6
      vertex 48.7144 66.8423 2.4
      vertex 48.7144 66.8423 5.6
    endloop
  endfacet
  facet normal 0.973932 0.22684 0
    outer loop
      vertex 48.7144 66.8423 2.4
      vertex 48.7604 66.6448 5.6
      vertex 48.7604 66.6448 2.4
    endloop
  endfacet
  facet normal 0.999471 -0.0325272 0
    outer loop
      vertex 48.8134 65.8372 5.6
      vertex 48.82 66.04 2.4
      vertex 48.82 66.04 5.6
    endloop
  endfacet
  facet normal 0.999471 -0.0325272 0
    outer loop
      vertex 48.82 66.04 2.4
      vertex 48.8134 65.8372 5.6
      vertex 48.8134 65.8372 2.4
    endloop
  endfacet
  facet normal 0.881971 0.471305 0
    outer loop
      vertex 48.5003 67.4111 5.6
      vertex 48.4047 67.59 2.4
      vertex 48.4047 67.59 5.6
    endloop
  endfacet
  facet normal 0.881971 0.471305 0
    outer loop
      vertex 48.4047 67.59 2.4
      vertex 48.5003 67.4111 5.6
      vertex 48.5003 67.4111 2.4
    endloop
  endfacet
  facet normal 0.412577 0.910923 -0
    outer loop
      vertex 47.0911 68.8203 2.4
      vertex 46.9063 68.904 5.6
      vertex 47.0911 68.8203 5.6
    endloop
  endfacet
  facet normal 0.412577 0.910923 0
    outer loop
      vertex 46.9063 68.904 5.6
      vertex 47.0911 68.8203 2.4
      vertex 46.9063 68.904 2.4
    endloop
  endfacet
  facet normal 0.935801 0.352528 0
    outer loop
      vertex 48.6555 67.0365 5.6
      vertex 48.584 67.2263 2.4
      vertex 48.584 67.2263 5.6
    endloop
  endfacet
  facet normal 0.935801 0.352528 0
    outer loop
      vertex 48.584 67.2263 2.4
      vertex 48.6555 67.0365 5.6
      vertex 48.6555 67.0365 2.4
    endloop
  endfacet
  facet normal -0.412577 0.910923 0
    outer loop
      vertex 44.5337 68.904 2.4
      vertex 44.3489 68.8203 5.6
      vertex 44.5337 68.904 5.6
    endloop
  endfacet
  facet normal -0.412577 0.910923 0
    outer loop
      vertex 44.3489 68.8203 5.6
      vertex 44.5337 68.904 2.4
      vertex 44.3489 68.8203 2.4
    endloop
  endfacet
  facet normal 0.910923 0.412577 0
    outer loop
      vertex 48.584 67.2263 5.6
      vertex 48.5003 67.4111 2.4
      vertex 48.5003 67.4111 5.6
    endloop
  endfacet
  facet normal 0.910923 0.412577 0
    outer loop
      vertex 48.5003 67.4111 2.4
      vertex 48.584 67.2263 5.6
      vertex 48.584 67.2263 2.4
    endloop
  endfacet
  facet normal -0.16312 -0.986606 0
    outer loop
      vertex 45.1152 62.9996 2.4
      vertex 45.3154 62.9665 5.6
      vertex 45.1152 62.9996 5.6
    endloop
  endfacet
  facet normal -0.16312 -0.986606 -0
    outer loop
      vertex 45.3154 62.9665 5.6
      vertex 45.1152 62.9996 2.4
      vertex 45.3154 62.9665 2.4
    endloop
  endfacet
  facet normal -0.812767 -0.582589 0
    outer loop
      vertex 43.2606 64.1528 2.4
      vertex 43.1424 64.3177 5.6
      vertex 43.1424 64.3177 2.4
    endloop
  endfacet
  facet normal -0.812767 -0.582589 0
    outer loop
      vertex 43.1424 64.3177 5.6
      vertex 43.2606 64.1528 2.4
      vertex 43.2606 64.1528 5.6
    endloop
  endfacet
  facet normal -0.881971 -0.471305 0
    outer loop
      vertex 43.0353 64.49 2.4
      vertex 42.9397 64.6689 5.6
      vertex 42.9397 64.6689 2.4
    endloop
  endfacet
  facet normal -0.881971 -0.471305 0
    outer loop
      vertex 42.9397 64.6689 5.6
      vertex 43.0353 64.49 2.4
      vertex 43.0353 64.49 5.6
    endloop
  endfacet
  facet normal 0.0980883 -0.995178 0
    outer loop
      vertex 45.9227 62.9466 2.4
      vertex 46.1246 62.9665 5.6
      vertex 45.9227 62.9466 5.6
    endloop
  endfacet
  facet normal 0.0980883 -0.995178 0
    outer loop
      vertex 46.1246 62.9665 5.6
      vertex 45.9227 62.9466 2.4
      vertex 46.1246 62.9665 2.4
    endloop
  endfacet
  facet normal -0.68381 -0.72966 0
    outer loop
      vertex 43.528 63.848 2.4
      vertex 43.676 63.7093 5.6
      vertex 43.528 63.848 5.6
    endloop
  endfacet
  facet normal -0.68381 -0.72966 -0
    outer loop
      vertex 43.676 63.7093 5.6
      vertex 43.528 63.848 2.4
      vertex 43.676 63.7093 2.4
    endloop
  endfacet
  facet normal 0.0325432 0.99947 -0
    outer loop
      vertex 45.9227 69.1334 2.4
      vertex 45.72 69.14 5.6
      vertex 45.9227 69.1334 5.6
    endloop
  endfacet
  facet normal 0.0325432 0.99947 0
    outer loop
      vertex 45.72 69.14 5.6
      vertex 45.9227 69.1334 2.4
      vertex 45.72 69.14 2.4
    endloop
  endfacet
  facet normal 0.582589 0.812767 -0
    outer loop
      vertex 47.6072 68.4994 2.4
      vertex 47.4423 68.6176 5.6
      vertex 47.6072 68.4994 5.6
    endloop
  endfacet
  facet normal 0.582589 0.812767 0
    outer loop
      vertex 47.4423 68.6176 5.6
      vertex 47.6072 68.4994 2.4
      vertex 47.4423 68.6176 2.4
    endloop
  endfacet
  facet normal -0.16312 0.986606 0
    outer loop
      vertex 45.3154 69.1135 2.4
      vertex 45.1152 69.0804 5.6
      vertex 45.3154 69.1135 5.6
    endloop
  endfacet
  facet normal -0.16312 0.986606 0
    outer loop
      vertex 45.1152 69.0804 5.6
      vertex 45.3154 69.1135 2.4
      vertex 45.1152 69.0804 2.4
    endloop
  endfacet
  facet normal 0.29024 -0.956954 0
    outer loop
      vertex 46.5223 63.0456 2.4
      vertex 46.7165 63.1045 5.6
      vertex 46.5223 63.0456 5.6
    endloop
  endfacet
  facet normal 0.29024 -0.956954 0
    outer loop
      vertex 46.7165 63.1045 5.6
      vertex 46.5223 63.0456 2.4
      vertex 46.7165 63.1045 2.4
    endloop
  endfacet
  facet normal 0.772968 -0.634445 0
    outer loop
      vertex 48.0507 63.996 5.6
      vertex 48.1794 64.1528 2.4
      vertex 48.1794 64.1528 5.6
    endloop
  endfacet
  facet normal 0.772968 -0.634445 0
    outer loop
      vertex 48.1794 64.1528 2.4
      vertex 48.0507 63.996 5.6
      vertex 48.0507 63.996 2.4
    endloop
  endfacet
  facet normal 0.995173 -0.0981365 0
    outer loop
      vertex 48.7935 65.6354 5.6
      vertex 48.8134 65.8372 2.4
      vertex 48.8134 65.8372 5.6
    endloop
  endfacet
  facet normal 0.995173 -0.0981365 0
    outer loop
      vertex 48.8134 65.8372 2.4
      vertex 48.7935 65.6354 5.6
      vertex 48.7935 65.6354 2.4
    endloop
  endfacet
  facet normal 0.352528 -0.935801 0
    outer loop
      vertex 46.7165 63.1045 2.4
      vertex 46.9063 63.176 5.6
      vertex 46.7165 63.1045 5.6
    endloop
  endfacet
  facet normal 0.352528 -0.935801 0
    outer loop
      vertex 46.9063 63.176 5.6
      vertex 46.7165 63.1045 2.4
      vertex 46.9063 63.176 2.4
    endloop
  endfacet
  facet normal -0.0980883 -0.995178 0
    outer loop
      vertex 45.3154 62.9665 2.4
      vertex 45.5173 62.9466 5.6
      vertex 45.3154 62.9665 5.6
    endloop
  endfacet
  facet normal -0.0980883 -0.995178 -0
    outer loop
      vertex 45.5173 62.9466 5.6
      vertex 45.3154 62.9665 2.4
      vertex 45.5173 62.9466 2.4
    endloop
  endfacet
  facet normal -0.352528 -0.935801 0
    outer loop
      vertex 44.5337 63.176 2.4
      vertex 44.7235 63.1045 5.6
      vertex 44.5337 63.176 5.6
    endloop
  endfacet
  facet normal -0.352528 -0.935801 -0
    outer loop
      vertex 44.7235 63.1045 5.6
      vertex 44.5337 63.176 2.4
      vertex 44.7235 63.1045 2.4
    endloop
  endfacet
  facet normal -0.956954 0.29024 0
    outer loop
      vertex 42.7256 66.8423 2.4
      vertex 42.7845 67.0365 5.6
      vertex 42.7845 67.0365 2.4
    endloop
  endfacet
  facet normal -0.956954 0.29024 0
    outer loop
      vertex 42.7845 67.0365 5.6
      vertex 42.7256 66.8423 2.4
      vertex 42.7256 66.8423 5.6
    endloop
  endfacet
  facet normal 0.772968 0.634445 0
    outer loop
      vertex 48.1794 67.9272 5.6
      vertex 48.0507 68.084 2.4
      vertex 48.0507 68.084 5.6
    endloop
  endfacet
  facet normal 0.772968 0.634445 0
    outer loop
      vertex 48.0507 68.084 2.4
      vertex 48.1794 67.9272 5.6
      vertex 48.1794 67.9272 2.4
    endloop
  endfacet
  facet normal -0.812767 0.582589 0
    outer loop
      vertex 43.1424 67.7623 2.4
      vertex 43.2606 67.9272 5.6
      vertex 43.2606 67.9272 2.4
    endloop
  endfacet
  facet normal -0.812767 0.582589 0
    outer loop
      vertex 43.2606 67.9272 5.6
      vertex 43.1424 67.7623 2.4
      vertex 43.1424 67.7623 5.6
    endloop
  endfacet
  facet normal 0.22684 0.973932 -0
    outer loop
      vertex 46.5223 69.0344 2.4
      vertex 46.3248 69.0804 5.6
      vertex 46.5223 69.0344 5.6
    endloop
  endfacet
  facet normal 0.22684 0.973932 0
    outer loop
      vertex 46.3248 69.0804 5.6
      vertex 46.5223 69.0344 2.4
      vertex 46.3248 69.0804 2.4
    endloop
  endfacet
  facet normal 0.910923 -0.412577 0
    outer loop
      vertex 48.5003 64.6689 5.6
      vertex 48.584 64.8537 2.4
      vertex 48.584 64.8537 5.6
    endloop
  endfacet
  facet normal 0.910923 -0.412577 0
    outer loop
      vertex 48.584 64.8537 2.4
      vertex 48.5003 64.6689 5.6
      vertex 48.5003 64.6689 2.4
    endloop
  endfacet
  facet normal -0.634445 -0.772968 0
    outer loop
      vertex 43.676 63.7093 2.4
      vertex 43.8328 63.5806 5.6
      vertex 43.676 63.7093 5.6
    endloop
  endfacet
  facet normal -0.634445 -0.772968 -0
    outer loop
      vertex 43.8328 63.5806 5.6
      vertex 43.676 63.7093 2.4
      vertex 43.8328 63.5806 2.4
    endloop
  endfacet
  facet normal 0.471305 0.881971 -0
    outer loop
      vertex 47.27 68.7247 2.4
      vertex 47.0911 68.8203 5.6
      vertex 47.27 68.7247 5.6
    endloop
  endfacet
  facet normal 0.471305 0.881971 0
    outer loop
      vertex 47.0911 68.8203 5.6
      vertex 47.27 68.7247 2.4
      vertex 47.0911 68.8203 2.4
    endloop
  endfacet
  facet normal -0.910923 0.412577 0
    outer loop
      vertex 42.856 67.2263 2.4
      vertex 42.9397 67.4111 5.6
      vertex 42.9397 67.4111 2.4
    endloop
  endfacet
  facet normal -0.910923 0.412577 0
    outer loop
      vertex 42.9397 67.4111 5.6
      vertex 42.856 67.2263 2.4
      vertex 42.856 67.2263 5.6
    endloop
  endfacet
  facet normal -0.772968 -0.634445 0
    outer loop
      vertex 43.3893 63.996 2.4
      vertex 43.2606 64.1528 5.6
      vertex 43.2606 64.1528 2.4
    endloop
  endfacet
  facet normal -0.772968 -0.634445 0
    outer loop
      vertex 43.2606 64.1528 5.6
      vertex 43.3893 63.996 2.4
      vertex 43.3893 63.996 5.6
    endloop
  endfacet
  facet normal -0.22684 -0.973932 0
    outer loop
      vertex 44.9177 63.0456 2.4
      vertex 45.1152 62.9996 5.6
      vertex 44.9177 63.0456 5.6
    endloop
  endfacet
  facet normal -0.22684 -0.973932 -0
    outer loop
      vertex 45.1152 62.9996 5.6
      vertex 44.9177 63.0456 2.4
      vertex 45.1152 62.9996 2.4
    endloop
  endfacet
  facet normal 0.634445 -0.772968 0
    outer loop
      vertex 47.6072 63.5806 2.4
      vertex 47.764 63.7093 5.6
      vertex 47.6072 63.5806 5.6
    endloop
  endfacet
  facet normal 0.634445 -0.772968 0
    outer loop
      vertex 47.764 63.7093 5.6
      vertex 47.6072 63.5806 2.4
      vertex 47.764 63.7093 2.4
    endloop
  endfacet
  facet normal 0.68381 -0.72966 0
    outer loop
      vertex 47.764 63.7093 2.4
      vertex 47.912 63.848 5.6
      vertex 47.764 63.7093 5.6
    endloop
  endfacet
  facet normal 0.68381 -0.72966 0
    outer loop
      vertex 47.912 63.848 5.6
      vertex 47.764 63.7093 2.4
      vertex 47.912 63.848 2.4
    endloop
  endfacet
  facet normal -0.999471 -0.0325272 0
    outer loop
      vertex 42.6266 65.8372 2.4
      vertex 42.62 66.04 5.6
      vertex 42.62 66.04 2.4
    endloop
  endfacet
  facet normal -0.999471 -0.0325272 0
    outer loop
      vertex 42.62 66.04 5.6
      vertex 42.6266 65.8372 2.4
      vertex 42.6266 65.8372 5.6
    endloop
  endfacet
  facet normal -0.956954 -0.29024 0
    outer loop
      vertex 42.7845 65.0435 2.4
      vertex 42.7256 65.2377 5.6
      vertex 42.7256 65.2377 2.4
    endloop
  endfacet
  facet normal -0.956954 -0.29024 0
    outer loop
      vertex 42.7256 65.2377 5.6
      vertex 42.7845 65.0435 2.4
      vertex 42.7845 65.0435 5.6
    endloop
  endfacet
  facet normal -0.0325432 0.99947 0
    outer loop
      vertex 45.72 69.14 2.4
      vertex 45.5173 69.1334 5.6
      vertex 45.72 69.14 5.6
    endloop
  endfacet
  facet normal -0.0325432 0.99947 0
    outer loop
      vertex 45.5173 69.1334 5.6
      vertex 45.72 69.14 2.4
      vertex 45.5173 69.1334 2.4
    endloop
  endfacet
  facet normal -0.72966 0.68381 0
    outer loop
      vertex 43.3893 68.084 2.4
      vertex 43.528 68.232 5.6
      vertex 43.528 68.232 2.4
    endloop
  endfacet
  facet normal -0.72966 0.68381 0
    outer loop
      vertex 43.528 68.232 5.6
      vertex 43.3893 68.084 2.4
      vertex 43.3893 68.084 5.6
    endloop
  endfacet
  facet normal -0.849297 -0.527915 0
    outer loop
      vertex 43.1424 64.3177 2.4
      vertex 43.0353 64.49 5.6
      vertex 43.0353 64.49 2.4
    endloop
  endfacet
  facet normal -0.849297 -0.527915 0
    outer loop
      vertex 43.0353 64.49 5.6
      vertex 43.1424 64.3177 2.4
      vertex 43.1424 64.3177 5.6
    endloop
  endfacet
  facet normal 0.0980883 0.995178 -0
    outer loop
      vertex 46.1246 69.1135 2.4
      vertex 45.9227 69.1334 5.6
      vertex 46.1246 69.1135 5.6
    endloop
  endfacet
  facet normal 0.0980883 0.995178 0
    outer loop
      vertex 45.9227 69.1334 5.6
      vertex 46.1246 69.1135 2.4
      vertex 45.9227 69.1334 2.4
    endloop
  endfacet
  facet normal -0.582589 0.812767 0
    outer loop
      vertex 43.9977 68.6176 2.4
      vertex 43.8328 68.4994 5.6
      vertex 43.9977 68.6176 5.6
    endloop
  endfacet
  facet normal -0.582589 0.812767 0
    outer loop
      vertex 43.8328 68.4994 5.6
      vertex 43.9977 68.6176 2.4
      vertex 43.8328 68.4994 2.4
    endloop
  endfacet
  facet normal -0.772968 0.634445 0
    outer loop
      vertex 43.2606 67.9272 2.4
      vertex 43.3893 68.084 5.6
      vertex 43.3893 68.084 2.4
    endloop
  endfacet
  facet normal -0.772968 0.634445 0
    outer loop
      vertex 43.3893 68.084 5.6
      vertex 43.2606 67.9272 2.4
      vertex 43.2606 67.9272 5.6
    endloop
  endfacet
  facet normal 0.527915 -0.849297 0
    outer loop
      vertex 47.27 63.3553 2.4
      vertex 47.4423 63.4624 5.6
      vertex 47.27 63.3553 5.6
    endloop
  endfacet
  facet normal 0.527915 -0.849297 0
    outer loop
      vertex 47.4423 63.4624 5.6
      vertex 47.27 63.3553 2.4
      vertex 47.4423 63.4624 2.4
    endloop
  endfacet
  facet normal -0.0325432 -0.99947 0
    outer loop
      vertex 45.5173 62.9466 2.4
      vertex 45.72 62.94 5.6
      vertex 45.5173 62.9466 5.6
    endloop
  endfacet
  facet normal -0.0325432 -0.99947 -0
    outer loop
      vertex 45.72 62.94 5.6
      vertex 45.5173 62.9466 2.4
      vertex 45.72 62.94 2.4
    endloop
  endfacet
  facet normal 0.881971 -0.471305 0
    outer loop
      vertex 48.4047 64.49 5.6
      vertex 48.5003 64.6689 2.4
      vertex 48.5003 64.6689 5.6
    endloop
  endfacet
  facet normal 0.881971 -0.471305 0
    outer loop
      vertex 48.5003 64.6689 2.4
      vertex 48.4047 64.49 5.6
      vertex 48.4047 64.49 2.4
    endloop
  endfacet
  facet normal 0.527915 0.849297 -0
    outer loop
      vertex 47.4423 68.6176 2.4
      vertex 47.27 68.7247 5.6
      vertex 47.4423 68.6176 5.6
    endloop
  endfacet
  facet normal 0.527915 0.849297 0
    outer loop
      vertex 47.27 68.7247 5.6
      vertex 47.4423 68.6176 2.4
      vertex 47.27 68.7247 2.4
    endloop
  endfacet
  facet normal -0.527915 -0.849297 0
    outer loop
      vertex 43.9977 63.4624 2.4
      vertex 44.17 63.3553 5.6
      vertex 43.9977 63.4624 5.6
    endloop
  endfacet
  facet normal -0.527915 -0.849297 -0
    outer loop
      vertex 44.17 63.3553 5.6
      vertex 43.9977 63.4624 2.4
      vertex 44.17 63.3553 2.4
    endloop
  endfacet
  facet normal 0.973932 -0.22684 0
    outer loop
      vertex 48.7144 65.2377 5.6
      vertex 48.7604 65.4352 2.4
      vertex 48.7604 65.4352 5.6
    endloop
  endfacet
  facet normal 0.973932 -0.22684 0
    outer loop
      vertex 48.7604 65.4352 2.4
      vertex 48.7144 65.2377 5.6
      vertex 48.7144 65.2377 2.4
    endloop
  endfacet
  facet normal 0.986606 -0.16312 0
    outer loop
      vertex 48.7604 65.4352 5.6
      vertex 48.7935 65.6354 2.4
      vertex 48.7935 65.6354 5.6
    endloop
  endfacet
  facet normal 0.986606 -0.16312 0
    outer loop
      vertex 48.7935 65.6354 2.4
      vertex 48.7604 65.4352 5.6
      vertex 48.7604 65.4352 2.4
    endloop
  endfacet
  facet normal -0.29024 -0.956954 0
    outer loop
      vertex 44.7235 63.1045 2.4
      vertex 44.9177 63.0456 5.6
      vertex 44.7235 63.1045 5.6
    endloop
  endfacet
  facet normal -0.29024 -0.956954 -0
    outer loop
      vertex 44.9177 63.0456 5.6
      vertex 44.7235 63.1045 2.4
      vertex 44.9177 63.0456 2.4
    endloop
  endfacet
  facet normal -0.634445 0.772968 0
    outer loop
      vertex 43.8328 68.4994 2.4
      vertex 43.676 68.3707 5.6
      vertex 43.8328 68.4994 5.6
    endloop
  endfacet
  facet normal -0.634445 0.772968 0
    outer loop
      vertex 43.676 68.3707 5.6
      vertex 43.8328 68.4994 2.4
      vertex 43.676 68.3707 2.4
    endloop
  endfacet
  facet normal -0.999471 0.0325272 0
    outer loop
      vertex 42.62 66.04 2.4
      vertex 42.6266 66.2428 5.6
      vertex 42.6266 66.2428 2.4
    endloop
  endfacet
  facet normal -0.999471 0.0325272 0
    outer loop
      vertex 42.6266 66.2428 5.6
      vertex 42.62 66.04 2.4
      vertex 42.62 66.04 5.6
    endloop
  endfacet
  facet normal -0.582589 -0.812767 0
    outer loop
      vertex 43.8328 63.5806 2.4
      vertex 43.9977 63.4624 5.6
      vertex 43.8328 63.5806 5.6
    endloop
  endfacet
  facet normal -0.582589 -0.812767 -0
    outer loop
      vertex 43.9977 63.4624 5.6
      vertex 43.8328 63.5806 2.4
      vertex 43.9977 63.4624 2.4
    endloop
  endfacet
  facet normal -0.412577 -0.910923 0
    outer loop
      vertex 44.3489 63.2597 2.4
      vertex 44.5337 63.176 5.6
      vertex 44.3489 63.2597 5.6
    endloop
  endfacet
  facet normal -0.412577 -0.910923 -0
    outer loop
      vertex 44.5337 63.176 5.6
      vertex 44.3489 63.2597 2.4
      vertex 44.5337 63.176 2.4
    endloop
  endfacet
  facet normal -0.849297 0.527915 0
    outer loop
      vertex 43.0353 67.59 2.4
      vertex 43.1424 67.7623 5.6
      vertex 43.1424 67.7623 2.4
    endloop
  endfacet
  facet normal -0.849297 0.527915 0
    outer loop
      vertex 43.1424 67.7623 5.6
      vertex 43.0353 67.59 2.4
      vertex 43.0353 67.59 5.6
    endloop
  endfacet
  facet normal -0.881971 0.471305 0
    outer loop
      vertex 42.9397 67.4111 2.4
      vertex 43.0353 67.59 5.6
      vertex 43.0353 67.59 2.4
    endloop
  endfacet
  facet normal -0.881971 0.471305 0
    outer loop
      vertex 43.0353 67.59 5.6
      vertex 42.9397 67.4111 2.4
      vertex 42.9397 67.4111 5.6
    endloop
  endfacet
  facet normal 0.986649 -0.162858 0
    outer loop
      vertex 44.6046 66.1868 4.78
      vertex 44.6166 66.2595 2.4
      vertex 44.6166 66.2595 4.78
    endloop
  endfacet
  facet normal 0.986649 -0.162858 0
    outer loop
      vertex 44.6166 66.2595 2.4
      vertex 44.6046 66.1868 4.78
      vertex 44.6046 66.1868 2.4
    endloop
  endfacet
  facet normal -0.995197 -0.0978883 0
    outer loop
      vertex 46.8426 66.1136 2.4
      vertex 46.8354 66.1868 4.78
      vertex 46.8354 66.1868 2.4
    endloop
  endfacet
  facet normal -0.995197 -0.0978883 0
    outer loop
      vertex 46.8354 66.1868 4.78
      vertex 46.8426 66.1136 2.4
      vertex 46.8426 66.1136 4.78
    endloop
  endfacet
  facet normal -0.999469 -0.0325914 0
    outer loop
      vertex 46.845 66.04 2.4
      vertex 46.8426 66.1136 4.78
      vertex 46.8426 66.1136 2.4
    endloop
  endfacet
  facet normal -0.999469 -0.0325914 0
    outer loop
      vertex 46.8426 66.1136 4.78
      vertex 46.845 66.04 2.4
      vertex 46.845 66.04 4.78
    endloop
  endfacet
  facet normal -0.986649 -0.162858 0
    outer loop
      vertex 46.8354 66.1868 2.4
      vertex 46.8234 66.2595 4.78
      vertex 46.8234 66.2595 2.4
    endloop
  endfacet
  facet normal -0.986649 -0.162858 0
    outer loop
      vertex 46.8234 66.2595 4.78
      vertex 46.8354 66.1868 2.4
      vertex 46.8354 66.1868 4.78
    endloop
  endfacet
  facet normal -0.986649 0.162858 0
    outer loop
      vertex 46.8234 65.8205 2.4
      vertex 46.8354 65.8932 4.78
      vertex 46.8354 65.8932 2.4
    endloop
  endfacet
  facet normal -0.986649 0.162858 0
    outer loop
      vertex 46.8354 65.8932 4.78
      vertex 46.8234 65.8205 2.4
      vertex 46.8234 65.8205 4.78
    endloop
  endfacet
  facet normal -0.0978883 0.995197 0
    outer loop
      vertex 45.8668 64.9246 2.4
      vertex 45.7936 64.9174 4.78
      vertex 45.8668 64.9246 4.78
    endloop
  endfacet
  facet normal -0.0978883 0.995197 0
    outer loop
      vertex 45.7936 64.9174 4.78
      vertex 45.8668 64.9246 2.4
      vertex 45.7936 64.9174 2.4
    endloop
  endfacet
  facet normal -0.528411 0.848989 0
    outer loop
      vertex 46.345 65.1046 2.4
      vertex 46.2825 65.0657 4.78
      vertex 46.345 65.1046 4.78
    endloop
  endfacet
  facet normal -0.528411 0.848989 0
    outer loop
      vertex 46.2825 65.0657 4.78
      vertex 46.345 65.1046 2.4
      vertex 46.2825 65.0657 2.4
    endloop
  endfacet
  facet normal -0.634421 0.772988 0
    outer loop
      vertex 46.4618 65.1942 2.4
      vertex 46.4049 65.1475 4.78
      vertex 46.4618 65.1942 4.78
    endloop
  endfacet
  facet normal -0.634421 0.772988 0
    outer loop
      vertex 46.4049 65.1475 4.78
      vertex 46.4618 65.1942 2.4
      vertex 46.4049 65.1475 2.4
    endloop
  endfacet
  facet normal -0.0978883 -0.995197 0
    outer loop
      vertex 45.7936 67.1626 2.4
      vertex 45.8668 67.1554 4.78
      vertex 45.7936 67.1626 4.78
    endloop
  endfacet
  facet normal -0.0978883 -0.995197 -0
    outer loop
      vertex 45.8668 67.1554 4.78
      vertex 45.7936 67.1626 2.4
      vertex 45.8668 67.1554 2.4
    endloop
  endfacet
  facet normal -0.93605 -0.351868 0
    outer loop
      vertex 46.7853 66.4016 2.4
      vertex 46.7594 66.4705 4.78
      vertex 46.7594 66.4705 2.4
    endloop
  endfacet
  facet normal -0.93605 -0.351868 0
    outer loop
      vertex 46.7594 66.4705 4.78
      vertex 46.7853 66.4016 2.4
      vertex 46.7853 66.4016 4.78
    endloop
  endfacet
  facet normal -0.973931 -0.226843 0
    outer loop
      vertex 46.8234 66.2595 2.4
      vertex 46.8067 66.3312 4.78
      vertex 46.8067 66.3312 2.4
    endloop
  endfacet
  facet normal -0.973931 -0.226843 0
    outer loop
      vertex 46.8067 66.3312 4.78
      vertex 46.8234 66.2595 2.4
      vertex 46.8234 66.2595 4.78
    endloop
  endfacet
  facet normal 0.995197 -0.0978883 0
    outer loop
      vertex 44.5974 66.1136 4.78
      vertex 44.6046 66.1868 2.4
      vertex 44.6046 66.1868 4.78
    endloop
  endfacet
  facet normal 0.995197 -0.0978883 0
    outer loop
      vertex 44.6046 66.1868 2.4
      vertex 44.5974 66.1136 4.78
      vertex 44.5974 66.1136 2.4
    endloop
  endfacet
  facet normal -0.528411 -0.848989 0
    outer loop
      vertex 46.2825 67.0143 2.4
      vertex 46.345 66.9754 4.78
      vertex 46.2825 67.0143 4.78
    endloop
  endfacet
  facet normal -0.528411 -0.848989 -0
    outer loop
      vertex 46.345 66.9754 4.78
      vertex 46.2825 67.0143 2.4
      vertex 46.345 66.9754 2.4
    endloop
  endfacet
  facet normal 0.412678 0.910877 -0
    outer loop
      vertex 45.2895 65.0006 2.4
      vertex 45.2224 65.031 4.78
      vertex 45.2895 65.0006 4.78
    endloop
  endfacet
  facet normal 0.412678 0.910877 0
    outer loop
      vertex 45.2224 65.031 4.78
      vertex 45.2895 65.0006 2.4
      vertex 45.2224 65.031 2.4
    endloop
  endfacet
  facet normal -0.0325914 0.999469 0
    outer loop
      vertex 45.7936 64.9174 2.4
      vertex 45.72 64.915 4.78
      vertex 45.7936 64.9174 4.78
    endloop
  endfacet
  facet normal -0.0325914 0.999469 0
    outer loop
      vertex 45.72 64.915 4.78
      vertex 45.7936 64.9174 2.4
      vertex 45.72 64.915 2.4
    endloop
  endfacet
  facet normal 0.683625 -0.729834 0
    outer loop
      vertex 44.9245 66.8355 2.4
      vertex 44.9782 66.8858 4.78
      vertex 44.9245 66.8355 4.78
    endloop
  endfacet
  facet normal 0.683625 -0.729834 0
    outer loop
      vertex 44.9782 66.8858 4.78
      vertex 44.9245 66.8355 2.4
      vertex 44.9782 66.8858 2.4
    endloop
  endfacet
  facet normal 0.0325914 0.999469 -0
    outer loop
      vertex 45.72 64.915 2.4
      vertex 45.6464 64.9174 4.78
      vertex 45.72 64.915 4.78
    endloop
  endfacet
  facet normal 0.0325914 0.999469 0
    outer loop
      vertex 45.6464 64.9174 4.78
      vertex 45.72 64.915 2.4
      vertex 45.6464 64.9174 2.4
    endloop
  endfacet
  facet normal 0.812999 0.582265 0
    outer loop
      vertex 44.8275 65.3551 4.78
      vertex 44.7846 65.415 2.4
      vertex 44.7846 65.415 4.78
    endloop
  endfacet
  facet normal 0.812999 0.582265 0
    outer loop
      vertex 44.7846 65.415 2.4
      vertex 44.8275 65.3551 4.78
      vertex 44.8275 65.3551 2.4
    endloop
  endfacet
  facet normal -0.226843 0.973931 0
    outer loop
      vertex 46.0112 64.9533 2.4
      vertex 45.9395 64.9366 4.78
      vertex 46.0112 64.9533 4.78
    endloop
  endfacet
  facet normal -0.226843 0.973931 0
    outer loop
      vertex 45.9395 64.9366 4.78
      vertex 46.0112 64.9533 2.4
      vertex 45.9395 64.9366 2.4
    endloop
  endfacet
  facet normal -0.290837 0.956773 0
    outer loop
      vertex 46.0816 64.9747 2.4
      vertex 46.0112 64.9533 4.78
      vertex 46.0816 64.9747 4.78
    endloop
  endfacet
  facet normal -0.290837 0.956773 0
    outer loop
      vertex 46.0112 64.9533 4.78
      vertex 46.0816 64.9747 2.4
      vertex 46.0112 64.9533 2.4
    endloop
  endfacet
  facet normal 0.999469 0.0325914 0
    outer loop
      vertex 44.5974 65.9664 4.78
      vertex 44.595 66.04 2.4
      vertex 44.595 66.04 4.78
    endloop
  endfacet
  facet normal 0.999469 0.0325914 0
    outer loop
      vertex 44.595 66.04 2.4
      vertex 44.5974 65.9664 4.78
      vertex 44.5974 65.9664 2.4
    endloop
  endfacet
  facet normal 0.93605 0.351868 0
    outer loop
      vertex 44.6806 65.6095 4.78
      vertex 44.6547 65.6784 2.4
      vertex 44.6547 65.6784 4.78
    endloop
  endfacet
  facet normal 0.93605 0.351868 0
    outer loop
      vertex 44.6547 65.6784 2.4
      vertex 44.6806 65.6095 4.78
      vertex 44.6806 65.6095 2.4
    endloop
  endfacet
  facet normal -0.848989 -0.528411 0
    outer loop
      vertex 46.6943 66.6025 2.4
      vertex 46.6554 66.665 4.78
      vertex 46.6554 66.665 2.4
    endloop
  endfacet
  facet normal -0.848989 -0.528411 0
    outer loop
      vertex 46.6554 66.665 4.78
      vertex 46.6943 66.6025 2.4
      vertex 46.6943 66.6025 4.78
    endloop
  endfacet
  facet normal 0.956773 0.290837 0
    outer loop
      vertex 44.6547 65.6784 4.78
      vertex 44.6333 65.7488 2.4
      vertex 44.6333 65.7488 4.78
    endloop
  endfacet
  facet normal 0.956773 0.290837 0
    outer loop
      vertex 44.6333 65.7488 2.4
      vertex 44.6547 65.6784 4.78
      vertex 44.6547 65.6784 2.4
    endloop
  endfacet
  facet normal -0.162858 -0.986649 0
    outer loop
      vertex 45.8668 67.1554 2.4
      vertex 45.9395 67.1434 4.78
      vertex 45.8668 67.1554 4.78
    endloop
  endfacet
  facet normal -0.162858 -0.986649 -0
    outer loop
      vertex 45.9395 67.1434 4.78
      vertex 45.8668 67.1554 2.4
      vertex 45.9395 67.1434 2.4
    endloop
  endfacet
  facet normal -0.93605 0.351868 0
    outer loop
      vertex 46.7594 65.6095 2.4
      vertex 46.7853 65.6784 4.78
      vertex 46.7853 65.6784 2.4
    endloop
  endfacet
  facet normal -0.93605 0.351868 0
    outer loop
      vertex 46.7853 65.6784 4.78
      vertex 46.7594 65.6095 2.4
      vertex 46.7594 65.6095 4.78
    endloop
  endfacet
  facet normal 0.986649 0.162858 0
    outer loop
      vertex 44.6166 65.8205 4.78
      vertex 44.6046 65.8932 2.4
      vertex 44.6046 65.8932 4.78
    endloop
  endfacet
  facet normal 0.986649 0.162858 0
    outer loop
      vertex 44.6046 65.8932 2.4
      vertex 44.6166 65.8205 4.78
      vertex 44.6166 65.8205 2.4
    endloop
  endfacet
  facet normal -0.683625 -0.729834 0
    outer loop
      vertex 46.4618 66.8858 2.4
      vertex 46.5155 66.8355 4.78
      vertex 46.4618 66.8858 4.78
    endloop
  endfacet
  facet normal -0.683625 -0.729834 -0
    outer loop
      vertex 46.5155 66.8355 4.78
      vertex 46.4618 66.8858 2.4
      vertex 46.5155 66.8355 2.4
    endloop
  endfacet
  facet normal 0.848989 -0.528411 0
    outer loop
      vertex 44.7457 66.6025 4.78
      vertex 44.7846 66.665 2.4
      vertex 44.7846 66.665 4.78
    endloop
  endfacet
  facet normal 0.848989 -0.528411 0
    outer loop
      vertex 44.7846 66.665 2.4
      vertex 44.7457 66.6025 4.78
      vertex 44.7457 66.6025 2.4
    endloop
  endfacet
  facet normal -0.910877 -0.412678 0
    outer loop
      vertex 46.7594 66.4705 2.4
      vertex 46.729 66.5376 4.78
      vertex 46.729 66.5376 2.4
    endloop
  endfacet
  facet normal -0.910877 -0.412678 0
    outer loop
      vertex 46.729 66.5376 4.78
      vertex 46.7594 66.4705 2.4
      vertex 46.7594 66.4705 4.78
    endloop
  endfacet
  facet normal 0.973931 0.226843 0
    outer loop
      vertex 44.6333 65.7488 4.78
      vertex 44.6166 65.8205 2.4
      vertex 44.6166 65.8205 4.78
    endloop
  endfacet
  facet normal 0.973931 0.226843 0
    outer loop
      vertex 44.6166 65.8205 2.4
      vertex 44.6333 65.7488 4.78
      vertex 44.6333 65.7488 2.4
    endloop
  endfacet
  facet normal 0.812999 -0.582265 0
    outer loop
      vertex 44.7846 66.665 4.78
      vertex 44.8275 66.7249 2.4
      vertex 44.8275 66.7249 4.78
    endloop
  endfacet
  facet normal 0.812999 -0.582265 0
    outer loop
      vertex 44.8275 66.7249 2.4
      vertex 44.7846 66.665 4.78
      vertex 44.7846 66.665 2.4
    endloop
  endfacet
  facet normal -0.351868 0.93605 0
    outer loop
      vertex 46.1505 65.0006 2.4
      vertex 46.0816 64.9747 4.78
      vertex 46.1505 65.0006 4.78
    endloop
  endfacet
  facet normal -0.351868 0.93605 0
    outer loop
      vertex 46.0816 64.9747 4.78
      vertex 46.1505 65.0006 2.4
      vertex 46.0816 64.9747 2.4
    endloop
  endfacet
  facet normal 0.582265 -0.812999 0
    outer loop
      vertex 45.0351 66.9325 2.4
      vertex 45.095 66.9754 4.78
      vertex 45.0351 66.9325 4.78
    endloop
  endfacet
  facet normal 0.582265 -0.812999 0
    outer loop
      vertex 45.095 66.9754 4.78
      vertex 45.0351 66.9325 2.4
      vertex 45.095 66.9754 2.4
    endloop
  endfacet
  facet normal 0.910877 -0.412678 0
    outer loop
      vertex 44.6806 66.4705 4.78
      vertex 44.711 66.5376 2.4
      vertex 44.711 66.5376 4.78
    endloop
  endfacet
  facet normal 0.910877 -0.412678 0
    outer loop
      vertex 44.711 66.5376 2.4
      vertex 44.6806 66.4705 4.78
      vertex 44.6806 66.4705 2.4
    endloop
  endfacet
  facet normal -0.995197 0.0978883 0
    outer loop
      vertex 46.8354 65.8932 2.4
      vertex 46.8426 65.9664 4.78
      vertex 46.8426 65.9664 2.4
    endloop
  endfacet
  facet normal -0.995197 0.0978883 0
    outer loop
      vertex 46.8426 65.9664 4.78
      vertex 46.8354 65.8932 2.4
      vertex 46.8354 65.8932 4.78
    endloop
  endfacet
  facet normal -0.582265 -0.812999 0
    outer loop
      vertex 46.345 66.9754 2.4
      vertex 46.4049 66.9325 4.78
      vertex 46.345 66.9754 4.78
    endloop
  endfacet
  facet normal -0.582265 -0.812999 -0
    outer loop
      vertex 46.4049 66.9325 4.78
      vertex 46.345 66.9754 2.4
      vertex 46.4049 66.9325 2.4
    endloop
  endfacet
  facet normal 0.999469 -0.0325914 0
    outer loop
      vertex 44.595 66.04 4.78
      vertex 44.5974 66.1136 2.4
      vertex 44.5974 66.1136 4.78
    endloop
  endfacet
  facet normal 0.999469 -0.0325914 0
    outer loop
      vertex 44.5974 66.1136 2.4
      vertex 44.595 66.04 4.78
      vertex 44.595 66.04 2.4
    endloop
  endfacet
  facet normal 0.528411 -0.848989 0
    outer loop
      vertex 45.095 66.9754 2.4
      vertex 45.1575 67.0143 4.78
      vertex 45.095 66.9754 4.78
    endloop
  endfacet
  facet normal 0.528411 -0.848989 0
    outer loop
      vertex 45.1575 67.0143 4.78
      vertex 45.095 66.9754 2.4
      vertex 45.1575 67.0143 2.4
    endloop
  endfacet
  facet normal -0.881863 -0.471505 0
    outer loop
      vertex 46.729 66.5376 2.4
      vertex 46.6943 66.6025 4.78
      vertex 46.6943 66.6025 2.4
    endloop
  endfacet
  facet normal -0.881863 -0.471505 0
    outer loop
      vertex 46.6943 66.6025 4.78
      vertex 46.729 66.5376 2.4
      vertex 46.729 66.5376 4.78
    endloop
  endfacet
  facet normal 0.162858 -0.986649 0
    outer loop
      vertex 45.5005 67.1434 2.4
      vertex 45.5732 67.1554 4.78
      vertex 45.5005 67.1434 4.78
    endloop
  endfacet
  facet normal 0.162858 -0.986649 0
    outer loop
      vertex 45.5732 67.1554 4.78
      vertex 45.5005 67.1434 2.4
      vertex 45.5732 67.1554 2.4
    endloop
  endfacet
  facet normal 0 0 -1
    outer loop
      vertex 47.3166 65.9354 5.58
      vertex 47.3166 66.1446 5.58
      vertex 47.32 66.04 5.58
    endloop
  endfacet
  facet normal 0 0 -1
    outer loop
      vertex 47.3063 65.8312 5.58
      vertex 47.3166 66.1446 5.58
      vertex 47.3166 65.9354 5.58
    endloop
  endfacet
  facet normal 0 0 -1
    outer loop
      vertex 47.3063 65.8312 5.58
      vertex 47.3063 66.2488 5.58
      vertex 47.3166 66.1446 5.58
    endloop
  endfacet
  facet normal 0 0 -1
    outer loop
      vertex 47.2893 65.7279 5.58
      vertex 47.3063 66.2488 5.58
      vertex 47.3063 65.8312 5.58
    endloop
  endfacet
  facet normal 0 0 -1
    outer loop
      vertex 47.2893 65.7279 5.58
      vertex 47.2893 66.3521 5.58
      vertex 47.3063 66.2488 5.58
    endloop
  endfacet
  facet normal 0 0 -1
    outer loop
      vertex 47.2655 65.6259 5.58
      vertex 47.2893 66.3521 5.58
      vertex 47.2893 65.7279 5.58
    endloop
  endfacet
  facet normal 0 0 -1
    outer loop
      vertex 47.2655 65.6259 5.58
      vertex 47.2655 66.4541 5.58
      vertex 47.2893 66.3521 5.58
    endloop
  endfacet
  facet normal 0 0 -1
    outer loop
      vertex 47.2351 65.5257 5.58
      vertex 47.2655 66.4541 5.58
      vertex 47.2655 65.6259 5.58
    endloop
  endfacet
  facet normal 0 0 -1
    outer loop
      vertex 47.2351 65.5257 5.58
      vertex 47.2351 66.5543 5.58
      vertex 47.2655 66.4541 5.58
    endloop
  endfacet
  facet normal 0 0 -1
    outer loop
      vertex 47.1982 65.4277 5.58
      vertex 47.2351 66.5543 5.58
      vertex 47.2351 65.5257 5.58
    endloop
  endfacet
  facet normal 0 0 -1
    outer loop
      vertex 47.1982 65.4277 5.58
      vertex 47.1982 66.6523 5.58
      vertex 47.2351 66.5543 5.58
    endloop
  endfacet
  facet normal 0 0 -1
    outer loop
      vertex 47.155 65.3323 5.58
      vertex 47.1982 66.6523 5.58
      vertex 47.1982 65.4277 5.58
    endloop
  endfacet
  facet normal 0 0 -1
    outer loop
      vertex 47.155 65.3323 5.58
      vertex 47.155 66.7477 5.58
      vertex 47.1982 66.6523 5.58
    endloop
  endfacet
  facet normal 0 0 -1
    outer loop
      vertex 47.1056 65.24 5.58
      vertex 47.155 66.7477 5.58
      vertex 47.155 65.3323 5.58
    endloop
  endfacet
  facet normal 0 0 -1
    outer loop
      vertex 47.1056 65.24 5.58
      vertex 47.1056 66.84 5.58
      vertex 47.155 66.7477 5.58
    endloop
  endfacet
  facet normal 0 0 -1
    outer loop
      vertex 47.0504 65.1511 5.58
      vertex 47.1056 66.84 5.58
      vertex 47.1056 65.24 5.58
    endloop
  endfacet
  facet normal 0 0 -1
    outer loop
      vertex 47.0504 65.1511 5.58
      vertex 47.0504 66.9289 5.58
      vertex 47.1056 66.84 5.58
    endloop
  endfacet
  facet normal 0 0 -1
    outer loop
      vertex 46.9894 65.066 5.58
      vertex 47.0504 66.9289 5.58
      vertex 47.0504 65.1511 5.58
    endloop
  endfacet
  facet normal 0 0 -1
    outer loop
      vertex 46.9894 65.066 5.58
      vertex 46.9894 67.014 5.58
      vertex 47.0504 66.9289 5.58
    endloop
  endfacet
  facet normal 0 0 -1
    outer loop
      vertex 46.9229 64.985 5.58
      vertex 46.9894 67.014 5.58
      vertex 46.9894 65.066 5.58
    endloop
  endfacet
  facet normal 0 0 -1
    outer loop
      vertex 46.9229 64.985 5.58
      vertex 46.9229 67.095 5.58
      vertex 46.9894 67.014 5.58
    endloop
  endfacet
  facet normal 0 0 -1
    outer loop
      vertex 46.8514 64.9086 5.58
      vertex 46.9229 67.095 5.58
      vertex 46.9229 64.985 5.58
    endloop
  endfacet
  facet normal 0 0 -1
    outer loop
      vertex 46.8514 64.9086 5.58
      vertex 46.8514 67.1714 5.58
      vertex 46.9229 67.095 5.58
    endloop
  endfacet
  facet normal 0 0 -1
    outer loop
      vertex 46.775 64.8371 5.58
      vertex 46.8514 67.1714 5.58
      vertex 46.8514 64.9086 5.58
    endloop
  endfacet
  facet normal 0 0 -1
    outer loop
      vertex 46.775 64.8371 5.58
      vertex 46.775 67.2429 5.58
      vertex 46.8514 67.1714 5.58
    endloop
  endfacet
  facet normal 0 0 -1
    outer loop
      vertex 46.694 64.7706 5.58
      vertex 46.775 67.2429 5.58
      vertex 46.775 64.8371 5.58
    endloop
  endfacet
  facet normal 0 0 -1
    outer loop
      vertex 46.694 64.7706 5.58
      vertex 46.694 67.3094 5.58
      vertex 46.775 67.2429 5.58
    endloop
  endfacet
  facet normal 0 0 -1
    outer loop
      vertex 46.6089 64.7096 5.58
      vertex 46.694 67.3094 5.58
      vertex 46.694 64.7706 5.58
    endloop
  endfacet
  facet normal 0 0 -1
    outer loop
      vertex 46.6089 64.7096 5.58
      vertex 46.6089 67.3704 5.58
      vertex 46.694 67.3094 5.58
    endloop
  endfacet
  facet normal 0 0 -1
    outer loop
      vertex 46.52 64.6544 5.58
      vertex 46.6089 67.3704 5.58
      vertex 46.6089 64.7096 5.58
    endloop
  endfacet
  facet normal 0 0 -1
    outer loop
      vertex 46.52 64.6544 5.58
      vertex 46.52 67.4256 5.58
      vertex 46.6089 67.3704 5.58
    endloop
  endfacet
  facet normal 0 0 -1
    outer loop
      vertex 46.4277 64.605 5.58
      vertex 46.52 67.4256 5.58
      vertex 46.52 64.6544 5.58
    endloop
  endfacet
  facet normal 0 0 -1
    outer loop
      vertex 46.4277 64.605 5.58
      vertex 46.4277 67.475 5.58
      vertex 46.52 67.4256 5.58
    endloop
  endfacet
  facet normal 0 0 -1
    outer loop
      vertex 46.3323 64.5618 5.58
      vertex 46.4277 67.475 5.58
      vertex 46.4277 64.605 5.58
    endloop
  endfacet
  facet normal 0 0 -1
    outer loop
      vertex 46.3323 64.5618 5.58
      vertex 46.3323 67.5182 5.58
      vertex 46.4277 67.475 5.58
    endloop
  endfacet
  facet normal 0 0 -1
    outer loop
      vertex 46.2343 64.5249 5.58
      vertex 46.3323 67.5182 5.58
      vertex 46.3323 64.5618 5.58
    endloop
  endfacet
  facet normal 0 0 -1
    outer loop
      vertex 46.2343 64.5249 5.58
      vertex 46.2343 67.5551 5.58
      vertex 46.3323 67.5182 5.58
    endloop
  endfacet
  facet normal 0 0 -1
    outer loop
      vertex 46.1341 64.4945 5.58
      vertex 46.2343 67.5551 5.58
      vertex 46.2343 64.5249 5.58
    endloop
  endfacet
  facet normal 0 0 -1
    outer loop
      vertex 46.1341 64.4945 5.58
      vertex 46.1341 67.5855 5.58
      vertex 46.2343 67.5551 5.58
    endloop
  endfacet
  facet normal 0 0 -1
    outer loop
      vertex 46.0321 64.4707 5.58
      vertex 46.1341 67.5855 5.58
      vertex 46.1341 64.4945 5.58
    endloop
  endfacet
  facet normal 0 0 -1
    outer loop
      vertex 46.0321 64.4707 5.58
      vertex 46.0321 67.6093 5.58
      vertex 46.1341 67.5855 5.58
    endloop
  endfacet
  facet normal 0 0 -1
    outer loop
      vertex 45.9288 64.4537 5.58
      vertex 46.0321 67.6093 5.58
      vertex 46.0321 64.4707 5.58
    endloop
  endfacet
  facet normal 0 0 -1
    outer loop
      vertex 45.9288 64.4537 5.58
      vertex 45.9288 67.6263 5.58
      vertex 46.0321 67.6093 5.58
    endloop
  endfacet
  facet normal 0 0 -1
    outer loop
      vertex 45.8246 64.4434 5.58
      vertex 45.9288 67.6263 5.58
      vertex 45.9288 64.4537 5.58
    endloop
  endfacet
  facet normal 0 0 -1
    outer loop
      vertex 45.8246 64.4434 5.58
      vertex 45.8246 67.6366 5.58
      vertex 45.9288 67.6263 5.58
    endloop
  endfacet
  facet normal 0 0 -1
    outer loop
      vertex 45.72 64.44 5.58
      vertex 45.8246 67.6366 5.58
      vertex 45.8246 64.4434 5.58
    endloop
  endfacet
  facet normal 0 0 -1
    outer loop
      vertex 45.72 64.44 5.58
      vertex 45.72 67.64 5.58
      vertex 45.8246 67.6366 5.58
    endloop
  endfacet
  facet normal 0 0 -1
    outer loop
      vertex 45.6154 64.4434 5.58
      vertex 45.72 67.64 5.58
      vertex 45.72 64.44 5.58
    endloop
  endfacet
  facet normal 0 0 -1
    outer loop
      vertex 45.6154 64.4434 5.58
      vertex 45.6154 67.6366 5.58
      vertex 45.72 67.64 5.58
    endloop
  endfacet
  facet normal 0 0 -1
    outer loop
      vertex 45.5112 64.4537 5.58
      vertex 45.6154 67.6366 5.58
      vertex 45.6154 64.4434 5.58
    endloop
  endfacet
  facet normal 0 0 -1
    outer loop
      vertex 45.5112 64.4537 5.58
      vertex 45.5112 67.6263 5.58
      vertex 45.6154 67.6366 5.58
    endloop
  endfacet
  facet normal 0 0 -1
    outer loop
      vertex 45.4079 64.4707 5.58
      vertex 45.5112 67.6263 5.58
      vertex 45.5112 64.4537 5.58
    endloop
  endfacet
  facet normal 0 0 -1
    outer loop
      vertex 45.4079 64.4707 5.58
      vertex 45.4079 67.6093 5.58
      vertex 45.5112 67.6263 5.58
    endloop
  endfacet
  facet normal 0 0 -1
    outer loop
      vertex 45.3059 64.4945 5.58
      vertex 45.4079 67.6093 5.58
      vertex 45.4079 64.4707 5.58
    endloop
  endfacet
  facet normal 0 0 -1
    outer loop
      vertex 45.3059 64.4945 5.58
      vertex 45.3059 67.5855 5.58
      vertex 45.4079 67.6093 5.58
    endloop
  endfacet
  facet normal 0 0 -1
    outer loop
      vertex 45.2057 64.5249 5.58
      vertex 45.3059 67.5855 5.58
      vertex 45.3059 64.4945 5.58
    endloop
  endfacet
  facet normal 0 0 -1
    outer loop
      vertex 45.2057 64.5249 5.58
      vertex 45.2057 67.5551 5.58
      vertex 45.3059 67.5855 5.58
    endloop
  endfacet
  facet normal 0 0 -1
    outer loop
      vertex 45.1077 64.5618 5.58
      vertex 45.2057 67.5551 5.58
      vertex 45.2057 64.5249 5.58
    endloop
  endfacet
  facet normal 0 0 -1
    outer loop
      vertex 45.1077 64.5618 5.58
      vertex 45.1077 67.5182 5.58
      vertex 45.2057 67.5551 5.58
    endloop
  endfacet
  facet normal 0 0 -1
    outer loop
      vertex 45.0123 64.605 5.58
      vertex 45.1077 67.5182 5.58
      vertex 45.1077 64.5618 5.58
    endloop
  endfacet
  facet normal 0 0 -1
    outer loop
      vertex 45.0123 64.605 5.58
      vertex 45.0123 67.475 5.58
      vertex 45.1077 67.5182 5.58
    endloop
  endfacet
  facet normal 0 0 -1
    outer loop
      vertex 44.92 64.6544 5.58
      vertex 45.0123 67.475 5.58
      vertex 45.0123 64.605 5.58
    endloop
  endfacet
  facet normal 0 0 -1
    outer loop
      vertex 44.92 64.6544 5.58
      vertex 44.92 67.4256 5.58
      vertex 45.0123 67.475 5.58
    endloop
  endfacet
  facet normal 0 0 -1
    outer loop
      vertex 44.8311 64.7096 5.58
      vertex 44.92 67.4256 5.58
      vertex 44.92 64.6544 5.58
    endloop
  endfacet
  facet normal 0 0 -1
    outer loop
      vertex 44.8311 64.7096 5.58
      vertex 44.8311 67.3704 5.58
      vertex 44.92 67.4256 5.58
    endloop
  endfacet
  facet normal 0 0 -1
    outer loop
      vertex 44.746 64.7706 5.58
      vertex 44.8311 67.3704 5.58
      vertex 44.8311 64.7096 5.58
    endloop
  endfacet
  facet normal 0 0 -1
    outer loop
      vertex 44.746 64.7706 5.58
      vertex 44.746 67.3094 5.58
      vertex 44.8311 67.3704 5.58
    endloop
  endfacet
  facet normal 0 0 -1
    outer loop
      vertex 44.665 64.8371 5.58
      vertex 44.746 67.3094 5.58
      vertex 44.746 64.7706 5.58
    endloop
  endfacet
  facet normal 0 0 -1
    outer loop
      vertex 44.665 64.8371 5.58
      vertex 44.665 67.2429 5.58
      vertex 44.746 67.3094 5.58
    endloop
  endfacet
  facet normal 0 0 -1
    outer loop
      vertex 44.5886 64.9086 5.58
      vertex 44.665 67.2429 5.58
      vertex 44.665 64.8371 5.58
    endloop
  endfacet
  facet normal 0 0 -1
    outer loop
      vertex 44.5886 64.9086 5.58
      vertex 44.5886 67.1714 5.58
      vertex 44.665 67.2429 5.58
    endloop
  endfacet
  facet normal 0 0 -1
    outer loop
      vertex 44.5171 64.985 5.58
      vertex 44.5886 67.1714 5.58
      vertex 44.5886 64.9086 5.58
    endloop
  endfacet
  facet normal 0 0 -1
    outer loop
      vertex 44.5171 64.985 5.58
      vertex 44.5171 67.095 5.58
      vertex 44.5886 67.1714 5.58
    endloop
  endfacet
  facet normal 0 0 -1
    outer loop
      vertex 44.4506 65.066 5.58
      vertex 44.5171 67.095 5.58
      vertex 44.5171 64.985 5.58
    endloop
  endfacet
  facet normal 0 0 -1
    outer loop
      vertex 44.4506 65.066 5.58
      vertex 44.4506 67.014 5.58
      vertex 44.5171 67.095 5.58
    endloop
  endfacet
  facet normal 0 0 -1
    outer loop
      vertex 44.3896 65.1511 5.58
      vertex 44.4506 67.014 5.58
      vertex 44.4506 65.066 5.58
    endloop
  endfacet
  facet normal 0 0 -1
    outer loop
      vertex 44.3896 65.1511 5.58
      vertex 44.3896 66.9289 5.58
      vertex 44.4506 67.014 5.58
    endloop
  endfacet
  facet normal 0 0 -1
    outer loop
      vertex 44.3344 65.24 5.58
      vertex 44.3896 66.9289 5.58
      vertex 44.3896 65.1511 5.58
    endloop
  endfacet
  facet normal 0 0 -1
    outer loop
      vertex 44.3344 65.24 5.58
      vertex 44.3344 66.84 5.58
      vertex 44.3896 66.9289 5.58
    endloop
  endfacet
  facet normal 0 0 -1
    outer loop
      vertex 44.285 65.3323 5.58
      vertex 44.3344 66.84 5.58
      vertex 44.3344 65.24 5.58
    endloop
  endfacet
  facet normal 0 0 -1
    outer loop
      vertex 44.285 65.3323 5.58
      vertex 44.285 66.7477 5.58
      vertex 44.3344 66.84 5.58
    endloop
  endfacet
  facet normal 0 0 -1
    outer loop
      vertex 44.2418 65.4277 5.58
      vertex 44.285 66.7477 5.58
      vertex 44.285 65.3323 5.58
    endloop
  endfacet
  facet normal 0 0 -1
    outer loop
      vertex 44.2418 65.4277 5.58
      vertex 44.2418 66.6523 5.58
      vertex 44.285 66.7477 5.58
    endloop
  endfacet
  facet normal 0 0 -1
    outer loop
      vertex 44.2049 65.5257 5.58
      vertex 44.2418 66.6523 5.58
      vertex 44.2418 65.4277 5.58
    endloop
  endfacet
  facet normal 0 0 -1
    outer loop
      vertex 44.2049 65.5257 5.58
      vertex 44.2049 66.5543 5.58
      vertex 44.2418 66.6523 5.58
    endloop
  endfacet
  facet normal 0 0 -1
    outer loop
      vertex 44.1745 65.6259 5.58
      vertex 44.2049 66.5543 5.58
      vertex 44.2049 65.5257 5.58
    endloop
  endfacet
  facet normal 0 0 -1
    outer loop
      vertex 44.1745 65.6259 5.58
      vertex 44.1745 66.4541 5.58
      vertex 44.2049 66.5543 5.58
    endloop
  endfacet
  facet normal 0 0 -1
    outer loop
      vertex 44.1507 65.7279 5.58
      vertex 44.1745 66.4541 5.58
      vertex 44.1745 65.6259 5.58
    endloop
  endfacet
  facet normal 0 0 -1
    outer loop
      vertex 44.1507 65.7279 5.58
      vertex 44.1507 66.3521 5.58
      vertex 44.1745 66.4541 5.58
    endloop
  endfacet
  facet normal 0 0 -1
    outer loop
      vertex 44.1337 65.8312 5.58
      vertex 44.1507 66.3521 5.58
      vertex 44.1507 65.7279 5.58
    endloop
  endfacet
  facet normal 0 0 -1
    outer loop
      vertex 44.1337 65.8312 5.58
      vertex 44.1337 66.2488 5.58
      vertex 44.1507 66.3521 5.58
    endloop
  endfacet
  facet normal 0 0 -1
    outer loop
      vertex 44.1234 65.9354 5.58
      vertex 44.1337 66.2488 5.58
      vertex 44.1337 65.8312 5.58
    endloop
  endfacet
  facet normal 0 0 -1
    outer loop
      vertex 44.1234 65.9354 5.58
      vertex 44.1234 66.1446 5.58
      vertex 44.1337 66.2488 5.58
    endloop
  endfacet
  facet normal 0 -0 -1
    outer loop
      vertex 44.1234 66.1446 5.58
      vertex 44.1234 65.9354 5.58
      vertex 44.12 66.04 5.58
    endloop
  endfacet
  facet normal -0.471505 0.881863 0
    outer loop
      vertex 46.2825 65.0657 2.4
      vertex 46.2176 65.031 4.78
      vertex 46.2825 65.0657 4.78
    endloop
  endfacet
  facet normal -0.471505 0.881863 0
    outer loop
      vertex 46.2176 65.031 4.78
      vertex 46.2825 65.0657 2.4
      vertex 46.2176 65.031 2.4
    endloop
  endfacet
  facet normal -0.729834 -0.683625 0
    outer loop
      vertex 46.5658 66.7818 2.4
      vertex 46.5155 66.8355 4.78
      vertex 46.5155 66.8355 2.4
    endloop
  endfacet
  facet normal -0.729834 -0.683625 0
    outer loop
      vertex 46.5155 66.8355 4.78
      vertex 46.5658 66.7818 2.4
      vertex 46.5658 66.7818 4.78
    endloop
  endfacet
  facet normal 0.582265 0.812999 -0
    outer loop
      vertex 45.095 65.1046 2.4
      vertex 45.0351 65.1475 4.78
      vertex 45.095 65.1046 4.78
    endloop
  endfacet
  facet normal 0.582265 0.812999 0
    outer loop
      vertex 45.0351 65.1475 4.78
      vertex 45.095 65.1046 2.4
      vertex 45.0351 65.1475 2.4
    endloop
  endfacet
  facet normal 0.290837 -0.956773 0
    outer loop
      vertex 45.3584 67.1053 2.4
      vertex 45.4288 67.1267 4.78
      vertex 45.3584 67.1053 4.78
    endloop
  endfacet
  facet normal 0.290837 -0.956773 0
    outer loop
      vertex 45.4288 67.1267 4.78
      vertex 45.3584 67.1053 2.4
      vertex 45.4288 67.1267 2.4
    endloop
  endfacet
  facet normal -0.812999 0.582265 0
    outer loop
      vertex 46.6125 65.3551 2.4
      vertex 46.6554 65.415 4.78
      vertex 46.6554 65.415 2.4
    endloop
  endfacet
  facet normal -0.812999 0.582265 0
    outer loop
      vertex 46.6554 65.415 4.78
      vertex 46.6125 65.3551 2.4
      vertex 46.6125 65.3551 4.78
    endloop
  endfacet
  facet normal -0.956773 -0.290837 0
    outer loop
      vertex 46.8067 66.3312 2.4
      vertex 46.7853 66.4016 4.78
      vertex 46.7853 66.4016 2.4
    endloop
  endfacet
  facet normal -0.956773 -0.290837 0
    outer loop
      vertex 46.7853 66.4016 4.78
      vertex 46.8067 66.3312 2.4
      vertex 46.8067 66.3312 4.78
    endloop
  endfacet
  facet normal 0.881863 0.471505 0
    outer loop
      vertex 44.7457 65.4775 4.78
      vertex 44.711 65.5424 2.4
      vertex 44.711 65.5424 4.78
    endloop
  endfacet
  facet normal 0.881863 0.471505 0
    outer loop
      vertex 44.711 65.5424 2.4
      vertex 44.7457 65.4775 4.78
      vertex 44.7457 65.4775 2.4
    endloop
  endfacet
  facet normal -0.999469 0.0325914 0
    outer loop
      vertex 46.8426 65.9664 2.4
      vertex 46.845 66.04 4.78
      vertex 46.845 66.04 2.4
    endloop
  endfacet
  facet normal -0.999469 0.0325914 0
    outer loop
      vertex 46.845 66.04 4.78
      vertex 46.8426 65.9664 2.4
      vertex 46.8426 65.9664 4.78
    endloop
  endfacet
  facet normal 0.995197 0.0978883 0
    outer loop
      vertex 44.6046 65.8932 4.78
      vertex 44.5974 65.9664 2.4
      vertex 44.5974 65.9664 4.78
    endloop
  endfacet
  facet normal 0.995197 0.0978883 0
    outer loop
      vertex 44.5974 65.9664 2.4
      vertex 44.6046 65.8932 4.78
      vertex 44.6046 65.8932 2.4
    endloop
  endfacet
  facet normal -0.683625 0.729834 0
    outer loop
      vertex 46.5155 65.2445 2.4
      vertex 46.4618 65.1942 4.78
      vertex 46.5155 65.2445 4.78
    endloop
  endfacet
  facet normal -0.683625 0.729834 0
    outer loop
      vertex 46.4618 65.1942 4.78
      vertex 46.5155 65.2445 2.4
      vertex 46.4618 65.1942 2.4
    endloop
  endfacet
  facet normal 0.772988 -0.634421 0
    outer loop
      vertex 44.8275 66.7249 4.78
      vertex 44.8742 66.7818 2.4
      vertex 44.8742 66.7818 4.78
    endloop
  endfacet
  facet normal 0.772988 -0.634421 0
    outer loop
      vertex 44.8742 66.7818 2.4
      vertex 44.8275 66.7249 4.78
      vertex 44.8275 66.7249 2.4
    endloop
  endfacet
  facet normal -0.848989 0.528411 0
    outer loop
      vertex 46.6554 65.415 2.4
      vertex 46.6943 65.4775 4.78
      vertex 46.6943 65.4775 2.4
    endloop
  endfacet
  facet normal -0.848989 0.528411 0
    outer loop
      vertex 46.6943 65.4775 4.78
      vertex 46.6554 65.415 2.4
      vertex 46.6554 65.415 4.78
    endloop
  endfacet
  facet normal 0.848989 0.528411 0
    outer loop
      vertex 44.7846 65.415 4.78
      vertex 44.7457 65.4775 2.4
      vertex 44.7457 65.4775 4.78
    endloop
  endfacet
  facet normal 0.848989 0.528411 0
    outer loop
      vertex 44.7457 65.4775 2.4
      vertex 44.7846 65.415 4.78
      vertex 44.7846 65.415 2.4
    endloop
  endfacet
  facet normal 0.351868 -0.93605 0
    outer loop
      vertex 45.2895 67.0794 2.4
      vertex 45.3584 67.1053 4.78
      vertex 45.2895 67.0794 4.78
    endloop
  endfacet
  facet normal 0.351868 -0.93605 0
    outer loop
      vertex 45.3584 67.1053 4.78
      vertex 45.2895 67.0794 2.4
      vertex 45.3584 67.1053 2.4
    endloop
  endfacet
  facet normal -0.634421 -0.772988 0
    outer loop
      vertex 46.4049 66.9325 2.4
      vertex 46.4618 66.8858 4.78
      vertex 46.4049 66.9325 4.78
    endloop
  endfacet
  facet normal -0.634421 -0.772988 -0
    outer loop
      vertex 46.4618 66.8858 4.78
      vertex 46.4049 66.9325 2.4
      vertex 46.4618 66.8858 2.4
    endloop
  endfacet
  facet normal 0.729834 0.683625 0
    outer loop
      vertex 44.9245 65.2445 4.78
      vertex 44.8742 65.2982 2.4
      vertex 44.8742 65.2982 4.78
    endloop
  endfacet
  facet normal 0.729834 0.683625 0
    outer loop
      vertex 44.8742 65.2982 2.4
      vertex 44.9245 65.2445 4.78
      vertex 44.9245 65.2445 2.4
    endloop
  endfacet
  facet normal 0.0325914 -0.999469 0
    outer loop
      vertex 45.6464 67.1626 2.4
      vertex 45.72 67.165 4.78
      vertex 45.6464 67.1626 4.78
    endloop
  endfacet
  facet normal 0.0325914 -0.999469 0
    outer loop
      vertex 45.72 67.165 4.78
      vertex 45.6464 67.1626 2.4
      vertex 45.72 67.165 2.4
    endloop
  endfacet
  facet normal -0.412678 -0.910877 0
    outer loop
      vertex 46.1505 67.0794 2.4
      vertex 46.2176 67.049 4.78
      vertex 46.1505 67.0794 4.78
    endloop
  endfacet
  facet normal -0.412678 -0.910877 -0
    outer loop
      vertex 46.2176 67.049 4.78
      vertex 46.1505 67.0794 2.4
      vertex 46.2176 67.049 2.4
    endloop
  endfacet
  facet normal -0.471505 -0.881863 0
    outer loop
      vertex 46.2176 67.049 2.4
      vertex 46.2825 67.0143 4.78
      vertex 46.2176 67.049 4.78
    endloop
  endfacet
  facet normal -0.471505 -0.881863 -0
    outer loop
      vertex 46.2825 67.0143 4.78
      vertex 46.2176 67.049 2.4
      vertex 46.2825 67.0143 2.4
    endloop
  endfacet
  facet normal -0.351868 -0.93605 0
    outer loop
      vertex 46.0816 67.1053 2.4
      vertex 46.1505 67.0794 4.78
      vertex 46.0816 67.1053 4.78
    endloop
  endfacet
  facet normal -0.351868 -0.93605 -0
    outer loop
      vertex 46.1505 67.0794 4.78
      vertex 46.0816 67.1053 2.4
      vertex 46.1505 67.0794 2.4
    endloop
  endfacet
  facet normal -0.0325914 -0.999469 0
    outer loop
      vertex 45.72 67.165 2.4
      vertex 45.7936 67.1626 4.78
      vertex 45.72 67.165 4.78
    endloop
  endfacet
  facet normal -0.0325914 -0.999469 -0
    outer loop
      vertex 45.7936 67.1626 4.78
      vertex 45.72 67.165 2.4
      vertex 45.7936 67.1626 2.4
    endloop
  endfacet
  facet normal 0.910877 0.412678 0
    outer loop
      vertex 44.711 65.5424 4.78
      vertex 44.6806 65.6095 2.4
      vertex 44.6806 65.6095 4.78
    endloop
  endfacet
  facet normal 0.910877 0.412678 0
    outer loop
      vertex 44.6806 65.6095 2.4
      vertex 44.711 65.5424 4.78
      vertex 44.711 65.5424 2.4
    endloop
  endfacet
  facet normal -0.729834 0.683625 0
    outer loop
      vertex 46.5155 65.2445 2.4
      vertex 46.5658 65.2982 4.78
      vertex 46.5658 65.2982 2.4
    endloop
  endfacet
  facet normal -0.729834 0.683625 0
    outer loop
      vertex 46.5658 65.2982 4.78
      vertex 46.5155 65.2445 2.4
      vertex 46.5155 65.2445 4.78
    endloop
  endfacet
  facet normal -0.772988 0.634421 0
    outer loop
      vertex 46.5658 65.2982 2.4
      vertex 46.6125 65.3551 4.78
      vertex 46.6125 65.3551 2.4
    endloop
  endfacet
  facet normal -0.772988 0.634421 0
    outer loop
      vertex 46.6125 65.3551 4.78
      vertex 46.5658 65.2982 2.4
      vertex 46.5658 65.2982 4.78
    endloop
  endfacet
  facet normal -0.881863 0.471505 0
    outer loop
      vertex 46.6943 65.4775 2.4
      vertex 46.729 65.5424 4.78
      vertex 46.729 65.5424 2.4
    endloop
  endfacet
  facet normal -0.881863 0.471505 0
    outer loop
      vertex 46.729 65.5424 4.78
      vertex 46.6943 65.4775 2.4
      vertex 46.6943 65.4775 4.78
    endloop
  endfacet
  facet normal 0.973931 -0.226843 0
    outer loop
      vertex 44.6166 66.2595 4.78
      vertex 44.6333 66.3312 2.4
      vertex 44.6333 66.3312 4.78
    endloop
  endfacet
  facet normal 0.973931 -0.226843 0
    outer loop
      vertex 44.6333 66.3312 2.4
      vertex 44.6166 66.2595 4.78
      vertex 44.6166 66.2595 2.4
    endloop
  endfacet
  facet normal 0.881863 -0.471505 0
    outer loop
      vertex 44.711 66.5376 4.78
      vertex 44.7457 66.6025 2.4
      vertex 44.7457 66.6025 4.78
    endloop
  endfacet
  facet normal 0.881863 -0.471505 0
    outer loop
      vertex 44.7457 66.6025 2.4
      vertex 44.711 66.5376 4.78
      vertex 44.711 66.5376 2.4
    endloop
  endfacet
  facet normal 0.634421 -0.772988 0
    outer loop
      vertex 44.9782 66.8858 2.4
      vertex 45.0351 66.9325 4.78
      vertex 44.9782 66.8858 4.78
    endloop
  endfacet
  facet normal 0.634421 -0.772988 0
    outer loop
      vertex 45.0351 66.9325 4.78
      vertex 44.9782 66.8858 2.4
      vertex 45.0351 66.9325 2.4
    endloop
  endfacet
  facet normal -0.956773 0.290837 0
    outer loop
      vertex 46.7853 65.6784 2.4
      vertex 46.8067 65.7488 4.78
      vertex 46.8067 65.7488 2.4
    endloop
  endfacet
  facet normal -0.956773 0.290837 0
    outer loop
      vertex 46.8067 65.7488 4.78
      vertex 46.7853 65.6784 2.4
      vertex 46.7853 65.6784 4.78
    endloop
  endfacet
  facet normal 0.93605 -0.351868 0
    outer loop
      vertex 44.6547 66.4016 4.78
      vertex 44.6806 66.4705 2.4
      vertex 44.6806 66.4705 4.78
    endloop
  endfacet
  facet normal 0.93605 -0.351868 0
    outer loop
      vertex 44.6806 66.4705 2.4
      vertex 44.6547 66.4016 4.78
      vertex 44.6547 66.4016 2.4
    endloop
  endfacet
  facet normal -0.812999 -0.582265 0
    outer loop
      vertex 46.6554 66.665 2.4
      vertex 46.6125 66.7249 4.78
      vertex 46.6125 66.7249 2.4
    endloop
  endfacet
  facet normal -0.812999 -0.582265 0
    outer loop
      vertex 46.6125 66.7249 4.78
      vertex 46.6554 66.665 2.4
      vertex 46.6554 66.665 4.78
    endloop
  endfacet
  facet normal 0.0978883 -0.995197 0
    outer loop
      vertex 45.5732 67.1554 2.4
      vertex 45.6464 67.1626 4.78
      vertex 45.5732 67.1554 4.78
    endloop
  endfacet
  facet normal 0.0978883 -0.995197 0
    outer loop
      vertex 45.6464 67.1626 4.78
      vertex 45.5732 67.1554 2.4
      vertex 45.6464 67.1626 2.4
    endloop
  endfacet
  facet normal 0.226843 0.973931 -0
    outer loop
      vertex 45.5005 64.9366 2.4
      vertex 45.4288 64.9533 4.78
      vertex 45.5005 64.9366 4.78
    endloop
  endfacet
  facet normal 0.226843 0.973931 0
    outer loop
      vertex 45.4288 64.9533 4.78
      vertex 45.5005 64.9366 2.4
      vertex 45.4288 64.9533 2.4
    endloop
  endfacet
  facet normal 0.290837 0.956773 -0
    outer loop
      vertex 45.4288 64.9533 2.4
      vertex 45.3584 64.9747 4.78
      vertex 45.4288 64.9533 4.78
    endloop
  endfacet
  facet normal 0.290837 0.956773 0
    outer loop
      vertex 45.3584 64.9747 4.78
      vertex 45.4288 64.9533 2.4
      vertex 45.3584 64.9747 2.4
    endloop
  endfacet
  facet normal 0.412678 -0.910877 0
    outer loop
      vertex 45.2224 67.049 2.4
      vertex 45.2895 67.0794 4.78
      vertex 45.2224 67.049 4.78
    endloop
  endfacet
  facet normal 0.412678 -0.910877 0
    outer loop
      vertex 45.2895 67.0794 4.78
      vertex 45.2224 67.049 2.4
      vertex 45.2895 67.0794 2.4
    endloop
  endfacet
  facet normal -0.162858 0.986649 0
    outer loop
      vertex 45.9395 64.9366 2.4
      vertex 45.8668 64.9246 4.78
      vertex 45.9395 64.9366 4.78
    endloop
  endfacet
  facet normal -0.162858 0.986649 0
    outer loop
      vertex 45.8668 64.9246 4.78
      vertex 45.9395 64.9366 2.4
      vertex 45.8668 64.9246 2.4
    endloop
  endfacet
  facet normal -0.772988 -0.634421 0
    outer loop
      vertex 46.6125 66.7249 2.4
      vertex 46.5658 66.7818 4.78
      vertex 46.5658 66.7818 2.4
    endloop
  endfacet
  facet normal -0.772988 -0.634421 0
    outer loop
      vertex 46.5658 66.7818 4.78
      vertex 46.6125 66.7249 2.4
      vertex 46.6125 66.7249 4.78
    endloop
  endfacet
  facet normal -0.226843 -0.973931 0
    outer loop
      vertex 45.9395 67.1434 2.4
      vertex 46.0112 67.1267 4.78
      vertex 45.9395 67.1434 4.78
    endloop
  endfacet
  facet normal -0.226843 -0.973931 -0
    outer loop
      vertex 46.0112 67.1267 4.78
      vertex 45.9395 67.1434 2.4
      vertex 46.0112 67.1267 2.4
    endloop
  endfacet
  facet normal 0.528411 0.848989 -0
    outer loop
      vertex 45.1575 65.0657 2.4
      vertex 45.095 65.1046 4.78
      vertex 45.1575 65.0657 4.78
    endloop
  endfacet
  facet normal 0.528411 0.848989 0
    outer loop
      vertex 45.095 65.1046 4.78
      vertex 45.1575 65.0657 2.4
      vertex 45.095 65.1046 2.4
    endloop
  endfacet
  facet normal 0.351868 0.93605 -0
    outer loop
      vertex 45.3584 64.9747 2.4
      vertex 45.2895 65.0006 4.78
      vertex 45.3584 64.9747 4.78
    endloop
  endfacet
  facet normal 0.351868 0.93605 0
    outer loop
      vertex 45.2895 65.0006 4.78
      vertex 45.3584 64.9747 2.4
      vertex 45.2895 65.0006 2.4
    endloop
  endfacet
  facet normal -0.412678 0.910877 0
    outer loop
      vertex 46.2176 65.031 2.4
      vertex 46.1505 65.0006 4.78
      vertex 46.2176 65.031 4.78
    endloop
  endfacet
  facet normal -0.412678 0.910877 0
    outer loop
      vertex 46.1505 65.0006 4.78
      vertex 46.2176 65.031 2.4
      vertex 46.1505 65.0006 2.4
    endloop
  endfacet
  facet normal 0.683625 0.729834 -0
    outer loop
      vertex 44.9782 65.1942 2.4
      vertex 44.9245 65.2445 4.78
      vertex 44.9782 65.1942 4.78
    endloop
  endfacet
  facet normal 0.683625 0.729834 0
    outer loop
      vertex 44.9245 65.2445 4.78
      vertex 44.9782 65.1942 2.4
      vertex 44.9245 65.2445 2.4
    endloop
  endfacet
  facet normal 0.772988 0.634421 0
    outer loop
      vertex 44.8742 65.2982 4.78
      vertex 44.8275 65.3551 2.4
      vertex 44.8275 65.3551 4.78
    endloop
  endfacet
  facet normal 0.772988 0.634421 0
    outer loop
      vertex 44.8275 65.3551 2.4
      vertex 44.8742 65.2982 4.78
      vertex 44.8742 65.2982 2.4
    endloop
  endfacet
  facet normal 0.0978883 0.995197 -0
    outer loop
      vertex 45.6464 64.9174 2.4
      vertex 45.5732 64.9246 4.78
      vertex 45.6464 64.9174 4.78
    endloop
  endfacet
  facet normal 0.0978883 0.995197 0
    outer loop
      vertex 45.5732 64.9246 4.78
      vertex 45.6464 64.9174 2.4
      vertex 45.5732 64.9246 2.4
    endloop
  endfacet
  facet normal -0.582265 0.812999 0
    outer loop
      vertex 46.4049 65.1475 2.4
      vertex 46.345 65.1046 4.78
      vertex 46.4049 65.1475 4.78
    endloop
  endfacet
  facet normal -0.582265 0.812999 0
    outer loop
      vertex 46.345 65.1046 4.78
      vertex 46.4049 65.1475 2.4
      vertex 46.345 65.1046 2.4
    endloop
  endfacet
  facet normal 0.226843 -0.973931 0
    outer loop
      vertex 45.4288 67.1267 2.4
      vertex 45.5005 67.1434 4.78
      vertex 45.4288 67.1267 4.78
    endloop
  endfacet
  facet normal 0.226843 -0.973931 0
    outer loop
      vertex 45.5005 67.1434 4.78
      vertex 45.4288 67.1267 2.4
      vertex 45.5005 67.1434 2.4
    endloop
  endfacet
  facet normal -0.973931 0.226843 0
    outer loop
      vertex 46.8067 65.7488 2.4
      vertex 46.8234 65.8205 4.78
      vertex 46.8234 65.8205 2.4
    endloop
  endfacet
  facet normal -0.973931 0.226843 0
    outer loop
      vertex 46.8234 65.8205 4.78
      vertex 46.8067 65.7488 2.4
      vertex 46.8067 65.7488 4.78
    endloop
  endfacet
  facet normal 0.729834 -0.683625 0
    outer loop
      vertex 44.8742 66.7818 4.78
      vertex 44.9245 66.8355 2.4
      vertex 44.9245 66.8355 4.78
    endloop
  endfacet
  facet normal 0.729834 -0.683625 0
    outer loop
      vertex 44.9245 66.8355 2.4
      vertex 44.8742 66.7818 4.78
      vertex 44.8742 66.7818 2.4
    endloop
  endfacet
  facet normal 0.162858 0.986649 -0
    outer loop
      vertex 45.5732 64.9246 2.4
      vertex 45.5005 64.9366 4.78
      vertex 45.5732 64.9246 4.78
    endloop
  endfacet
  facet normal 0.162858 0.986649 0
    outer loop
      vertex 45.5005 64.9366 4.78
      vertex 45.5732 64.9246 2.4
      vertex 45.5005 64.9366 2.4
    endloop
  endfacet
  facet normal 0.956773 -0.290837 0
    outer loop
      vertex 44.6333 66.3312 4.78
      vertex 44.6547 66.4016 2.4
      vertex 44.6547 66.4016 4.78
    endloop
  endfacet
  facet normal 0.956773 -0.290837 0
    outer loop
      vertex 44.6547 66.4016 2.4
      vertex 44.6333 66.3312 4.78
      vertex 44.6333 66.3312 2.4
    endloop
  endfacet
  facet normal -0.290837 -0.956773 0
    outer loop
      vertex 46.0112 67.1267 2.4
      vertex 46.0816 67.1053 4.78
      vertex 46.0112 67.1267 4.78
    endloop
  endfacet
  facet normal -0.290837 -0.956773 -0
    outer loop
      vertex 46.0816 67.1053 4.78
      vertex 46.0112 67.1267 2.4
      vertex 46.0816 67.1053 2.4
    endloop
  endfacet
  facet normal -0.910877 0.412678 0
    outer loop
      vertex 46.729 65.5424 2.4
      vertex 46.7594 65.6095 4.78
      vertex 46.7594 65.6095 2.4
    endloop
  endfacet
  facet normal -0.910877 0.412678 0
    outer loop
      vertex 46.7594 65.6095 4.78
      vertex 46.729 65.5424 2.4
      vertex 46.729 65.5424 4.78
    endloop
  endfacet
  facet normal 0.471505 -0.881863 0
    outer loop
      vertex 45.1575 67.0143 2.4
      vertex 45.2224 67.049 4.78
      vertex 45.1575 67.0143 4.78
    endloop
  endfacet
  facet normal 0.471505 -0.881863 0
    outer loop
      vertex 45.2224 67.049 4.78
      vertex 45.1575 67.0143 2.4
      vertex 45.2224 67.049 2.4
    endloop
  endfacet
  facet normal 0.634421 0.772988 -0
    outer loop
      vertex 45.0351 65.1475 2.4
      vertex 44.9782 65.1942 4.78
      vertex 45.0351 65.1475 4.78
    endloop
  endfacet
  facet normal 0.634421 0.772988 0
    outer loop
      vertex 44.9782 65.1942 4.78
      vertex 45.0351 65.1475 2.4
      vertex 44.9782 65.1942 2.4
    endloop
  endfacet
  facet normal 0.471505 0.881863 -0
    outer loop
      vertex 45.2224 65.031 2.4
      vertex 45.1575 65.0657 4.78
      vertex 45.2224 65.031 4.78
    endloop
  endfacet
  facet normal 0.471505 0.881863 0
    outer loop
      vertex 45.1575 65.0657 4.78
      vertex 45.2224 65.031 2.4
      vertex 45.1575 65.0657 2.4
    endloop
  endfacet
  facet normal 0.303035 0.804809 0.510346
    outer loop
      vertex 45.2057 64.5249 5.58
      vertex 45.3584 64.9747 4.78
      vertex 45.1077 64.5618 5.58
    endloop
  endfacet
  facet normal -0.354748 0.783402 0.510328
    outer loop
      vertex 46.3323 64.5618 5.58
      vertex 46.4277 64.605 5.58
      vertex 46.2176 65.031 4.78
    endloop
  endfacet
  facet normal 0.0841832 -0.855863 0.510306
    outer loop
      vertex 45.5732 67.1554 4.78
      vertex 45.6464 67.1626 4.78
      vertex 45.5112 67.6263 5.58
    endloop
  endfacet
  facet normal 0.0841832 0.855863 0.510306
    outer loop
      vertex 45.6464 64.9174 4.78
      vertex 45.5732 64.9246 4.78
      vertex 45.5112 64.4537 5.58
    endloop
  endfacet
  facet normal -0.859519 -0.0279385 0.510339
    outer loop
      vertex 47.32 66.04 5.58
      vertex 47.3166 66.1446 5.58
      vertex 46.845 66.04 4.78
    endloop
  endfacet
  facet normal -0.859512 -0.0280276 0.510347
    outer loop
      vertex 46.845 66.04 4.78
      vertex 47.3166 66.1446 5.58
      vertex 46.8426 66.1136 4.78
    endloop
  endfacet
  facet normal -0.855863 0.0841832 0.510306
    outer loop
      vertex 47.3063 65.8312 5.58
      vertex 46.8426 65.9664 4.78
      vertex 46.8354 65.8932 4.78
    endloop
  endfacet
  facet normal 0.140057 -0.84851 0.510309
    outer loop
      vertex 45.5732 67.1554 4.78
      vertex 45.5112 67.6263 5.58
      vertex 45.5005 67.1434 4.78
    endloop
  endfacet
  facet normal 0.627642 0.587903 0.510328
    outer loop
      vertex 44.9245 65.2445 4.78
      vertex 44.8742 65.2982 4.78
      vertex 44.5171 64.985 5.58
    endloop
  endfacet
  facet normal 0.664672 -0.545687 0.51033
    outer loop
      vertex 44.8742 66.7818 4.78
      vertex 44.5171 67.095 5.58
      vertex 44.4506 67.014 5.58
    endloop
  endfacet
  facet normal 0.405484 0.758384 0.51033
    outer loop
      vertex 45.2224 65.031 4.78
      vertex 45.1575 65.0657 4.78
      vertex 45.0123 64.605 5.58
    endloop
  endfacet
  facet normal 0.84851 -0.140057 0.510309
    outer loop
      vertex 44.6046 66.1868 4.78
      vertex 44.6166 66.2595 4.78
      vertex 44.1337 66.2488 5.58
    endloop
  endfacet
  facet normal 0.453652 -0.73061 0.510303
    outer loop
      vertex 45.1575 67.0143 4.78
      vertex 44.92 67.4256 5.58
      vertex 44.8311 67.3704 5.58
    endloop
  endfacet
  facet normal -0.140057 0.84851 0.510309
    outer loop
      vertex 45.9288 64.4537 5.58
      vertex 45.9395 64.9366 4.78
      vertex 45.8668 64.9246 4.78
    endloop
  endfacet
  facet normal -0.804996 0.302604 0.510307
    outer loop
      vertex 47.1982 65.4277 5.58
      vertex 46.7853 65.6784 4.78
      vertex 46.7594 65.6095 4.78
    endloop
  endfacet
  facet normal -0.545584 0.664748 0.51034
    outer loop
      vertex 46.694 64.7706 5.58
      vertex 46.4618 65.1942 4.78
      vertex 46.4049 65.1475 4.78
    endloop
  endfacet
  facet normal -0.730088 0.454407 0.510378
    outer loop
      vertex 47.0504 65.1511 5.58
      vertex 46.6943 65.4775 4.78
      vertex 46.6554 65.415 4.78
    endloop
  endfacet
  facet normal 0.837488 0.195414 0.51032
    outer loop
      vertex 44.1745 65.6259 5.58
      vertex 44.6333 65.7488 4.78
      vertex 44.1507 65.7279 5.58
    endloop
  endfacet
  facet normal -0.0841832 -0.855863 0.510306
    outer loop
      vertex 45.8668 67.1554 4.78
      vertex 45.9288 67.6263 5.58
      vertex 45.7936 67.1626 4.78
    endloop
  endfacet
  facet normal 0.730088 -0.454407 0.510378
    outer loop
      vertex 44.7457 66.6025 4.78
      vertex 44.7846 66.665 4.78
      vertex 44.3896 66.9289 5.58
    endloop
  endfacet
  facet normal -0.848557 -0.139646 0.510343
    outer loop
      vertex 47.3063 66.2488 5.58
      vertex 47.2893 66.3521 5.58
      vertex 46.8234 66.2595 4.78
    endloop
  endfacet
  facet normal 0.822928 -0.249671 0.510347
    outer loop
      vertex 44.6547 66.4016 4.78
      vertex 44.2049 66.5543 5.58
      vertex 44.1745 66.4541 5.58
    endloop
  endfacet
  facet normal -0.859512 0.0280276 0.510347
    outer loop
      vertex 47.3166 65.9354 5.58
      vertex 46.845 66.04 4.78
      vertex 46.8426 65.9664 4.78
    endloop
  endfacet
  facet normal -0.453652 0.73061 0.510303
    outer loop
      vertex 46.52 64.6544 5.58
      vertex 46.6089 64.7096 5.58
      vertex 46.2825 65.0657 4.78
    endloop
  endfacet
  facet normal 0.0845946 -0.855802 0.51034
    outer loop
      vertex 45.6464 67.1626 4.78
      vertex 45.6154 67.6366 5.58
      vertex 45.5112 67.6263 5.58
    endloop
  endfacet
  facet normal 0.859519 -0.0279385 0.510339
    outer loop
      vertex 44.595 66.04 4.78
      vertex 44.1234 66.1446 5.58
      vertex 44.12 66.04 5.58
    endloop
  endfacet
  facet normal -0.0845946 -0.855802 0.51034
    outer loop
      vertex 45.9288 67.6263 5.58
      vertex 45.8246 67.6366 5.58
      vertex 45.7936 67.1626 4.78
    endloop
  endfacet
  facet normal -0.453652 -0.73061 0.510303
    outer loop
      vertex 46.6089 67.3704 5.58
      vertex 46.52 67.4256 5.58
      vertex 46.2825 67.0143 4.78
    endloop
  endfacet
  facet normal 0.0280276 -0.859512 0.510347
    outer loop
      vertex 45.6464 67.1626 4.78
      vertex 45.72 67.165 4.78
      vertex 45.6154 67.6366 5.58
    endloop
  endfacet
  facet normal 0.249671 0.822928 0.510347
    outer loop
      vertex 45.3059 64.4945 5.58
      vertex 45.3584 64.9747 4.78
      vertex 45.2057 64.5249 5.58
    endloop
  endfacet
  facet normal -0.405484 0.758384 0.51033
    outer loop
      vertex 46.4277 64.605 5.58
      vertex 46.2825 65.0657 4.78
      vertex 46.2176 65.031 4.78
    endloop
  endfacet
  facet normal 0.855863 -0.0841832 0.510306
    outer loop
      vertex 44.5974 66.1136 4.78
      vertex 44.6046 66.1868 4.78
      vertex 44.1337 66.2488 5.58
    endloop
  endfacet
  facet normal -0.698941 0.501003 0.51037
    outer loop
      vertex 46.9894 65.066 5.58
      vertex 47.0504 65.1511 5.58
      vertex 46.6554 65.415 4.78
    endloop
  endfacet
  facet normal -0.859519 0.0279385 0.510339
    outer loop
      vertex 47.3166 65.9354 5.58
      vertex 47.32 66.04 5.58
      vertex 46.845 66.04 4.78
    endloop
  endfacet
  facet normal -0.804809 0.303035 0.510346
    outer loop
      vertex 47.1982 65.4277 5.58
      vertex 47.2351 65.5257 5.58
      vertex 46.7853 65.6784 4.78
    endloop
  endfacet
  facet normal 0.545687 0.664672 0.51033
    outer loop
      vertex 44.746 64.7706 5.58
      vertex 44.9782 65.1942 4.78
      vertex 44.665 64.8371 5.58
    endloop
  endfacet
  facet normal -0.454407 0.730088 0.510378
    outer loop
      vertex 46.6089 64.7096 5.58
      vertex 46.345 65.1046 4.78
      vertex 46.2825 65.0657 4.78
    endloop
  endfacet
  facet normal -0.783402 -0.354748 0.510328
    outer loop
      vertex 47.1982 66.6523 5.58
      vertex 47.155 66.7477 5.58
      vertex 46.729 66.5376 4.78
    endloop
  endfacet
  facet normal 0.405484 -0.758384 0.51033
    outer loop
      vertex 45.1575 67.0143 4.78
      vertex 45.2224 67.049 4.78
      vertex 45.0123 67.475 5.58
    endloop
  endfacet
  facet normal 0.855802 -0.0845946 0.51034
    outer loop
      vertex 44.5974 66.1136 4.78
      vertex 44.1337 66.2488 5.58
      vertex 44.1234 66.1446 5.58
    endloop
  endfacet
  facet normal 0.501003 0.698941 0.51037
    outer loop
      vertex 44.8311 64.7096 5.58
      vertex 45.095 65.1046 4.78
      vertex 44.746 64.7706 5.58
    endloop
  endfacet
  facet normal -0.303035 -0.804809 0.510346
    outer loop
      vertex 46.3323 67.5182 5.58
      vertex 46.2343 67.5551 5.58
      vertex 46.0816 67.1053 4.78
    endloop
  endfacet
  facet normal 0.249671 -0.822928 0.510347
    outer loop
      vertex 45.3584 67.1053 4.78
      vertex 45.3059 67.5855 5.58
      vertex 45.2057 67.5551 5.58
    endloop
  endfacet
  facet normal -0.195414 -0.837488 0.51032
    outer loop
      vertex 46.1341 67.5855 5.58
      vertex 46.0321 67.6093 5.58
      vertex 46.0112 67.1267 4.78
    endloop
  endfacet
  facet normal 0.195078 0.83755 0.510348
    outer loop
      vertex 45.5005 64.9366 4.78
      vertex 45.4288 64.9533 4.78
      vertex 45.4079 64.4707 5.58
    endloop
  endfacet
  facet normal 0.0845946 0.855802 0.51034
    outer loop
      vertex 45.6154 64.4434 5.58
      vertex 45.6464 64.9174 4.78
      vertex 45.5112 64.4537 5.58
    endloop
  endfacet
  facet normal -0.822816 0.250117 0.510309
    outer loop
      vertex 47.2655 65.6259 5.58
      vertex 46.8067 65.7488 4.78
      vertex 46.7853 65.6784 4.78
    endloop
  endfacet
  facet normal -0.83755 0.195078 0.510348
    outer loop
      vertex 47.2893 65.7279 5.58
      vertex 46.8234 65.8205 4.78
      vertex 46.8067 65.7488 4.78
    endloop
  endfacet
  facet normal -0.405812 0.758228 0.5103
    outer loop
      vertex 46.4277 64.605 5.58
      vertex 46.52 64.6544 5.58
      vertex 46.2825 65.0657 4.78
    endloop
  endfacet
  facet normal 0.83755 0.195078 0.510348
    outer loop
      vertex 44.6333 65.7488 4.78
      vertex 44.6166 65.8205 4.78
      vertex 44.1507 65.7279 5.58
    endloop
  endfacet
  facet normal -0.627642 -0.587903 0.510328
    outer loop
      vertex 46.5658 66.7818 4.78
      vertex 46.9229 67.095 5.58
      vertex 46.5155 66.8355 4.78
    endloop
  endfacet
  facet normal -0.699156 0.500731 0.510342
    outer loop
      vertex 46.9894 65.066 5.58
      vertex 46.6554 65.415 4.78
      vertex 46.6125 65.3551 4.78
    endloop
  endfacet
  facet normal 0.73061 -0.453652 0.510303
    outer loop
      vertex 44.7457 66.6025 4.78
      vertex 44.3896 66.9289 5.58
      vertex 44.3344 66.84 5.58
    endloop
  endfacet
  facet normal -0.627886 0.587616 0.510359
    outer loop
      vertex 46.8514 64.9086 5.58
      vertex 46.9229 64.985 5.58
      vertex 46.5155 65.2445 4.78
    endloop
  endfacet
  facet normal -0.195414 0.837488 0.51032
    outer loop
      vertex 46.0321 64.4707 5.58
      vertex 46.1341 64.4945 5.58
      vertex 46.0112 64.9533 4.78
    endloop
  endfacet
  facet normal -0.758228 0.405812 0.5103
    outer loop
      vertex 47.1056 65.24 5.58
      vertex 47.155 65.3323 5.58
      vertex 46.6943 65.4775 4.78
    endloop
  endfacet
  facet normal -0.84851 0.140057 0.510309
    outer loop
      vertex 47.3063 65.8312 5.58
      vertex 46.8354 65.8932 4.78
      vertex 46.8234 65.8205 4.78
    endloop
  endfacet
  facet normal 0.354748 0.783402 0.510328
    outer loop
      vertex 45.1077 64.5618 5.58
      vertex 45.2224 65.031 4.78
      vertex 45.0123 64.605 5.58
    endloop
  endfacet
  facet normal 0.855802 0.0845946 0.51034
    outer loop
      vertex 44.1337 65.8312 5.58
      vertex 44.5974 65.9664 4.78
      vertex 44.1234 65.9354 5.58
    endloop
  endfacet
  facet normal -0.501003 0.698941 0.51037
    outer loop
      vertex 46.6089 64.7096 5.58
      vertex 46.694 64.7706 5.58
      vertex 46.345 65.1046 4.78
    endloop
  endfacet
  facet normal 0.587903 0.627642 0.510328
    outer loop
      vertex 44.9782 65.1942 4.78
      vertex 44.9245 65.2445 4.78
      vertex 44.665 64.8371 5.58
    endloop
  endfacet
  facet normal 0.0280276 0.859512 0.510347
    outer loop
      vertex 45.72 64.915 4.78
      vertex 45.6464 64.9174 4.78
      vertex 45.6154 64.4434 5.58
    endloop
  endfacet
  facet normal -0.664748 0.545584 0.51034
    outer loop
      vertex 46.9894 65.066 5.58
      vertex 46.6125 65.3551 4.78
      vertex 46.5658 65.2982 4.78
    endloop
  endfacet
  facet normal 0.500731 0.699156 0.510342
    outer loop
      vertex 45.095 65.1046 4.78
      vertex 45.0351 65.1475 4.78
      vertex 44.746 64.7706 5.58
    endloop
  endfacet
  facet normal 0.140057 0.84851 0.510309
    outer loop
      vertex 45.5112 64.4537 5.58
      vertex 45.5732 64.9246 4.78
      vertex 45.5005 64.9366 4.78
    endloop
  endfacet
  facet normal -0.627642 0.587903 0.510328
    outer loop
      vertex 46.9229 64.985 5.58
      vertex 46.5658 65.2982 4.78
      vertex 46.5155 65.2445 4.78
    endloop
  endfacet
  facet normal 0.354898 -0.783343 0.510314
    outer loop
      vertex 45.2224 67.049 4.78
      vertex 45.2895 67.0794 4.78
      vertex 45.1077 67.5182 5.58
    endloop
  endfacet
  facet normal 0.0279385 -0.859519 0.510339
    outer loop
      vertex 45.72 67.165 4.78
      vertex 45.72 67.64 5.58
      vertex 45.6154 67.6366 5.58
    endloop
  endfacet
  facet normal -0.354748 -0.783402 0.510328
    outer loop
      vertex 46.4277 67.475 5.58
      vertex 46.3323 67.5182 5.58
      vertex 46.2176 67.049 4.78
    endloop
  endfacet
  facet normal 0.804809 -0.303035 0.510346
    outer loop
      vertex 44.6547 66.4016 4.78
      vertex 44.2418 66.6523 5.58
      vertex 44.2049 66.5543 5.58
    endloop
  endfacet
  facet normal 0.453652 0.73061 0.510303
    outer loop
      vertex 44.92 64.6544 5.58
      vertex 45.1575 65.0657 4.78
      vertex 44.8311 64.7096 5.58
    endloop
  endfacet
  facet normal 0.73061 0.453652 0.510303
    outer loop
      vertex 44.3896 65.1511 5.58
      vertex 44.7457 65.4775 4.78
      vertex 44.3344 65.24 5.58
    endloop
  endfacet
  facet normal -0.0845946 0.855802 0.51034
    outer loop
      vertex 45.8246 64.4434 5.58
      vertex 45.9288 64.4537 5.58
      vertex 45.7936 64.9174 4.78
    endloop
  endfacet
  facet normal 0.0279385 0.859519 0.510339
    outer loop
      vertex 45.72 64.44 5.58
      vertex 45.72 64.915 4.78
      vertex 45.6154 64.4434 5.58
    endloop
  endfacet
  facet normal 0.405812 0.758228 0.5103
    outer loop
      vertex 45.0123 64.605 5.58
      vertex 45.1575 65.0657 4.78
      vertex 44.92 64.6544 5.58
    endloop
  endfacet
  facet normal -0.73061 -0.453652 0.510303
    outer loop
      vertex 47.1056 66.84 5.58
      vertex 47.0504 66.9289 5.58
      vertex 46.6943 66.6025 4.78
    endloop
  endfacet
  facet normal 0.804996 -0.302604 0.510307
    outer loop
      vertex 44.6547 66.4016 4.78
      vertex 44.6806 66.4705 4.78
      vertex 44.2418 66.6523 5.58
    endloop
  endfacet
  facet normal -0.195078 0.83755 0.510348
    outer loop
      vertex 46.0321 64.4707 5.58
      vertex 46.0112 64.9533 4.78
      vertex 45.9395 64.9366 4.78
    endloop
  endfacet
  facet normal -0.0280276 -0.859512 0.510347
    outer loop
      vertex 45.7936 67.1626 4.78
      vertex 45.8246 67.6366 5.58
      vertex 45.72 67.165 4.78
    endloop
  endfacet
  facet normal -0.698941 -0.501003 0.51037
    outer loop
      vertex 47.0504 66.9289 5.58
      vertex 46.9894 67.014 5.58
      vertex 46.6554 66.665 4.78
    endloop
  endfacet
  facet normal -0.783402 0.354748 0.510328
    outer loop
      vertex 47.155 65.3323 5.58
      vertex 47.1982 65.4277 5.58
      vertex 46.729 65.5424 4.78
    endloop
  endfacet
  facet normal -0.302604 0.804996 0.510307
    outer loop
      vertex 46.3323 64.5618 5.58
      vertex 46.1505 65.0006 4.78
      vertex 46.0816 64.9747 4.78
    endloop
  endfacet
  facet normal -0.848557 0.139646 0.510343
    outer loop
      vertex 47.2893 65.7279 5.58
      vertex 47.3063 65.8312 5.58
      vertex 46.8234 65.8205 4.78
    endloop
  endfacet
  facet normal -0.545687 -0.664672 0.51033
    outer loop
      vertex 46.775 67.2429 5.58
      vertex 46.694 67.3094 5.58
      vertex 46.4618 66.8858 4.78
    endloop
  endfacet
  facet normal 0.195414 -0.837488 0.51032
    outer loop
      vertex 45.4288 67.1267 4.78
      vertex 45.4079 67.6093 5.58
      vertex 45.3059 67.5855 5.58
    endloop
  endfacet
  facet normal -0.587616 0.627886 0.510359
    outer loop
      vertex 46.775 64.8371 5.58
      vertex 46.8514 64.9086 5.58
      vertex 46.5155 65.2445 4.78
    endloop
  endfacet
  facet normal -0.500731 0.699156 0.510342
    outer loop
      vertex 46.694 64.7706 5.58
      vertex 46.4049 65.1475 4.78
      vertex 46.345 65.1046 4.78
    endloop
  endfacet
  facet normal 0.848557 0.139646 0.510343
    outer loop
      vertex 44.1507 65.7279 5.58
      vertex 44.6166 65.8205 4.78
      vertex 44.1337 65.8312 5.58
    endloop
  endfacet
  facet normal -0.664672 0.545687 0.51033
    outer loop
      vertex 46.9229 64.985 5.58
      vertex 46.9894 65.066 5.58
      vertex 46.5658 65.2982 4.78
    endloop
  endfacet
  facet normal 0.250117 -0.822816 0.510309
    outer loop
      vertex 45.3584 67.1053 4.78
      vertex 45.4288 67.1267 4.78
      vertex 45.3059 67.5855 5.58
    endloop
  endfacet
  facet normal -0.501003 -0.698941 0.51037
    outer loop
      vertex 46.694 67.3094 5.58
      vertex 46.6089 67.3704 5.58
      vertex 46.345 66.9754 4.78
    endloop
  endfacet
  facet normal -0.837488 0.195414 0.51032
    outer loop
      vertex 47.2655 65.6259 5.58
      vertex 47.2893 65.7279 5.58
      vertex 46.8067 65.7488 4.78
    endloop
  endfacet
  facet normal -0.855802 0.0845946 0.51034
    outer loop
      vertex 47.3063 65.8312 5.58
      vertex 47.3166 65.9354 5.58
      vertex 46.8426 65.9664 4.78
    endloop
  endfacet
  facet normal 0.859512 -0.0280276 0.510347
    outer loop
      vertex 44.595 66.04 4.78
      vertex 44.5974 66.1136 4.78
      vertex 44.1234 66.1446 5.58
    endloop
  endfacet
  facet normal -0.0280276 0.859512 0.510347
    outer loop
      vertex 45.8246 64.4434 5.58
      vertex 45.7936 64.9174 4.78
      vertex 45.72 64.915 4.78
    endloop
  endfacet
  facet normal -0.0841832 0.855863 0.510306
    outer loop
      vertex 45.9288 64.4537 5.58
      vertex 45.8668 64.9246 4.78
      vertex 45.7936 64.9174 4.78
    endloop
  endfacet
  facet normal 0.822816 0.250117 0.510309
    outer loop
      vertex 44.6547 65.6784 4.78
      vertex 44.6333 65.7488 4.78
      vertex 44.1745 65.6259 5.58
    endloop
  endfacet
  facet normal 0.139646 0.848557 0.510343
    outer loop
      vertex 45.5112 64.4537 5.58
      vertex 45.5005 64.9366 4.78
      vertex 45.4079 64.4707 5.58
    endloop
  endfacet
  facet normal -0.0279385 0.859519 0.510339
    outer loop
      vertex 45.8246 64.4434 5.58
      vertex 45.72 64.915 4.78
      vertex 45.72 64.44 5.58
    endloop
  endfacet
  facet normal 0.627886 0.587616 0.510359
    outer loop
      vertex 44.5886 64.9086 5.58
      vertex 44.9245 65.2445 4.78
      vertex 44.5171 64.985 5.58
    endloop
  endfacet
  facet normal 0.699156 -0.500731 0.510342
    outer loop
      vertex 44.7846 66.665 4.78
      vertex 44.8275 66.7249 4.78
      vertex 44.4506 67.014 5.58
    endloop
  endfacet
  facet normal 0.822928 0.249671 0.510347
    outer loop
      vertex 44.2049 65.5257 5.58
      vertex 44.6547 65.6784 4.78
      vertex 44.1745 65.6259 5.58
    endloop
  endfacet
  facet normal 0.804809 0.303035 0.510346
    outer loop
      vertex 44.2418 65.4277 5.58
      vertex 44.6547 65.6784 4.78
      vertex 44.2049 65.5257 5.58
    endloop
  endfacet
  facet normal 0.848557 -0.139646 0.510343
    outer loop
      vertex 44.6166 66.2595 4.78
      vertex 44.1507 66.3521 5.58
      vertex 44.1337 66.2488 5.58
    endloop
  endfacet
  facet normal 0.587616 0.627886 0.510359
    outer loop
      vertex 44.665 64.8371 5.58
      vertex 44.9245 65.2445 4.78
      vertex 44.5886 64.9086 5.58
    endloop
  endfacet
  facet normal 0.302604 -0.804996 0.510307
    outer loop
      vertex 45.2895 67.0794 4.78
      vertex 45.3584 67.1053 4.78
      vertex 45.1077 67.5182 5.58
    endloop
  endfacet
  facet normal -0.545687 0.664672 0.51033
    outer loop
      vertex 46.694 64.7706 5.58
      vertex 46.775 64.8371 5.58
      vertex 46.4618 65.1942 4.78
    endloop
  endfacet
  facet normal 0.545687 -0.664672 0.51033
    outer loop
      vertex 44.9782 66.8858 4.78
      vertex 44.746 67.3094 5.58
      vertex 44.665 67.2429 5.58
    endloop
  endfacet
  facet normal 0.758228 0.405812 0.5103
    outer loop
      vertex 44.3344 65.24 5.58
      vertex 44.7457 65.4775 4.78
      vertex 44.285 65.3323 5.58
    endloop
  endfacet
  facet normal 0.501003 -0.698941 0.51037
    outer loop
      vertex 45.095 66.9754 4.78
      vertex 44.8311 67.3704 5.58
      vertex 44.746 67.3094 5.58
    endloop
  endfacet
  facet normal 0.664748 0.545584 0.51034
    outer loop
      vertex 44.8742 65.2982 4.78
      vertex 44.8275 65.3551 4.78
      vertex 44.4506 65.066 5.58
    endloop
  endfacet
  facet normal 0.545584 0.664748 0.51034
    outer loop
      vertex 45.0351 65.1475 4.78
      vertex 44.9782 65.1942 4.78
      vertex 44.746 64.7706 5.58
    endloop
  endfacet
  facet normal -0.139646 -0.848557 0.510343
    outer loop
      vertex 45.9395 67.1434 4.78
      vertex 46.0321 67.6093 5.58
      vertex 45.9288 67.6263 5.58
    endloop
  endfacet
  facet normal -0.500731 -0.699156 0.510342
    outer loop
      vertex 46.4049 66.9325 4.78
      vertex 46.694 67.3094 5.58
      vertex 46.345 66.9754 4.78
    endloop
  endfacet
  facet normal 0.195078 -0.83755 0.510348
    outer loop
      vertex 45.4288 67.1267 4.78
      vertex 45.5005 67.1434 4.78
      vertex 45.4079 67.6093 5.58
    endloop
  endfacet
  facet normal -0.140057 -0.84851 0.510309
    outer loop
      vertex 45.9395 67.1434 4.78
      vertex 45.9288 67.6263 5.58
      vertex 45.8668 67.1554 4.78
    endloop
  endfacet
  facet normal -0.837488 -0.195414 0.51032
    outer loop
      vertex 47.2893 66.3521 5.58
      vertex 47.2655 66.4541 5.58
      vertex 46.8067 66.3312 4.78
    endloop
  endfacet
  facet normal -0.354898 0.783343 0.510314
    outer loop
      vertex 46.3323 64.5618 5.58
      vertex 46.2176 65.031 4.78
      vertex 46.1505 65.0006 4.78
    endloop
  endfacet
  facet normal -0.250117 -0.822816 0.510309
    outer loop
      vertex 46.0816 67.1053 4.78
      vertex 46.1341 67.5855 5.58
      vertex 46.0112 67.1267 4.78
    endloop
  endfacet
  facet normal 0.698941 -0.501003 0.51037
    outer loop
      vertex 44.7846 66.665 4.78
      vertex 44.4506 67.014 5.58
      vertex 44.3896 66.9289 5.58
    endloop
  endfacet
  facet normal -0.249671 -0.822928 0.510347
    outer loop
      vertex 46.2343 67.5551 5.58
      vertex 46.1341 67.5855 5.58
      vertex 46.0816 67.1053 4.78
    endloop
  endfacet
  facet normal 0.302604 0.804996 0.510307
    outer loop
      vertex 45.3584 64.9747 4.78
      vertex 45.2895 65.0006 4.78
      vertex 45.1077 64.5618 5.58
    endloop
  endfacet
  facet normal -0.250117 0.822816 0.510309
    outer loop
      vertex 46.1341 64.4945 5.58
      vertex 46.0816 64.9747 4.78
      vertex 46.0112 64.9533 4.78
    endloop
  endfacet
  facet normal 0.354898 0.783343 0.510314
    outer loop
      vertex 45.2895 65.0006 4.78
      vertex 45.2224 65.031 4.78
      vertex 45.1077 64.5618 5.58
    endloop
  endfacet
  facet normal -0.822928 0.249671 0.510347
    outer loop
      vertex 47.2351 65.5257 5.58
      vertex 47.2655 65.6259 5.58
      vertex 46.7853 65.6784 4.78
    endloop
  endfacet
  facet normal 0.664672 0.545687 0.51033
    outer loop
      vertex 44.5171 64.985 5.58
      vertex 44.8742 65.2982 4.78
      vertex 44.4506 65.066 5.58
    endloop
  endfacet
  facet normal 0.303035 -0.804809 0.510346
    outer loop
      vertex 45.3584 67.1053 4.78
      vertex 45.2057 67.5551 5.58
      vertex 45.1077 67.5182 5.58
    endloop
  endfacet
  facet normal -0.139646 0.848557 0.510343
    outer loop
      vertex 46.0321 64.4707 5.58
      vertex 45.9395 64.9366 4.78
      vertex 45.9288 64.4537 5.58
    endloop
  endfacet
  facet normal -0.73061 0.453652 0.510303
    outer loop
      vertex 47.0504 65.1511 5.58
      vertex 47.1056 65.24 5.58
      vertex 46.6943 65.4775 4.78
    endloop
  endfacet
  facet normal 0.664748 -0.545584 0.51034
    outer loop
      vertex 44.8275 66.7249 4.78
      vertex 44.8742 66.7818 4.78
      vertex 44.4506 67.014 5.58
    endloop
  endfacet
  facet normal -0.249671 0.822928 0.510347
    outer loop
      vertex 46.1341 64.4945 5.58
      vertex 46.2343 64.5249 5.58
      vertex 46.0816 64.9747 4.78
    endloop
  endfacet
  facet normal -0.303035 0.804809 0.510346
    outer loop
      vertex 46.2343 64.5249 5.58
      vertex 46.3323 64.5618 5.58
      vertex 46.0816 64.9747 4.78
    endloop
  endfacet
  facet normal 0.698941 0.501003 0.51037
    outer loop
      vertex 44.4506 65.066 5.58
      vertex 44.7846 65.415 4.78
      vertex 44.3896 65.1511 5.58
    endloop
  endfacet
  facet normal 0.139646 -0.848557 0.510343
    outer loop
      vertex 45.5005 67.1434 4.78
      vertex 45.5112 67.6263 5.58
      vertex 45.4079 67.6093 5.58
    endloop
  endfacet
  facet normal 0.758384 -0.405484 0.51033
    outer loop
      vertex 44.711 66.5376 4.78
      vertex 44.7457 66.6025 4.78
      vertex 44.285 66.7477 5.58
    endloop
  endfacet
  facet normal 0.783402 0.354748 0.510328
    outer loop
      vertex 44.285 65.3323 5.58
      vertex 44.711 65.5424 4.78
      vertex 44.2418 65.4277 5.58
    endloop
  endfacet
  facet normal 0.83755 -0.195078 0.510348
    outer loop
      vertex 44.6166 66.2595 4.78
      vertex 44.6333 66.3312 4.78
      vertex 44.1507 66.3521 5.58
    endloop
  endfacet
  facet normal 0.84851 0.140057 0.510309
    outer loop
      vertex 44.6166 65.8205 4.78
      vertex 44.6046 65.8932 4.78
      vertex 44.1337 65.8312 5.58
    endloop
  endfacet
  facet normal 0.855863 0.0841832 0.510306
    outer loop
      vertex 44.6046 65.8932 4.78
      vertex 44.5974 65.9664 4.78
      vertex 44.1337 65.8312 5.58
    endloop
  endfacet
  facet normal 0.454407 0.730088 0.510378
    outer loop
      vertex 45.1575 65.0657 4.78
      vertex 45.095 65.1046 4.78
      vertex 44.8311 64.7096 5.58
    endloop
  endfacet
  facet normal -0.758228 -0.405812 0.5103
    outer loop
      vertex 47.155 66.7477 5.58
      vertex 47.1056 66.84 5.58
      vertex 46.6943 66.6025 4.78
    endloop
  endfacet
  facet normal -0.83755 -0.195078 0.510348
    outer loop
      vertex 46.8234 66.2595 4.78
      vertex 47.2893 66.3521 5.58
      vertex 46.8067 66.3312 4.78
    endloop
  endfacet
  facet normal -0.587903 0.627642 0.510328
    outer loop
      vertex 46.775 64.8371 5.58
      vertex 46.5155 65.2445 4.78
      vertex 46.4618 65.1942 4.78
    endloop
  endfacet
  facet normal 0.195414 0.837488 0.51032
    outer loop
      vertex 45.4079 64.4707 5.58
      vertex 45.4288 64.9533 4.78
      vertex 45.3059 64.4945 5.58
    endloop
  endfacet
  facet normal 0.250117 0.822816 0.510309
    outer loop
      vertex 45.4288 64.9533 4.78
      vertex 45.3584 64.9747 4.78
      vertex 45.3059 64.4945 5.58
    endloop
  endfacet
  facet normal -0.0279385 -0.859519 0.510339
    outer loop
      vertex 45.8246 67.6366 5.58
      vertex 45.72 67.64 5.58
      vertex 45.72 67.165 4.78
    endloop
  endfacet
  facet normal 0.587903 -0.627642 0.510328
    outer loop
      vertex 44.9245 66.8355 4.78
      vertex 44.9782 66.8858 4.78
      vertex 44.665 67.2429 5.58
    endloop
  endfacet
  facet normal 0.354748 -0.783402 0.510328
    outer loop
      vertex 45.2224 67.049 4.78
      vertex 45.1077 67.5182 5.58
      vertex 45.0123 67.475 5.58
    endloop
  endfacet
  facet normal -0.587903 -0.627642 0.510328
    outer loop
      vertex 46.5155 66.8355 4.78
      vertex 46.775 67.2429 5.58
      vertex 46.4618 66.8858 4.78
    endloop
  endfacet
  facet normal 0.783402 -0.354748 0.510328
    outer loop
      vertex 44.711 66.5376 4.78
      vertex 44.285 66.7477 5.58
      vertex 44.2418 66.6523 5.58
    endloop
  endfacet
  facet normal -0.664672 -0.545687 0.51033
    outer loop
      vertex 46.9894 67.014 5.58
      vertex 46.9229 67.095 5.58
      vertex 46.5658 66.7818 4.78
    endloop
  endfacet
  facet normal -0.405812 -0.758228 0.5103
    outer loop
      vertex 46.52 67.4256 5.58
      vertex 46.4277 67.475 5.58
      vertex 46.2825 67.0143 4.78
    endloop
  endfacet
  facet normal -0.855802 -0.0845946 0.51034
    outer loop
      vertex 47.3166 66.1446 5.58
      vertex 47.3063 66.2488 5.58
      vertex 46.8426 66.1136 4.78
    endloop
  endfacet
  facet normal -0.730088 -0.454407 0.510378
    outer loop
      vertex 46.6943 66.6025 4.78
      vertex 47.0504 66.9289 5.58
      vertex 46.6554 66.665 4.78
    endloop
  endfacet
  facet normal -0.783343 -0.354898 0.510314
    outer loop
      vertex 46.7594 66.4705 4.78
      vertex 47.1982 66.6523 5.58
      vertex 46.729 66.5376 4.78
    endloop
  endfacet
  facet normal 0.587616 -0.627886 0.510359
    outer loop
      vertex 44.9245 66.8355 4.78
      vertex 44.665 67.2429 5.58
      vertex 44.5886 67.1714 5.58
    endloop
  endfacet
  facet normal 0.837488 -0.195414 0.51032
    outer loop
      vertex 44.6333 66.3312 4.78
      vertex 44.1745 66.4541 5.58
      vertex 44.1507 66.3521 5.58
    endloop
  endfacet
  facet normal 0.822816 -0.250117 0.510309
    outer loop
      vertex 44.6333 66.3312 4.78
      vertex 44.6547 66.4016 4.78
      vertex 44.1745 66.4541 5.58
    endloop
  endfacet
  facet normal 0.627886 -0.587616 0.510359
    outer loop
      vertex 44.9245 66.8355 4.78
      vertex 44.5886 67.1714 5.58
      vertex 44.5171 67.095 5.58
    endloop
  endfacet
  facet normal -0.545584 -0.664748 0.51034
    outer loop
      vertex 46.4618 66.8858 4.78
      vertex 46.694 67.3094 5.58
      vertex 46.4049 66.9325 4.78
    endloop
  endfacet
  facet normal 0.699156 0.500731 0.510342
    outer loop
      vertex 44.8275 65.3551 4.78
      vertex 44.7846 65.415 4.78
      vertex 44.4506 65.066 5.58
    endloop
  endfacet
  facet normal -0.758384 0.405484 0.51033
    outer loop
      vertex 47.155 65.3323 5.58
      vertex 46.729 65.5424 4.78
      vertex 46.6943 65.4775 4.78
    endloop
  endfacet
  facet normal -0.783343 0.354898 0.510314
    outer loop
      vertex 47.1982 65.4277 5.58
      vertex 46.7594 65.6095 4.78
      vertex 46.729 65.5424 4.78
    endloop
  endfacet
  facet normal -0.822928 -0.249671 0.510347
    outer loop
      vertex 47.2655 66.4541 5.58
      vertex 47.2351 66.5543 5.58
      vertex 46.7853 66.4016 4.78
    endloop
  endfacet
  facet normal -0.699156 -0.500731 0.510342
    outer loop
      vertex 46.6554 66.665 4.78
      vertex 46.9894 67.014 5.58
      vertex 46.6125 66.7249 4.78
    endloop
  endfacet
  facet normal 0.758384 0.405484 0.51033
    outer loop
      vertex 44.7457 65.4775 4.78
      vertex 44.711 65.5424 4.78
      vertex 44.285 65.3323 5.58
    endloop
  endfacet
  facet normal 0.730088 0.454407 0.510378
    outer loop
      vertex 44.7846 65.415 4.78
      vertex 44.7457 65.4775 4.78
      vertex 44.3896 65.1511 5.58
    endloop
  endfacet
  facet normal -0.804809 -0.303035 0.510346
    outer loop
      vertex 47.2351 66.5543 5.58
      vertex 47.1982 66.6523 5.58
      vertex 46.7853 66.4016 4.78
    endloop
  endfacet
  facet normal 0.545584 -0.664748 0.51034
    outer loop
      vertex 44.9782 66.8858 4.78
      vertex 45.0351 66.9325 4.78
      vertex 44.746 67.3094 5.58
    endloop
  endfacet
  facet normal 0.758228 -0.405812 0.5103
    outer loop
      vertex 44.7457 66.6025 4.78
      vertex 44.3344 66.84 5.58
      vertex 44.285 66.7477 5.58
    endloop
  endfacet
  facet normal -0.627886 -0.587616 0.510359
    outer loop
      vertex 46.9229 67.095 5.58
      vertex 46.8514 67.1714 5.58
      vertex 46.5155 66.8355 4.78
    endloop
  endfacet
  facet normal 0.627642 -0.587903 0.510328
    outer loop
      vertex 44.8742 66.7818 4.78
      vertex 44.9245 66.8355 4.78
      vertex 44.5171 67.095 5.58
    endloop
  endfacet
  facet normal 0.500731 -0.699156 0.510342
    outer loop
      vertex 45.0351 66.9325 4.78
      vertex 45.095 66.9754 4.78
      vertex 44.746 67.3094 5.58
    endloop
  endfacet
  facet normal -0.195078 -0.83755 0.510348
    outer loop
      vertex 46.0112 67.1267 4.78
      vertex 46.0321 67.6093 5.58
      vertex 45.9395 67.1434 4.78
    endloop
  endfacet
  facet normal -0.664748 -0.545584 0.51034
    outer loop
      vertex 46.6125 66.7249 4.78
      vertex 46.9894 67.014 5.58
      vertex 46.5658 66.7818 4.78
    endloop
  endfacet
  facet normal -0.354898 -0.783343 0.510314
    outer loop
      vertex 46.2176 67.049 4.78
      vertex 46.3323 67.5182 5.58
      vertex 46.1505 67.0794 4.78
    endloop
  endfacet
  facet normal 0.783343 -0.354898 0.510314
    outer loop
      vertex 44.6806 66.4705 4.78
      vertex 44.711 66.5376 4.78
      vertex 44.2418 66.6523 5.58
    endloop
  endfacet
  facet normal -0.302604 -0.804996 0.510307
    outer loop
      vertex 46.1505 67.0794 4.78
      vertex 46.3323 67.5182 5.58
      vertex 46.0816 67.1053 4.78
    endloop
  endfacet
  facet normal -0.454407 -0.730088 0.510378
    outer loop
      vertex 46.345 66.9754 4.78
      vertex 46.6089 67.3704 5.58
      vertex 46.2825 67.0143 4.78
    endloop
  endfacet
  facet normal -0.804996 -0.302604 0.510307
    outer loop
      vertex 46.7853 66.4016 4.78
      vertex 47.1982 66.6523 5.58
      vertex 46.7594 66.4705 4.78
    endloop
  endfacet
  facet normal -0.822816 -0.250117 0.510309
    outer loop
      vertex 46.8067 66.3312 4.78
      vertex 47.2655 66.4541 5.58
      vertex 46.7853 66.4016 4.78
    endloop
  endfacet
  facet normal -0.405484 -0.758384 0.51033
    outer loop
      vertex 46.2825 67.0143 4.78
      vertex 46.4277 67.475 5.58
      vertex 46.2176 67.049 4.78
    endloop
  endfacet
  facet normal -0.587616 -0.627886 0.510359
    outer loop
      vertex 46.8514 67.1714 5.58
      vertex 46.775 67.2429 5.58
      vertex 46.5155 66.8355 4.78
    endloop
  endfacet
  facet normal 0.859512 0.0280276 0.510347
    outer loop
      vertex 44.5974 65.9664 4.78
      vertex 44.595 66.04 4.78
      vertex 44.1234 65.9354 5.58
    endloop
  endfacet
  facet normal 0.859519 0.0279385 0.510339
    outer loop
      vertex 44.1234 65.9354 5.58
      vertex 44.595 66.04 4.78
      vertex 44.12 66.04 5.58
    endloop
  endfacet
  facet normal 0.454407 -0.730088 0.510378
    outer loop
      vertex 45.095 66.9754 4.78
      vertex 45.1575 67.0143 4.78
      vertex 44.8311 67.3704 5.58
    endloop
  endfacet
  facet normal 0.405812 -0.758228 0.5103
    outer loop
      vertex 45.1575 67.0143 4.78
      vertex 45.0123 67.475 5.58
      vertex 44.92 67.4256 5.58
    endloop
  endfacet
  facet normal 0.783343 0.354898 0.510314
    outer loop
      vertex 44.711 65.5424 4.78
      vertex 44.6806 65.6095 4.78
      vertex 44.2418 65.4277 5.58
    endloop
  endfacet
  facet normal 0.804996 0.302604 0.510307
    outer loop
      vertex 44.6806 65.6095 4.78
      vertex 44.6547 65.6784 4.78
      vertex 44.2418 65.4277 5.58
    endloop
  endfacet
  facet normal -0.758384 -0.405484 0.51033
    outer loop
      vertex 46.729 66.5376 4.78
      vertex 47.155 66.7477 5.58
      vertex 46.6943 66.6025 4.78
    endloop
  endfacet
  facet normal -0.84851 -0.140057 0.510309
    outer loop
      vertex 46.8354 66.1868 4.78
      vertex 47.3063 66.2488 5.58
      vertex 46.8234 66.2595 4.78
    endloop
  endfacet
  facet normal -0.855863 -0.0841832 0.510306
    outer loop
      vertex 46.8426 66.1136 4.78
      vertex 47.3063 66.2488 5.58
      vertex 46.8354 66.1868 4.78
    endloop
  endfacet
  facet normal -0.634374 -0.773026 0
    outer loop
      vertex -1.42804 -5.75552 0
      vertex -1.27628 -5.88006 2.4
      vertex -1.42804 -5.75552 2.4
    endloop
  endfacet
  facet normal -0.634374 -0.773026 -0
    outer loop
      vertex -1.27628 -5.88006 2.4
      vertex -1.42804 -5.75552 0
      vertex -1.27628 -5.88006 0
    endloop
  endfacet
  facet normal -0.935908 -0.352245 0
    outer loop
      vertex -2.22164 -4.64805 0
      vertex -2.29079 -4.46432 2.4
      vertex -2.29079 -4.46432 0
    endloop
  endfacet
  facet normal -0.935908 -0.352245 0
    outer loop
      vertex -2.29079 -4.46432 2.4
      vertex -2.22164 -4.64805 0
      vertex -2.22164 -4.64805 2.4
    endloop
  endfacet
  facet normal -0.973887 -0.227032 0
    outer loop
      vertex -2.34778 -4.27646 0
      vertex -2.39235 -4.08527 2.4
      vertex -2.39235 -4.08527 0
    endloop
  endfacet
  facet normal -0.973887 -0.227032 0
    outer loop
      vertex -2.39235 -4.08527 2.4
      vertex -2.34778 -4.27646 0
      vertex -2.34778 -4.27646 2.4
    endloop
  endfacet
  facet normal -0.162853 -0.98665 0
    outer loop
      vertex -0.0352707 -6.44236 0
      vertex 0.158421 -6.47433 2.4
      vertex -0.0352707 -6.44236 2.4
    endloop
  endfacet
  facet normal -0.162853 -0.98665 -0
    outer loop
      vertex 0.158421 -6.47433 2.4
      vertex -0.0352707 -6.44236 0
      vertex 0.158421 -6.47433 0
    endloop
  endfacet
  facet normal -0.956936 -0.2903 0
    outer loop
      vertex -2.29079 -4.46432 0
      vertex -2.34778 -4.27646 2.4
      vertex -2.34778 -4.27646 0
    endloop
  endfacet
  facet normal -0.956936 -0.2903 0
    outer loop
      vertex -2.34778 -4.27646 2.4
      vertex -2.29079 -4.46432 0
      vertex -2.29079 -4.46432 2.4
    endloop
  endfacet
  facet normal 0.41246 0.910976 -0
    outer loop
      vertex 54.1169 79.2906 0
      vertex 53.938 79.3716 2.4
      vertex 54.1169 79.2906 2.4
    endloop
  endfacet
  facet normal 0.41246 0.910976 0
    outer loop
      vertex 53.938 79.3716 2.4
      vertex 54.1169 79.2906 0
      vertex 53.938 79.3716 0
    endloop
  endfacet
  facet normal 0.849127 -0.528189 0
    outer loop
      vertex 55.2844 -5.16671 2.4
      vertex 55.3881 -5 0
      vertex 55.3881 -5 2.4
    endloop
  endfacet
  facet normal 0.849127 -0.528189 0
    outer loop
      vertex 55.3881 -5 0
      vertex 55.2844 -5.16671 2.4
      vertex 55.2844 -5.16671 0
    endloop
  endfacet
  facet normal -0.849181 0.528102 0
    outer loop
      vertex -2.04808 78.1 0
      vertex -1.94441 78.2667 2.4
      vertex -1.94441 78.2667 0
    endloop
  endfacet
  facet normal -0.849181 0.528102 0
    outer loop
      vertex -1.94441 78.2667 2.4
      vertex -2.04808 78.1 0
      vertex -2.04808 78.1 2.4
    endloop
  endfacet
  facet normal -0.683602 0.729855 0
    outer loop
      vertex -1.42804 78.8555 0
      vertex -1.57132 78.7213 2.4
      vertex -1.42804 78.8555 2.4
    endloop
  endfacet
  facet normal -0.683602 0.729855 0
    outer loop
      vertex -1.57132 78.7213 2.4
      vertex -1.42804 78.8555 0
      vertex -1.57132 78.7213 0
    endloop
  endfacet
  facet normal 1 -0 0
    outer loop
      vertex 55.79 -3.5 2.4
      vertex 55.79 76.6 0
      vertex 55.79 76.6 2.4
    endloop
  endfacet
  facet normal 1 0 0
    outer loop
      vertex 55.79 76.6 0
      vertex 55.79 -3.5 2.4
      vertex 55.79 -3.5 0
    endloop
  endfacet
  facet normal -0.290299 -0.956936 0
    outer loop
      vertex -0.414318 -6.34079 0
      vertex -0.226457 -6.39778 2.4
      vertex -0.414318 -6.34079 2.4
    endloop
  endfacet
  facet normal -0.290299 -0.956936 -0
    outer loop
      vertex -0.226457 -6.39778 2.4
      vertex -0.414318 -6.34079 0
      vertex -0.226457 -6.39778 0
    endloop
  endfacet
  facet normal 0.910906 -0.412613 0
    outer loop
      vertex 55.4806 -4.82687 2.4
      vertex 55.5616 -4.64805 0
      vertex 55.5616 -4.64805 2.4
    endloop
  endfacet
  facet normal 0.910906 -0.412613 0
    outer loop
      vertex 55.5616 -4.64805 0
      vertex 55.4806 -4.82687 2.4
      vertex 55.4806 -4.82687 0
    endloop
  endfacet
  facet normal -0.881887 0.471461 0
    outer loop
      vertex -2.14062 77.9269 0
      vertex -2.04808 78.1 2.4
      vertex -2.04808 78.1 0
    endloop
  endfacet
  facet normal -0.881887 0.471461 0
    outer loop
      vertex -2.04808 78.1 2.4
      vertex -2.14062 77.9269 0
      vertex -2.14062 77.9269 2.4
    endloop
  endfacet
  facet normal -0.58249 -0.812838 0
    outer loop
      vertex -1.27628 -5.88006 0
      vertex -1.11671 -5.99441 2.4
      vertex -1.27628 -5.88006 2.4
    endloop
  endfacet
  facet normal -0.58249 -0.812838 -0
    outer loop
      vertex -1.11671 -5.99441 2.4
      vertex -1.27628 -5.88006 0
      vertex -1.11671 -5.99441 0
    endloop
  endfacet
  facet normal 0 1 -0
    outer loop
      vertex 52.79 79.6 0
      vertex 0.549999 79.6 2.4
      vertex 52.79 79.6 2.4
    endloop
  endfacet
  facet normal 0 1 0
    outer loop
      vertex 0.549999 79.6 2.4
      vertex 52.79 79.6 0
      vertex 0.549999 79.6 0
    endloop
  endfacet
  facet normal 0.986709 0.162499 0
    outer loop
      vertex 55.7643 76.9916 2.4
      vertex 55.7324 77.1853 0
      vertex 55.7324 77.1853 2.4
    endloop
  endfacet
  facet normal 0.986709 0.162499 0
    outer loop
      vertex 55.7324 77.1853 0
      vertex 55.7643 76.9916 2.4
      vertex 55.7643 76.9916 0
    endloop
  endfacet
  facet normal -0.995181 -0.0980562 0
    outer loop
      vertex -2.42433 -3.89158 0
      vertex -2.44358 -3.69621 2.4
      vertex -2.44358 -3.69621 0
    endloop
  endfacet
  facet normal -0.995181 -0.0980562 0
    outer loop
      vertex -2.44358 -3.69621 2.4
      vertex -2.42433 -3.89158 0
      vertex -2.42433 -3.89158 2.4
    endloop
  endfacet
  facet normal -0.986642 -0.162904 0
    outer loop
      vertex -2.39235 -4.08527 0
      vertex -2.42433 -3.89158 2.4
      vertex -2.42433 -3.89158 0
    endloop
  endfacet
  facet normal -0.986642 -0.162904 0
    outer loop
      vertex -2.42433 -3.89158 2.4
      vertex -2.39235 -4.08527 0
      vertex -2.39235 -4.08527 2.4
    endloop
  endfacet
  facet normal -0.471389 -0.881926 0
    outer loop
      vertex -0.95 -6.09808 0
      vertex -0.776866 -6.19062 2.4
      vertex -0.95 -6.09808 2.4
    endloop
  endfacet
  facet normal -0.471389 -0.881926 -0
    outer loop
      vertex -0.776866 -6.19062 2.4
      vertex -0.95 -6.09808 0
      vertex -0.776866 -6.19062 0
    endloop
  endfacet
  facet normal -0.97389 0.22702 0
    outer loop
      vertex -2.39235 77.1853 0
      vertex -2.34778 77.3765 2.4
      vertex -2.34778 77.3765 0
    endloop
  endfacet
  facet normal -0.97389 0.22702 0
    outer loop
      vertex -2.34778 77.3765 2.4
      vertex -2.39235 77.1853 0
      vertex -2.39235 77.1853 2.4
    endloop
  endfacet
  facet normal 0.995157 0.0982934 0
    outer loop
      vertex 55.7836 76.7962 2.4
      vertex 55.7643 76.9916 0
      vertex 55.7643 76.9916 2.4
    endloop
  endfacet
  facet normal 0.995157 0.0982934 0
    outer loop
      vertex 55.7643 76.9916 0
      vertex 55.7836 76.7962 2.4
      vertex 55.7836 76.7962 0
    endloop
  endfacet
  facet normal -1 0 0
    outer loop
      vertex -2.45 -3.5 0
      vertex -2.45 76.6 2.4
      vertex -2.45 76.6 0
    endloop
  endfacet
  facet normal -1 -0 0
    outer loop
      vertex -2.45 76.6 2.4
      vertex -2.45 -3.5 0
      vertex -2.45 -3.5 2.4
    endloop
  endfacet
  facet normal 0.812958 -0.582322 0
    outer loop
      vertex 55.1701 -5.32628 2.4
      vertex 55.2844 -5.16671 0
      vertex 55.2844 -5.16671 2.4
    endloop
  endfacet
  facet normal 0.812958 -0.582322 0
    outer loop
      vertex 55.2844 -5.16671 0
      vertex 55.1701 -5.32628 2.4
      vertex 55.1701 -5.32628 0
    endloop
  endfacet
  facet normal 0.352519 0.935805 -0
    outer loop
      vertex 53.938 79.3716 0
      vertex 53.7543 79.4408 2.4
      vertex 53.938 79.3716 2.4
    endloop
  endfacet
  facet normal 0.352519 0.935805 0
    outer loop
      vertex 53.7543 79.4408 2.4
      vertex 53.938 79.3716 0
      vertex 53.7543 79.4408 0
    endloop
  endfacet
  facet normal -0.910868 -0.412697 0
    outer loop
      vertex -2.14062 -4.82687 0
      vertex -2.22164 -4.64805 2.4
      vertex -2.22164 -4.64805 0
    endloop
  endfacet
  facet normal -0.910868 -0.412697 0
    outer loop
      vertex -2.22164 -4.64805 2.4
      vertex -2.14062 -4.82687 0
      vertex -2.14062 -4.82687 2.4
    endloop
  endfacet
  facet normal 0.0326024 0.999468 -0
    outer loop
      vertex 52.9862 79.5936 0
      vertex 52.79 79.6 2.4
      vertex 52.9862 79.5936 2.4
    endloop
  endfacet
  facet normal 0.0326024 0.999468 0
    outer loop
      vertex 52.79 79.6 2.4
      vertex 52.9862 79.5936 0
      vertex 52.79 79.6 0
    endloop
  endfacet
  facet normal 0.973854 -0.227176 0
    outer loop
      vertex 55.6878 -4.27646 2.4
      vertex 55.7324 -4.08527 0
      vertex 55.7324 -4.08527 2.4
    endloop
  endfacet
  facet normal 0.973854 -0.227176 0
    outer loop
      vertex 55.7324 -4.08527 0
      vertex 55.6878 -4.27646 2.4
      vertex 55.6878 -4.27646 0
    endloop
  endfacet
  facet normal 0.935805 0.352519 0
    outer loop
      vertex 55.6308 77.5643 2.4
      vertex 55.5616 77.748 0
      vertex 55.5616 77.748 2.4
    endloop
  endfacet
  facet normal 0.935805 0.352519 0
    outer loop
      vertex 55.5616 77.748 0
      vertex 55.6308 77.5643 2.4
      vertex 55.6308 77.5643 0
    endloop
  endfacet
  facet normal -0.528079 -0.849195 0
    outer loop
      vertex -1.11671 -5.99441 0
      vertex -0.95 -6.09808 2.4
      vertex -1.11671 -5.99441 2.4
    endloop
  endfacet
  facet normal -0.528079 -0.849195 -0
    outer loop
      vertex -0.95 -6.09808 2.4
      vertex -1.11671 -5.99441 0
      vertex -0.95 -6.09808 0
    endloop
  endfacet
  facet normal -0.995182 0.0980413 0
    outer loop
      vertex -2.44358 76.7962 0
      vertex -2.42433 76.9916 2.4
      vertex -2.42433 76.9916 0
    endloop
  endfacet
  facet normal -0.995182 0.0980413 0
    outer loop
      vertex -2.42433 76.9916 2.4
      vertex -2.44358 76.7962 0
      vertex -2.44358 76.7962 2.4
    endloop
  endfacet
  facet normal 0.0982934 0.995157 -0
    outer loop
      vertex 53.1816 79.5743 0
      vertex 52.9862 79.5936 2.4
      vertex 53.1816 79.5743 2.4
    endloop
  endfacet
  facet normal 0.0982934 0.995157 0
    outer loop
      vertex 52.9862 79.5936 2.4
      vertex 53.1816 79.5743 0
      vertex 52.9862 79.5936 0
    endloop
  endfacet
  facet normal 0.986707 -0.162507 0
    outer loop
      vertex 55.7324 -4.08527 2.4
      vertex 55.7643 -3.89158 0
      vertex 55.7643 -3.89158 2.4
    endloop
  endfacet
  facet normal 0.986707 -0.162507 0
    outer loop
      vertex 55.7643 -3.89158 0
      vertex 55.7324 -4.08527 2.4
      vertex 55.7324 -4.08527 0
    endloop
  endfacet
  facet normal -0.227181 0.973853 0
    outer loop
      vertex -0.0352707 79.5424 0
      vertex -0.226457 79.4978 2.4
      vertex -0.0352707 79.5424 2.4
    endloop
  endfacet
  facet normal -0.227181 0.973853 0
    outer loop
      vertex -0.226457 79.4978 2.4
      vertex -0.0352707 79.5424 0
      vertex -0.226457 79.4978 0
    endloop
  endfacet
  facet normal 0.729902 0.683551 0
    outer loop
      vertex 55.0455 78.578 2.4
      vertex 54.9113 78.7213 0
      vertex 54.9113 78.7213 2.4
    endloop
  endfacet
  facet normal 0.729902 0.683551 0
    outer loop
      vertex 54.9113 78.7213 0
      vertex 55.0455 78.578 2.4
      vertex 55.0455 78.578 0
    endloop
  endfacet
  facet normal -0.95691 0.290385 0
    outer loop
      vertex -2.34778 77.3765 0
      vertex -2.29079 77.5643 2.4
      vertex -2.29079 77.5643 0
    endloop
  endfacet
  facet normal -0.95691 0.290385 0
    outer loop
      vertex -2.29079 77.5643 2.4
      vertex -2.34778 77.3765 0
      vertex -2.34778 77.3765 2.4
    endloop
  endfacet
  facet normal 0.81301 0.58225 0
    outer loop
      vertex 55.2844 78.2667 2.4
      vertex 55.1701 78.4263 0
      vertex 55.1701 78.4263 2.4
    endloop
  endfacet
  facet normal 0.81301 0.58225 0
    outer loop
      vertex 55.1701 78.4263 0
      vertex 55.2844 78.2667 2.4
      vertex 55.2844 78.2667 0
    endloop
  endfacet
  facet normal -0.227084 -0.973875 0
    outer loop
      vertex -0.226457 -6.39778 0
      vertex -0.0352707 -6.44236 2.4
      vertex -0.226457 -6.39778 2.4
    endloop
  endfacet
  facet normal -0.227084 -0.973875 -0
    outer loop
      vertex -0.0352707 -6.44236 2.4
      vertex -0.226457 -6.39778 0
      vertex -0.0352707 -6.44236 0
    endloop
  endfacet
  facet normal 0 -1 0
    outer loop
      vertex 0.549999 -6.5 0
      vertex 52.79 -6.5 2.4
      vertex 0.549999 -6.5 2.4
    endloop
  endfacet
  facet normal 0 -1 -0
    outer loop
      vertex 52.79 -6.5 2.4
      vertex 0.549999 -6.5 0
      vertex 52.79 -6.5 0
    endloop
  endfacet
  facet normal 0.882006 -0.471239 0
    outer loop
      vertex 55.3881 -5 2.4
      vertex 55.4806 -4.82687 0
      vertex 55.4806 -4.82687 2.4
    endloop
  endfacet
  facet normal 0.882006 -0.471239 0
    outer loop
      vertex 55.4806 -4.82687 0
      vertex 55.3881 -5 2.4
      vertex 55.3881 -5 0
    endloop
  endfacet
  facet normal -0.999465 -0.0327025 0
    outer loop
      vertex -2.44358 -3.69621 0
      vertex -2.45 -3.5 2.4
      vertex -2.45 -3.5 0
    endloop
  endfacet
  facet normal -0.999465 -0.0327025 0
    outer loop
      vertex -2.45 -3.5 2.4
      vertex -2.44358 -3.69621 0
      vertex -2.44358 -3.69621 2.4
    endloop
  endfacet
  facet normal -0.986643 0.162895 0
    outer loop
      vertex -2.42433 76.9916 0
      vertex -2.39235 77.1853 2.4
      vertex -2.39235 77.1853 0
    endloop
  endfacet
  facet normal -0.986643 0.162895 0
    outer loop
      vertex -2.39235 77.1853 2.4
      vertex -2.42433 76.9916 0
      vertex -2.42433 76.9916 2.4
    endloop
  endfacet
  facet normal 0.849112 0.528212 0
    outer loop
      vertex 55.3881 78.1 2.4
      vertex 55.2844 78.2667 0
      vertex 55.2844 78.2667 2.4
    endloop
  endfacet
  facet normal 0.849112 0.528212 0
    outer loop
      vertex 55.2844 78.2667 0
      vertex 55.3881 78.1 2.4
      vertex 55.3881 78.1 0
    endloop
  endfacet
  facet normal -0.935889 0.352296 0
    outer loop
      vertex -2.29079 77.5643 0
      vertex -2.22164 77.748 2.4
      vertex -2.22164 77.748 0
    endloop
  endfacet
  facet normal -0.935889 0.352296 0
    outer loop
      vertex -2.22164 77.748 2.4
      vertex -2.29079 77.5643 0
      vertex -2.29079 77.5643 2.4
    endloop
  endfacet
  facet normal -0.812889 0.582418 0
    outer loop
      vertex -1.94441 78.2667 0
      vertex -1.83006 78.4263 2.4
      vertex -1.83006 78.4263 0
    endloop
  endfacet
  facet normal -0.812889 0.582418 0
    outer loop
      vertex -1.83006 78.4263 2.4
      vertex -1.94441 78.2667 0
      vertex -1.94441 78.2667 2.4
    endloop
  endfacet
  facet normal 0.634707 0.772753 -0
    outer loop
      vertex 54.768 78.8555 0
      vertex 54.6163 78.9801 2.4
      vertex 54.768 78.8555 2.4
    endloop
  endfacet
  facet normal 0.634707 0.772753 0
    outer loop
      vertex 54.6163 78.9801 2.4
      vertex 54.768 78.8555 0
      vertex 54.6163 78.9801 0
    endloop
  endfacet
  facet normal -0.41262 0.910903 0
    outer loop
      vertex -0.59805 79.3716 0
      vertex -0.776866 79.2906 2.4
      vertex -0.59805 79.3716 2.4
    endloop
  endfacet
  facet normal -0.41262 0.910903 0
    outer loop
      vertex -0.776866 79.2906 2.4
      vertex -0.59805 79.3716 0
      vertex -0.776866 79.2906 0
    endloop
  endfacet
  facet normal 0.910976 0.41246 0
    outer loop
      vertex 55.5616 77.748 2.4
      vertex 55.4806 77.9269 0
      vertex 55.4806 77.9269 2.4
    endloop
  endfacet
  facet normal 0.910976 0.41246 0
    outer loop
      vertex 55.4806 77.9269 0
      vertex 55.5616 77.748 2.4
      vertex 55.5616 77.748 0
    endloop
  endfacet
  facet normal -0.162506 0.986708 0
    outer loop
      vertex 0.158421 79.5743 0
      vertex -0.0352707 79.5424 2.4
      vertex 0.158421 79.5743 2.4
    endloop
  endfacet
  facet normal -0.162506 0.986708 0
    outer loop
      vertex -0.0352707 79.5424 2.4
      vertex 0.158421 79.5743 0
      vertex -0.0352707 79.5424 0
    endloop
  endfacet
  facet normal 0.582418 -0.812889 0
    outer loop
      vertex 54.4567 -5.99441 0
      vertex 54.6163 -5.88006 2.4
      vertex 54.4567 -5.99441 2.4
    endloop
  endfacet
  facet normal 0.582418 -0.812889 0
    outer loop
      vertex 54.6163 -5.88006 2.4
      vertex 54.4567 -5.99441 0
      vertex 54.6163 -5.88006 0
    endloop
  endfacet
  facet normal 0.772753 0.634707 0
    outer loop
      vertex 55.1701 78.4263 2.4
      vertex 55.0455 78.578 0
      vertex 55.0455 78.578 2.4
    endloop
  endfacet
  facet normal 0.772753 0.634707 0
    outer loop
      vertex 55.0455 78.578 0
      vertex 55.1701 78.4263 2.4
      vertex 55.1701 78.4263 0
    endloop
  endfacet
  facet normal 0.956896 0.290432 0
    outer loop
      vertex 55.6878 77.3765 2.4
      vertex 55.6308 77.5643 0
      vertex 55.6308 77.5643 2.4
    endloop
  endfacet
  facet normal 0.956896 0.290432 0
    outer loop
      vertex 55.6308 77.5643 0
      vertex 55.6878 77.3765 2.4
      vertex 55.6878 77.3765 0
    endloop
  endfacet
  facet normal 0.528102 -0.849181 0
    outer loop
      vertex 54.29 -6.09808 0
      vertex 54.4567 -5.99441 2.4
      vertex 54.29 -6.09808 2.4
    endloop
  endfacet
  facet normal 0.528102 -0.849181 0
    outer loop
      vertex 54.4567 -5.99441 2.4
      vertex 54.29 -6.09808 0
      vertex 54.4567 -5.99441 0
    endloop
  endfacet
  facet normal 0.973856 0.227165 0
    outer loop
      vertex 55.7324 77.1853 2.4
      vertex 55.6878 77.3765 0
      vertex 55.6878 77.3765 2.4
    endloop
  endfacet
  facet normal 0.973856 0.227165 0
    outer loop
      vertex 55.6878 77.3765 0
      vertex 55.7324 77.1853 2.4
      vertex 55.7324 77.1853 0
    endloop
  endfacet
  facet normal -0.0980567 -0.995181 0
    outer loop
      vertex 0.158421 -6.47433 0
      vertex 0.35379 -6.49358 2.4
      vertex 0.158421 -6.47433 2.4
    endloop
  endfacet
  facet normal -0.0980567 -0.995181 -0
    outer loop
      vertex 0.35379 -6.49358 2.4
      vertex 0.158421 -6.47433 0
      vertex 0.35379 -6.49358 0
    endloop
  endfacet
  facet normal -0.910938 0.412544 0
    outer loop
      vertex -2.22164 77.748 0
      vertex -2.14062 77.9269 2.4
      vertex -2.14062 77.9269 0
    endloop
  endfacet
  facet normal -0.910938 0.412544 0
    outer loop
      vertex -2.14062 77.9269 2.4
      vertex -2.22164 77.748 0
      vertex -2.22164 77.748 2.4
    endloop
  endfacet
  facet normal 0.162499 0.986709 -0
    outer loop
      vertex 53.3753 79.5424 0
      vertex 53.1816 79.5743 2.4
      vertex 53.3753 79.5424 2.4
    endloop
  endfacet
  facet normal 0.162499 0.986709 0
    outer loop
      vertex 53.1816 79.5743 2.4
      vertex 53.3753 79.5424 0
      vertex 53.1816 79.5743 0
    endloop
  endfacet
  facet normal -0.634557 0.772876 0
    outer loop
      vertex -1.27628 78.9801 0
      vertex -1.42804 78.8555 2.4
      vertex -1.27628 78.9801 2.4
    endloop
  endfacet
  facet normal -0.634557 0.772876 0
    outer loop
      vertex -1.42804 78.8555 2.4
      vertex -1.27628 78.9801 0
      vertex -1.42804 78.8555 0
    endloop
  endfacet
  facet normal 0.683551 0.729902 -0
    outer loop
      vertex 54.9113 78.7213 0
      vertex 54.768 78.8555 2.4
      vertex 54.9113 78.7213 2.4
    endloop
  endfacet
  facet normal 0.683551 0.729902 0
    outer loop
      vertex 54.768 78.8555 2.4
      vertex 54.9113 78.7213 0
      vertex 54.768 78.8555 0
    endloop
  endfacet
  facet normal -0.999465 0.0327042 0
    outer loop
      vertex -2.45 76.6 0
      vertex -2.44358 76.7962 2.4
      vertex -2.44358 76.7962 0
    endloop
  endfacet
  facet normal -0.999465 0.0327042 0
    outer loop
      vertex -2.44358 76.7962 2.4
      vertex -2.45 76.6 0
      vertex -2.45 76.6 2.4
    endloop
  endfacet
  facet normal -0.881921 -0.471397 0
    outer loop
      vertex -2.04808 -5 0
      vertex -2.14062 -4.82687 2.4
      vertex -2.14062 -4.82687 0
    endloop
  endfacet
  facet normal -0.881921 -0.471397 0
    outer loop
      vertex -2.14062 -4.82687 2.4
      vertex -2.04808 -5 0
      vertex -2.04808 -5 2.4
    endloop
  endfacet
  facet normal -0.0326009 0.999468 0
    outer loop
      vertex 0.549999 79.6 0
      vertex 0.35379 79.5936 2.4
      vertex 0.549999 79.6 2.4
    endloop
  endfacet
  facet normal -0.0326009 0.999468 0
    outer loop
      vertex 0.35379 79.5936 2.4
      vertex 0.549999 79.6 0
      vertex 0.35379 79.5936 0
    endloop
  endfacet
  facet normal 0.881972 0.471302 0
    outer loop
      vertex 55.4806 77.9269 2.4
      vertex 55.3881 78.1 0
      vertex 55.3881 78.1 2.4
    endloop
  endfacet
  facet normal 0.881972 0.471302 0
    outer loop
      vertex 55.3881 78.1 0
      vertex 55.4806 77.9269 2.4
      vertex 55.4806 77.9269 0
    endloop
  endfacet
  facet normal 0.935824 -0.352468 0
    outer loop
      vertex 55.5616 -4.64805 2.4
      vertex 55.6308 -4.46432 0
      vertex 55.6308 -4.46432 2.4
    endloop
  endfacet
  facet normal 0.935824 -0.352468 0
    outer loop
      vertex 55.6308 -4.46432 0
      vertex 55.5616 -4.64805 2.4
      vertex 55.5616 -4.64805 0
    endloop
  endfacet
  facet normal 0.471302 0.881972 -0
    outer loop
      vertex 54.29 79.1981 0
      vertex 54.1169 79.2906 2.4
      vertex 54.29 79.1981 2.4
    endloop
  endfacet
  facet normal 0.471302 0.881972 0
    outer loop
      vertex 54.1169 79.2906 2.4
      vertex 54.29 79.1981 0
      vertex 54.1169 79.2906 0
    endloop
  endfacet
  facet normal -0.773026 -0.634374 0
    outer loop
      vertex -1.70552 -5.47804 0
      vertex -1.83006 -5.32628 2.4
      vertex -1.83006 -5.32628 0
    endloop
  endfacet
  facet normal -0.773026 -0.634374 0
    outer loop
      vertex -1.83006 -5.32628 2.4
      vertex -1.70552 -5.47804 0
      vertex -1.70552 -5.47804 2.4
    endloop
  endfacet
  facet normal -0.0983089 0.995156 0
    outer loop
      vertex 0.35379 79.5936 0
      vertex 0.158421 79.5743 2.4
      vertex 0.35379 79.5936 2.4
    endloop
  endfacet
  facet normal -0.0983089 0.995156 0
    outer loop
      vertex 0.158421 79.5743 2.4
      vertex 0.35379 79.5936 0
      vertex 0.158421 79.5743 0
    endloop
  endfacet
  facet normal 0.729855 -0.683602 0
    outer loop
      vertex 54.9113 -5.62132 2.4
      vertex 55.0455 -5.47804 0
      vertex 55.0455 -5.47804 2.4
    endloop
  endfacet
  facet normal 0.729855 -0.683602 0
    outer loop
      vertex 55.0455 -5.47804 0
      vertex 54.9113 -5.62132 2.4
      vertex 54.9113 -5.62132 0
    endloop
  endfacet
  facet normal -0.352242 -0.935909 0
    outer loop
      vertex -0.59805 -6.27164 0
      vertex -0.414318 -6.34079 2.4
      vertex -0.59805 -6.27164 2.4
    endloop
  endfacet
  facet normal -0.352242 -0.935909 -0
    outer loop
      vertex -0.414318 -6.34079 2.4
      vertex -0.59805 -6.27164 0
      vertex -0.414318 -6.34079 0
    endloop
  endfacet
  facet normal 0.528212 0.849112 -0
    outer loop
      vertex 54.4567 79.0944 0
      vertex 54.29 79.1981 2.4
      vertex 54.4567 79.0944 2.4
    endloop
  endfacet
  facet normal 0.528212 0.849112 0
    outer loop
      vertex 54.29 79.1981 2.4
      vertex 54.4567 79.0944 0
      vertex 54.29 79.1981 0
    endloop
  endfacet
  facet normal 0.999468 0.0326024 0
    outer loop
      vertex 55.79 76.6 2.4
      vertex 55.7836 76.7962 0
      vertex 55.7836 76.7962 2.4
    endloop
  endfacet
  facet normal 0.999468 0.0326024 0
    outer loop
      vertex 55.7836 76.7962 0
      vertex 55.79 76.6 2.4
      vertex 55.79 76.6 0
    endloop
  endfacet
  facet normal -0.582322 0.812958 0
    outer loop
      vertex -1.11671 79.0944 0
      vertex -1.27628 78.9801 2.4
      vertex -1.11671 79.0944 2.4
    endloop
  endfacet
  facet normal -0.582322 0.812958 0
    outer loop
      vertex -1.27628 78.9801 2.4
      vertex -1.11671 79.0944 0
      vertex -1.27628 78.9801 0
    endloop
  endfacet
  facet normal 0.999468 -0.0326008 0
    outer loop
      vertex 55.7836 -3.69621 2.4
      vertex 55.79 -3.5 0
      vertex 55.79 -3.5 2.4
    endloop
  endfacet
  facet normal 0.999468 -0.0326008 0
    outer loop
      vertex 55.79 -3.5 0
      vertex 55.7836 -3.69621 2.4
      vertex 55.7836 -3.69621 0
    endloop
  endfacet
  facet normal -0 0 1
    outer loop
      vertex 54.5733 76.6611 2.4
      vertex 55.79 76.6 2.4
      vertex 55.7836 76.7962 2.4
    endloop
  endfacet
  facet normal 0 0 1
    outer loop
      vertex 55.79 76.6 2.4
      vertex 54.59 76.4131 2.4
      vertex 55.79 -3.5 2.4
    endloop
  endfacet
  facet normal 0 0 1
    outer loop
      vertex 54.552 76.7903 2.4
      vertex 55.7836 76.7962 2.4
      vertex 55.7643 76.9916 2.4
    endloop
  endfacet
  facet normal -0 0 1
    outer loop
      vertex 54.59 -3.31305 2.4
      vertex 55.79 -3.5 2.4
      vertex 54.59 76.4131 2.4
    endloop
  endfacet
  facet normal 0 0 1
    outer loop
      vertex 54.552 76.7903 2.4
      vertex 55.7643 76.9916 2.4
      vertex 55.7324 77.1853 2.4
    endloop
  endfacet
  facet normal -0 0 1
    outer loop
      vertex 54.5862 -3.43085 2.4
      vertex 55.79 -3.5 2.4
      vertex 54.59 -3.31305 2.4
    endloop
  endfacet
  facet normal 0 0 1
    outer loop
      vertex 54.5222 76.9178 2.4
      vertex 55.7324 77.1853 2.4
      vertex 55.6878 77.3765 2.4
    endloop
  endfacet
  facet normal 0 0 1
    outer loop
      vertex 54.5733 -3.56111 2.4
      vertex 55.79 -3.5 2.4
      vertex 54.5862 -3.43085 2.4
    endloop
  endfacet
  facet normal 0 0 1
    outer loop
      vertex 54.4843 77.043 2.4
      vertex 55.6878 77.3765 2.4
      vertex 55.6308 77.5643 2.4
    endloop
  endfacet
  facet normal 0 0 1
    outer loop
      vertex 55.79 -3.5 2.4
      vertex 54.5733 -3.56111 2.4
      vertex 55.7836 -3.69621 2.4
    endloop
  endfacet
  facet normal 0 0 1
    outer loop
      vertex 54.4382 77.1655 2.4
      vertex 55.6308 77.5643 2.4
      vertex 55.5616 77.748 2.4
    endloop
  endfacet
  facet normal -0 0 1
    outer loop
      vertex 54.552 -3.69026 2.4
      vertex 55.7836 -3.69621 2.4
      vertex 54.5733 -3.56111 2.4
    endloop
  endfacet
  facet normal 0 0 1
    outer loop
      vertex 54.3841 77.2847 2.4
      vertex 55.5616 77.748 2.4
      vertex 55.4806 77.9269 2.4
    endloop
  endfacet
  facet normal 0 0 1
    outer loop
      vertex 55.7836 -3.69621 2.4
      vertex 54.552 -3.69026 2.4
      vertex 55.7643 -3.89158 2.4
    endloop
  endfacet
  facet normal 0 0 1
    outer loop
      vertex 54.3224 77.4002 2.4
      vertex 55.4806 77.9269 2.4
      vertex 55.3881 78.1 2.4
    endloop
  endfacet
  facet normal 0 0 1
    outer loop
      vertex 55.7643 -3.89158 2.4
      vertex 54.552 -3.69026 2.4
      vertex 55.7324 -4.08527 2.4
    endloop
  endfacet
  facet normal 0 0 1
    outer loop
      vertex 54.2533 77.5114 2.4
      vertex 55.3881 78.1 2.4
      vertex 55.2844 78.2667 2.4
    endloop
  endfacet
  facet normal -0 0 1
    outer loop
      vertex 54.5222 -3.81779 2.4
      vertex 55.7324 -4.08527 2.4
      vertex 54.552 -3.69026 2.4
    endloop
  endfacet
  facet normal 0 0 1
    outer loop
      vertex 54.177 77.6178 2.4
      vertex 55.2844 78.2667 2.4
      vertex 55.1701 78.4263 2.4
    endloop
  endfacet
  facet normal 0 0 1
    outer loop
      vertex 55.7324 -4.08527 2.4
      vertex 54.5222 -3.81779 2.4
      vertex 55.6878 -4.27646 2.4
    endloop
  endfacet
  facet normal 0 0 1
    outer loop
      vertex 54.094 77.719 2.4
      vertex 55.1701 78.4263 2.4
      vertex 55.0455 78.578 2.4
    endloop
  endfacet
  facet normal -0 0 1
    outer loop
      vertex 54.4843 -3.94296 2.4
      vertex 55.6878 -4.27646 2.4
      vertex 54.5222 -3.81779 2.4
    endloop
  endfacet
  facet normal 0 0 1
    outer loop
      vertex 54.0045 77.8145 2.4
      vertex 55.0455 78.578 2.4
      vertex 54.9113 78.7213 2.4
    endloop
  endfacet
  facet normal 0 0 1
    outer loop
      vertex 55.6878 -4.27646 2.4
      vertex 54.4843 -3.94296 2.4
      vertex 55.6308 -4.46432 2.4
    endloop
  endfacet
  facet normal 0 0 1
    outer loop
      vertex 54.0045 77.8145 2.4
      vertex 54.9113 78.7213 2.4
      vertex 54.768 78.8555 2.4
    endloop
  endfacet
  facet normal -0 0 1
    outer loop
      vertex 54.4382 -4.06549 2.4
      vertex 55.6308 -4.46432 2.4
      vertex 54.4843 -3.94296 2.4
    endloop
  endfacet
  facet normal 0 0 1
    outer loop
      vertex 53.909 77.904 2.4
      vertex 54.768 78.8555 2.4
      vertex 54.6163 78.9801 2.4
    endloop
  endfacet
  facet normal 0 0 1
    outer loop
      vertex 55.6308 -4.46432 2.4
      vertex 54.4382 -4.06549 2.4
      vertex 55.5616 -4.64805 2.4
    endloop
  endfacet
  facet normal -0 0 1
    outer loop
      vertex 54.3841 -4.18477 2.4
      vertex 55.5616 -4.64805 2.4
      vertex 54.4382 -4.06549 2.4
    endloop
  endfacet
  facet normal 0 0 1
    outer loop
      vertex 55.79 76.6 2.4
      vertex 54.5862 76.5308 2.4
      vertex 54.59 76.4131 2.4
    endloop
  endfacet
  facet normal 0 0 1
    outer loop
      vertex 55.79 76.6 2.4
      vertex 54.5733 76.6611 2.4
      vertex 54.5862 76.5308 2.4
    endloop
  endfacet
  facet normal 0 0 1
    outer loop
      vertex 55.7836 76.7962 2.4
      vertex 54.552 76.7903 2.4
      vertex 54.5733 76.6611 2.4
    endloop
  endfacet
  facet normal 0 0 1
    outer loop
      vertex 55.7324 77.1853 2.4
      vertex 54.5222 76.9178 2.4
      vertex 54.552 76.7903 2.4
    endloop
  endfacet
  facet normal 0 0 1
    outer loop
      vertex 55.6878 77.3765 2.4
      vertex 54.4843 77.043 2.4
      vertex 54.5222 76.9178 2.4
    endloop
  endfacet
  facet normal 0 0 1
    outer loop
      vertex 53.8078 77.987 2.4
      vertex 54.6163 78.9801 2.4
      vertex 54.4567 79.0944 2.4
    endloop
  endfacet
  facet normal 0 0 1
    outer loop
      vertex 55.6308 77.5643 2.4
      vertex 54.4382 77.1655 2.4
      vertex 54.4843 77.043 2.4
    endloop
  endfacet
  facet normal 0 0 1
    outer loop
      vertex 55.5616 77.748 2.4
      vertex 54.3841 77.2847 2.4
      vertex 54.4382 77.1655 2.4
    endloop
  endfacet
  facet normal 0 0 1
    outer loop
      vertex 55.4806 77.9269 2.4
      vertex 54.3224 77.4002 2.4
      vertex 54.3841 77.2847 2.4
    endloop
  endfacet
  facet normal 0 0 1
    outer loop
      vertex 53.7014 78.0633 2.4
      vertex 54.4567 79.0944 2.4
      vertex 54.29 79.1981 2.4
    endloop
  endfacet
  facet normal 0 0 1
    outer loop
      vertex 55.3881 78.1 2.4
      vertex 54.2533 77.5114 2.4
      vertex 54.3224 77.4002 2.4
    endloop
  endfacet
  facet normal 0 0 1
    outer loop
      vertex 55.2844 78.2667 2.4
      vertex 54.177 77.6178 2.4
      vertex 54.2533 77.5114 2.4
    endloop
  endfacet
  facet normal 0 0 1
    outer loop
      vertex 53.5902 78.1324 2.4
      vertex 54.29 79.1981 2.4
      vertex 54.1169 79.2906 2.4
    endloop
  endfacet
  facet normal 0 0 1
    outer loop
      vertex 55.1701 78.4263 2.4
      vertex 54.094 77.719 2.4
      vertex 54.177 77.6178 2.4
    endloop
  endfacet
  facet normal 0 0 1
    outer loop
      vertex 55.0455 78.578 2.4
      vertex 54.0045 77.8145 2.4
      vertex 54.094 77.719 2.4
    endloop
  endfacet
  facet normal 0 0 1
    outer loop
      vertex 53.4748 78.1941 2.4
      vertex 54.1169 79.2906 2.4
      vertex 53.938 79.3716 2.4
    endloop
  endfacet
  facet normal 0 0 1
    outer loop
      vertex 54.768 78.8555 2.4
      vertex 53.909 77.904 2.4
      vertex 54.0045 77.8145 2.4
    endloop
  endfacet
  facet normal 0 0 1
    outer loop
      vertex 54.6163 78.9801 2.4
      vertex 53.8078 77.987 2.4
      vertex 53.909 77.904 2.4
    endloop
  endfacet
  facet normal 0 0 1
    outer loop
      vertex 53.3555 78.2481 2.4
      vertex 53.938 79.3716 2.4
      vertex 53.7543 79.4408 2.4
    endloop
  endfacet
  facet normal 0 0 1
    outer loop
      vertex 54.4567 79.0944 2.4
      vertex 53.7014 78.0633 2.4
      vertex 53.8078 77.987 2.4
    endloop
  endfacet
  facet normal 0 0 1
    outer loop
      vertex 54.29 79.1981 2.4
      vertex 53.5902 78.1324 2.4
      vertex 53.7014 78.0633 2.4
    endloop
  endfacet
  facet normal 0 0 1
    outer loop
      vertex 53.233 78.2943 2.4
      vertex 53.7543 79.4408 2.4
      vertex 53.5665 79.4978 2.4
    endloop
  endfacet
  facet normal 0 0 1
    outer loop
      vertex 54.1169 79.2906 2.4
      vertex 53.4748 78.1941 2.4
      vertex 53.5902 78.1324 2.4
    endloop
  endfacet
  facet normal 0 0 1
    outer loop
      vertex 53.1077 78.3323 2.4
      vertex 53.5665 79.4978 2.4
      vertex 53.3753 79.5424 2.4
    endloop
  endfacet
  facet normal 0 0 1
    outer loop
      vertex 53.938 79.3716 2.4
      vertex 53.3555 78.2481 2.4
      vertex 53.4748 78.1941 2.4
    endloop
  endfacet
  facet normal 0 0 1
    outer loop
      vertex 53.7543 79.4408 2.4
      vertex 53.233 78.2943 2.4
      vertex 53.3555 78.2481 2.4
    endloop
  endfacet
  facet normal 0 0 1
    outer loop
      vertex 52.9803 78.362 2.4
      vertex 53.3753 79.5424 2.4
      vertex 53.1816 79.5743 2.4
    endloop
  endfacet
  facet normal 0 0 1
    outer loop
      vertex 53.5665 79.4978 2.4
      vertex 53.1077 78.3323 2.4
      vertex 53.233 78.2943 2.4
    endloop
  endfacet
  facet normal 0 0 1
    outer loop
      vertex 52.9803 78.362 2.4
      vertex 53.1816 79.5743 2.4
      vertex 52.9862 79.5936 2.4
    endloop
  endfacet
  facet normal 0 0 1
    outer loop
      vertex 53.3753 79.5424 2.4
      vertex 52.9803 78.362 2.4
      vertex 53.1077 78.3323 2.4
    endloop
  endfacet
  facet normal 0 0 1
    outer loop
      vertex 52.9862 79.5936 2.4
      vertex 52.8511 78.3833 2.4
      vertex 52.9803 78.362 2.4
    endloop
  endfacet
  facet normal 0 0 1
    outer loop
      vertex 52.79 79.6 2.4
      vertex 52.8511 78.3833 2.4
      vertex 52.9862 79.5936 2.4
    endloop
  endfacet
  facet normal 0 0 1
    outer loop
      vertex 52.79 79.6 2.4
      vertex 52.7208 78.3961 2.4
      vertex 52.8511 78.3833 2.4
    endloop
  endfacet
  facet normal 0 0 1
    outer loop
      vertex 52.79 79.6 2.4
      vertex 52.6031 78.4 2.4
      vertex 52.7208 78.3961 2.4
    endloop
  endfacet
  facet normal 0 0 1
    outer loop
      vertex 52.79 79.6 2.4
      vertex 0.736938 78.4 2.4
      vertex 52.6031 78.4 2.4
    endloop
  endfacet
  facet normal -0 0 1
    outer loop
      vertex 0.549999 79.6 2.4
      vertex 0.736938 78.4 2.4
      vertex 52.79 79.6 2.4
    endloop
  endfacet
  facet normal 0 0 1
    outer loop
      vertex 0.549999 79.6 2.4
      vertex 0.619141 78.3961 2.4
      vertex 0.736938 78.4 2.4
    endloop
  endfacet
  facet normal 0 0 1
    outer loop
      vertex 0.549999 79.6 2.4
      vertex 0.488876 78.3833 2.4
      vertex 0.619141 78.3961 2.4
    endloop
  endfacet
  facet normal -0 0 1
    outer loop
      vertex 0.35379 79.5936 2.4
      vertex 0.488876 78.3833 2.4
      vertex 0.549999 79.6 2.4
    endloop
  endfacet
  facet normal 0 0 1
    outer loop
      vertex 0.488876 78.3833 2.4
      vertex 0.35379 79.5936 2.4
      vertex 0.359726 78.362 2.4
    endloop
  endfacet
  facet normal -0 0 1
    outer loop
      vertex 0.158421 79.5743 2.4
      vertex 0.359726 78.362 2.4
      vertex 0.35379 79.5936 2.4
    endloop
  endfacet
  facet normal -0 0 1
    outer loop
      vertex -0.0352707 79.5424 2.4
      vertex 0.359726 78.362 2.4
      vertex 0.158421 79.5743 2.4
    endloop
  endfacet
  facet normal 0 0 1
    outer loop
      vertex 0.359726 78.362 2.4
      vertex -0.0352707 79.5424 2.4
      vertex 0.232285 78.3323 2.4
    endloop
  endfacet
  facet normal -0 0 1
    outer loop
      vertex -0.226457 79.4978 2.4
      vertex 0.232285 78.3323 2.4
      vertex -0.0352707 79.5424 2.4
    endloop
  endfacet
  facet normal 0 0 1
    outer loop
      vertex 0.232285 78.3323 2.4
      vertex -0.226457 79.4978 2.4
      vertex 0.10701 78.2943 2.4
    endloop
  endfacet
  facet normal -0 0 1
    outer loop
      vertex -0.414318 79.4408 2.4
      vertex 0.10701 78.2943 2.4
      vertex -0.226457 79.4978 2.4
    endloop
  endfacet
  facet normal 0 0 1
    outer loop
      vertex 0.10701 78.2943 2.4
      vertex -0.414318 79.4408 2.4
      vertex -0.0155945 78.2481 2.4
    endloop
  endfacet
  facet normal -0 0 1
    outer loop
      vertex -0.59805 79.3716 2.4
      vertex -0.0155945 78.2481 2.4
      vertex -0.414318 79.4408 2.4
    endloop
  endfacet
  facet normal 0 0 1
    outer loop
      vertex -0.0155945 78.2481 2.4
      vertex -0.59805 79.3716 2.4
      vertex -0.134781 78.1941 2.4
    endloop
  endfacet
  facet normal -0 0 1
    outer loop
      vertex -0.776866 79.2906 2.4
      vertex -0.134781 78.1941 2.4
      vertex -0.59805 79.3716 2.4
    endloop
  endfacet
  facet normal 0 0 1
    outer loop
      vertex -0.134781 78.1941 2.4
      vertex -0.776866 79.2906 2.4
      vertex -0.250244 78.1324 2.4
    endloop
  endfacet
  facet normal -0 0 1
    outer loop
      vertex -0.95 79.1981 2.4
      vertex -0.250244 78.1324 2.4
      vertex -0.776866 79.2906 2.4
    endloop
  endfacet
  facet normal 0 0 1
    outer loop
      vertex -0.250244 78.1324 2.4
      vertex -0.95 79.1981 2.4
      vertex -0.361389 78.0633 2.4
    endloop
  endfacet
  facet normal -0 0 1
    outer loop
      vertex -1.11671 79.0944 2.4
      vertex -0.361389 78.0633 2.4
      vertex -0.95 79.1981 2.4
    endloop
  endfacet
  facet normal 0 0 1
    outer loop
      vertex -0.361389 78.0633 2.4
      vertex -1.11671 79.0944 2.4
      vertex -0.467773 77.987 2.4
    endloop
  endfacet
  facet normal -0 0 1
    outer loop
      vertex -1.27628 78.9801 2.4
      vertex -0.467773 77.987 2.4
      vertex -1.11671 79.0944 2.4
    endloop
  endfacet
  facet normal 0 0 1
    outer loop
      vertex -0.467773 77.987 2.4
      vertex -1.27628 78.9801 2.4
      vertex -0.569 77.904 2.4
    endloop
  endfacet
  facet normal -0 0 1
    outer loop
      vertex -1.42804 78.8555 2.4
      vertex -0.569 77.904 2.4
      vertex -1.27628 78.9801 2.4
    endloop
  endfacet
  facet normal 0 0 1
    outer loop
      vertex -0.569 77.904 2.4
      vertex -1.42804 78.8555 2.4
      vertex -0.66452 77.8145 2.4
    endloop
  endfacet
  facet normal -0 0 1
    outer loop
      vertex -1.57132 78.7213 2.4
      vertex -0.66452 77.8145 2.4
      vertex -1.42804 78.8555 2.4
    endloop
  endfacet
  facet normal -0 0 1
    outer loop
      vertex -1.70552 78.578 2.4
      vertex -0.66452 77.8145 2.4
      vertex -1.57132 78.7213 2.4
    endloop
  endfacet
  facet normal 0 0 1
    outer loop
      vertex -0.66452 77.8145 2.4
      vertex -1.70552 78.578 2.4
      vertex -0.754028 77.7189 2.4
    endloop
  endfacet
  facet normal -0 0 1
    outer loop
      vertex -1.83006 78.4263 2.4
      vertex -0.754028 77.7189 2.4
      vertex -1.70552 78.578 2.4
    endloop
  endfacet
  facet normal 0 0 1
    outer loop
      vertex -0.754028 77.7189 2.4
      vertex -1.83006 78.4263 2.4
      vertex -0.837036 77.6178 2.4
    endloop
  endfacet
  facet normal -0 0 1
    outer loop
      vertex -1.94441 78.2667 2.4
      vertex -0.837036 77.6178 2.4
      vertex -1.83006 78.4263 2.4
    endloop
  endfacet
  facet normal 0 0 1
    outer loop
      vertex -0.837036 77.6178 2.4
      vertex -1.94441 78.2667 2.4
      vertex -0.913254 77.5114 2.4
    endloop
  endfacet
  facet normal -0 0 1
    outer loop
      vertex -2.04808 78.1 2.4
      vertex -0.913254 77.5114 2.4
      vertex -1.94441 78.2667 2.4
    endloop
  endfacet
  facet normal 0 0 1
    outer loop
      vertex -0.913254 77.5114 2.4
      vertex -2.04808 78.1 2.4
      vertex -0.982452 77.4002 2.4
    endloop
  endfacet
  facet normal -0 0 1
    outer loop
      vertex -2.22164 77.748 2.4
      vertex -1.04416 77.2847 2.4
      vertex -2.14062 77.9269 2.4
    endloop
  endfacet
  facet normal 0 0 1
    outer loop
      vertex -0.982452 77.4002 2.4
      vertex -2.14062 77.9269 2.4
      vertex -1.04416 77.2847 2.4
    endloop
  endfacet
  facet normal -0 0 1
    outer loop
      vertex -2.14062 77.9269 2.4
      vertex -0.982452 77.4002 2.4
      vertex -2.04808 78.1 2.4
    endloop
  endfacet
  facet normal 0 0 1
    outer loop
      vertex 55.5616 -4.64805 2.4
      vertex 54.3841 -4.18477 2.4
      vertex 55.4806 -4.82687 2.4
    endloop
  endfacet
  facet normal -0 0 1
    outer loop
      vertex 54.3224 -4.30023 2.4
      vertex 55.4806 -4.82687 2.4
      vertex 54.3841 -4.18477 2.4
    endloop
  endfacet
  facet normal 0 0 1
    outer loop
      vertex 55.4806 -4.82687 2.4
      vertex 54.3224 -4.30023 2.4
      vertex 55.3881 -5 2.4
    endloop
  endfacet
  facet normal -0 0 1
    outer loop
      vertex 54.2533 -4.41138 2.4
      vertex 55.3881 -5 2.4
      vertex 54.3224 -4.30023 2.4
    endloop
  endfacet
  facet normal 0 0 1
    outer loop
      vertex 55.3881 -5 2.4
      vertex 54.2533 -4.41138 2.4
      vertex 55.2844 -5.16671 2.4
    endloop
  endfacet
  facet normal -0 0 1
    outer loop
      vertex 54.177 -4.51776 2.4
      vertex 55.2844 -5.16671 2.4
      vertex 54.2533 -4.41138 2.4
    endloop
  endfacet
  facet normal 0 0 1
    outer loop
      vertex 55.2844 -5.16671 2.4
      vertex 54.177 -4.51776 2.4
      vertex 55.1701 -5.32628 2.4
    endloop
  endfacet
  facet normal -0 0 1
    outer loop
      vertex 54.094 -4.61899 2.4
      vertex 55.1701 -5.32628 2.4
      vertex 54.177 -4.51776 2.4
    endloop
  endfacet
  facet normal 0 0 1
    outer loop
      vertex 55.1701 -5.32628 2.4
      vertex 54.094 -4.61899 2.4
      vertex 55.0455 -5.47804 2.4
    endloop
  endfacet
  facet normal -0 0 1
    outer loop
      vertex 54.0045 -4.71451 2.4
      vertex 55.0455 -5.47804 2.4
      vertex 54.094 -4.61899 2.4
    endloop
  endfacet
  facet normal 0 0 1
    outer loop
      vertex 55.0455 -5.47804 2.4
      vertex 54.0045 -4.71451 2.4
      vertex 54.9113 -5.62132 2.4
    endloop
  endfacet
  facet normal 0 0 1
    outer loop
      vertex 54.9113 -5.62132 2.4
      vertex 54.0045 -4.71451 2.4
      vertex 54.768 -5.75552 2.4
    endloop
  endfacet
  facet normal -0 0 1
    outer loop
      vertex 53.909 -4.80397 2.4
      vertex 54.768 -5.75552 2.4
      vertex 54.0045 -4.71451 2.4
    endloop
  endfacet
  facet normal 0 0 1
    outer loop
      vertex 54.768 -5.75552 2.4
      vertex 53.909 -4.80397 2.4
      vertex 54.6163 -5.88006 2.4
    endloop
  endfacet
  facet normal -0 0 1
    outer loop
      vertex 53.8078 -4.88701 2.4
      vertex 54.6163 -5.88006 2.4
      vertex 53.909 -4.80397 2.4
    endloop
  endfacet
  facet normal 0 0 1
    outer loop
      vertex 54.6163 -5.88006 2.4
      vertex 53.8078 -4.88701 2.4
      vertex 54.4567 -5.99441 2.4
    endloop
  endfacet
  facet normal -0 0 1
    outer loop
      vertex 53.7014 -4.96332 2.4
      vertex 54.4567 -5.99441 2.4
      vertex 53.8078 -4.88701 2.4
    endloop
  endfacet
  facet normal 0 0 1
    outer loop
      vertex 54.4567 -5.99441 2.4
      vertex 53.7014 -4.96332 2.4
      vertex 54.29 -6.09808 2.4
    endloop
  endfacet
  facet normal -0 0 1
    outer loop
      vertex 53.5902 -5.03242 2.4
      vertex 54.29 -6.09808 2.4
      vertex 53.7014 -4.96332 2.4
    endloop
  endfacet
  facet normal 0 0 1
    outer loop
      vertex 54.29 -6.09808 2.4
      vertex 53.5902 -5.03242 2.4
      vertex 54.1169 -6.19062 2.4
    endloop
  endfacet
  facet normal -0 0 1
    outer loop
      vertex 53.4748 -5.09412 2.4
      vertex 54.1169 -6.19062 2.4
      vertex 53.5902 -5.03242 2.4
    endloop
  endfacet
  facet normal 0 0 1
    outer loop
      vertex 54.1169 -6.19062 2.4
      vertex 53.4748 -5.09412 2.4
      vertex 53.938 -6.27164 2.4
    endloop
  endfacet
  facet normal -0 0 1
    outer loop
      vertex 53.3555 -5.14813 2.4
      vertex 53.938 -6.27164 2.4
      vertex 53.4748 -5.09412 2.4
    endloop
  endfacet
  facet normal 0 0 1
    outer loop
      vertex 53.938 -6.27164 2.4
      vertex 53.3555 -5.14813 2.4
      vertex 53.7543 -6.34079 2.4
    endloop
  endfacet
  facet normal -0 0 1
    outer loop
      vertex 53.233 -5.19424 2.4
      vertex 53.7543 -6.34079 2.4
      vertex 53.3555 -5.14813 2.4
    endloop
  endfacet
  facet normal 0 0 1
    outer loop
      vertex 53.7543 -6.34079 2.4
      vertex 53.233 -5.19424 2.4
      vertex 53.5665 -6.39778 2.4
    endloop
  endfacet
  facet normal -0 0 1
    outer loop
      vertex 53.1077 -5.23227 2.4
      vertex 53.5665 -6.39778 2.4
      vertex 53.233 -5.19424 2.4
    endloop
  endfacet
  facet normal 0 0 1
    outer loop
      vertex 53.5665 -6.39778 2.4
      vertex 53.1077 -5.23227 2.4
      vertex 53.3753 -6.44236 2.4
    endloop
  endfacet
  facet normal -0 0 1
    outer loop
      vertex 52.9803 -5.26198 2.4
      vertex 53.3753 -6.44236 2.4
      vertex 53.1077 -5.23227 2.4
    endloop
  endfacet
  facet normal 0 0 1
    outer loop
      vertex 53.3753 -6.44236 2.4
      vertex 52.9803 -5.26198 2.4
      vertex 53.1816 -6.47433 2.4
    endloop
  endfacet
  facet normal 0 0 1
    outer loop
      vertex 53.1816 -6.47433 2.4
      vertex 52.9803 -5.26198 2.4
      vertex 52.9862 -6.49358 2.4
    endloop
  endfacet
  facet normal -0 0 1
    outer loop
      vertex 52.8511 -5.28331 2.4
      vertex 52.9862 -6.49358 2.4
      vertex 52.9803 -5.26198 2.4
    endloop
  endfacet
  facet normal 0 0 1
    outer loop
      vertex 52.8511 -5.28331 2.4
      vertex 52.79 -6.5 2.4
      vertex 52.9862 -6.49358 2.4
    endloop
  endfacet
  facet normal -0 0 1
    outer loop
      vertex 52.7208 -5.29613 2.4
      vertex 52.79 -6.5 2.4
      vertex 52.8511 -5.28331 2.4
    endloop
  endfacet
  facet normal -0 0 1
    outer loop
      vertex 52.6031 -5.3 2.4
      vertex 52.79 -6.5 2.4
      vertex 52.7208 -5.29613 2.4
    endloop
  endfacet
  facet normal -0 0 1
    outer loop
      vertex 0.736862 -5.3 2.4
      vertex 52.79 -6.5 2.4
      vertex 52.6031 -5.3 2.4
    endloop
  endfacet
  facet normal 0 0 1
    outer loop
      vertex 0.736862 -5.3 2.4
      vertex 0.549999 -6.5 2.4
      vertex 52.79 -6.5 2.4
    endloop
  endfacet
  facet normal 0 0 1
    outer loop
      vertex 0.619141 -5.29613 2.4
      vertex 0.549999 -6.5 2.4
      vertex 0.736862 -5.3 2.4
    endloop
  endfacet
  facet normal 0 0 1
    outer loop
      vertex 0.488876 -5.28331 2.4
      vertex 0.549999 -6.5 2.4
      vertex 0.619141 -5.29613 2.4
    endloop
  endfacet
  facet normal 0 0 1
    outer loop
      vertex 0.35379 -6.49358 2.4
      vertex 0.488876 -5.28331 2.4
      vertex 0.359726 -5.26198 2.4
    endloop
  endfacet
  facet normal 0 0 1
    outer loop
      vertex 0.488876 -5.28331 2.4
      vertex 0.35379 -6.49358 2.4
      vertex 0.549999 -6.5 2.4
    endloop
  endfacet
  facet normal 0 0 1
    outer loop
      vertex -0.0352707 -6.44236 2.4
      vertex 0.359726 -5.26198 2.4
      vertex 0.232285 -5.23227 2.4
    endloop
  endfacet
  facet normal 0 0 1
    outer loop
      vertex 0.359726 -5.26198 2.4
      vertex 0.158421 -6.47433 2.4
      vertex 0.35379 -6.49358 2.4
    endloop
  endfacet
  facet normal 0 0 1
    outer loop
      vertex -0.226457 -6.39778 2.4
      vertex 0.232285 -5.23227 2.4
      vertex 0.106934 -5.19424 2.4
    endloop
  endfacet
  facet normal 0 0 1
    outer loop
      vertex -0.414318 -6.34079 2.4
      vertex 0.106934 -5.19424 2.4
      vertex -0.0155945 -5.14813 2.4
    endloop
  endfacet
  facet normal 0 0 1
    outer loop
      vertex 0.359726 -5.26198 2.4
      vertex -0.0352707 -6.44236 2.4
      vertex 0.158421 -6.47433 2.4
    endloop
  endfacet
  facet normal 0 0 1
    outer loop
      vertex -0.59805 -6.27164 2.4
      vertex -0.0155945 -5.14813 2.4
      vertex -0.134781 -5.09412 2.4
    endloop
  endfacet
  facet normal 0 0 1
    outer loop
      vertex 0.232285 -5.23227 2.4
      vertex -0.226457 -6.39778 2.4
      vertex -0.0352707 -6.44236 2.4
    endloop
  endfacet
  facet normal 0 0 1
    outer loop
      vertex -0.776866 -6.19062 2.4
      vertex -0.134781 -5.09412 2.4
      vertex -0.250183 -5.03242 2.4
    endloop
  endfacet
  facet normal 0 0 1
    outer loop
      vertex -0.95 -6.09808 2.4
      vertex -0.250183 -5.03242 2.4
      vertex -0.361389 -4.96329 2.4
    endloop
  endfacet
  facet normal 0 0 1
    outer loop
      vertex 0.106934 -5.19424 2.4
      vertex -0.414318 -6.34079 2.4
      vertex -0.226457 -6.39778 2.4
    endloop
  endfacet
  facet normal 0 0 1
    outer loop
      vertex -1.11671 -5.99441 2.4
      vertex -0.361389 -4.96329 2.4
      vertex -0.467819 -4.88701 2.4
    endloop
  endfacet
  facet normal 0 0 1
    outer loop
      vertex -1.27628 -5.88006 2.4
      vertex -0.467819 -4.88701 2.4
      vertex -0.569 -4.80397 2.4
    endloop
  endfacet
  facet normal 0 0 1
    outer loop
      vertex -0.0155945 -5.14813 2.4
      vertex -0.59805 -6.27164 2.4
      vertex -0.414318 -6.34079 2.4
    endloop
  endfacet
  facet normal 0 0 1
    outer loop
      vertex -1.42804 -5.75552 2.4
      vertex -0.569 -4.80397 2.4
      vertex -0.66452 -4.71451 2.4
    endloop
  endfacet
  facet normal 0 0 1
    outer loop
      vertex -1.70552 -5.47804 2.4
      vertex -0.66452 -4.71451 2.4
      vertex -0.754028 -4.61894 2.4
    endloop
  endfacet
  facet normal 0 0 1
    outer loop
      vertex -0.134781 -5.09412 2.4
      vertex -0.776866 -6.19062 2.4
      vertex -0.59805 -6.27164 2.4
    endloop
  endfacet
  facet normal 0 0 1
    outer loop
      vertex -1.83006 -5.32628 2.4
      vertex -0.754028 -4.61894 2.4
      vertex -0.837036 -4.51776 2.4
    endloop
  endfacet
  facet normal 0 0 1
    outer loop
      vertex -1.94441 -5.16671 2.4
      vertex -0.837036 -4.51776 2.4
      vertex -0.913254 -4.41142 2.4
    endloop
  endfacet
  facet normal 0 0 1
    outer loop
      vertex -0.250183 -5.03242 2.4
      vertex -0.95 -6.09808 2.4
      vertex -0.776866 -6.19062 2.4
    endloop
  endfacet
  facet normal 0 0 1
    outer loop
      vertex -2.04808 -5 2.4
      vertex -0.913254 -4.41142 2.4
      vertex -0.982452 -4.30017 2.4
    endloop
  endfacet
  facet normal 0 0 1
    outer loop
      vertex -2.14062 -4.82687 2.4
      vertex -0.982452 -4.30017 2.4
      vertex -1.04414 -4.18471 2.4
    endloop
  endfacet
  facet normal 0 0 1
    outer loop
      vertex -2.22164 -4.64805 2.4
      vertex -1.04414 -4.18471 2.4
      vertex -1.09813 -4.06555 2.4
    endloop
  endfacet
  facet normal 0 0 1
    outer loop
      vertex -0.361389 -4.96329 2.4
      vertex -1.11671 -5.99441 2.4
      vertex -0.95 -6.09808 2.4
    endloop
  endfacet
  facet normal 0 0 1
    outer loop
      vertex -2.29079 -4.46432 2.4
      vertex -1.09813 -4.06555 2.4
      vertex -1.14424 -3.94302 2.4
    endloop
  endfacet
  facet normal 0 0 1
    outer loop
      vertex -2.34778 -4.27646 2.4
      vertex -1.14424 -3.94302 2.4
      vertex -1.18225 -3.81779 2.4
    endloop
  endfacet
  facet normal 0 0 1
    outer loop
      vertex -2.39235 -4.08527 2.4
      vertex -1.18225 -3.81779 2.4
      vertex -1.21199 -3.69026 2.4
    endloop
  endfacet
  facet normal 0 0 1
    outer loop
      vertex -2.44358 -3.69621 2.4
      vertex -1.21199 -3.69026 2.4
      vertex -1.23332 -3.56104 2.4
    endloop
  endfacet
  facet normal -0 0 1
    outer loop
      vertex -2.45 -3.5 2.4
      vertex -1.23332 -3.56104 2.4
      vertex -1.24612 -3.43085 2.4
    endloop
  endfacet
  facet normal 0 0 1
    outer loop
      vertex -0.467819 -4.88701 2.4
      vertex -1.27628 -5.88006 2.4
      vertex -1.11671 -5.99441 2.4
    endloop
  endfacet
  facet normal 0 0 1
    outer loop
      vertex -2.45 -3.5 2.4
      vertex -1.24612 -3.43085 2.4
      vertex -1.25 -3.31313 2.4
    endloop
  endfacet
  facet normal 0 0 1
    outer loop
      vertex -1.25 76.4131 2.4
      vertex -2.45 76.6 2.4
      vertex -1.25 -3.31313 2.4
    endloop
  endfacet
  facet normal 0 0 1
    outer loop
      vertex -1.04416 77.2847 2.4
      vertex -2.22164 77.748 2.4
      vertex -1.09813 77.1655 2.4
    endloop
  endfacet
  facet normal 0 0 1
    outer loop
      vertex -2.45 -3.5 2.4
      vertex -1.25 -3.31313 2.4
      vertex -2.45 76.6 2.4
    endloop
  endfacet
  facet normal -0 0 1
    outer loop
      vertex -2.29079 77.5643 2.4
      vertex -1.09813 77.1655 2.4
      vertex -2.22164 77.748 2.4
    endloop
  endfacet
  facet normal 0 0 1
    outer loop
      vertex -1.23332 -3.56104 2.4
      vertex -2.45 -3.5 2.4
      vertex -2.44358 -3.69621 2.4
    endloop
  endfacet
  facet normal 0 0 1
    outer loop
      vertex -1.09813 77.1655 2.4
      vertex -2.29079 77.5643 2.4
      vertex -1.14424 77.043 2.4
    endloop
  endfacet
  facet normal 0 0 1
    outer loop
      vertex -0.569 -4.80397 2.4
      vertex -1.42804 -5.75552 2.4
      vertex -1.27628 -5.88006 2.4
    endloop
  endfacet
  facet normal -0 0 1
    outer loop
      vertex -2.34778 77.3765 2.4
      vertex -1.14424 77.043 2.4
      vertex -2.29079 77.5643 2.4
    endloop
  endfacet
  facet normal 0 0 1
    outer loop
      vertex -0.66452 -4.71451 2.4
      vertex -1.57132 -5.62132 2.4
      vertex -1.42804 -5.75552 2.4
    endloop
  endfacet
  facet normal 0 0 1
    outer loop
      vertex -1.14424 77.043 2.4
      vertex -2.34778 77.3765 2.4
      vertex -1.18225 76.9178 2.4
    endloop
  endfacet
  facet normal 0 0 1
    outer loop
      vertex -0.66452 -4.71451 2.4
      vertex -1.70552 -5.47804 2.4
      vertex -1.57132 -5.62132 2.4
    endloop
  endfacet
  facet normal -0 0 1
    outer loop
      vertex -2.39235 77.1853 2.4
      vertex -1.18225 76.9178 2.4
      vertex -2.34778 77.3765 2.4
    endloop
  endfacet
  facet normal 0 0 1
    outer loop
      vertex -0.754028 -4.61894 2.4
      vertex -1.83006 -5.32628 2.4
      vertex -1.70552 -5.47804 2.4
    endloop
  endfacet
  facet normal 0 0 1
    outer loop
      vertex -1.18225 76.9178 2.4
      vertex -2.39235 77.1853 2.4
      vertex -1.21199 76.7903 2.4
    endloop
  endfacet
  facet normal 0 0 1
    outer loop
      vertex -0.837036 -4.51776 2.4
      vertex -1.94441 -5.16671 2.4
      vertex -1.83006 -5.32628 2.4
    endloop
  endfacet
  facet normal -0 0 1
    outer loop
      vertex -2.42433 76.9916 2.4
      vertex -1.21199 76.7903 2.4
      vertex -2.39235 77.1853 2.4
    endloop
  endfacet
  facet normal 0 0 1
    outer loop
      vertex -0.913254 -4.41142 2.4
      vertex -2.04808 -5 2.4
      vertex -1.94441 -5.16671 2.4
    endloop
  endfacet
  facet normal -0 0 1
    outer loop
      vertex -2.44358 76.7962 2.4
      vertex -1.21199 76.7903 2.4
      vertex -2.42433 76.9916 2.4
    endloop
  endfacet
  facet normal 0 0 1
    outer loop
      vertex -0.982452 -4.30017 2.4
      vertex -2.14062 -4.82687 2.4
      vertex -2.04808 -5 2.4
    endloop
  endfacet
  facet normal 0 0 1
    outer loop
      vertex -1.21199 76.7903 2.4
      vertex -2.44358 76.7962 2.4
      vertex -1.23332 76.6611 2.4
    endloop
  endfacet
  facet normal 0 0 1
    outer loop
      vertex -1.04414 -4.18471 2.4
      vertex -2.22164 -4.64805 2.4
      vertex -2.14062 -4.82687 2.4
    endloop
  endfacet
  facet normal 0 0 1
    outer loop
      vertex -2.45 76.6 2.4
      vertex -1.23332 76.6611 2.4
      vertex -2.44358 76.7962 2.4
    endloop
  endfacet
  facet normal 0 0 1
    outer loop
      vertex -1.09813 -4.06555 2.4
      vertex -2.29079 -4.46432 2.4
      vertex -2.22164 -4.64805 2.4
    endloop
  endfacet
  facet normal 0 0 1
    outer loop
      vertex -1.23332 76.6611 2.4
      vertex -2.45 76.6 2.4
      vertex -1.24612 76.5308 2.4
    endloop
  endfacet
  facet normal 0 0 1
    outer loop
      vertex -1.14424 -3.94302 2.4
      vertex -2.34778 -4.27646 2.4
      vertex -2.29079 -4.46432 2.4
    endloop
  endfacet
  facet normal 0 0 1
    outer loop
      vertex -1.24612 76.5308 2.4
      vertex -2.45 76.6 2.4
      vertex -1.25 76.4131 2.4
    endloop
  endfacet
  facet normal 0 0 1
    outer loop
      vertex -1.18225 -3.81779 2.4
      vertex -2.39235 -4.08527 2.4
      vertex -2.34778 -4.27646 2.4
    endloop
  endfacet
  facet normal 0 0 1
    outer loop
      vertex -1.21199 -3.69026 2.4
      vertex -2.42433 -3.89158 2.4
      vertex -2.39235 -4.08527 2.4
    endloop
  endfacet
  facet normal 0 0 1
    outer loop
      vertex -1.21199 -3.69026 2.4
      vertex -2.44358 -3.69621 2.4
      vertex -2.42433 -3.89158 2.4
    endloop
  endfacet
  facet normal 0 0 1
    outer loop
      vertex 52.59 77.6 2.4
      vertex 53.79 76.4 2.4
      vertex 53.7874 76.4785 2.4
    endloop
  endfacet
  facet normal 0 0 1
    outer loop
      vertex 52.59 77.6 2.4
      vertex 53.7874 76.4785 2.4
      vertex 53.7797 76.5566 2.4
    endloop
  endfacet
  facet normal 0 0 1
    outer loop
      vertex 52.59 77.6 2.4
      vertex 53.7797 76.5566 2.4
      vertex 53.7669 76.6341 2.4
    endloop
  endfacet
  facet normal 0 0 1
    outer loop
      vertex 52.59 77.6 2.4
      vertex 53.7669 76.6341 2.4
      vertex 53.7491 76.7106 2.4
    endloop
  endfacet
  facet normal 0 0 1
    outer loop
      vertex 53.79 76.4 2.4
      vertex 53.7355 16.2365 2.4
      vertex 53.79 16.0568 2.4
    endloop
  endfacet
  facet normal 0 0 1
    outer loop
      vertex 52.59 77.6 2.4
      vertex 53.7491 76.7106 2.4
      vertex 53.7263 76.7857 2.4
    endloop
  endfacet
  facet normal 0 0 1
    outer loop
      vertex 52.59 77.6 2.4
      vertex 53.7263 76.7857 2.4
      vertex 53.6987 76.8592 2.4
    endloop
  endfacet
  facet normal 0 0 1
    outer loop
      vertex 52.59 77.6 2.4
      vertex 53.6987 76.8592 2.4
      vertex 53.6662 76.9307 2.4
    endloop
  endfacet
  facet normal 0 0 1
    outer loop
      vertex 53.79 76.4 2.4
      vertex 53.664 16.4263 2.4
      vertex 53.7355 16.2365 2.4
    endloop
  endfacet
  facet normal 0 0 1
    outer loop
      vertex 52.59 77.6 2.4
      vertex 53.6662 76.9307 2.4
      vertex 53.6292 77 2.4
    endloop
  endfacet
  facet normal 0 0 1
    outer loop
      vertex 52.59 77.6 2.4
      vertex 53.6292 77 2.4
      vertex 53.5878 77.0667 2.4
    endloop
  endfacet
  facet normal 0 0 1
    outer loop
      vertex 53.79 76.4 2.4
      vertex 53.5803 16.6111 2.4
      vertex 53.664 16.4263 2.4
    endloop
  endfacet
  facet normal 0 0 1
    outer loop
      vertex 52.59 77.6 2.4
      vertex 53.5878 77.0667 2.4
      vertex 53.542 77.1305 2.4
    endloop
  endfacet
  facet normal 0 0 1
    outer loop
      vertex 52.59 77.6 2.4
      vertex 53.542 77.1305 2.4
      vertex 53.4922 77.1912 2.4
    endloop
  endfacet
  facet normal 0 0 1
    outer loop
      vertex 53.79 76.4 2.4
      vertex 48.7144 65.2377 2.4
      vertex 48.6555 65.0435 2.4
    endloop
  endfacet
  facet normal 0 0 1
    outer loop
      vertex 52.59 77.6 2.4
      vertex 53.4922 77.1912 2.4
      vertex 53.4385 77.2485 2.4
    endloop
  endfacet
  facet normal 0 0 1
    outer loop
      vertex 52.59 77.6 2.4
      vertex 53.4385 77.2485 2.4
      vertex 53.3812 77.3022 2.4
    endloop
  endfacet
  facet normal 0 0 1
    outer loop
      vertex 53.79 76.4 2.4
      vertex 53.4847 16.79 2.4
      vertex 53.5803 16.6111 2.4
    endloop
  endfacet
  facet normal 0 0 1
    outer loop
      vertex 52.59 77.6 2.4
      vertex 53.3812 77.3022 2.4
      vertex 53.3205 77.352 2.4
    endloop
  endfacet
  facet normal 0 0 1
    outer loop
      vertex 53.79 76.4 2.4
      vertex 48.6555 65.0435 2.4
      vertex 53.4847 16.79 2.4
    endloop
  endfacet
  facet normal 0 0 1
    outer loop
      vertex 52.59 77.6 2.4
      vertex 53.3205 77.352 2.4
      vertex 53.2567 77.3978 2.4
    endloop
  endfacet
  facet normal 0 0 1
    outer loop
      vertex 52.59 77.6 2.4
      vertex 53.2567 77.3978 2.4
      vertex 53.19 77.4392 2.4
    endloop
  endfacet
  facet normal 0 0 1
    outer loop
      vertex 53.4847 16.79 2.4
      vertex 48.6555 65.0435 2.4
      vertex 53.3776 16.9623 2.4
    endloop
  endfacet
  facet normal 0 0 1
    outer loop
      vertex 52.59 77.6 2.4
      vertex 53.19 77.4392 2.4
      vertex 53.1207 77.4762 2.4
    endloop
  endfacet
  facet normal 0 0 1
    outer loop
      vertex 52.59 77.6 2.4
      vertex 53.1207 77.4762 2.4
      vertex 53.0492 77.5087 2.4
    endloop
  endfacet
  facet normal -0 0 1
    outer loop
      vertex 48.584 64.8537 2.4
      vertex 53.3776 16.9623 2.4
      vertex 48.6555 65.0435 2.4
    endloop
  endfacet
  facet normal 0 0 1
    outer loop
      vertex 52.59 77.6 2.4
      vertex 53.0492 77.5087 2.4
      vertex 52.9757 77.5363 2.4
    endloop
  endfacet
  facet normal 0 0 1
    outer loop
      vertex 52.59 77.6 2.4
      vertex 52.9757 77.5363 2.4
      vertex 52.9006 77.5591 2.4
    endloop
  endfacet
  facet normal 0 0 1
    outer loop
      vertex 53.3776 16.9623 2.4
      vertex 48.584 64.8537 2.4
      vertex 53.2594 17.1272 2.4
    endloop
  endfacet
  facet normal 0 0 1
    outer loop
      vertex 52.59 77.6 2.4
      vertex 52.9006 77.5591 2.4
      vertex 52.8241 77.5769 2.4
    endloop
  endfacet
  facet normal 0 0 1
    outer loop
      vertex 52.59 77.6 2.4
      vertex 52.8241 77.5769 2.4
      vertex 52.7466 77.5897 2.4
    endloop
  endfacet
  facet normal -0 0 1
    outer loop
      vertex 48.5003 64.6689 2.4
      vertex 53.2594 17.1272 2.4
      vertex 48.584 64.8537 2.4
    endloop
  endfacet
  facet normal 0 0 1
    outer loop
      vertex 52.59 77.6 2.4
      vertex 52.7466 77.5897 2.4
      vertex 52.6685 77.5974 2.4
    endloop
  endfacet
  facet normal 0 0 1
    outer loop
      vertex 47.0911 68.8203 2.4
      vertex 53.79 76.4 2.4
      vertex 52.59 77.6 2.4
    endloop
  endfacet
  facet normal 0 0 1
    outer loop
      vertex 53.2594 17.1272 2.4
      vertex 48.5003 64.6689 2.4
      vertex 53.1307 17.284 2.4
    endloop
  endfacet
  facet normal -0 0 1
    outer loop
      vertex 48.4047 64.49 2.4
      vertex 53.1307 17.284 2.4
      vertex 48.5003 64.6689 2.4
    endloop
  endfacet
  facet normal 0 0 1
    outer loop
      vertex 53.1307 17.284 2.4
      vertex 48.4047 64.49 2.4
      vertex 52.992 17.432 2.4
    endloop
  endfacet
  facet normal -0 0 1
    outer loop
      vertex 48.2976 64.3177 2.4
      vertex 52.992 17.432 2.4
      vertex 48.4047 64.49 2.4
    endloop
  endfacet
  facet normal 0 0 1
    outer loop
      vertex 52.992 17.432 2.4
      vertex 48.2976 64.3177 2.4
      vertex 52.844 17.5707 2.4
    endloop
  endfacet
  facet normal -0 0 1
    outer loop
      vertex 48.1794 64.1528 2.4
      vertex 52.844 17.5707 2.4
      vertex 48.2976 64.3177 2.4
    endloop
  endfacet
  facet normal 0 0 1
    outer loop
      vertex 52.844 17.5707 2.4
      vertex 48.1794 64.1528 2.4
      vertex 52.6872 17.6994 2.4
    endloop
  endfacet
  facet normal -0 0 1
    outer loop
      vertex 48.0507 63.996 2.4
      vertex 52.6872 17.6994 2.4
      vertex 48.1794 64.1528 2.4
    endloop
  endfacet
  facet normal 0 0 1
    outer loop
      vertex 52.6872 17.6994 2.4
      vertex 48.0507 63.996 2.4
      vertex 52.5223 17.8176 2.4
    endloop
  endfacet
  facet normal -0 0 1
    outer loop
      vertex 47.912 63.848 2.4
      vertex 52.5223 17.8176 2.4
      vertex 48.0507 63.996 2.4
    endloop
  endfacet
  facet normal 0 0 1
    outer loop
      vertex 52.5223 17.8176 2.4
      vertex 47.912 63.848 2.4
      vertex 52.35 17.9247 2.4
    endloop
  endfacet
  facet normal -0 0 1
    outer loop
      vertex 47.764 63.7093 2.4
      vertex 52.35 17.9247 2.4
      vertex 47.912 63.848 2.4
    endloop
  endfacet
  facet normal 0 0 1
    outer loop
      vertex 52.35 17.9247 2.4
      vertex 47.764 63.7093 2.4
      vertex 52.1711 18.0203 2.4
    endloop
  endfacet
  facet normal -0 0 1
    outer loop
      vertex 47.6072 63.5806 2.4
      vertex 52.1711 18.0203 2.4
      vertex 47.764 63.7093 2.4
    endloop
  endfacet
  facet normal 0 0 1
    outer loop
      vertex 52.1711 18.0203 2.4
      vertex 47.6072 63.5806 2.4
      vertex 51.9863 18.104 2.4
    endloop
  endfacet
  facet normal -0 0 1
    outer loop
      vertex 47.4423 63.4624 2.4
      vertex 51.9863 18.104 2.4
      vertex 47.6072 63.5806 2.4
    endloop
  endfacet
  facet normal 0 0 1
    outer loop
      vertex 51.9863 18.104 2.4
      vertex 47.4423 63.4624 2.4
      vertex 51.7965 18.1755 2.4
    endloop
  endfacet
  facet normal -0 0 1
    outer loop
      vertex 47.27 63.3553 2.4
      vertex 51.7965 18.1755 2.4
      vertex 47.4423 63.4624 2.4
    endloop
  endfacet
  facet normal 0 0 1
    outer loop
      vertex 51.7965 18.1755 2.4
      vertex 47.27 63.3553 2.4
      vertex 51.6023 18.2344 2.4
    endloop
  endfacet
  facet normal -0 0 1
    outer loop
      vertex 47.0911 63.2597 2.4
      vertex 51.6023 18.2344 2.4
      vertex 47.27 63.3553 2.4
    endloop
  endfacet
  facet normal 0 0 1
    outer loop
      vertex 53.79 76.4 2.4
      vertex 48.82 66.04 2.4
      vertex 48.8134 65.8372 2.4
    endloop
  endfacet
  facet normal 0 0 1
    outer loop
      vertex 53.79 76.4 2.4
      vertex 48.8134 66.2428 2.4
      vertex 48.82 66.04 2.4
    endloop
  endfacet
  facet normal 0 0 1
    outer loop
      vertex 53.79 76.4 2.4
      vertex 48.7935 66.4446 2.4
      vertex 48.8134 66.2428 2.4
    endloop
  endfacet
  facet normal 0 0 1
    outer loop
      vertex 53.79 76.4 2.4
      vertex 48.7604 66.6448 2.4
      vertex 48.7935 66.4446 2.4
    endloop
  endfacet
  facet normal 0 0 1
    outer loop
      vertex 53.79 76.4 2.4
      vertex 48.7144 66.8423 2.4
      vertex 48.7604 66.6448 2.4
    endloop
  endfacet
  facet normal 0 0 1
    outer loop
      vertex 53.79 76.4 2.4
      vertex 48.6555 67.0365 2.4
      vertex 48.7144 66.8423 2.4
    endloop
  endfacet
  facet normal 0 0 1
    outer loop
      vertex 53.79 76.4 2.4
      vertex 48.584 67.2263 2.4
      vertex 48.6555 67.0365 2.4
    endloop
  endfacet
  facet normal 0 0 1
    outer loop
      vertex 53.79 76.4 2.4
      vertex 48.5003 67.4111 2.4
      vertex 48.584 67.2263 2.4
    endloop
  endfacet
  facet normal 0 0 1
    outer loop
      vertex 53.79 76.4 2.4
      vertex 48.4047 67.59 2.4
      vertex 48.5003 67.4111 2.4
    endloop
  endfacet
  facet normal 0 0 1
    outer loop
      vertex 53.79 76.4 2.4
      vertex 48.2976 67.7623 2.4
      vertex 48.4047 67.59 2.4
    endloop
  endfacet
  facet normal 0 0 1
    outer loop
      vertex 53.79 76.4 2.4
      vertex 48.1794 67.9272 2.4
      vertex 48.2976 67.7623 2.4
    endloop
  endfacet
  facet normal 0 0 1
    outer loop
      vertex 53.79 76.4 2.4
      vertex 48.0507 68.084 2.4
      vertex 48.1794 67.9272 2.4
    endloop
  endfacet
  facet normal 0 0 1
    outer loop
      vertex 53.79 76.4 2.4
      vertex 47.912 68.232 2.4
      vertex 48.0507 68.084 2.4
    endloop
  endfacet
  facet normal 0 0 1
    outer loop
      vertex 53.79 76.4 2.4
      vertex 47.764 68.3707 2.4
      vertex 47.912 68.232 2.4
    endloop
  endfacet
  facet normal 0 0 1
    outer loop
      vertex 53.79 76.4 2.4
      vertex 47.6072 68.4994 2.4
      vertex 47.764 68.3707 2.4
    endloop
  endfacet
  facet normal 0 0 1
    outer loop
      vertex 53.79 76.4 2.4
      vertex 47.4423 68.6176 2.4
      vertex 47.6072 68.4994 2.4
    endloop
  endfacet
  facet normal 0 0 1
    outer loop
      vertex 53.79 76.4 2.4
      vertex 47.27 68.7247 2.4
      vertex 47.4423 68.6176 2.4
    endloop
  endfacet
  facet normal 0 0 1
    outer loop
      vertex 53.79 76.4 2.4
      vertex 47.0911 68.8203 2.4
      vertex 47.27 68.7247 2.4
    endloop
  endfacet
  facet normal 0 0 1
    outer loop
      vertex 52.59 77.6 2.4
      vertex 46.9063 68.904 2.4
      vertex 47.0911 68.8203 2.4
    endloop
  endfacet
  facet normal 0 0 1
    outer loop
      vertex 52.59 77.6 2.4
      vertex 46.7165 68.9755 2.4
      vertex 46.9063 68.904 2.4
    endloop
  endfacet
  facet normal 0 0 1
    outer loop
      vertex 52.59 77.6 2.4
      vertex 46.5223 69.0344 2.4
      vertex 46.7165 68.9755 2.4
    endloop
  endfacet
  facet normal 0 0 1
    outer loop
      vertex 52.59 77.6 2.4
      vertex 46.3248 69.0804 2.4
      vertex 46.5223 69.0344 2.4
    endloop
  endfacet
  facet normal 0 0 1
    outer loop
      vertex 52.59 77.6 2.4
      vertex 46.1246 69.1135 2.4
      vertex 46.3248 69.0804 2.4
    endloop
  endfacet
  facet normal 0 0 1
    outer loop
      vertex 52.59 77.6 2.4
      vertex 45.9227 69.1334 2.4
      vertex 46.1246 69.1135 2.4
    endloop
  endfacet
  facet normal 0 0 1
    outer loop
      vertex 52.59 77.6 2.4
      vertex 45.72 69.14 2.4
      vertex 45.9227 69.1334 2.4
    endloop
  endfacet
  facet normal 0 0 1
    outer loop
      vertex 52.59 77.6 2.4
      vertex 45.5173 69.1334 2.4
      vertex 45.72 69.14 2.4
    endloop
  endfacet
  facet normal 0 0 1
    outer loop
      vertex 52.59 77.6 2.4
      vertex 45.3154 69.1135 2.4
      vertex 45.5173 69.1334 2.4
    endloop
  endfacet
  facet normal 0 0 1
    outer loop
      vertex 52.59 77.6 2.4
      vertex 45.1152 69.0804 2.4
      vertex 45.3154 69.1135 2.4
    endloop
  endfacet
  facet normal 0 0 1
    outer loop
      vertex 52.59 77.6 2.4
      vertex 44.9177 69.0344 2.4
      vertex 45.1152 69.0804 2.4
    endloop
  endfacet
  facet normal 0 0 1
    outer loop
      vertex 52.59 77.6 2.4
      vertex 44.7235 68.9755 2.4
      vertex 44.9177 69.0344 2.4
    endloop
  endfacet
  facet normal 0 0 1
    outer loop
      vertex 52.59 77.6 2.4
      vertex 44.5337 68.904 2.4
      vertex 44.7235 68.9755 2.4
    endloop
  endfacet
  facet normal 0 0 1
    outer loop
      vertex 52.59 77.6 2.4
      vertex 44.3489 68.8203 2.4
      vertex 44.5337 68.904 2.4
    endloop
  endfacet
  facet normal 0 0 1
    outer loop
      vertex 52.59 77.6 2.4
      vertex 44.17 68.7247 2.4
      vertex 44.3489 68.8203 2.4
    endloop
  endfacet
  facet normal 0 0 1
    outer loop
      vertex 29 66 2.4
      vertex 44.17 68.7247 2.4
      vertex 52.59 77.6 2.4
    endloop
  endfacet
  facet normal 0 0 1
    outer loop
      vertex 44.17 68.7247 2.4
      vertex 29 66 2.4
      vertex 43.9977 68.6176 2.4
    endloop
  endfacet
  facet normal 0 0 1
    outer loop
      vertex 43.9977 68.6176 2.4
      vertex 29 66 2.4
      vertex 43.8328 68.4994 2.4
    endloop
  endfacet
  facet normal 0 0 1
    outer loop
      vertex 43.8328 68.4994 2.4
      vertex 29 66 2.4
      vertex 43.676 68.3707 2.4
    endloop
  endfacet
  facet normal 0 0 1
    outer loop
      vertex 42.6266 66.2428 2.4
      vertex 29 66 2.4
      vertex 42.62 66.04 2.4
    endloop
  endfacet
  facet normal 0 0 1
    outer loop
      vertex 42.6465 66.4446 2.4
      vertex 29 66 2.4
      vertex 42.6266 66.2428 2.4
    endloop
  endfacet
  facet normal 0 0 1
    outer loop
      vertex 42.6796 66.6448 2.4
      vertex 29 66 2.4
      vertex 42.6465 66.4446 2.4
    endloop
  endfacet
  facet normal 0 0 1
    outer loop
      vertex 42.7256 66.8423 2.4
      vertex 29 66 2.4
      vertex 42.6796 66.6448 2.4
    endloop
  endfacet
  facet normal 0 0 1
    outer loop
      vertex 42.7845 67.0365 2.4
      vertex 29 66 2.4
      vertex 42.7256 66.8423 2.4
    endloop
  endfacet
  facet normal 0 0 1
    outer loop
      vertex 42.856 67.2263 2.4
      vertex 29 66 2.4
      vertex 42.7845 67.0365 2.4
    endloop
  endfacet
  facet normal 0 0 1
    outer loop
      vertex 42.9397 67.4111 2.4
      vertex 29 66 2.4
      vertex 42.856 67.2263 2.4
    endloop
  endfacet
  facet normal 0 0 1
    outer loop
      vertex 43.0353 67.59 2.4
      vertex 29 66 2.4
      vertex 42.9397 67.4111 2.4
    endloop
  endfacet
  facet normal 0 0 1
    outer loop
      vertex 43.1424 67.7623 2.4
      vertex 29 66 2.4
      vertex 43.0353 67.59 2.4
    endloop
  endfacet
  facet normal 0 0 1
    outer loop
      vertex 43.2606 67.9272 2.4
      vertex 29 66 2.4
      vertex 43.1424 67.7623 2.4
    endloop
  endfacet
  facet normal 0 0 1
    outer loop
      vertex 43.3893 68.084 2.4
      vertex 29 66 2.4
      vertex 43.2606 67.9272 2.4
    endloop
  endfacet
  facet normal 0 0 1
    outer loop
      vertex 43.528 68.232 2.4
      vertex 29 66 2.4
      vertex 43.3893 68.084 2.4
    endloop
  endfacet
  facet normal 0 0 1
    outer loop
      vertex 43.676 68.3707 2.4
      vertex 29 66 2.4
      vertex 43.528 68.232 2.4
    endloop
  endfacet
  facet normal -0 0 1
    outer loop
      vertex 19.1511 68.8203 2.4
      vertex 29 66 2.4
      vertex 52.59 77.6 2.4
    endloop
  endfacet
  facet normal -0 0 1
    outer loop
      vertex 20.7155 65.0435 2.4
      vertex 24 63 2.4
      vertex 24 66 2.4
    endloop
  endfacet
  facet normal -0 0 1
    outer loop
      vertex 19.33 63.3553 2.4
      vertex 24 63 2.4
      vertex 19.5023 63.4624 2.4
    endloop
  endfacet
  facet normal 0 0 1
    outer loop
      vertex 20.8734 65.8372 2.4
      vertex 24 66 2.4
      vertex 20.88 66.04 2.4
    endloop
  endfacet
  facet normal -0 -0 1
    outer loop
      vertex 19.824 68.3707 2.4
      vertex 29 66 2.4
      vertex 19.6672 68.4994 2.4
    endloop
  endfacet
  facet normal 0 0 1
    outer loop
      vertex 24 66 2.4
      vertex 20.8734 66.2428 2.4
      vertex 20.88 66.04 2.4
    endloop
  endfacet
  facet normal 0 0 1
    outer loop
      vertex 24 66 2.4
      vertex 20.8535 66.4446 2.4
      vertex 20.8734 66.2428 2.4
    endloop
  endfacet
  facet normal 0 0 1
    outer loop
      vertex 24 66 2.4
      vertex 20.8204 66.6448 2.4
      vertex 20.8535 66.4446 2.4
    endloop
  endfacet
  facet normal 0 0 1
    outer loop
      vertex 24 66 2.4
      vertex 20.7744 66.8423 2.4
      vertex 20.8204 66.6448 2.4
    endloop
  endfacet
  facet normal 0 0 1
    outer loop
      vertex 24 66 2.4
      vertex 20.7155 67.0365 2.4
      vertex 20.7744 66.8423 2.4
    endloop
  endfacet
  facet normal 0 0 1
    outer loop
      vertex 24 66 2.4
      vertex 20.644 67.2263 2.4
      vertex 20.7155 67.0365 2.4
    endloop
  endfacet
  facet normal 0 0 1
    outer loop
      vertex 24 66 2.4
      vertex 20.5603 67.4111 2.4
      vertex 20.644 67.2263 2.4
    endloop
  endfacet
  facet normal 0 0 1
    outer loop
      vertex 24 66 2.4
      vertex 20.4647 67.59 2.4
      vertex 20.5603 67.4111 2.4
    endloop
  endfacet
  facet normal 0 0 1
    outer loop
      vertex 24 66 2.4
      vertex 20.3576 67.7623 2.4
      vertex 20.4647 67.59 2.4
    endloop
  endfacet
  facet normal 0 0 1
    outer loop
      vertex 24 66 2.4
      vertex 20.2394 67.9272 2.4
      vertex 20.3576 67.7623 2.4
    endloop
  endfacet
  facet normal 0 0 1
    outer loop
      vertex 24 66 2.4
      vertex 20.1107 68.084 2.4
      vertex 20.2394 67.9272 2.4
    endloop
  endfacet
  facet normal 0 0 1
    outer loop
      vertex 24 66 2.4
      vertex 19.972 68.232 2.4
      vertex 20.1107 68.084 2.4
    endloop
  endfacet
  facet normal 0 0 1
    outer loop
      vertex 24 66 2.4
      vertex 19.824 68.3707 2.4
      vertex 19.972 68.232 2.4
    endloop
  endfacet
  facet normal 0 0 1
    outer loop
      vertex 29 66 2.4
      vertex 19.824 68.3707 2.4
      vertex 24 66 2.4
    endloop
  endfacet
  facet normal 0 0 1
    outer loop
      vertex 29 66 2.4
      vertex 19.5023 68.6176 2.4
      vertex 19.6672 68.4994 2.4
    endloop
  endfacet
  facet normal 0 0 1
    outer loop
      vertex 29 66 2.4
      vertex 19.33 68.7247 2.4
      vertex 19.5023 68.6176 2.4
    endloop
  endfacet
  facet normal 0 0 1
    outer loop
      vertex 29 66 2.4
      vertex 19.1511 68.8203 2.4
      vertex 19.33 68.7247 2.4
    endloop
  endfacet
  facet normal 0 0 1
    outer loop
      vertex 52.59 77.6 2.4
      vertex 18.9663 68.904 2.4
      vertex 19.1511 68.8203 2.4
    endloop
  endfacet
  facet normal 0 0 1
    outer loop
      vertex 52.59 77.6 2.4
      vertex 18.7765 68.9755 2.4
      vertex 18.9663 68.904 2.4
    endloop
  endfacet
  facet normal 0 0 1
    outer loop
      vertex 52.59 77.6 2.4
      vertex 18.5823 69.0344 2.4
      vertex 18.7765 68.9755 2.4
    endloop
  endfacet
  facet normal 0 0 1
    outer loop
      vertex 52.59 77.6 2.4
      vertex 18.3848 69.0804 2.4
      vertex 18.5823 69.0344 2.4
    endloop
  endfacet
  facet normal -0 0 1
    outer loop
      vertex 0.75 77.6 2.4
      vertex 18.3848 69.0804 2.4
      vertex 52.59 77.6 2.4
    endloop
  endfacet
  facet normal 0 0 1
    outer loop
      vertex 18.3848 69.0804 2.4
      vertex 0.75 77.6 2.4
      vertex 18.1846 69.1135 2.4
    endloop
  endfacet
  facet normal 0 0 1
    outer loop
      vertex 18.1846 69.1135 2.4
      vertex 0.75 77.6 2.4
      vertex 17.9827 69.1334 2.4
    endloop
  endfacet
  facet normal 0 0 1
    outer loop
      vertex 17.9827 69.1334 2.4
      vertex 0.75 77.6 2.4
      vertex 17.78 69.14 2.4
    endloop
  endfacet
  facet normal 0 0 1
    outer loop
      vertex 17.78 69.14 2.4
      vertex 0.75 77.6 2.4
      vertex 17.5773 69.1334 2.4
    endloop
  endfacet
  facet normal 0 0 1
    outer loop
      vertex 17.5773 69.1334 2.4
      vertex 0.75 77.6 2.4
      vertex 17.3754 69.1135 2.4
    endloop
  endfacet
  facet normal 0 0 1
    outer loop
      vertex 17.3754 69.1135 2.4
      vertex 0.75 77.6 2.4
      vertex 17.1752 69.0804 2.4
    endloop
  endfacet
  facet normal 0 0 1
    outer loop
      vertex -0.449997 76.4 2.4
      vertex 14.68 66.04 2.4
      vertex 14.6866 66.2428 2.4
    endloop
  endfacet
  facet normal 0 0 1
    outer loop
      vertex -0.449997 76.4 2.4
      vertex 14.6866 66.2428 2.4
      vertex 14.7065 66.4446 2.4
    endloop
  endfacet
  facet normal 0 0 1
    outer loop
      vertex -0.449997 76.4 2.4
      vertex 14.7065 66.4446 2.4
      vertex 14.7396 66.6448 2.4
    endloop
  endfacet
  facet normal 0 0 1
    outer loop
      vertex 14.68 66.04 2.4
      vertex 5.63336 15.4427 2.4
      vertex 5.64 15.24 2.4
    endloop
  endfacet
  facet normal 0 0 1
    outer loop
      vertex 14.68 66.04 2.4
      vertex 5.61348 15.6446 2.4
      vertex 5.63336 15.4427 2.4
    endloop
  endfacet
  facet normal 0 0 1
    outer loop
      vertex 14.68 66.04 2.4
      vertex 5.58043 15.8448 2.4
      vertex 5.61348 15.6446 2.4
    endloop
  endfacet
  facet normal 0 0 1
    outer loop
      vertex 14.68 66.04 2.4
      vertex 5.53437 16.0423 2.4
      vertex 5.58043 15.8448 2.4
    endloop
  endfacet
  facet normal 0 0 1
    outer loop
      vertex 14.68 66.04 2.4
      vertex 5.47548 16.2365 2.4
      vertex 5.53437 16.0423 2.4
    endloop
  endfacet
  facet normal 0 0 1
    outer loop
      vertex 14.68 66.04 2.4
      vertex 5.40403 16.4263 2.4
      vertex 5.47548 16.2365 2.4
    endloop
  endfacet
  facet normal 0 0 1
    outer loop
      vertex 14.68 66.04 2.4
      vertex 5.3203 16.6111 2.4
      vertex 5.40403 16.4263 2.4
    endloop
  endfacet
  facet normal 0 0 1
    outer loop
      vertex 14.68 66.04 2.4
      vertex 5.22468 16.79 2.4
      vertex 5.3203 16.6111 2.4
    endloop
  endfacet
  facet normal 0 0 1
    outer loop
      vertex 14.68 66.04 2.4
      vertex 5.11756 16.9623 2.4
      vertex 5.22468 16.79 2.4
    endloop
  endfacet
  facet normal 0 0 1
    outer loop
      vertex 14.68 66.04 2.4
      vertex 4.99939 17.1272 2.4
      vertex 5.11756 16.9623 2.4
    endloop
  endfacet
  facet normal 0 0 1
    outer loop
      vertex 14.68 66.04 2.4
      vertex 4.8707 17.284 2.4
      vertex 4.99939 17.1272 2.4
    endloop
  endfacet
  facet normal 0 0 1
    outer loop
      vertex 14.68 66.04 2.4
      vertex 4.73203 17.432 2.4
      vertex 4.8707 17.284 2.4
    endloop
  endfacet
  facet normal 0 0 1
    outer loop
      vertex 14.68 66.04 2.4
      vertex 4.58397 17.5707 2.4
      vertex 4.73203 17.432 2.4
    endloop
  endfacet
  facet normal 0 0 1
    outer loop
      vertex 14.68 66.04 2.4
      vertex 4.42716 17.6994 2.4
      vertex 4.58397 17.5707 2.4
    endloop
  endfacet
  facet normal 0 0 1
    outer loop
      vertex 14.68 66.04 2.4
      vertex 4.26227 17.8176 2.4
      vertex 4.42716 17.6994 2.4
    endloop
  endfacet
  facet normal 0 0 1
    outer loop
      vertex 14.68 66.04 2.4
      vertex 4.09 17.9247 2.4
      vertex 4.26227 17.8176 2.4
    endloop
  endfacet
  facet normal 0 0 1
    outer loop
      vertex 14.68 66.04 2.4
      vertex 3.91109 18.0203 2.4
      vertex 4.09 17.9247 2.4
    endloop
  endfacet
  facet normal 0 0 1
    outer loop
      vertex 14.68 66.04 2.4
      vertex 3.72632 18.104 2.4
      vertex 3.91109 18.0203 2.4
    endloop
  endfacet
  facet normal 0 0 1
    outer loop
      vertex 14.68 66.04 2.4
      vertex 3.53646 18.1755 2.4
      vertex 3.72632 18.104 2.4
    endloop
  endfacet
  facet normal 0 0 1
    outer loop
      vertex 14.68 66.04 2.4
      vertex 3.34234 18.2344 2.4
      vertex 3.53646 18.1755 2.4
    endloop
  endfacet
  facet normal 0 0 1
    outer loop
      vertex -0.449997 76.4 2.4
      vertex 14.7396 66.6448 2.4
      vertex 14.7856 66.8423 2.4
    endloop
  endfacet
  facet normal 0 0 1
    outer loop
      vertex 14.68 66.04 2.4
      vertex 3.14478 18.2804 2.4
      vertex 3.34234 18.2344 2.4
    endloop
  endfacet
  facet normal 0 0 1
    outer loop
      vertex 14.68 66.04 2.4
      vertex 2.94463 18.3135 2.4
      vertex 3.14478 18.2804 2.4
    endloop
  endfacet
  facet normal 0 0 1
    outer loop
      vertex 14.68 66.04 2.4
      vertex 2.74275 18.3334 2.4
      vertex 2.94463 18.3135 2.4
    endloop
  endfacet
  facet normal 0 0 1
    outer loop
      vertex 14.68 66.04 2.4
      vertex 2.54 18.34 2.4
      vertex 2.74275 18.3334 2.4
    endloop
  endfacet
  facet normal 0 0 1
    outer loop
      vertex 14.68 66.04 2.4
      vertex 2.33725 18.3334 2.4
      vertex 2.54 18.34 2.4
    endloop
  endfacet
  facet normal 0 0 1
    outer loop
      vertex 14.68 66.04 2.4
      vertex 2.13537 18.3135 2.4
      vertex 2.33725 18.3334 2.4
    endloop
  endfacet
  facet normal 0 0 1
    outer loop
      vertex 14.68 66.04 2.4
      vertex 1.93522 18.2804 2.4
      vertex 2.13537 18.3135 2.4
    endloop
  endfacet
  facet normal 0 0 1
    outer loop
      vertex 14.68 66.04 2.4
      vertex 1.73766 18.2344 2.4
      vertex 1.93522 18.2804 2.4
    endloop
  endfacet
  facet normal 0 0 1
    outer loop
      vertex 14.68 66.04 2.4
      vertex 1.54354 18.1755 2.4
      vertex 1.73766 18.2344 2.4
    endloop
  endfacet
  facet normal 0 0 1
    outer loop
      vertex 14.68 66.04 2.4
      vertex -0.449997 76.4 2.4
      vertex 1.54354 18.1755 2.4
    endloop
  endfacet
  facet normal 0 0 1
    outer loop
      vertex 1.54354 18.1755 2.4
      vertex -0.449997 76.4 2.4
      vertex 1.35368 18.104 2.4
    endloop
  endfacet
  facet normal 0 0 1
    outer loop
      vertex 1.35368 18.104 2.4
      vertex -0.449997 76.4 2.4
      vertex 1.16891 18.0203 2.4
    endloop
  endfacet
  facet normal 0 0 1
    outer loop
      vertex 1.16891 18.0203 2.4
      vertex -0.449997 76.4 2.4
      vertex 0.990001 17.9247 2.4
    endloop
  endfacet
  facet normal 0 0 1
    outer loop
      vertex 17.1752 69.0804 2.4
      vertex 0.75 77.6 2.4
      vertex 16.9777 69.0344 2.4
    endloop
  endfacet
  facet normal 0 0 1
    outer loop
      vertex 0.75 77.6 2.4
      vertex 16.7835 68.9755 2.4
      vertex 16.9777 69.0344 2.4
    endloop
  endfacet
  facet normal 0 0 1
    outer loop
      vertex 0.75 77.6 2.4
      vertex 16.5937 68.904 2.4
      vertex 16.7835 68.9755 2.4
    endloop
  endfacet
  facet normal 0 0 1
    outer loop
      vertex 0.75 77.6 2.4
      vertex 16.4089 68.8203 2.4
      vertex 16.5937 68.904 2.4
    endloop
  endfacet
  facet normal 0 0 1
    outer loop
      vertex 0.75 77.6 2.4
      vertex 16.23 68.7247 2.4
      vertex 16.4089 68.8203 2.4
    endloop
  endfacet
  facet normal 0 0 1
    outer loop
      vertex 0.75 77.6 2.4
      vertex 16.0577 68.6176 2.4
      vertex 16.23 68.7247 2.4
    endloop
  endfacet
  facet normal 0 0 1
    outer loop
      vertex 0.75 77.6 2.4
      vertex 15.8928 68.4994 2.4
      vertex 16.0577 68.6176 2.4
    endloop
  endfacet
  facet normal 0 0 1
    outer loop
      vertex 0.75 77.6 2.4
      vertex 15.736 68.3707 2.4
      vertex 15.8928 68.4994 2.4
    endloop
  endfacet
  facet normal 0 0 1
    outer loop
      vertex 0.75 77.6 2.4
      vertex 15.588 68.232 2.4
      vertex 15.736 68.3707 2.4
    endloop
  endfacet
  facet normal 0 0 1
    outer loop
      vertex 0.75 77.6 2.4
      vertex 15.4493 68.084 2.4
      vertex 15.588 68.232 2.4
    endloop
  endfacet
  facet normal 0 0 1
    outer loop
      vertex 0.75 77.6 2.4
      vertex 15.3206 67.9272 2.4
      vertex 15.4493 68.084 2.4
    endloop
  endfacet
  facet normal 0 0 1
    outer loop
      vertex 0.75 77.6 2.4
      vertex 15.2024 67.7623 2.4
      vertex 15.3206 67.9272 2.4
    endloop
  endfacet
  facet normal 0 0 1
    outer loop
      vertex 0.75 77.6 2.4
      vertex 15.0953 67.59 2.4
      vertex 15.2024 67.7623 2.4
    endloop
  endfacet
  facet normal 0 0 1
    outer loop
      vertex 0.75 77.6 2.4
      vertex 14.9997 67.4111 2.4
      vertex 15.0953 67.59 2.4
    endloop
  endfacet
  facet normal 0 0 1
    outer loop
      vertex 0.75 77.6 2.4
      vertex 14.916 67.2263 2.4
      vertex 14.9997 67.4111 2.4
    endloop
  endfacet
  facet normal -0 0 1
    outer loop
      vertex -0.449997 76.4 2.4
      vertex 14.916 67.2263 2.4
      vertex 0.75 77.6 2.4
    endloop
  endfacet
  facet normal 0 0 1
    outer loop
      vertex 14.916 67.2263 2.4
      vertex -0.449997 76.4 2.4
      vertex 14.8445 67.0365 2.4
    endloop
  endfacet
  facet normal 0 0 1
    outer loop
      vertex 14.8445 67.0365 2.4
      vertex -0.449997 76.4 2.4
      vertex 14.7856 66.8423 2.4
    endloop
  endfacet
  facet normal 0 0 1
    outer loop
      vertex -0.449997 76.4 2.4
      vertex 0.75 77.6 2.4
      vertex 0.671509 77.5974 2.4
    endloop
  endfacet
  facet normal 0 0 1
    outer loop
      vertex 0.990001 17.9247 2.4
      vertex -0.449997 76.4 2.4
      vertex 0.817733 17.8176 2.4
    endloop
  endfacet
  facet normal 0 0 1
    outer loop
      vertex -0.449997 76.4 2.4
      vertex 0.671509 77.5974 2.4
      vertex 0.593369 77.5897 2.4
    endloop
  endfacet
  facet normal 0 0 1
    outer loop
      vertex -0.449997 76.4 2.4
      vertex 0.593369 77.5897 2.4
      vertex 0.515884 77.5769 2.4
    endloop
  endfacet
  facet normal 0 0 1
    outer loop
      vertex 0.817733 17.8176 2.4
      vertex -0.449997 76.4 2.4
      vertex 0.65284 17.6994 2.4
    endloop
  endfacet
  facet normal 0 0 1
    outer loop
      vertex -0.449997 76.4 2.4
      vertex 0.515884 77.5769 2.4
      vertex 0.439407 77.5591 2.4
    endloop
  endfacet
  facet normal 0 0 1
    outer loop
      vertex -0.449997 76.4 2.4
      vertex 0.439407 77.5591 2.4
      vertex 0.364258 77.5363 2.4
    endloop
  endfacet
  facet normal 0 0 1
    outer loop
      vertex 0.65284 17.6994 2.4
      vertex -0.449997 76.4 2.4
      vertex 0.496028 17.5707 2.4
    endloop
  endfacet
  facet normal 0 0 1
    outer loop
      vertex -0.449997 76.4 2.4
      vertex 0.364258 77.5363 2.4
      vertex 0.290771 77.5087 2.4
    endloop
  endfacet
  facet normal 0 0 1
    outer loop
      vertex -0.449997 76.4 2.4
      vertex 0.290771 77.5087 2.4
      vertex 0.219254 77.4762 2.4
    endloop
  endfacet
  facet normal 0 0 1
    outer loop
      vertex 0.496028 17.5707 2.4
      vertex -0.449997 76.4 2.4
      vertex 0.347969 17.432 2.4
    endloop
  endfacet
  facet normal 0 0 1
    outer loop
      vertex -0.449997 76.4 2.4
      vertex 0.219254 77.4762 2.4
      vertex 0.149994 77.4392 2.4
    endloop
  endfacet
  facet normal 0 0 1
    outer loop
      vertex -0.449997 76.4 2.4
      vertex 0.149994 77.4392 2.4
      vertex 0.083313 77.3978 2.4
    endloop
  endfacet
  facet normal 0 0 1
    outer loop
      vertex 0.347969 17.432 2.4
      vertex -0.449997 76.4 2.4
      vertex 0.209297 17.284 2.4
    endloop
  endfacet
  facet normal 0 0 1
    outer loop
      vertex -0.449997 76.4 2.4
      vertex 0.083313 77.3978 2.4
      vertex 0.0194855 77.352 2.4
    endloop
  endfacet
  facet normal 0 0 1
    outer loop
      vertex 0.209297 17.284 2.4
      vertex -0.449997 76.4 2.4
      vertex 0.0806055 17.1272 2.4
    endloop
  endfacet
  facet normal 0 0 1
    outer loop
      vertex -0.449997 76.4 2.4
      vertex 0.0194855 77.352 2.4
      vertex -0.041214 77.3022 2.4
    endloop
  endfacet
  facet normal 0 0 1
    outer loop
      vertex -0.449997 76.4 2.4
      vertex -0.041214 77.3022 2.4
      vertex -0.098526 77.2485 2.4
    endloop
  endfacet
  facet normal 0 0 1
    outer loop
      vertex 0.0806055 17.1272 2.4
      vertex -0.449997 76.4 2.4
      vertex -0.0375557 16.9623 2.4
    endloop
  endfacet
  facet normal 0 0 1
    outer loop
      vertex -0.449997 76.4 2.4
      vertex -0.098526 77.2485 2.4
      vertex -0.152206 77.1912 2.4
    endloop
  endfacet
  facet normal 0 0 1
    outer loop
      vertex -0.449997 76.4 2.4
      vertex -0.152206 77.1912 2.4
      vertex -0.202011 77.1305 2.4
    endloop
  endfacet
  facet normal 0 0 1
    outer loop
      vertex -0.0375557 16.9623 2.4
      vertex -0.449997 76.4 2.4
      vertex -0.144678 16.79 2.4
    endloop
  endfacet
  facet normal 0 0 1
    outer loop
      vertex -0.449997 76.4 2.4
      vertex -0.202011 77.1305 2.4
      vertex -0.247757 77.0667 2.4
    endloop
  endfacet
  facet normal 0 0 1
    outer loop
      vertex -0.449997 76.4 2.4
      vertex -0.247757 77.0667 2.4
      vertex -0.28923 77 2.4
    endloop
  endfacet
  facet normal 0 0 1
    outer loop
      vertex -0.144678 16.79 2.4
      vertex -0.449997 76.4 2.4
      vertex -0.240305 16.6111 2.4
    endloop
  endfacet
  facet normal 0 0 1
    outer loop
      vertex -0.449997 76.4 2.4
      vertex -0.28923 77 2.4
      vertex -0.326233 76.9307 2.4
    endloop
  endfacet
  facet normal 0 0 1
    outer loop
      vertex -0.449997 76.4 2.4
      vertex -0.326233 76.9307 2.4
      vertex -0.358643 76.8592 2.4
    endloop
  endfacet
  facet normal 0 0 1
    outer loop
      vertex -0.449997 76.4 2.4
      vertex -0.358643 76.8592 2.4
      vertex -0.386307 76.7857 2.4
    endloop
  endfacet
  facet normal 0 0 1
    outer loop
      vertex -0.240305 16.6111 2.4
      vertex -0.449997 76.4 2.4
      vertex -0.324026 16.4263 2.4
    endloop
  endfacet
  facet normal 0 0 1
    outer loop
      vertex -0.449997 76.4 2.4
      vertex -0.386307 76.7857 2.4
      vertex -0.409103 76.7106 2.4
    endloop
  endfacet
  facet normal 0 0 1
    outer loop
      vertex -0.449997 76.4 2.4
      vertex -0.409103 76.7106 2.4
      vertex -0.426941 76.6341 2.4
    endloop
  endfacet
  facet normal 0 0 1
    outer loop
      vertex -0.449997 76.4 2.4
      vertex -0.426941 76.6341 2.4
      vertex -0.439728 76.5566 2.4
    endloop
  endfacet
  facet normal 0 0 1
    outer loop
      vertex -0.449997 76.4 2.4
      vertex -0.439728 76.5566 2.4
      vertex -0.447418 76.4785 2.4
    endloop
  endfacet
  facet normal 0 0 1
    outer loop
      vertex -0.324026 16.4263 2.4
      vertex -0.449997 76.4 2.4
      vertex -0.395483 16.2365 2.4
    endloop
  endfacet
  facet normal 0 0 1
    outer loop
      vertex -0.395483 16.2365 2.4
      vertex -0.449997 76.4 2.4
      vertex -0.449997 16.0568 2.4
    endloop
  endfacet
  facet normal 0 0 1
    outer loop
      vertex 53.79 76.4 2.4
      vertex 48.8134 65.8372 2.4
      vertex 48.7935 65.6354 2.4
    endloop
  endfacet
  facet normal 0 0 1
    outer loop
      vertex 53.79 76.4 2.4
      vertex 48.7935 65.6354 2.4
      vertex 48.7604 65.4352 2.4
    endloop
  endfacet
  facet normal 0 0 1
    outer loop
      vertex 53.79 76.4 2.4
      vertex 48.7604 65.4352 2.4
      vertex 48.7144 65.2377 2.4
    endloop
  endfacet
  facet normal 0 0 1
    outer loop
      vertex 51.6023 18.2344 2.4
      vertex 47.0911 63.2597 2.4
      vertex 51.4048 18.2804 2.4
    endloop
  endfacet
  facet normal -0 0 1
    outer loop
      vertex 46.9063 63.176 2.4
      vertex 51.4048 18.2804 2.4
      vertex 47.0911 63.2597 2.4
    endloop
  endfacet
  facet normal 0 0 1
    outer loop
      vertex 51.4048 18.2804 2.4
      vertex 46.9063 63.176 2.4
      vertex 51.2046 18.3135 2.4
    endloop
  endfacet
  facet normal -0 0 1
    outer loop
      vertex 46.7165 63.1045 2.4
      vertex 51.2046 18.3135 2.4
      vertex 46.9063 63.176 2.4
    endloop
  endfacet
  facet normal 0 0 1
    outer loop
      vertex 51.2046 18.3135 2.4
      vertex 46.7165 63.1045 2.4
      vertex 51.0028 18.3334 2.4
    endloop
  endfacet
  facet normal -0 0 1
    outer loop
      vertex 46.5223 63.0456 2.4
      vertex 51.0028 18.3334 2.4
      vertex 46.7165 63.1045 2.4
    endloop
  endfacet
  facet normal 0 0 1
    outer loop
      vertex 51.0028 18.3334 2.4
      vertex 46.5223 63.0456 2.4
      vertex 50.8 18.34 2.4
    endloop
  endfacet
  facet normal -0 0 1
    outer loop
      vertex 46.3248 62.9996 2.4
      vertex 50.8 18.34 2.4
      vertex 46.5223 63.0456 2.4
    endloop
  endfacet
  facet normal 0 0 1
    outer loop
      vertex 50.8 18.34 2.4
      vertex 46.3248 62.9996 2.4
      vertex 50.5973 18.3334 2.4
    endloop
  endfacet
  facet normal -0 0 1
    outer loop
      vertex 46.1246 62.9665 2.4
      vertex 50.5973 18.3334 2.4
      vertex 46.3248 62.9996 2.4
    endloop
  endfacet
  facet normal 0 0 1
    outer loop
      vertex 50.5973 18.3334 2.4
      vertex 46.1246 62.9665 2.4
      vertex 50.3954 18.3135 2.4
    endloop
  endfacet
  facet normal -0 0 1
    outer loop
      vertex 45.9227 62.9466 2.4
      vertex 50.3954 18.3135 2.4
      vertex 46.1246 62.9665 2.4
    endloop
  endfacet
  facet normal 0 0 1
    outer loop
      vertex 50.3954 18.3135 2.4
      vertex 45.9227 62.9466 2.4
      vertex 50.1952 18.2804 2.4
    endloop
  endfacet
  facet normal -0 0 1
    outer loop
      vertex 45.72 62.94 2.4
      vertex 50.1952 18.2804 2.4
      vertex 45.9227 62.9466 2.4
    endloop
  endfacet
  facet normal 0 0 1
    outer loop
      vertex 50.1952 18.2804 2.4
      vertex 45.72 62.94 2.4
      vertex 49.9977 18.2344 2.4
    endloop
  endfacet
  facet normal 0 0 1
    outer loop
      vertex 45.5173 62.9466 2.4
      vertex 49.9977 18.2344 2.4
      vertex 45.72 62.94 2.4
    endloop
  endfacet
  facet normal 0 0 1
    outer loop
      vertex 49.9977 18.2344 2.4
      vertex 45.5173 62.9466 2.4
      vertex 49.8035 18.1755 2.4
    endloop
  endfacet
  facet normal 0 0 1
    outer loop
      vertex 45.3154 62.9665 2.4
      vertex 49.8035 18.1755 2.4
      vertex 45.5173 62.9466 2.4
    endloop
  endfacet
  facet normal 0 0 1
    outer loop
      vertex 49.8035 18.1755 2.4
      vertex 45.3154 62.9665 2.4
      vertex 49.6137 18.104 2.4
    endloop
  endfacet
  facet normal 0 0 1
    outer loop
      vertex 45.1152 62.9996 2.4
      vertex 49.6137 18.104 2.4
      vertex 45.3154 62.9665 2.4
    endloop
  endfacet
  facet normal 0 0 1
    outer loop
      vertex 49.6137 18.104 2.4
      vertex 45.1152 62.9996 2.4
      vertex 49.4289 18.0203 2.4
    endloop
  endfacet
  facet normal 0 0 1
    outer loop
      vertex 44.9177 63.0456 2.4
      vertex 49.4289 18.0203 2.4
      vertex 45.1152 62.9996 2.4
    endloop
  endfacet
  facet normal 0 0 1
    outer loop
      vertex 49.4289 18.0203 2.4
      vertex 44.9177 63.0456 2.4
      vertex 49.25 17.9247 2.4
    endloop
  endfacet
  facet normal 0 0 1
    outer loop
      vertex 44.7235 63.1045 2.4
      vertex 49.25 17.9247 2.4
      vertex 44.9177 63.0456 2.4
    endloop
  endfacet
  facet normal -0 0 1
    outer loop
      vertex 29 63 2.4
      vertex 49.25 17.9247 2.4
      vertex 44.7235 63.1045 2.4
    endloop
  endfacet
  facet normal -0 0 1
    outer loop
      vertex 53.7355 14.2435 2.4
      vertex 53.79 -3.29999 2.4
      vertex 53.79 14.4232 2.4
    endloop
  endfacet
  facet normal -0 0 1
    outer loop
      vertex 53.664 14.0537 2.4
      vertex 53.79 -3.29999 2.4
      vertex 53.7355 14.2435 2.4
    endloop
  endfacet
  facet normal -0 0 1
    outer loop
      vertex 53.5803 13.8689 2.4
      vertex 53.79 -3.29999 2.4
      vertex 53.664 14.0537 2.4
    endloop
  endfacet
  facet normal -0 0 1
    outer loop
      vertex 53.4847 13.69 2.4
      vertex 53.79 -3.29999 2.4
      vertex 53.5803 13.8689 2.4
    endloop
  endfacet
  facet normal -0 0 1
    outer loop
      vertex 53.3776 13.5177 2.4
      vertex 53.79 -3.29999 2.4
      vertex 53.4847 13.69 2.4
    endloop
  endfacet
  facet normal -0 0 1
    outer loop
      vertex 53.2594 13.3528 2.4
      vertex 53.79 -3.29999 2.4
      vertex 53.3776 13.5177 2.4
    endloop
  endfacet
  facet normal -0 0 1
    outer loop
      vertex 53.1307 13.196 2.4
      vertex 53.79 -3.29999 2.4
      vertex 53.2594 13.3528 2.4
    endloop
  endfacet
  facet normal -0 0 1
    outer loop
      vertex 52.992 13.048 2.4
      vertex 53.79 -3.29999 2.4
      vertex 53.1307 13.196 2.4
    endloop
  endfacet
  facet normal -0 0 1
    outer loop
      vertex 52.844 12.9093 2.4
      vertex 53.79 -3.29999 2.4
      vertex 52.992 13.048 2.4
    endloop
  endfacet
  facet normal -0 0 1
    outer loop
      vertex 52.6872 12.7806 2.4
      vertex 53.79 -3.29999 2.4
      vertex 52.844 12.9093 2.4
    endloop
  endfacet
  facet normal -0 0 1
    outer loop
      vertex 52.5223 12.6624 2.4
      vertex 53.79 -3.29999 2.4
      vertex 52.6872 12.7806 2.4
    endloop
  endfacet
  facet normal -0 0 1
    outer loop
      vertex 52.35 12.5553 2.4
      vertex 53.79 -3.29999 2.4
      vertex 52.5223 12.6624 2.4
    endloop
  endfacet
  facet normal -0 0 1
    outer loop
      vertex 52.1711 12.4597 2.4
      vertex 53.79 -3.29999 2.4
      vertex 52.35 12.5553 2.4
    endloop
  endfacet
  facet normal -0 0 1
    outer loop
      vertex 51.9863 12.376 2.4
      vertex 53.79 -3.29999 2.4
      vertex 52.1711 12.4597 2.4
    endloop
  endfacet
  facet normal -0 0 1
    outer loop
      vertex 51.7965 12.3045 2.4
      vertex 53.79 -3.29999 2.4
      vertex 51.9863 12.376 2.4
    endloop
  endfacet
  facet normal -0 0 1
    outer loop
      vertex 51.6023 12.2456 2.4
      vertex 53.79 -3.29999 2.4
      vertex 51.7965 12.3045 2.4
    endloop
  endfacet
  facet normal -0 0 1
    outer loop
      vertex 51.4048 12.1996 2.4
      vertex 53.79 -3.29999 2.4
      vertex 51.6023 12.2456 2.4
    endloop
  endfacet
  facet normal -0 0 1
    outer loop
      vertex 51.2046 12.1665 2.4
      vertex 53.79 -3.29999 2.4
      vertex 51.4048 12.1996 2.4
    endloop
  endfacet
  facet normal -0 0 1
    outer loop
      vertex 51.0028 12.1466 2.4
      vertex 53.79 -3.29999 2.4
      vertex 51.2046 12.1665 2.4
    endloop
  endfacet
  facet normal -0 0 1
    outer loop
      vertex 50.8 12.14 2.4
      vertex 53.79 -3.29999 2.4
      vertex 51.0028 12.1466 2.4
    endloop
  endfacet
  facet normal 0 0 1
    outer loop
      vertex 50.5973 12.1466 2.4
      vertex 53.79 -3.29999 2.4
      vertex 50.8 12.14 2.4
    endloop
  endfacet
  facet normal 0 0 1
    outer loop
      vertex 50.3954 12.1665 2.4
      vertex 53.79 -3.29999 2.4
      vertex 50.5973 12.1466 2.4
    endloop
  endfacet
  facet normal 0 0 1
    outer loop
      vertex 50.1952 12.1996 2.4
      vertex 53.79 -3.29999 2.4
      vertex 50.3954 12.1665 2.4
    endloop
  endfacet
  facet normal 0 0 1
    outer loop
      vertex 49.9977 12.2456 2.4
      vertex 53.79 -3.29999 2.4
      vertex 50.1952 12.1996 2.4
    endloop
  endfacet
  facet normal 0 0 1
    outer loop
      vertex 49.8035 12.3045 2.4
      vertex 53.79 -3.29999 2.4
      vertex 49.9977 12.2456 2.4
    endloop
  endfacet
  facet normal 0 -0 1
    outer loop
      vertex 52.59 -4.5 2.4
      vertex 53.79 -3.29999 2.4
      vertex 49.8035 12.3045 2.4
    endloop
  endfacet
  facet normal 0 0 1
    outer loop
      vertex 53.79 -3.29999 2.4
      vertex 52.59 -4.5 2.4
      vertex 53.7874 -3.37848 2.4
    endloop
  endfacet
  facet normal 0 0 1
    outer loop
      vertex 53.7797 -3.45662 2.4
      vertex 52.59 -4.5 2.4
      vertex 53.7669 -3.5341 2.4
    endloop
  endfacet
  facet normal 0 0 1
    outer loop
      vertex 53.7669 -3.5341 2.4
      vertex 52.59 -4.5 2.4
      vertex 53.7491 -3.61058 2.4
    endloop
  endfacet
  facet normal 0 0 1
    outer loop
      vertex 53.7263 -3.68571 2.4
      vertex 52.59 -4.5 2.4
      vertex 53.6987 -3.75922 2.4
    endloop
  endfacet
  facet normal 0 0 1
    outer loop
      vertex 53.6987 -3.75922 2.4
      vertex 52.59 -4.5 2.4
      vertex 53.6662 -3.83073 2.4
    endloop
  endfacet
  facet normal 0 0 1
    outer loop
      vertex 53.6292 -3.89999 2.4
      vertex 52.59 -4.5 2.4
      vertex 53.5878 -3.96667 2.4
    endloop
  endfacet
  facet normal 0 0 1
    outer loop
      vertex 53.5878 -3.96667 2.4
      vertex 52.59 -4.5 2.4
      vertex 53.542 -4.0305 2.4
    endloop
  endfacet
  facet normal 0 0 1
    outer loop
      vertex 53.4922 -4.0912 2.4
      vertex 52.59 -4.5 2.4
      vertex 53.4385 -4.14851 2.4
    endloop
  endfacet
  facet normal 0 0 1
    outer loop
      vertex 53.4385 -4.14851 2.4
      vertex 52.59 -4.5 2.4
      vertex 53.3812 -4.20219 2.4
    endloop
  endfacet
  facet normal 0 0 1
    outer loop
      vertex 53.3205 -4.25201 2.4
      vertex 52.59 -4.5 2.4
      vertex 53.2567 -4.29776 2.4
    endloop
  endfacet
  facet normal 0 0 1
    outer loop
      vertex 53.2567 -4.29776 2.4
      vertex 52.59 -4.5 2.4
      vertex 53.19 -4.33922 2.4
    endloop
  endfacet
  facet normal 0 0 1
    outer loop
      vertex 53.1207 -4.37624 2.4
      vertex 52.59 -4.5 2.4
      vertex 53.0492 -4.40865 2.4
    endloop
  endfacet
  facet normal 0 0 1
    outer loop
      vertex 53.0492 -4.40865 2.4
      vertex 52.59 -4.5 2.4
      vertex 52.9757 -4.43631 2.4
    endloop
  endfacet
  facet normal 0 0 1
    outer loop
      vertex 52.9006 -4.45911 2.4
      vertex 52.59 -4.5 2.4
      vertex 52.8241 -4.47693 2.4
    endloop
  endfacet
  facet normal 0 0 1
    outer loop
      vertex 52.8241 -4.47693 2.4
      vertex 52.59 -4.5 2.4
      vertex 52.7466 -4.48973 2.4
    endloop
  endfacet
  facet normal 0 0 1
    outer loop
      vertex 52.7466 -4.48973 2.4
      vertex 52.59 -4.5 2.4
      vertex 52.6685 -4.49742 2.4
    endloop
  endfacet
  facet normal 0 0 1
    outer loop
      vertex 52.9757 -4.43631 2.4
      vertex 52.59 -4.5 2.4
      vertex 52.9006 -4.45911 2.4
    endloop
  endfacet
  facet normal 0 0 1
    outer loop
      vertex 53.19 -4.33922 2.4
      vertex 52.59 -4.5 2.4
      vertex 53.1207 -4.37624 2.4
    endloop
  endfacet
  facet normal 0 0 1
    outer loop
      vertex 53.3812 -4.20219 2.4
      vertex 52.59 -4.5 2.4
      vertex 53.3205 -4.25201 2.4
    endloop
  endfacet
  facet normal 0 0 1
    outer loop
      vertex 53.542 -4.0305 2.4
      vertex 52.59 -4.5 2.4
      vertex 53.4922 -4.0912 2.4
    endloop
  endfacet
  facet normal 0 0 1
    outer loop
      vertex 53.6662 -3.83073 2.4
      vertex 52.59 -4.5 2.4
      vertex 53.6292 -3.89999 2.4
    endloop
  endfacet
  facet normal 0 0 1
    outer loop
      vertex 53.7491 -3.61058 2.4
      vertex 52.59 -4.5 2.4
      vertex 53.7263 -3.68571 2.4
    endloop
  endfacet
  facet normal 0 0 1
    outer loop
      vertex 53.7874 -3.37848 2.4
      vertex 52.59 -4.5 2.4
      vertex 53.7797 -3.45662 2.4
    endloop
  endfacet
  facet normal 0 0 1
    outer loop
      vertex 49.6137 12.376 2.4
      vertex 52.59 -4.5 2.4
      vertex 49.8035 12.3045 2.4
    endloop
  endfacet
  facet normal 0 0 1
    outer loop
      vertex 49.4289 12.4597 2.4
      vertex 52.59 -4.5 2.4
      vertex 49.6137 12.376 2.4
    endloop
  endfacet
  facet normal 0 0 1
    outer loop
      vertex 49.25 12.5553 2.4
      vertex 52.59 -4.5 2.4
      vertex 49.4289 12.4597 2.4
    endloop
  endfacet
  facet normal 0 0 1
    outer loop
      vertex 49.0777 12.6624 2.4
      vertex 52.59 -4.5 2.4
      vertex 49.25 12.5553 2.4
    endloop
  endfacet
  facet normal 0 0 1
    outer loop
      vertex 29 4 2.4
      vertex 49.0777 12.6624 2.4
      vertex 48.9128 12.7806 2.4
    endloop
  endfacet
  facet normal 0 0 1
    outer loop
      vertex 29 4 2.4
      vertex 48.9128 12.7806 2.4
      vertex 48.756 12.9093 2.4
    endloop
  endfacet
  facet normal 0 0 1
    outer loop
      vertex 29 4 2.4
      vertex 48.756 12.9093 2.4
      vertex 48.608 13.048 2.4
    endloop
  endfacet
  facet normal 0 0 1
    outer loop
      vertex 29 4 2.4
      vertex 48.608 13.048 2.4
      vertex 48.4693 13.196 2.4
    endloop
  endfacet
  facet normal 0 0 1
    outer loop
      vertex 29 7 2.4
      vertex 48.4693 13.196 2.4
      vertex 48.3406 13.3528 2.4
    endloop
  endfacet
  facet normal 0 0 1
    outer loop
      vertex 29 7 2.4
      vertex 48.3406 13.3528 2.4
      vertex 48.2224 13.5177 2.4
    endloop
  endfacet
  facet normal 0 0 1
    outer loop
      vertex 29 7 2.4
      vertex 48.2224 13.5177 2.4
      vertex 48.1153 13.69 2.4
    endloop
  endfacet
  facet normal 0 0 1
    outer loop
      vertex 29 7 2.4
      vertex 48.1153 13.69 2.4
      vertex 48.0197 13.8689 2.4
    endloop
  endfacet
  facet normal 0 0 1
    outer loop
      vertex 29 7 2.4
      vertex 48.0197 13.8689 2.4
      vertex 47.936 14.0537 2.4
    endloop
  endfacet
  facet normal 0 0 1
    outer loop
      vertex 29 7 2.4
      vertex 47.936 14.0537 2.4
      vertex 47.8645 14.2435 2.4
    endloop
  endfacet
  facet normal 0 0 1
    outer loop
      vertex 29 7 2.4
      vertex 47.8645 14.2435 2.4
      vertex 47.8056 14.4377 2.4
    endloop
  endfacet
  facet normal 0 0 1
    outer loop
      vertex 49.25 17.9247 2.4
      vertex 29 63 2.4
      vertex 49.0777 17.8176 2.4
    endloop
  endfacet
  facet normal 0 0 1
    outer loop
      vertex 49.0777 17.8176 2.4
      vertex 29 63 2.4
      vertex 48.9128 17.6994 2.4
    endloop
  endfacet
  facet normal 0 0 1
    outer loop
      vertex 48.9128 17.6994 2.4
      vertex 29 63 2.4
      vertex 48.756 17.5707 2.4
    endloop
  endfacet
  facet normal 0 0 1
    outer loop
      vertex 48.756 17.5707 2.4
      vertex 29 63 2.4
      vertex 48.608 17.432 2.4
    endloop
  endfacet
  facet normal 0 0 1
    outer loop
      vertex 48.608 17.432 2.4
      vertex 29 63 2.4
      vertex 48.4693 17.284 2.4
    endloop
  endfacet
  facet normal 0 0 1
    outer loop
      vertex 48.4693 17.284 2.4
      vertex 29 63 2.4
      vertex 48.3406 17.1272 2.4
    endloop
  endfacet
  facet normal 0 0 1
    outer loop
      vertex 29 7 2.4
      vertex 48.3406 17.1272 2.4
      vertex 29 63 2.4
    endloop
  endfacet
  facet normal 0 0 1
    outer loop
      vertex 48.3406 17.1272 2.4
      vertex 29 7 2.4
      vertex 48.2224 16.9623 2.4
    endloop
  endfacet
  facet normal 0 0 1
    outer loop
      vertex 48.2224 16.9623 2.4
      vertex 29 7 2.4
      vertex 48.1153 16.79 2.4
    endloop
  endfacet
  facet normal 0 0 1
    outer loop
      vertex 48.1153 16.79 2.4
      vertex 29 7 2.4
      vertex 48.0197 16.6111 2.4
    endloop
  endfacet
  facet normal 0 0 1
    outer loop
      vertex 48.0197 16.6111 2.4
      vertex 29 7 2.4
      vertex 47.936 16.4263 2.4
    endloop
  endfacet
  facet normal 0 0 1
    outer loop
      vertex 47.936 16.4263 2.4
      vertex 29 7 2.4
      vertex 47.8645 16.2365 2.4
    endloop
  endfacet
  facet normal 0 0 1
    outer loop
      vertex 47.8645 16.2365 2.4
      vertex 29 7 2.4
      vertex 47.8056 16.0423 2.4
    endloop
  endfacet
  facet normal 0 0 1
    outer loop
      vertex 47.8056 16.0423 2.4
      vertex 29 7 2.4
      vertex 47.7596 15.8448 2.4
    endloop
  endfacet
  facet normal 0 0 1
    outer loop
      vertex 47.7596 15.8448 2.4
      vertex 29 7 2.4
      vertex 47.7265 15.6446 2.4
    endloop
  endfacet
  facet normal 0 0 1
    outer loop
      vertex 47.7265 15.6446 2.4
      vertex 29 7 2.4
      vertex 47.7066 15.4427 2.4
    endloop
  endfacet
  facet normal 0 0 1
    outer loop
      vertex 29 63 2.4
      vertex 44.7235 63.1045 2.4
      vertex 44.5337 63.176 2.4
    endloop
  endfacet
  facet normal 0 0 1
    outer loop
      vertex 29 63 2.4
      vertex 44.5337 63.176 2.4
      vertex 44.3489 63.2597 2.4
    endloop
  endfacet
  facet normal 0 0 1
    outer loop
      vertex 29 63 2.4
      vertex 44.3489 63.2597 2.4
      vertex 44.17 63.3553 2.4
    endloop
  endfacet
  facet normal 0 0 1
    outer loop
      vertex 29 63 2.4
      vertex 44.17 63.3553 2.4
      vertex 43.9977 63.4624 2.4
    endloop
  endfacet
  facet normal 0 0 1
    outer loop
      vertex 29 63 2.4
      vertex 43.9977 63.4624 2.4
      vertex 43.8328 63.5806 2.4
    endloop
  endfacet
  facet normal 0 0 1
    outer loop
      vertex 29 63 2.4
      vertex 43.8328 63.5806 2.4
      vertex 43.676 63.7093 2.4
    endloop
  endfacet
  facet normal 0 0 1
    outer loop
      vertex 29 63 2.4
      vertex 43.676 63.7093 2.4
      vertex 43.528 63.848 2.4
    endloop
  endfacet
  facet normal 0 0 1
    outer loop
      vertex 29 63 2.4
      vertex 43.528 63.848 2.4
      vertex 43.3893 63.996 2.4
    endloop
  endfacet
  facet normal 0 0 1
    outer loop
      vertex 29 63 2.4
      vertex 43.3893 63.996 2.4
      vertex 43.2606 64.1528 2.4
    endloop
  endfacet
  facet normal 0 0 1
    outer loop
      vertex 29 63 2.4
      vertex 43.2606 64.1528 2.4
      vertex 43.1424 64.3177 2.4
    endloop
  endfacet
  facet normal 0 0 1
    outer loop
      vertex 29 63 2.4
      vertex 43.1424 64.3177 2.4
      vertex 43.0353 64.49 2.4
    endloop
  endfacet
  facet normal 0 0 1
    outer loop
      vertex 29 63 2.4
      vertex 43.0353 64.49 2.4
      vertex 42.9397 64.6689 2.4
    endloop
  endfacet
  facet normal 0 0 1
    outer loop
      vertex 29 63 2.4
      vertex 42.9397 64.6689 2.4
      vertex 42.856 64.8537 2.4
    endloop
  endfacet
  facet normal 0 0 1
    outer loop
      vertex 29 63 2.4
      vertex 42.856 64.8537 2.4
      vertex 42.7845 65.0435 2.4
    endloop
  endfacet
  facet normal 0 0 1
    outer loop
      vertex 29 63 2.4
      vertex 42.7845 65.0435 2.4
      vertex 42.7256 65.2377 2.4
    endloop
  endfacet
  facet normal 0 0 1
    outer loop
      vertex 47.7066 15.4427 2.4
      vertex 29 7 2.4
      vertex 47.7 15.24 2.4
    endloop
  endfacet
  facet normal 0 0 1
    outer loop
      vertex 29 63 2.4
      vertex 42.7256 65.2377 2.4
      vertex 42.6796 65.4352 2.4
    endloop
  endfacet
  facet normal 0 0 1
    outer loop
      vertex 29 63 2.4
      vertex 42.6796 65.4352 2.4
      vertex 42.6465 65.6354 2.4
    endloop
  endfacet
  facet normal -0 0 1
    outer loop
      vertex 29 66 2.4
      vertex 42.6266 65.8372 2.4
      vertex 42.62 66.04 2.4
    endloop
  endfacet
  facet normal 0 0 1
    outer loop
      vertex 29 66 2.4
      vertex 42.6465 65.6354 2.4
      vertex 42.6266 65.8372 2.4
    endloop
  endfacet
  facet normal 0 0 1
    outer loop
      vertex 29 63 2.4
      vertex 42.6465 65.6354 2.4
      vertex 29 66 2.4
    endloop
  endfacet
  facet normal 0 0 1
    outer loop
      vertex 47.7 15.24 2.4
      vertex 29 7 2.4
      vertex 47.7066 15.0373 2.4
    endloop
  endfacet
  facet normal 0 0 1
    outer loop
      vertex 47.7066 15.0373 2.4
      vertex 29 7 2.4
      vertex 47.7265 14.8354 2.4
    endloop
  endfacet
  facet normal 0 0 1
    outer loop
      vertex 47.7265 14.8354 2.4
      vertex 29 7 2.4
      vertex 47.7596 14.6352 2.4
    endloop
  endfacet
  facet normal 0 0 1
    outer loop
      vertex 47.7596 14.6352 2.4
      vertex 29 7 2.4
      vertex 47.8056 14.4377 2.4
    endloop
  endfacet
  facet normal 0 0 1
    outer loop
      vertex 48.4693 13.196 2.4
      vertex 29 7 2.4
      vertex 29 4 2.4
    endloop
  endfacet
  facet normal 0 0 1
    outer loop
      vertex 49.0777 12.6624 2.4
      vertex 29 4 2.4
      vertex 52.59 -4.5 2.4
    endloop
  endfacet
  facet normal -0 0 1
    outer loop
      vertex 24 4 2.4
      vertex 52.59 -4.5 2.4
      vertex 29 4 2.4
    endloop
  endfacet
  facet normal 0 0 1
    outer loop
      vertex 20.8535 65.6354 2.4
      vertex 24 66 2.4
      vertex 20.8734 65.8372 2.4
    endloop
  endfacet
  facet normal 0 0 1
    outer loop
      vertex 20.8204 65.4352 2.4
      vertex 24 66 2.4
      vertex 20.8535 65.6354 2.4
    endloop
  endfacet
  facet normal 0 0 1
    outer loop
      vertex 20.7744 65.2377 2.4
      vertex 24 66 2.4
      vertex 20.8204 65.4352 2.4
    endloop
  endfacet
  facet normal 0 0 1
    outer loop
      vertex 20.7155 65.0435 2.4
      vertex 24 66 2.4
      vertex 20.7744 65.2377 2.4
    endloop
  endfacet
  facet normal 0 0 1
    outer loop
      vertex 24 63 2.4
      vertex 20.7155 65.0435 2.4
      vertex 20.644 64.8537 2.4
    endloop
  endfacet
  facet normal 0 0 1
    outer loop
      vertex 24 63 2.4
      vertex 20.644 64.8537 2.4
      vertex 20.5603 64.6689 2.4
    endloop
  endfacet
  facet normal 0 0 1
    outer loop
      vertex 24 63 2.4
      vertex 20.5603 64.6689 2.4
      vertex 20.4647 64.49 2.4
    endloop
  endfacet
  facet normal 0 0 1
    outer loop
      vertex 24 63 2.4
      vertex 20.4647 64.49 2.4
      vertex 20.3576 64.3177 2.4
    endloop
  endfacet
  facet normal 0 0 1
    outer loop
      vertex 24 63 2.4
      vertex 20.3576 64.3177 2.4
      vertex 20.2394 64.1528 2.4
    endloop
  endfacet
  facet normal 0 0 1
    outer loop
      vertex 24 63 2.4
      vertex 20.2394 64.1528 2.4
      vertex 20.1107 63.996 2.4
    endloop
  endfacet
  facet normal 0 0 1
    outer loop
      vertex 24 63 2.4
      vertex 20.1107 63.996 2.4
      vertex 19.972 63.848 2.4
    endloop
  endfacet
  facet normal 0 0 1
    outer loop
      vertex 24 63 2.4
      vertex 19.972 63.848 2.4
      vertex 19.824 63.7093 2.4
    endloop
  endfacet
  facet normal 0 0 1
    outer loop
      vertex 24 63 2.4
      vertex 19.824 63.7093 2.4
      vertex 19.6672 63.5806 2.4
    endloop
  endfacet
  facet normal 0 0 1
    outer loop
      vertex 24 63 2.4
      vertex 19.6672 63.5806 2.4
      vertex 19.5023 63.4624 2.4
    endloop
  endfacet
  facet normal -0 0 1
    outer loop
      vertex 19.1511 63.2597 2.4
      vertex 24 63 2.4
      vertex 19.33 63.3553 2.4
    endloop
  endfacet
  facet normal -0 0 1
    outer loop
      vertex 18.9663 63.176 2.4
      vertex 24 63 2.4
      vertex 19.1511 63.2597 2.4
    endloop
  endfacet
  facet normal -0 0 1
    outer loop
      vertex 18.7765 63.1045 2.4
      vertex 24 63 2.4
      vertex 18.9663 63.176 2.4
    endloop
  endfacet
  facet normal -0 0 1
    outer loop
      vertex 18.5823 63.0456 2.4
      vertex 24 63 2.4
      vertex 18.7765 63.1045 2.4
    endloop
  endfacet
  facet normal 0 0 1
    outer loop
      vertex 18.3848 62.9996 2.4
      vertex 24 63 2.4
      vertex 18.5823 63.0456 2.4
    endloop
  endfacet
  facet normal 0 0 1
    outer loop
      vertex 24 63 2.4
      vertex 5.64 15.24 2.4
      vertex 24 7 2.4
    endloop
  endfacet
  facet normal 0 0 1
    outer loop
      vertex 18.1846 62.9665 2.4
      vertex 24 63 2.4
      vertex 18.3848 62.9996 2.4
    endloop
  endfacet
  facet normal 0 0 1
    outer loop
      vertex 24 63 2.4
      vertex 18.1846 62.9665 2.4
      vertex 5.64 15.24 2.4
    endloop
  endfacet
  facet normal 0 0 1
    outer loop
      vertex 5.64 15.24 2.4
      vertex 18.1846 62.9665 2.4
      vertex 17.9827 62.9466 2.4
    endloop
  endfacet
  facet normal 0 0 1
    outer loop
      vertex 5.64 15.24 2.4
      vertex 17.9827 62.9466 2.4
      vertex 17.78 62.94 2.4
    endloop
  endfacet
  facet normal 0 0 1
    outer loop
      vertex 5.64 15.24 2.4
      vertex 17.78 62.94 2.4
      vertex 17.5773 62.9466 2.4
    endloop
  endfacet
  facet normal 0 0 1
    outer loop
      vertex 5.64 15.24 2.4
      vertex 17.5773 62.9466 2.4
      vertex 17.3754 62.9665 2.4
    endloop
  endfacet
  facet normal 0 0 1
    outer loop
      vertex 5.64 15.24 2.4
      vertex 17.3754 62.9665 2.4
      vertex 17.1752 62.9996 2.4
    endloop
  endfacet
  facet normal 0 0 1
    outer loop
      vertex 5.64 15.24 2.4
      vertex 17.1752 62.9996 2.4
      vertex 16.9777 63.0456 2.4
    endloop
  endfacet
  facet normal 0 0 1
    outer loop
      vertex 5.64 15.24 2.4
      vertex 16.9777 63.0456 2.4
      vertex 16.7835 63.1045 2.4
    endloop
  endfacet
  facet normal 0 0 1
    outer loop
      vertex 5.64 15.24 2.4
      vertex 16.7835 63.1045 2.4
      vertex 16.5937 63.176 2.4
    endloop
  endfacet
  facet normal 0 0 1
    outer loop
      vertex 5.64 15.24 2.4
      vertex 16.5937 63.176 2.4
      vertex 16.4089 63.2597 2.4
    endloop
  endfacet
  facet normal 0 0 1
    outer loop
      vertex 5.64 15.24 2.4
      vertex 16.4089 63.2597 2.4
      vertex 16.23 63.3553 2.4
    endloop
  endfacet
  facet normal 0 0 1
    outer loop
      vertex 5.64 15.24 2.4
      vertex 16.23 63.3553 2.4
      vertex 16.0577 63.4624 2.4
    endloop
  endfacet
  facet normal 0 0 1
    outer loop
      vertex 5.64 15.24 2.4
      vertex 16.0577 63.4624 2.4
      vertex 15.8928 63.5806 2.4
    endloop
  endfacet
  facet normal 0 0 1
    outer loop
      vertex 5.64 15.24 2.4
      vertex 15.8928 63.5806 2.4
      vertex 15.736 63.7093 2.4
    endloop
  endfacet
  facet normal 0 0 1
    outer loop
      vertex 5.64 15.24 2.4
      vertex 15.736 63.7093 2.4
      vertex 15.588 63.848 2.4
    endloop
  endfacet
  facet normal 0 0 1
    outer loop
      vertex 5.64 15.24 2.4
      vertex 15.588 63.848 2.4
      vertex 15.4493 63.996 2.4
    endloop
  endfacet
  facet normal 0 0 1
    outer loop
      vertex 5.64 15.24 2.4
      vertex 15.4493 63.996 2.4
      vertex 15.3206 64.1528 2.4
    endloop
  endfacet
  facet normal 0 0 1
    outer loop
      vertex 5.64 15.24 2.4
      vertex 15.3206 64.1528 2.4
      vertex 15.2024 64.3177 2.4
    endloop
  endfacet
  facet normal 0 0 1
    outer loop
      vertex 5.64 15.24 2.4
      vertex 15.2024 64.3177 2.4
      vertex 15.0953 64.49 2.4
    endloop
  endfacet
  facet normal 0 0 1
    outer loop
      vertex 5.64 15.24 2.4
      vertex 15.0953 64.49 2.4
      vertex 14.9997 64.6689 2.4
    endloop
  endfacet
  facet normal 0 0 1
    outer loop
      vertex 5.64 15.24 2.4
      vertex 14.9997 64.6689 2.4
      vertex 14.916 64.8537 2.4
    endloop
  endfacet
  facet normal 0 0 1
    outer loop
      vertex 5.64 15.24 2.4
      vertex 14.916 64.8537 2.4
      vertex 14.8445 65.0435 2.4
    endloop
  endfacet
  facet normal 0 0 1
    outer loop
      vertex 5.64 15.24 2.4
      vertex 14.8445 65.0435 2.4
      vertex 14.7856 65.2377 2.4
    endloop
  endfacet
  facet normal 0 0 1
    outer loop
      vertex 5.64 15.24 2.4
      vertex 14.7856 65.2377 2.4
      vertex 14.7396 65.4352 2.4
    endloop
  endfacet
  facet normal 0 0 1
    outer loop
      vertex 5.64 15.24 2.4
      vertex 14.7396 65.4352 2.4
      vertex 14.7065 65.6354 2.4
    endloop
  endfacet
  facet normal 0 0 1
    outer loop
      vertex 5.64 15.24 2.4
      vertex 14.6866 65.8372 2.4
      vertex 14.68 66.04 2.4
    endloop
  endfacet
  facet normal 0 0 1
    outer loop
      vertex 5.64 15.24 2.4
      vertex 14.7065 65.6354 2.4
      vertex 14.6866 65.8372 2.4
    endloop
  endfacet
  facet normal -0 0 1
    outer loop
      vertex 5.63336 15.0373 2.4
      vertex 24 7 2.4
      vertex 5.64 15.24 2.4
    endloop
  endfacet
  facet normal -0 0 1
    outer loop
      vertex 5.61348 14.8354 2.4
      vertex 24 7 2.4
      vertex 5.63336 15.0373 2.4
    endloop
  endfacet
  facet normal -0 0 1
    outer loop
      vertex 5.58043 14.6352 2.4
      vertex 24 7 2.4
      vertex 5.61348 14.8354 2.4
    endloop
  endfacet
  facet normal -0 0 1
    outer loop
      vertex 5.53437 14.4377 2.4
      vertex 24 7 2.4
      vertex 5.58043 14.6352 2.4
    endloop
  endfacet
  facet normal -0 0 1
    outer loop
      vertex 5.47548 14.2435 2.4
      vertex 24 7 2.4
      vertex 5.53437 14.4377 2.4
    endloop
  endfacet
  facet normal -0 0 1
    outer loop
      vertex 5.40403 14.0537 2.4
      vertex 24 7 2.4
      vertex 5.47548 14.2435 2.4
    endloop
  endfacet
  facet normal -0 0 1
    outer loop
      vertex 5.3203 13.8689 2.4
      vertex 24 7 2.4
      vertex 5.40403 14.0537 2.4
    endloop
  endfacet
  facet normal -0 0 1
    outer loop
      vertex 5.22468 13.69 2.4
      vertex 24 7 2.4
      vertex 5.3203 13.8689 2.4
    endloop
  endfacet
  facet normal -0 0 1
    outer loop
      vertex 5.11756 13.5177 2.4
      vertex 24 7 2.4
      vertex 5.22468 13.69 2.4
    endloop
  endfacet
  facet normal -0 0 1
    outer loop
      vertex 4.99939 13.3528 2.4
      vertex 24 7 2.4
      vertex 5.11756 13.5177 2.4
    endloop
  endfacet
  facet normal -0 0 1
    outer loop
      vertex 4.8707 13.196 2.4
      vertex 24 7 2.4
      vertex 4.99939 13.3528 2.4
    endloop
  endfacet
  facet normal 0 0 1
    outer loop
      vertex 24 7 2.4
      vertex 4.8707 13.196 2.4
      vertex 24 4 2.4
    endloop
  endfacet
  facet normal -0 0 1
    outer loop
      vertex 4.73203 13.048 2.4
      vertex 24 4 2.4
      vertex 4.8707 13.196 2.4
    endloop
  endfacet
  facet normal -0 0 1
    outer loop
      vertex 4.58397 12.9093 2.4
      vertex 24 4 2.4
      vertex 4.73203 13.048 2.4
    endloop
  endfacet
  facet normal -0 0 1
    outer loop
      vertex 4.42716 12.7806 2.4
      vertex 24 4 2.4
      vertex 4.58397 12.9093 2.4
    endloop
  endfacet
  facet normal -0 0 1
    outer loop
      vertex 4.26227 12.6624 2.4
      vertex 24 4 2.4
      vertex 4.42716 12.7806 2.4
    endloop
  endfacet
  facet normal 0 0 1
    outer loop
      vertex 0.75 -4.5 2.4
      vertex 4.26227 12.6624 2.4
      vertex 4.09 12.5553 2.4
    endloop
  endfacet
  facet normal 0 0 1
    outer loop
      vertex 0.75 -4.5 2.4
      vertex 4.09 12.5553 2.4
      vertex 3.91109 12.4597 2.4
    endloop
  endfacet
  facet normal 0 0 1
    outer loop
      vertex 0.75 -4.5 2.4
      vertex 3.91109 12.4597 2.4
      vertex 3.72632 12.376 2.4
    endloop
  endfacet
  facet normal 0 0 1
    outer loop
      vertex 0.75 -4.5 2.4
      vertex 3.72632 12.376 2.4
      vertex 3.53646 12.3045 2.4
    endloop
  endfacet
  facet normal 0 0 1
    outer loop
      vertex -0.449997 -3.29999 2.4
      vertex 3.53646 12.3045 2.4
      vertex 3.34234 12.2456 2.4
    endloop
  endfacet
  facet normal 0 0 1
    outer loop
      vertex -0.449997 -3.29999 2.4
      vertex 3.34234 12.2456 2.4
      vertex 3.14478 12.1996 2.4
    endloop
  endfacet
  facet normal 0 0 1
    outer loop
      vertex -0.449997 -3.29999 2.4
      vertex 3.14478 12.1996 2.4
      vertex 2.94463 12.1665 2.4
    endloop
  endfacet
  facet normal 0 0 1
    outer loop
      vertex -0.449997 -3.29999 2.4
      vertex 2.94463 12.1665 2.4
      vertex 2.74275 12.1466 2.4
    endloop
  endfacet
  facet normal 0 0 1
    outer loop
      vertex -0.449997 -3.29999 2.4
      vertex 2.74275 12.1466 2.4
      vertex 2.54 12.14 2.4
    endloop
  endfacet
  facet normal 0 0 1
    outer loop
      vertex -0.449997 -3.29999 2.4
      vertex 2.54 12.14 2.4
      vertex 2.33725 12.1466 2.4
    endloop
  endfacet
  facet normal 0 0 1
    outer loop
      vertex -0.449997 -3.29999 2.4
      vertex 2.33725 12.1466 2.4
      vertex 2.13537 12.1665 2.4
    endloop
  endfacet
  facet normal 0 0 1
    outer loop
      vertex -0.449997 -3.29999 2.4
      vertex 2.13537 12.1665 2.4
      vertex 1.93522 12.1996 2.4
    endloop
  endfacet
  facet normal 0 0 1
    outer loop
      vertex -0.449997 -3.29999 2.4
      vertex 1.93522 12.1996 2.4
      vertex 1.73766 12.2456 2.4
    endloop
  endfacet
  facet normal 0 0 1
    outer loop
      vertex -0.449997 -3.29999 2.4
      vertex 1.73766 12.2456 2.4
      vertex 1.54354 12.3045 2.4
    endloop
  endfacet
  facet normal 0 0 1
    outer loop
      vertex 24 4 2.4
      vertex 0.75 -4.5 2.4
      vertex 52.59 -4.5 2.4
    endloop
  endfacet
  facet normal 0 0 1
    outer loop
      vertex 4.26227 12.6624 2.4
      vertex 0.75 -4.5 2.4
      vertex 24 4 2.4
    endloop
  endfacet
  facet normal 0 0 1
    outer loop
      vertex -0.449997 -3.29999 2.4
      vertex 1.54354 12.3045 2.4
      vertex 1.35368 12.376 2.4
    endloop
  endfacet
  facet normal 0 0 1
    outer loop
      vertex -0.449997 -3.29999 2.4
      vertex 1.35368 12.376 2.4
      vertex 1.16891 12.4597 2.4
    endloop
  endfacet
  facet normal 0 0 1
    outer loop
      vertex -0.449997 -3.29999 2.4
      vertex 1.16891 12.4597 2.4
      vertex 0.990001 12.5553 2.4
    endloop
  endfacet
  facet normal 0 0 1
    outer loop
      vertex -0.449997 -3.29999 2.4
      vertex 0.990001 12.5553 2.4
      vertex 0.817733 12.6624 2.4
    endloop
  endfacet
  facet normal 0 0 1
    outer loop
      vertex 3.53646 12.3045 2.4
      vertex -0.449997 -3.29999 2.4
      vertex 0.75 -4.5 2.4
    endloop
  endfacet
  facet normal 0 0 1
    outer loop
      vertex -0.449997 -3.29999 2.4
      vertex 0.817733 12.6624 2.4
      vertex 0.65284 12.7806 2.4
    endloop
  endfacet
  facet normal 0 0 1
    outer loop
      vertex 0.75 -4.5 2.4
      vertex -0.449997 -3.29999 2.4
      vertex 0.671509 -4.49742 2.4
    endloop
  endfacet
  facet normal 0 0 1
    outer loop
      vertex 0.671509 -4.49742 2.4
      vertex -0.449997 -3.29999 2.4
      vertex 0.593369 -4.48973 2.4
    endloop
  endfacet
  facet normal 0 0 1
    outer loop
      vertex -0.449997 -3.29999 2.4
      vertex 0.65284 12.7806 2.4
      vertex 0.496028 12.9093 2.4
    endloop
  endfacet
  facet normal 0 0 1
    outer loop
      vertex 0.593369 -4.48973 2.4
      vertex -0.449997 -3.29999 2.4
      vertex 0.515884 -4.47693 2.4
    endloop
  endfacet
  facet normal 0 0 1
    outer loop
      vertex 0.515884 -4.47693 2.4
      vertex -0.449997 -3.29999 2.4
      vertex 0.439407 -4.45911 2.4
    endloop
  endfacet
  facet normal 0 0 1
    outer loop
      vertex -0.449997 -3.29999 2.4
      vertex 0.496028 12.9093 2.4
      vertex 0.347969 13.048 2.4
    endloop
  endfacet
  facet normal 0 0 1
    outer loop
      vertex 0.439407 -4.45911 2.4
      vertex -0.449997 -3.29999 2.4
      vertex 0.364258 -4.43631 2.4
    endloop
  endfacet
  facet normal 0 0 1
    outer loop
      vertex 0.364258 -4.43631 2.4
      vertex -0.449997 -3.29999 2.4
      vertex 0.290771 -4.40865 2.4
    endloop
  endfacet
  facet normal 0 0 1
    outer loop
      vertex -0.449997 -3.29999 2.4
      vertex 0.347969 13.048 2.4
      vertex 0.209297 13.196 2.4
    endloop
  endfacet
  facet normal 0 0 1
    outer loop
      vertex 0.290771 -4.40865 2.4
      vertex -0.449997 -3.29999 2.4
      vertex 0.219254 -4.37624 2.4
    endloop
  endfacet
  facet normal 0 0 1
    outer loop
      vertex 0.219254 -4.37624 2.4
      vertex -0.449997 -3.29999 2.4
      vertex 0.149994 -4.33922 2.4
    endloop
  endfacet
  facet normal 0 0 1
    outer loop
      vertex -0.449997 -3.29999 2.4
      vertex 0.209297 13.196 2.4
      vertex 0.0806055 13.3528 2.4
    endloop
  endfacet
  facet normal 0 0 1
    outer loop
      vertex 0.149994 -4.33922 2.4
      vertex -0.449997 -3.29999 2.4
      vertex 0.083313 -4.29776 2.4
    endloop
  endfacet
  facet normal 0 0 1
    outer loop
      vertex -0.449997 -3.29999 2.4
      vertex 0.0806055 13.3528 2.4
      vertex -0.0375557 13.5177 2.4
    endloop
  endfacet
  facet normal 0 0 1
    outer loop
      vertex 0.083313 -4.29776 2.4
      vertex -0.449997 -3.29999 2.4
      vertex 0.0194855 -4.25201 2.4
    endloop
  endfacet
  facet normal 0 0 1
    outer loop
      vertex 0.0194855 -4.25201 2.4
      vertex -0.449997 -3.29999 2.4
      vertex -0.041214 -4.20219 2.4
    endloop
  endfacet
  facet normal 0 0 1
    outer loop
      vertex -0.449997 -3.29999 2.4
      vertex -0.0375557 13.5177 2.4
      vertex -0.144678 13.69 2.4
    endloop
  endfacet
  facet normal 0 0 1
    outer loop
      vertex -0.041214 -4.20219 2.4
      vertex -0.449997 -3.29999 2.4
      vertex -0.098526 -4.14851 2.4
    endloop
  endfacet
  facet normal 0 0 1
    outer loop
      vertex -0.098526 -4.14851 2.4
      vertex -0.449997 -3.29999 2.4
      vertex -0.152206 -4.0912 2.4
    endloop
  endfacet
  facet normal 0 0 1
    outer loop
      vertex -0.449997 -3.29999 2.4
      vertex -0.144678 13.69 2.4
      vertex -0.240305 13.8689 2.4
    endloop
  endfacet
  facet normal 0 0 1
    outer loop
      vertex -0.152206 -4.0912 2.4
      vertex -0.449997 -3.29999 2.4
      vertex -0.202011 -4.0305 2.4
    endloop
  endfacet
  facet normal 0 0 1
    outer loop
      vertex -0.202011 -4.0305 2.4
      vertex -0.449997 -3.29999 2.4
      vertex -0.247757 -3.96667 2.4
    endloop
  endfacet
  facet normal 0 0 1
    outer loop
      vertex -0.449997 -3.29999 2.4
      vertex -0.240305 13.8689 2.4
      vertex -0.324026 14.0537 2.4
    endloop
  endfacet
  facet normal 0 0 1
    outer loop
      vertex -0.247757 -3.96667 2.4
      vertex -0.449997 -3.29999 2.4
      vertex -0.28923 -3.89999 2.4
    endloop
  endfacet
  facet normal 0 0 1
    outer loop
      vertex -0.28923 -3.89999 2.4
      vertex -0.449997 -3.29999 2.4
      vertex -0.326233 -3.83073 2.4
    endloop
  endfacet
  facet normal 0 0 1
    outer loop
      vertex -0.326233 -3.83073 2.4
      vertex -0.449997 -3.29999 2.4
      vertex -0.358643 -3.75922 2.4
    endloop
  endfacet
  facet normal 0 0 1
    outer loop
      vertex -0.449997 -3.29999 2.4
      vertex -0.324026 14.0537 2.4
      vertex -0.395483 14.2435 2.4
    endloop
  endfacet
  facet normal 0 0 1
    outer loop
      vertex -0.358643 -3.75922 2.4
      vertex -0.449997 -3.29999 2.4
      vertex -0.386307 -3.68571 2.4
    endloop
  endfacet
  facet normal 0 0 1
    outer loop
      vertex -0.386307 -3.68571 2.4
      vertex -0.449997 -3.29999 2.4
      vertex -0.409103 -3.61058 2.4
    endloop
  endfacet
  facet normal 0 0 1
    outer loop
      vertex -0.409103 -3.61058 2.4
      vertex -0.449997 -3.29999 2.4
      vertex -0.426941 -3.5341 2.4
    endloop
  endfacet
  facet normal 0 0 1
    outer loop
      vertex -0.426941 -3.5341 2.4
      vertex -0.449997 -3.29999 2.4
      vertex -0.439728 -3.45662 2.4
    endloop
  endfacet
  facet normal 0 0 1
    outer loop
      vertex -0.449997 -3.29999 2.4
      vertex -0.395483 14.2435 2.4
      vertex -0.449997 14.4232 2.4
    endloop
  endfacet
  facet normal 0 0 1
    outer loop
      vertex -0.439728 -3.45662 2.4
      vertex -0.449997 -3.29999 2.4
      vertex -0.447418 -3.37848 2.4
    endloop
  endfacet
  facet normal -0 0 1
    outer loop
      vertex 24 63 2.4
      vertex 29 7 2.4
      vertex 29 63 2.4
    endloop
  endfacet
  facet normal 0 0 1
    outer loop
      vertex 29 7 2.4
      vertex 24 63 2.4
      vertex 24 7 2.4
    endloop
  endfacet
  facet normal 0 0 1
    outer loop
      vertex 3.66259 15.3136 2.4
      vertex 3.66259 15.1664 2.4
      vertex 3.665 15.24 2.4
    endloop
  endfacet
  facet normal 0 0 1
    outer loop
      vertex 3.65537 15.3868 2.4
      vertex 3.66259 15.1664 2.4
      vertex 3.66259 15.3136 2.4
    endloop
  endfacet
  facet normal 0 0 1
    outer loop
      vertex 3.65537 15.3868 2.4
      vertex 3.65537 15.0932 2.4
      vertex 3.66259 15.1664 2.4
    endloop
  endfacet
  facet normal 0 0 1
    outer loop
      vertex 3.64338 15.4595 2.4
      vertex 3.65537 15.0932 2.4
      vertex 3.65537 15.3868 2.4
    endloop
  endfacet
  facet normal 0 0 1
    outer loop
      vertex 3.64338 15.4595 2.4
      vertex 3.64338 15.0205 2.4
      vertex 3.65537 15.0932 2.4
    endloop
  endfacet
  facet normal 0 0 1
    outer loop
      vertex 3.62667 15.5312 2.4
      vertex 3.64338 15.0205 2.4
      vertex 3.64338 15.4595 2.4
    endloop
  endfacet
  facet normal 0 0 1
    outer loop
      vertex 3.62667 15.5312 2.4
      vertex 3.62667 14.9488 2.4
      vertex 3.64338 15.0205 2.4
    endloop
  endfacet
  facet normal 0 0 1
    outer loop
      vertex 3.6053 15.6016 2.4
      vertex 3.62667 14.9488 2.4
      vertex 3.62667 15.5312 2.4
    endloop
  endfacet
  facet normal 0 0 1
    outer loop
      vertex 3.6053 15.6016 2.4
      vertex 3.6053 14.8784 2.4
      vertex 3.62667 14.9488 2.4
    endloop
  endfacet
  facet normal 0 0 1
    outer loop
      vertex 3.57936 15.6705 2.4
      vertex 3.6053 14.8784 2.4
      vertex 3.6053 15.6016 2.4
    endloop
  endfacet
  facet normal 0 0 1
    outer loop
      vertex 3.57936 15.6705 2.4
      vertex 3.57936 14.8095 2.4
      vertex 3.6053 14.8784 2.4
    endloop
  endfacet
  facet normal 0 0 1
    outer loop
      vertex 3.54898 15.7376 2.4
      vertex 3.57936 14.8095 2.4
      vertex 3.57936 15.6705 2.4
    endloop
  endfacet
  facet normal 0 0 1
    outer loop
      vertex 3.54898 15.7376 2.4
      vertex 3.54898 14.7424 2.4
      vertex 3.57936 14.8095 2.4
    endloop
  endfacet
  facet normal 0 0 1
    outer loop
      vertex 3.51428 15.8025 2.4
      vertex 3.54898 14.7424 2.4
      vertex 3.54898 15.7376 2.4
    endloop
  endfacet
  facet normal 0 0 1
    outer loop
      vertex 3.51428 15.8025 2.4
      vertex 3.51428 14.6775 2.4
      vertex 3.54898 14.7424 2.4
    endloop
  endfacet
  facet normal 0 0 1
    outer loop
      vertex 3.4754 15.865 2.4
      vertex 3.51428 14.6775 2.4
      vertex 3.51428 15.8025 2.4
    endloop
  endfacet
  facet normal 0 0 1
    outer loop
      vertex 3.4754 15.865 2.4
      vertex 3.4754 14.615 2.4
      vertex 3.51428 14.6775 2.4
    endloop
  endfacet
  facet normal 0 0 1
    outer loop
      vertex 3.43252 15.9249 2.4
      vertex 3.4754 14.615 2.4
      vertex 3.4754 15.865 2.4
    endloop
  endfacet
  facet normal 0 0 1
    outer loop
      vertex 3.43252 15.9249 2.4
      vertex 3.43252 14.5551 2.4
      vertex 3.4754 14.615 2.4
    endloop
  endfacet
  facet normal 0 0 1
    outer loop
      vertex 3.38582 15.9818 2.4
      vertex 3.43252 14.5551 2.4
      vertex 3.43252 15.9249 2.4
    endloop
  endfacet
  facet normal 0 0 1
    outer loop
      vertex 3.38582 15.9818 2.4
      vertex 3.38582 14.4982 2.4
      vertex 3.43252 14.5551 2.4
    endloop
  endfacet
  facet normal 0 0 1
    outer loop
      vertex 3.33549 16.0355 2.4
      vertex 3.38582 14.4982 2.4
      vertex 3.38582 15.9818 2.4
    endloop
  endfacet
  facet normal 0 0 1
    outer loop
      vertex 3.33549 16.0355 2.4
      vertex 3.33549 14.4445 2.4
      vertex 3.38582 14.4982 2.4
    endloop
  endfacet
  facet normal 0 0 1
    outer loop
      vertex 3.28176 16.0858 2.4
      vertex 3.33549 14.4445 2.4
      vertex 3.33549 16.0355 2.4
    endloop
  endfacet
  facet normal 0 0 1
    outer loop
      vertex 3.28176 16.0858 2.4
      vertex 3.28176 14.3942 2.4
      vertex 3.33549 14.4445 2.4
    endloop
  endfacet
  facet normal 0 0 1
    outer loop
      vertex 3.22486 16.1325 2.4
      vertex 3.28176 14.3942 2.4
      vertex 3.28176 16.0858 2.4
    endloop
  endfacet
  facet normal 0 0 1
    outer loop
      vertex 3.22486 16.1325 2.4
      vertex 3.22486 14.3475 2.4
      vertex 3.28176 14.3942 2.4
    endloop
  endfacet
  facet normal 0 0 1
    outer loop
      vertex 3.16502 16.1754 2.4
      vertex 3.22486 14.3475 2.4
      vertex 3.22486 16.1325 2.4
    endloop
  endfacet
  facet normal 0 0 1
    outer loop
      vertex 3.16502 16.1754 2.4
      vertex 3.16502 14.3046 2.4
      vertex 3.22486 14.3475 2.4
    endloop
  endfacet
  facet normal 0 0 1
    outer loop
      vertex 3.1025 16.2143 2.4
      vertex 3.16502 14.3046 2.4
      vertex 3.16502 16.1754 2.4
    endloop
  endfacet
  facet normal 0 0 1
    outer loop
      vertex 3.1025 16.2143 2.4
      vertex 3.1025 14.2657 2.4
      vertex 3.16502 14.3046 2.4
    endloop
  endfacet
  facet normal 0 0 1
    outer loop
      vertex 3.03757 16.249 2.4
      vertex 3.1025 14.2657 2.4
      vertex 3.1025 16.2143 2.4
    endloop
  endfacet
  facet normal 0 0 1
    outer loop
      vertex 3.03757 16.249 2.4
      vertex 3.03757 14.231 2.4
      vertex 3.1025 14.2657 2.4
    endloop
  endfacet
  facet normal 0 0 1
    outer loop
      vertex 2.97052 16.2794 2.4
      vertex 3.03757 14.231 2.4
      vertex 3.03757 16.249 2.4
    endloop
  endfacet
  facet normal 0 0 1
    outer loop
      vertex 2.97052 16.2794 2.4
      vertex 2.97052 14.2006 2.4
      vertex 3.03757 14.231 2.4
    endloop
  endfacet
  facet normal 0 0 1
    outer loop
      vertex 2.90162 16.3053 2.4
      vertex 2.97052 14.2006 2.4
      vertex 2.97052 16.2794 2.4
    endloop
  endfacet
  facet normal 0 0 1
    outer loop
      vertex 2.90162 16.3053 2.4
      vertex 2.90162 14.1747 2.4
      vertex 2.97052 14.2006 2.4
    endloop
  endfacet
  facet normal 0 0 1
    outer loop
      vertex 2.83117 16.3267 2.4
      vertex 2.90162 14.1747 2.4
      vertex 2.90162 16.3053 2.4
    endloop
  endfacet
  facet normal 0 0 1
    outer loop
      vertex 2.83117 16.3267 2.4
      vertex 2.83117 14.1533 2.4
      vertex 2.90162 14.1747 2.4
    endloop
  endfacet
  facet normal 0 0 1
    outer loop
      vertex 2.75948 16.3434 2.4
      vertex 2.83117 14.1533 2.4
      vertex 2.83117 16.3267 2.4
    endloop
  endfacet
  facet normal 0 0 1
    outer loop
      vertex 2.75948 16.3434 2.4
      vertex 2.75948 14.1366 2.4
      vertex 2.83117 14.1533 2.4
    endloop
  endfacet
  facet normal 0 0 1
    outer loop
      vertex 2.68684 16.3554 2.4
      vertex 2.75948 14.1366 2.4
      vertex 2.75948 16.3434 2.4
    endloop
  endfacet
  facet normal 0 0 1
    outer loop
      vertex 2.68684 16.3554 2.4
      vertex 2.68684 14.1246 2.4
      vertex 2.75948 14.1366 2.4
    endloop
  endfacet
  facet normal 0 0 1
    outer loop
      vertex 2.61358 16.3626 2.4
      vertex 2.68684 14.1246 2.4
      vertex 2.68684 16.3554 2.4
    endloop
  endfacet
  facet normal 0 0 1
    outer loop
      vertex 2.61358 16.3626 2.4
      vertex 2.61358 14.1174 2.4
      vertex 2.68684 14.1246 2.4
    endloop
  endfacet
  facet normal 0 0 1
    outer loop
      vertex 2.54 16.365 2.4
      vertex 2.61358 14.1174 2.4
      vertex 2.61358 16.3626 2.4
    endloop
  endfacet
  facet normal 0 0 1
    outer loop
      vertex 2.54 16.365 2.4
      vertex 2.54 14.115 2.4
      vertex 2.61358 14.1174 2.4
    endloop
  endfacet
  facet normal -0 0 1
    outer loop
      vertex 2.46642 16.3626 2.4
      vertex 2.54 14.115 2.4
      vertex 2.54 16.365 2.4
    endloop
  endfacet
  facet normal 0 0 1
    outer loop
      vertex 2.46642 16.3626 2.4
      vertex 2.46642 14.1174 2.4
      vertex 2.54 14.115 2.4
    endloop
  endfacet
  facet normal -0 0 1
    outer loop
      vertex 2.39316 16.3554 2.4
      vertex 2.46642 14.1174 2.4
      vertex 2.46642 16.3626 2.4
    endloop
  endfacet
  facet normal 0 0 1
    outer loop
      vertex 2.39316 16.3554 2.4
      vertex 2.39316 14.1246 2.4
      vertex 2.46642 14.1174 2.4
    endloop
  endfacet
  facet normal -0 0 1
    outer loop
      vertex 2.32052 16.3434 2.4
      vertex 2.39316 14.1246 2.4
      vertex 2.39316 16.3554 2.4
    endloop
  endfacet
  facet normal 0 0 1
    outer loop
      vertex 2.32052 16.3434 2.4
      vertex 2.32052 14.1366 2.4
      vertex 2.39316 14.1246 2.4
    endloop
  endfacet
  facet normal -0 0 1
    outer loop
      vertex 2.24883 16.3267 2.4
      vertex 2.32052 14.1366 2.4
      vertex 2.32052 16.3434 2.4
    endloop
  endfacet
  facet normal 0 0 1
    outer loop
      vertex 2.24883 16.3267 2.4
      vertex 2.24883 14.1533 2.4
      vertex 2.32052 14.1366 2.4
    endloop
  endfacet
  facet normal -0 0 1
    outer loop
      vertex 2.17838 16.3053 2.4
      vertex 2.24883 14.1533 2.4
      vertex 2.24883 16.3267 2.4
    endloop
  endfacet
  facet normal 0 0 1
    outer loop
      vertex 2.17838 16.3053 2.4
      vertex 2.17838 14.1747 2.4
      vertex 2.24883 14.1533 2.4
    endloop
  endfacet
  facet normal -0 0 1
    outer loop
      vertex 2.10948 16.2794 2.4
      vertex 2.17838 14.1747 2.4
      vertex 2.17838 16.3053 2.4
    endloop
  endfacet
  facet normal 0 0 1
    outer loop
      vertex 2.10948 16.2794 2.4
      vertex 2.10948 14.2006 2.4
      vertex 2.17838 14.1747 2.4
    endloop
  endfacet
  facet normal -0 0 1
    outer loop
      vertex 2.04243 16.249 2.4
      vertex 2.10948 14.2006 2.4
      vertex 2.10948 16.2794 2.4
    endloop
  endfacet
  facet normal 0 0 1
    outer loop
      vertex 2.04243 16.249 2.4
      vertex 2.04243 14.231 2.4
      vertex 2.10948 14.2006 2.4
    endloop
  endfacet
  facet normal -0 0 1
    outer loop
      vertex 1.9775 16.2143 2.4
      vertex 2.04243 14.231 2.4
      vertex 2.04243 16.249 2.4
    endloop
  endfacet
  facet normal 0 0 1
    outer loop
      vertex 1.9775 16.2143 2.4
      vertex 1.9775 14.2657 2.4
      vertex 2.04243 14.231 2.4
    endloop
  endfacet
  facet normal -0 0 1
    outer loop
      vertex 1.91498 16.1754 2.4
      vertex 1.9775 14.2657 2.4
      vertex 1.9775 16.2143 2.4
    endloop
  endfacet
  facet normal 0 0 1
    outer loop
      vertex 1.91498 16.1754 2.4
      vertex 1.91498 14.3046 2.4
      vertex 1.9775 14.2657 2.4
    endloop
  endfacet
  facet normal -0 0 1
    outer loop
      vertex 1.85514 16.1325 2.4
      vertex 1.91498 14.3046 2.4
      vertex 1.91498 16.1754 2.4
    endloop
  endfacet
  facet normal 0 0 1
    outer loop
      vertex 1.85514 16.1325 2.4
      vertex 1.85514 14.3475 2.4
      vertex 1.91498 14.3046 2.4
    endloop
  endfacet
  facet normal -0 0 1
    outer loop
      vertex 1.79824 16.0858 2.4
      vertex 1.85514 14.3475 2.4
      vertex 1.85514 16.1325 2.4
    endloop
  endfacet
  facet normal 0 0 1
    outer loop
      vertex 1.79824 16.0858 2.4
      vertex 1.79824 14.3942 2.4
      vertex 1.85514 14.3475 2.4
    endloop
  endfacet
  facet normal -0 0 1
    outer loop
      vertex 1.7445 16.0355 2.4
      vertex 1.79824 14.3942 2.4
      vertex 1.79824 16.0858 2.4
    endloop
  endfacet
  facet normal 0 0 1
    outer loop
      vertex 1.7445 16.0355 2.4
      vertex 1.7445 14.4445 2.4
      vertex 1.79824 14.3942 2.4
    endloop
  endfacet
  facet normal -0 0 1
    outer loop
      vertex 1.69418 15.9818 2.4
      vertex 1.7445 14.4445 2.4
      vertex 1.7445 16.0355 2.4
    endloop
  endfacet
  facet normal 0 0 1
    outer loop
      vertex 1.69418 15.9818 2.4
      vertex 1.69418 14.4982 2.4
      vertex 1.7445 14.4445 2.4
    endloop
  endfacet
  facet normal -0 0 1
    outer loop
      vertex 1.64748 15.9249 2.4
      vertex 1.69418 14.4982 2.4
      vertex 1.69418 15.9818 2.4
    endloop
  endfacet
  facet normal 0 0 1
    outer loop
      vertex 1.64748 15.9249 2.4
      vertex 1.64748 14.5551 2.4
      vertex 1.69418 14.4982 2.4
    endloop
  endfacet
  facet normal -0 0 1
    outer loop
      vertex 1.6046 15.865 2.4
      vertex 1.64748 14.5551 2.4
      vertex 1.64748 15.9249 2.4
    endloop
  endfacet
  facet normal 0 0 1
    outer loop
      vertex 1.6046 15.865 2.4
      vertex 1.6046 14.615 2.4
      vertex 1.64748 14.5551 2.4
    endloop
  endfacet
  facet normal -0 0 1
    outer loop
      vertex 1.56572 15.8025 2.4
      vertex 1.6046 14.615 2.4
      vertex 1.6046 15.865 2.4
    endloop
  endfacet
  facet normal 0 0 1
    outer loop
      vertex 1.56572 15.8025 2.4
      vertex 1.56572 14.6775 2.4
      vertex 1.6046 14.615 2.4
    endloop
  endfacet
  facet normal -0 0 1
    outer loop
      vertex 1.53102 15.7376 2.4
      vertex 1.56572 14.6775 2.4
      vertex 1.56572 15.8025 2.4
    endloop
  endfacet
  facet normal 0 0 1
    outer loop
      vertex 1.53102 15.7376 2.4
      vertex 1.53102 14.7424 2.4
      vertex 1.56572 14.6775 2.4
    endloop
  endfacet
  facet normal -0 0 1
    outer loop
      vertex 1.50064 15.6705 2.4
      vertex 1.53102 14.7424 2.4
      vertex 1.53102 15.7376 2.4
    endloop
  endfacet
  facet normal 0 0 1
    outer loop
      vertex 1.50064 15.6705 2.4
      vertex 1.50064 14.8095 2.4
      vertex 1.53102 14.7424 2.4
    endloop
  endfacet
  facet normal -0 0 1
    outer loop
      vertex 1.4747 15.6016 2.4
      vertex 1.50064 14.8095 2.4
      vertex 1.50064 15.6705 2.4
    endloop
  endfacet
  facet normal 0 0 1
    outer loop
      vertex 1.4747 15.6016 2.4
      vertex 1.4747 14.8784 2.4
      vertex 1.50064 14.8095 2.4
    endloop
  endfacet
  facet normal -0 0 1
    outer loop
      vertex 1.45333 15.5312 2.4
      vertex 1.4747 14.8784 2.4
      vertex 1.4747 15.6016 2.4
    endloop
  endfacet
  facet normal 0 0 1
    outer loop
      vertex 1.45333 15.5312 2.4
      vertex 1.45333 14.9488 2.4
      vertex 1.4747 14.8784 2.4
    endloop
  endfacet
  facet normal -0 0 1
    outer loop
      vertex 1.43662 15.4595 2.4
      vertex 1.45333 14.9488 2.4
      vertex 1.45333 15.5312 2.4
    endloop
  endfacet
  facet normal 0 0 1
    outer loop
      vertex 1.43662 15.4595 2.4
      vertex 1.43662 15.0205 2.4
      vertex 1.45333 14.9488 2.4
    endloop
  endfacet
  facet normal -0 0 1
    outer loop
      vertex 1.42463 15.3868 2.4
      vertex 1.43662 15.0205 2.4
      vertex 1.43662 15.4595 2.4
    endloop
  endfacet
  facet normal 0 0 1
    outer loop
      vertex 1.42463 15.3868 2.4
      vertex 1.42463 15.0932 2.4
      vertex 1.43662 15.0205 2.4
    endloop
  endfacet
  facet normal -0 0 1
    outer loop
      vertex 1.41741 15.3136 2.4
      vertex 1.42463 15.0932 2.4
      vertex 1.42463 15.3868 2.4
    endloop
  endfacet
  facet normal 0 0 1
    outer loop
      vertex 1.41741 15.3136 2.4
      vertex 1.41741 15.1664 2.4
      vertex 1.42463 15.0932 2.4
    endloop
  endfacet
  facet normal 0 -0 1
    outer loop
      vertex 1.41741 15.1664 2.4
      vertex 1.41741 15.3136 2.4
      vertex 1.415 15.24 2.4
    endloop
  endfacet
  facet normal 0 0 1
    outer loop
      vertex 18.9026 66.1136 2.4
      vertex 18.9026 65.9664 2.4
      vertex 18.905 66.04 2.4
    endloop
  endfacet
  facet normal 0 0 1
    outer loop
      vertex 18.8954 66.1868 2.4
      vertex 18.9026 65.9664 2.4
      vertex 18.9026 66.1136 2.4
    endloop
  endfacet
  facet normal 0 0 1
    outer loop
      vertex 18.8954 66.1868 2.4
      vertex 18.8954 65.8932 2.4
      vertex 18.9026 65.9664 2.4
    endloop
  endfacet
  facet normal 0 0 1
    outer loop
      vertex 18.8834 66.2595 2.4
      vertex 18.8954 65.8932 2.4
      vertex 18.8954 66.1868 2.4
    endloop
  endfacet
  facet normal 0 0 1
    outer loop
      vertex 18.8834 66.2595 2.4
      vertex 18.8834 65.8205 2.4
      vertex 18.8954 65.8932 2.4
    endloop
  endfacet
  facet normal 0 0 1
    outer loop
      vertex 18.8667 66.3312 2.4
      vertex 18.8834 65.8205 2.4
      vertex 18.8834 66.2595 2.4
    endloop
  endfacet
  facet normal 0 0 1
    outer loop
      vertex 18.8667 66.3312 2.4
      vertex 18.8667 65.7488 2.4
      vertex 18.8834 65.8205 2.4
    endloop
  endfacet
  facet normal 0 0 1
    outer loop
      vertex 18.8453 66.4016 2.4
      vertex 18.8667 65.7488 2.4
      vertex 18.8667 66.3312 2.4
    endloop
  endfacet
  facet normal 0 0 1
    outer loop
      vertex 18.8453 66.4016 2.4
      vertex 18.8453 65.6784 2.4
      vertex 18.8667 65.7488 2.4
    endloop
  endfacet
  facet normal 0 0 1
    outer loop
      vertex 18.8194 66.4705 2.4
      vertex 18.8453 65.6784 2.4
      vertex 18.8453 66.4016 2.4
    endloop
  endfacet
  facet normal 0 0 1
    outer loop
      vertex 18.8194 66.4705 2.4
      vertex 18.8194 65.6095 2.4
      vertex 18.8453 65.6784 2.4
    endloop
  endfacet
  facet normal 0 0 1
    outer loop
      vertex 18.789 66.5376 2.4
      vertex 18.8194 65.6095 2.4
      vertex 18.8194 66.4705 2.4
    endloop
  endfacet
  facet normal 0 0 1
    outer loop
      vertex 18.789 66.5376 2.4
      vertex 18.789 65.5424 2.4
      vertex 18.8194 65.6095 2.4
    endloop
  endfacet
  facet normal 0 0 1
    outer loop
      vertex 18.7543 66.6025 2.4
      vertex 18.789 65.5424 2.4
      vertex 18.789 66.5376 2.4
    endloop
  endfacet
  facet normal 0 0 1
    outer loop
      vertex 18.7543 66.6025 2.4
      vertex 18.7543 65.4775 2.4
      vertex 18.789 65.5424 2.4
    endloop
  endfacet
  facet normal 0 0 1
    outer loop
      vertex 18.7154 66.665 2.4
      vertex 18.7543 65.4775 2.4
      vertex 18.7543 66.6025 2.4
    endloop
  endfacet
  facet normal 0 0 1
    outer loop
      vertex 18.7154 66.665 2.4
      vertex 18.7154 65.415 2.4
      vertex 18.7543 65.4775 2.4
    endloop
  endfacet
  facet normal 0 0 1
    outer loop
      vertex 18.6725 66.7249 2.4
      vertex 18.7154 65.415 2.4
      vertex 18.7154 66.665 2.4
    endloop
  endfacet
  facet normal 0 0 1
    outer loop
      vertex 18.6725 66.7249 2.4
      vertex 18.6725 65.3551 2.4
      vertex 18.7154 65.415 2.4
    endloop
  endfacet
  facet normal 0 0 1
    outer loop
      vertex 18.6258 66.7818 2.4
      vertex 18.6725 65.3551 2.4
      vertex 18.6725 66.7249 2.4
    endloop
  endfacet
  facet normal 0 0 1
    outer loop
      vertex 18.6258 66.7818 2.4
      vertex 18.6258 65.2982 2.4
      vertex 18.6725 65.3551 2.4
    endloop
  endfacet
  facet normal 0 0 1
    outer loop
      vertex 18.5755 66.8355 2.4
      vertex 18.6258 65.2982 2.4
      vertex 18.6258 66.7818 2.4
    endloop
  endfacet
  facet normal 0 0 1
    outer loop
      vertex 18.5755 66.8355 2.4
      vertex 18.5755 65.2445 2.4
      vertex 18.6258 65.2982 2.4
    endloop
  endfacet
  facet normal 0 0 1
    outer loop
      vertex 18.5218 66.8858 2.4
      vertex 18.5755 65.2445 2.4
      vertex 18.5755 66.8355 2.4
    endloop
  endfacet
  facet normal 0 0 1
    outer loop
      vertex 18.5218 66.8858 2.4
      vertex 18.5218 65.1942 2.4
      vertex 18.5755 65.2445 2.4
    endloop
  endfacet
  facet normal 0 0 1
    outer loop
      vertex 18.4649 66.9325 2.4
      vertex 18.5218 65.1942 2.4
      vertex 18.5218 66.8858 2.4
    endloop
  endfacet
  facet normal 0 0 1
    outer loop
      vertex 18.4649 66.9325 2.4
      vertex 18.4649 65.1475 2.4
      vertex 18.5218 65.1942 2.4
    endloop
  endfacet
  facet normal 0 0 1
    outer loop
      vertex 18.405 66.9754 2.4
      vertex 18.4649 65.1475 2.4
      vertex 18.4649 66.9325 2.4
    endloop
  endfacet
  facet normal 0 0 1
    outer loop
      vertex 18.405 66.9754 2.4
      vertex 18.405 65.1046 2.4
      vertex 18.4649 65.1475 2.4
    endloop
  endfacet
  facet normal 0 0 1
    outer loop
      vertex 18.3425 67.0143 2.4
      vertex 18.405 65.1046 2.4
      vertex 18.405 66.9754 2.4
    endloop
  endfacet
  facet normal 0 0 1
    outer loop
      vertex 18.3425 67.0143 2.4
      vertex 18.3425 65.0657 2.4
      vertex 18.405 65.1046 2.4
    endloop
  endfacet
  facet normal 0 0 1
    outer loop
      vertex 18.2776 67.049 2.4
      vertex 18.3425 65.0657 2.4
      vertex 18.3425 67.0143 2.4
    endloop
  endfacet
  facet normal 0 0 1
    outer loop
      vertex 18.2776 67.049 2.4
      vertex 18.2776 65.031 2.4
      vertex 18.3425 65.0657 2.4
    endloop
  endfacet
  facet normal 0 0 1
    outer loop
      vertex 18.2105 67.0794 2.4
      vertex 18.2776 65.031 2.4
      vertex 18.2776 67.049 2.4
    endloop
  endfacet
  facet normal 0 0 1
    outer loop
      vertex 18.2105 67.0794 2.4
      vertex 18.2105 65.0006 2.4
      vertex 18.2776 65.031 2.4
    endloop
  endfacet
  facet normal 0 0 1
    outer loop
      vertex 18.1416 67.1053 2.4
      vertex 18.2105 65.0006 2.4
      vertex 18.2105 67.0794 2.4
    endloop
  endfacet
  facet normal 0 0 1
    outer loop
      vertex 18.1416 67.1053 2.4
      vertex 18.1416 64.9747 2.4
      vertex 18.2105 65.0006 2.4
    endloop
  endfacet
  facet normal 0 0 1
    outer loop
      vertex 18.0712 67.1267 2.4
      vertex 18.1416 64.9747 2.4
      vertex 18.1416 67.1053 2.4
    endloop
  endfacet
  facet normal 0 0 1
    outer loop
      vertex 18.0712 67.1267 2.4
      vertex 18.0712 64.9533 2.4
      vertex 18.1416 64.9747 2.4
    endloop
  endfacet
  facet normal 0 0 1
    outer loop
      vertex 17.9995 67.1434 2.4
      vertex 18.0712 64.9533 2.4
      vertex 18.0712 67.1267 2.4
    endloop
  endfacet
  facet normal 0 0 1
    outer loop
      vertex 17.9995 67.1434 2.4
      vertex 17.9995 64.9366 2.4
      vertex 18.0712 64.9533 2.4
    endloop
  endfacet
  facet normal 0 0 1
    outer loop
      vertex 17.9268 67.1554 2.4
      vertex 17.9995 64.9366 2.4
      vertex 17.9995 67.1434 2.4
    endloop
  endfacet
  facet normal 0 0 1
    outer loop
      vertex 17.9268 67.1554 2.4
      vertex 17.9268 64.9246 2.4
      vertex 17.9995 64.9366 2.4
    endloop
  endfacet
  facet normal 0 0 1
    outer loop
      vertex 17.8536 67.1626 2.4
      vertex 17.9268 64.9246 2.4
      vertex 17.9268 67.1554 2.4
    endloop
  endfacet
  facet normal 0 0 1
    outer loop
      vertex 17.8536 67.1626 2.4
      vertex 17.8536 64.9174 2.4
      vertex 17.9268 64.9246 2.4
    endloop
  endfacet
  facet normal 0 0 1
    outer loop
      vertex 17.78 67.165 2.4
      vertex 17.8536 64.9174 2.4
      vertex 17.8536 67.1626 2.4
    endloop
  endfacet
  facet normal 0 0 1
    outer loop
      vertex 17.78 67.165 2.4
      vertex 17.78 64.915 2.4
      vertex 17.8536 64.9174 2.4
    endloop
  endfacet
  facet normal -0 0 1
    outer loop
      vertex 17.7064 67.1626 2.4
      vertex 17.78 64.915 2.4
      vertex 17.78 67.165 2.4
    endloop
  endfacet
  facet normal 0 0 1
    outer loop
      vertex 17.7064 67.1626 2.4
      vertex 17.7064 64.9174 2.4
      vertex 17.78 64.915 2.4
    endloop
  endfacet
  facet normal -0 0 1
    outer loop
      vertex 17.6332 67.1554 2.4
      vertex 17.7064 64.9174 2.4
      vertex 17.7064 67.1626 2.4
    endloop
  endfacet
  facet normal 0 0 1
    outer loop
      vertex 17.6332 67.1554 2.4
      vertex 17.6332 64.9246 2.4
      vertex 17.7064 64.9174 2.4
    endloop
  endfacet
  facet normal -0 0 1
    outer loop
      vertex 17.5605 67.1434 2.4
      vertex 17.6332 64.9246 2.4
      vertex 17.6332 67.1554 2.4
    endloop
  endfacet
  facet normal 0 0 1
    outer loop
      vertex 17.5605 67.1434 2.4
      vertex 17.5605 64.9366 2.4
      vertex 17.6332 64.9246 2.4
    endloop
  endfacet
  facet normal -0 0 1
    outer loop
      vertex 17.4888 67.1267 2.4
      vertex 17.5605 64.9366 2.4
      vertex 17.5605 67.1434 2.4
    endloop
  endfacet
  facet normal 0 0 1
    outer loop
      vertex 17.4888 67.1267 2.4
      vertex 17.4888 64.9533 2.4
      vertex 17.5605 64.9366 2.4
    endloop
  endfacet
  facet normal -0 0 1
    outer loop
      vertex 17.4184 67.1053 2.4
      vertex 17.4888 64.9533 2.4
      vertex 17.4888 67.1267 2.4
    endloop
  endfacet
  facet normal 0 0 1
    outer loop
      vertex 17.4184 67.1053 2.4
      vertex 17.4184 64.9747 2.4
      vertex 17.4888 64.9533 2.4
    endloop
  endfacet
  facet normal -0 0 1
    outer loop
      vertex 17.3495 67.0794 2.4
      vertex 17.4184 64.9747 2.4
      vertex 17.4184 67.1053 2.4
    endloop
  endfacet
  facet normal 0 0 1
    outer loop
      vertex 17.3495 67.0794 2.4
      vertex 17.3495 65.0006 2.4
      vertex 17.4184 64.9747 2.4
    endloop
  endfacet
  facet normal -0 0 1
    outer loop
      vertex 17.2824 67.049 2.4
      vertex 17.3495 65.0006 2.4
      vertex 17.3495 67.0794 2.4
    endloop
  endfacet
  facet normal 0 0 1
    outer loop
      vertex 17.2824 67.049 2.4
      vertex 17.2824 65.031 2.4
      vertex 17.3495 65.0006 2.4
    endloop
  endfacet
  facet normal -0 0 1
    outer loop
      vertex 17.2175 67.0143 2.4
      vertex 17.2824 65.031 2.4
      vertex 17.2824 67.049 2.4
    endloop
  endfacet
  facet normal 0 0 1
    outer loop
      vertex 17.2175 67.0143 2.4
      vertex 17.2175 65.0657 2.4
      vertex 17.2824 65.031 2.4
    endloop
  endfacet
  facet normal -0 0 1
    outer loop
      vertex 17.155 66.9754 2.4
      vertex 17.2175 65.0657 2.4
      vertex 17.2175 67.0143 2.4
    endloop
  endfacet
  facet normal 0 0 1
    outer loop
      vertex 17.155 66.9754 2.4
      vertex 17.155 65.1046 2.4
      vertex 17.2175 65.0657 2.4
    endloop
  endfacet
  facet normal -0 0 1
    outer loop
      vertex 17.0951 66.9325 2.4
      vertex 17.155 65.1046 2.4
      vertex 17.155 66.9754 2.4
    endloop
  endfacet
  facet normal 0 0 1
    outer loop
      vertex 17.0951 66.9325 2.4
      vertex 17.0951 65.1475 2.4
      vertex 17.155 65.1046 2.4
    endloop
  endfacet
  facet normal -0 0 1
    outer loop
      vertex 17.0382 66.8858 2.4
      vertex 17.0951 65.1475 2.4
      vertex 17.0951 66.9325 2.4
    endloop
  endfacet
  facet normal 0 0 1
    outer loop
      vertex 17.0382 66.8858 2.4
      vertex 17.0382 65.1942 2.4
      vertex 17.0951 65.1475 2.4
    endloop
  endfacet
  facet normal -0 0 1
    outer loop
      vertex 16.9845 66.8355 2.4
      vertex 17.0382 65.1942 2.4
      vertex 17.0382 66.8858 2.4
    endloop
  endfacet
  facet normal 0 0 1
    outer loop
      vertex 16.9845 66.8355 2.4
      vertex 16.9845 65.2445 2.4
      vertex 17.0382 65.1942 2.4
    endloop
  endfacet
  facet normal -0 0 1
    outer loop
      vertex 16.9342 66.7818 2.4
      vertex 16.9845 65.2445 2.4
      vertex 16.9845 66.8355 2.4
    endloop
  endfacet
  facet normal 0 0 1
    outer loop
      vertex 16.9342 66.7818 2.4
      vertex 16.9342 65.2982 2.4
      vertex 16.9845 65.2445 2.4
    endloop
  endfacet
  facet normal -0 0 1
    outer loop
      vertex 16.8875 66.7249 2.4
      vertex 16.9342 65.2982 2.4
      vertex 16.9342 66.7818 2.4
    endloop
  endfacet
  facet normal 0 0 1
    outer loop
      vertex 16.8875 66.7249 2.4
      vertex 16.8875 65.3551 2.4
      vertex 16.9342 65.2982 2.4
    endloop
  endfacet
  facet normal -0 0 1
    outer loop
      vertex 16.8446 66.665 2.4
      vertex 16.8875 65.3551 2.4
      vertex 16.8875 66.7249 2.4
    endloop
  endfacet
  facet normal 0 0 1
    outer loop
      vertex 16.8446 66.665 2.4
      vertex 16.8446 65.415 2.4
      vertex 16.8875 65.3551 2.4
    endloop
  endfacet
  facet normal -0 0 1
    outer loop
      vertex 16.8057 66.6025 2.4
      vertex 16.8446 65.415 2.4
      vertex 16.8446 66.665 2.4
    endloop
  endfacet
  facet normal 0 0 1
    outer loop
      vertex 16.8057 66.6025 2.4
      vertex 16.8057 65.4775 2.4
      vertex 16.8446 65.415 2.4
    endloop
  endfacet
  facet normal -0 0 1
    outer loop
      vertex 16.771 66.5376 2.4
      vertex 16.8057 65.4775 2.4
      vertex 16.8057 66.6025 2.4
    endloop
  endfacet
  facet normal 0 0 1
    outer loop
      vertex 16.771 66.5376 2.4
      vertex 16.771 65.5424 2.4
      vertex 16.8057 65.4775 2.4
    endloop
  endfacet
  facet normal -0 0 1
    outer loop
      vertex 16.7406 66.4705 2.4
      vertex 16.771 65.5424 2.4
      vertex 16.771 66.5376 2.4
    endloop
  endfacet
  facet normal 0 0 1
    outer loop
      vertex 16.7406 66.4705 2.4
      vertex 16.7406 65.6095 2.4
      vertex 16.771 65.5424 2.4
    endloop
  endfacet
  facet normal -0 0 1
    outer loop
      vertex 16.7147 66.4016 2.4
      vertex 16.7406 65.6095 2.4
      vertex 16.7406 66.4705 2.4
    endloop
  endfacet
  facet normal 0 0 1
    outer loop
      vertex 16.7147 66.4016 2.4
      vertex 16.7147 65.6784 2.4
      vertex 16.7406 65.6095 2.4
    endloop
  endfacet
  facet normal -0 0 1
    outer loop
      vertex 16.6933 66.3312 2.4
      vertex 16.7147 65.6784 2.4
      vertex 16.7147 66.4016 2.4
    endloop
  endfacet
  facet normal 0 0 1
    outer loop
      vertex 16.6933 66.3312 2.4
      vertex 16.6933 65.7488 2.4
      vertex 16.7147 65.6784 2.4
    endloop
  endfacet
  facet normal -0 0 1
    outer loop
      vertex 16.6766 66.2595 2.4
      vertex 16.6933 65.7488 2.4
      vertex 16.6933 66.3312 2.4
    endloop
  endfacet
  facet normal 0 0 1
    outer loop
      vertex 16.6766 66.2595 2.4
      vertex 16.6766 65.8205 2.4
      vertex 16.6933 65.7488 2.4
    endloop
  endfacet
  facet normal -0 0 1
    outer loop
      vertex 16.6646 66.1868 2.4
      vertex 16.6766 65.8205 2.4
      vertex 16.6766 66.2595 2.4
    endloop
  endfacet
  facet normal 0 0 1
    outer loop
      vertex 16.6646 66.1868 2.4
      vertex 16.6646 65.8932 2.4
      vertex 16.6766 65.8205 2.4
    endloop
  endfacet
  facet normal -0 0 1
    outer loop
      vertex 16.6574 66.1136 2.4
      vertex 16.6646 65.8932 2.4
      vertex 16.6646 66.1868 2.4
    endloop
  endfacet
  facet normal 0 0 1
    outer loop
      vertex 16.6574 66.1136 2.4
      vertex 16.6574 65.9664 2.4
      vertex 16.6646 65.8932 2.4
    endloop
  endfacet
  facet normal 0 -0 1
    outer loop
      vertex 16.6574 65.9664 2.4
      vertex 16.6574 66.1136 2.4
      vertex 16.655 66.04 2.4
    endloop
  endfacet
  facet normal 0 0 1
    outer loop
      vertex 46.8426 66.1136 2.4
      vertex 46.8426 65.9664 2.4
      vertex 46.845 66.04 2.4
    endloop
  endfacet
  facet normal 0 0 1
    outer loop
      vertex 46.8354 66.1868 2.4
      vertex 46.8426 65.9664 2.4
      vertex 46.8426 66.1136 2.4
    endloop
  endfacet
  facet normal 0 0 1
    outer loop
      vertex 46.8354 66.1868 2.4
      vertex 46.8354 65.8932 2.4
      vertex 46.8426 65.9664 2.4
    endloop
  endfacet
  facet normal 0 0 1
    outer loop
      vertex 46.8234 66.2595 2.4
      vertex 46.8354 65.8932 2.4
      vertex 46.8354 66.1868 2.4
    endloop
  endfacet
  facet normal 0 0 1
    outer loop
      vertex 46.8234 66.2595 2.4
      vertex 46.8234 65.8205 2.4
      vertex 46.8354 65.8932 2.4
    endloop
  endfacet
  facet normal 0 0 1
    outer loop
      vertex 46.8067 66.3312 2.4
      vertex 46.8234 65.8205 2.4
      vertex 46.8234 66.2595 2.4
    endloop
  endfacet
  facet normal 0 0 1
    outer loop
      vertex 46.8067 66.3312 2.4
      vertex 46.8067 65.7488 2.4
      vertex 46.8234 65.8205 2.4
    endloop
  endfacet
  facet normal 0 0 1
    outer loop
      vertex 46.7853 66.4016 2.4
      vertex 46.8067 65.7488 2.4
      vertex 46.8067 66.3312 2.4
    endloop
  endfacet
  facet normal 0 0 1
    outer loop
      vertex 46.7853 66.4016 2.4
      vertex 46.7853 65.6784 2.4
      vertex 46.8067 65.7488 2.4
    endloop
  endfacet
  facet normal 0 0 1
    outer loop
      vertex 46.7594 66.4705 2.4
      vertex 46.7853 65.6784 2.4
      vertex 46.7853 66.4016 2.4
    endloop
  endfacet
  facet normal 0 0 1
    outer loop
      vertex 46.7594 66.4705 2.4
      vertex 46.7594 65.6095 2.4
      vertex 46.7853 65.6784 2.4
    endloop
  endfacet
  facet normal 0 0 1
    outer loop
      vertex 46.729 66.5376 2.4
      vertex 46.7594 65.6095 2.4
      vertex 46.7594 66.4705 2.4
    endloop
  endfacet
  facet normal 0 0 1
    outer loop
      vertex 46.729 66.5376 2.4
      vertex 46.729 65.5424 2.4
      vertex 46.7594 65.6095 2.4
    endloop
  endfacet
  facet normal 0 0 1
    outer loop
      vertex 46.6943 66.6025 2.4
      vertex 46.729 65.5424 2.4
      vertex 46.729 66.5376 2.4
    endloop
  endfacet
  facet normal 0 0 1
    outer loop
      vertex 46.6943 66.6025 2.4
      vertex 46.6943 65.4775 2.4
      vertex 46.729 65.5424 2.4
    endloop
  endfacet
  facet normal 0 0 1
    outer loop
      vertex 46.6554 66.665 2.4
      vertex 46.6943 65.4775 2.4
      vertex 46.6943 66.6025 2.4
    endloop
  endfacet
  facet normal 0 0 1
    outer loop
      vertex 46.6554 66.665 2.4
      vertex 46.6554 65.415 2.4
      vertex 46.6943 65.4775 2.4
    endloop
  endfacet
  facet normal 0 0 1
    outer loop
      vertex 46.6125 66.7249 2.4
      vertex 46.6554 65.415 2.4
      vertex 46.6554 66.665 2.4
    endloop
  endfacet
  facet normal 0 0 1
    outer loop
      vertex 46.6125 66.7249 2.4
      vertex 46.6125 65.3551 2.4
      vertex 46.6554 65.415 2.4
    endloop
  endfacet
  facet normal 0 0 1
    outer loop
      vertex 46.5658 66.7818 2.4
      vertex 46.6125 65.3551 2.4
      vertex 46.6125 66.7249 2.4
    endloop
  endfacet
  facet normal 0 0 1
    outer loop
      vertex 46.5658 66.7818 2.4
      vertex 46.5658 65.2982 2.4
      vertex 46.6125 65.3551 2.4
    endloop
  endfacet
  facet normal 0 0 1
    outer loop
      vertex 46.5155 66.8355 2.4
      vertex 46.5658 65.2982 2.4
      vertex 46.5658 66.7818 2.4
    endloop
  endfacet
  facet normal 0 0 1
    outer loop
      vertex 46.5155 66.8355 2.4
      vertex 46.5155 65.2445 2.4
      vertex 46.5658 65.2982 2.4
    endloop
  endfacet
  facet normal 0 0 1
    outer loop
      vertex 46.4618 66.8858 2.4
      vertex 46.5155 65.2445 2.4
      vertex 46.5155 66.8355 2.4
    endloop
  endfacet
  facet normal 0 0 1
    outer loop
      vertex 46.4618 66.8858 2.4
      vertex 46.4618 65.1942 2.4
      vertex 46.5155 65.2445 2.4
    endloop
  endfacet
  facet normal 0 0 1
    outer loop
      vertex 46.4049 66.9325 2.4
      vertex 46.4618 65.1942 2.4
      vertex 46.4618 66.8858 2.4
    endloop
  endfacet
  facet normal 0 0 1
    outer loop
      vertex 46.4049 66.9325 2.4
      vertex 46.4049 65.1475 2.4
      vertex 46.4618 65.1942 2.4
    endloop
  endfacet
  facet normal 0 0 1
    outer loop
      vertex 46.345 66.9754 2.4
      vertex 46.4049 65.1475 2.4
      vertex 46.4049 66.9325 2.4
    endloop
  endfacet
  facet normal 0 0 1
    outer loop
      vertex 46.345 66.9754 2.4
      vertex 46.345 65.1046 2.4
      vertex 46.4049 65.1475 2.4
    endloop
  endfacet
  facet normal 0 0 1
    outer loop
      vertex 46.2825 67.0143 2.4
      vertex 46.345 65.1046 2.4
      vertex 46.345 66.9754 2.4
    endloop
  endfacet
  facet normal 0 0 1
    outer loop
      vertex 46.2825 67.0143 2.4
      vertex 46.2825 65.0657 2.4
      vertex 46.345 65.1046 2.4
    endloop
  endfacet
  facet normal 0 0 1
    outer loop
      vertex 46.2176 67.049 2.4
      vertex 46.2825 65.0657 2.4
      vertex 46.2825 67.0143 2.4
    endloop
  endfacet
  facet normal 0 0 1
    outer loop
      vertex 46.2176 67.049 2.4
      vertex 46.2176 65.031 2.4
      vertex 46.2825 65.0657 2.4
    endloop
  endfacet
  facet normal 0 0 1
    outer loop
      vertex 46.1505 67.0794 2.4
      vertex 46.2176 65.031 2.4
      vertex 46.2176 67.049 2.4
    endloop
  endfacet
  facet normal 0 0 1
    outer loop
      vertex 46.1505 67.0794 2.4
      vertex 46.1505 65.0006 2.4
      vertex 46.2176 65.031 2.4
    endloop
  endfacet
  facet normal 0 0 1
    outer loop
      vertex 46.0816 67.1053 2.4
      vertex 46.1505 65.0006 2.4
      vertex 46.1505 67.0794 2.4
    endloop
  endfacet
  facet normal 0 0 1
    outer loop
      vertex 46.0816 67.1053 2.4
      vertex 46.0816 64.9747 2.4
      vertex 46.1505 65.0006 2.4
    endloop
  endfacet
  facet normal 0 0 1
    outer loop
      vertex 46.0112 67.1267 2.4
      vertex 46.0816 64.9747 2.4
      vertex 46.0816 67.1053 2.4
    endloop
  endfacet
  facet normal 0 0 1
    outer loop
      vertex 46.0112 67.1267 2.4
      vertex 46.0112 64.9533 2.4
      vertex 46.0816 64.9747 2.4
    endloop
  endfacet
  facet normal 0 0 1
    outer loop
      vertex 45.9395 67.1434 2.4
      vertex 46.0112 64.9533 2.4
      vertex 46.0112 67.1267 2.4
    endloop
  endfacet
  facet normal 0 0 1
    outer loop
      vertex 45.9395 67.1434 2.4
      vertex 45.9395 64.9366 2.4
      vertex 46.0112 64.9533 2.4
    endloop
  endfacet
  facet normal 0 0 1
    outer loop
      vertex 45.8668 67.1554 2.4
      vertex 45.9395 64.9366 2.4
      vertex 45.9395 67.1434 2.4
    endloop
  endfacet
  facet normal 0 0 1
    outer loop
      vertex 45.8668 67.1554 2.4
      vertex 45.8668 64.9246 2.4
      vertex 45.9395 64.9366 2.4
    endloop
  endfacet
  facet normal 0 0 1
    outer loop
      vertex 45.7936 67.1626 2.4
      vertex 45.8668 64.9246 2.4
      vertex 45.8668 67.1554 2.4
    endloop
  endfacet
  facet normal 0 0 1
    outer loop
      vertex 45.7936 67.1626 2.4
      vertex 45.7936 64.9174 2.4
      vertex 45.8668 64.9246 2.4
    endloop
  endfacet
  facet normal 0 0 1
    outer loop
      vertex 45.72 67.165 2.4
      vertex 45.7936 64.9174 2.4
      vertex 45.7936 67.1626 2.4
    endloop
  endfacet
  facet normal 0 0 1
    outer loop
      vertex 45.72 67.165 2.4
      vertex 45.72 64.915 2.4
      vertex 45.7936 64.9174 2.4
    endloop
  endfacet
  facet normal -0 0 1
    outer loop
      vertex 45.6464 67.1626 2.4
      vertex 45.72 64.915 2.4
      vertex 45.72 67.165 2.4
    endloop
  endfacet
  facet normal 0 0 1
    outer loop
      vertex 45.6464 67.1626 2.4
      vertex 45.6464 64.9174 2.4
      vertex 45.72 64.915 2.4
    endloop
  endfacet
  facet normal -0 0 1
    outer loop
      vertex 45.5732 67.1554 2.4
      vertex 45.6464 64.9174 2.4
      vertex 45.6464 67.1626 2.4
    endloop
  endfacet
  facet normal 0 0 1
    outer loop
      vertex 45.5732 67.1554 2.4
      vertex 45.5732 64.9246 2.4
      vertex 45.6464 64.9174 2.4
    endloop
  endfacet
  facet normal -0 0 1
    outer loop
      vertex 45.5005 67.1434 2.4
      vertex 45.5732 64.9246 2.4
      vertex 45.5732 67.1554 2.4
    endloop
  endfacet
  facet normal 0 0 1
    outer loop
      vertex 45.5005 67.1434 2.4
      vertex 45.5005 64.9366 2.4
      vertex 45.5732 64.9246 2.4
    endloop
  endfacet
  facet normal -0 0 1
    outer loop
      vertex 45.4288 67.1267 2.4
      vertex 45.5005 64.9366 2.4
      vertex 45.5005 67.1434 2.4
    endloop
  endfacet
  facet normal 0 0 1
    outer loop
      vertex 45.4288 67.1267 2.4
      vertex 45.4288 64.9533 2.4
      vertex 45.5005 64.9366 2.4
    endloop
  endfacet
  facet normal -0 0 1
    outer loop
      vertex 45.3584 67.1053 2.4
      vertex 45.4288 64.9533 2.4
      vertex 45.4288 67.1267 2.4
    endloop
  endfacet
  facet normal 0 0 1
    outer loop
      vertex 45.3584 67.1053 2.4
      vertex 45.3584 64.9747 2.4
      vertex 45.4288 64.9533 2.4
    endloop
  endfacet
  facet normal -0 0 1
    outer loop
      vertex 45.2895 67.0794 2.4
      vertex 45.3584 64.9747 2.4
      vertex 45.3584 67.1053 2.4
    endloop
  endfacet
  facet normal 0 0 1
    outer loop
      vertex 45.2895 67.0794 2.4
      vertex 45.2895 65.0006 2.4
      vertex 45.3584 64.9747 2.4
    endloop
  endfacet
  facet normal -0 0 1
    outer loop
      vertex 45.2224 67.049 2.4
      vertex 45.2895 65.0006 2.4
      vertex 45.2895 67.0794 2.4
    endloop
  endfacet
  facet normal 0 0 1
    outer loop
      vertex 45.2224 67.049 2.4
      vertex 45.2224 65.031 2.4
      vertex 45.2895 65.0006 2.4
    endloop
  endfacet
  facet normal -0 0 1
    outer loop
      vertex 45.1575 67.0143 2.4
      vertex 45.2224 65.031 2.4
      vertex 45.2224 67.049 2.4
    endloop
  endfacet
  facet normal 0 0 1
    outer loop
      vertex 45.1575 67.0143 2.4
      vertex 45.1575 65.0657 2.4
      vertex 45.2224 65.031 2.4
    endloop
  endfacet
  facet normal -0 0 1
    outer loop
      vertex 45.095 66.9754 2.4
      vertex 45.1575 65.0657 2.4
      vertex 45.1575 67.0143 2.4
    endloop
  endfacet
  facet normal 0 0 1
    outer loop
      vertex 45.095 66.9754 2.4
      vertex 45.095 65.1046 2.4
      vertex 45.1575 65.0657 2.4
    endloop
  endfacet
  facet normal -0 0 1
    outer loop
      vertex 45.0351 66.9325 2.4
      vertex 45.095 65.1046 2.4
      vertex 45.095 66.9754 2.4
    endloop
  endfacet
  facet normal 0 0 1
    outer loop
      vertex 45.0351 66.9325 2.4
      vertex 45.0351 65.1475 2.4
      vertex 45.095 65.1046 2.4
    endloop
  endfacet
  facet normal -0 0 1
    outer loop
      vertex 44.9782 66.8858 2.4
      vertex 45.0351 65.1475 2.4
      vertex 45.0351 66.9325 2.4
    endloop
  endfacet
  facet normal 0 0 1
    outer loop
      vertex 44.9782 66.8858 2.4
      vertex 44.9782 65.1942 2.4
      vertex 45.0351 65.1475 2.4
    endloop
  endfacet
  facet normal -0 0 1
    outer loop
      vertex 44.9245 66.8355 2.4
      vertex 44.9782 65.1942 2.4
      vertex 44.9782 66.8858 2.4
    endloop
  endfacet
  facet normal 0 0 1
    outer loop
      vertex 44.9245 66.8355 2.4
      vertex 44.9245 65.2445 2.4
      vertex 44.9782 65.1942 2.4
    endloop
  endfacet
  facet normal -0 0 1
    outer loop
      vertex 44.8742 66.7818 2.4
      vertex 44.9245 65.2445 2.4
      vertex 44.9245 66.8355 2.4
    endloop
  endfacet
  facet normal 0 0 1
    outer loop
      vertex 44.8742 66.7818 2.4
      vertex 44.8742 65.2982 2.4
      vertex 44.9245 65.2445 2.4
    endloop
  endfacet
  facet normal -0 0 1
    outer loop
      vertex 44.8275 66.7249 2.4
      vertex 44.8742 65.2982 2.4
      vertex 44.8742 66.7818 2.4
    endloop
  endfacet
  facet normal 0 0 1
    outer loop
      vertex 44.8275 66.7249 2.4
      vertex 44.8275 65.3551 2.4
      vertex 44.8742 65.2982 2.4
    endloop
  endfacet
  facet normal -0 0 1
    outer loop
      vertex 44.7846 66.665 2.4
      vertex 44.8275 65.3551 2.4
      vertex 44.8275 66.7249 2.4
    endloop
  endfacet
  facet normal 0 0 1
    outer loop
      vertex 44.7846 66.665 2.4
      vertex 44.7846 65.415 2.4
      vertex 44.8275 65.3551 2.4
    endloop
  endfacet
  facet normal -0 0 1
    outer loop
      vertex 44.7457 66.6025 2.4
      vertex 44.7846 65.415 2.4
      vertex 44.7846 66.665 2.4
    endloop
  endfacet
  facet normal 0 0 1
    outer loop
      vertex 44.7457 66.6025 2.4
      vertex 44.7457 65.4775 2.4
      vertex 44.7846 65.415 2.4
    endloop
  endfacet
  facet normal -0 0 1
    outer loop
      vertex 44.711 66.5376 2.4
      vertex 44.7457 65.4775 2.4
      vertex 44.7457 66.6025 2.4
    endloop
  endfacet
  facet normal 0 0 1
    outer loop
      vertex 44.711 66.5376 2.4
      vertex 44.711 65.5424 2.4
      vertex 44.7457 65.4775 2.4
    endloop
  endfacet
  facet normal -0 0 1
    outer loop
      vertex 44.6806 66.4705 2.4
      vertex 44.711 65.5424 2.4
      vertex 44.711 66.5376 2.4
    endloop
  endfacet
  facet normal 0 0 1
    outer loop
      vertex 44.6806 66.4705 2.4
      vertex 44.6806 65.6095 2.4
      vertex 44.711 65.5424 2.4
    endloop
  endfacet
  facet normal -0 0 1
    outer loop
      vertex 44.6547 66.4016 2.4
      vertex 44.6806 65.6095 2.4
      vertex 44.6806 66.4705 2.4
    endloop
  endfacet
  facet normal 0 0 1
    outer loop
      vertex 44.6547 66.4016 2.4
      vertex 44.6547 65.6784 2.4
      vertex 44.6806 65.6095 2.4
    endloop
  endfacet
  facet normal -0 0 1
    outer loop
      vertex 44.6333 66.3312 2.4
      vertex 44.6547 65.6784 2.4
      vertex 44.6547 66.4016 2.4
    endloop
  endfacet
  facet normal 0 0 1
    outer loop
      vertex 44.6333 66.3312 2.4
      vertex 44.6333 65.7488 2.4
      vertex 44.6547 65.6784 2.4
    endloop
  endfacet
  facet normal -0 0 1
    outer loop
      vertex 44.6166 66.2595 2.4
      vertex 44.6333 65.7488 2.4
      vertex 44.6333 66.3312 2.4
    endloop
  endfacet
  facet normal 0 0 1
    outer loop
      vertex 44.6166 66.2595 2.4
      vertex 44.6166 65.8205 2.4
      vertex 44.6333 65.7488 2.4
    endloop
  endfacet
  facet normal -0 0 1
    outer loop
      vertex 44.6046 66.1868 2.4
      vertex 44.6166 65.8205 2.4
      vertex 44.6166 66.2595 2.4
    endloop
  endfacet
  facet normal 0 0 1
    outer loop
      vertex 44.6046 66.1868 2.4
      vertex 44.6046 65.8932 2.4
      vertex 44.6166 65.8205 2.4
    endloop
  endfacet
  facet normal -0 0 1
    outer loop
      vertex 44.5974 66.1136 2.4
      vertex 44.6046 65.8932 2.4
      vertex 44.6046 66.1868 2.4
    endloop
  endfacet
  facet normal 0 0 1
    outer loop
      vertex 44.5974 66.1136 2.4
      vertex 44.5974 65.9664 2.4
      vertex 44.6046 65.8932 2.4
    endloop
  endfacet
  facet normal 0 -0 1
    outer loop
      vertex 44.5974 65.9664 2.4
      vertex 44.5974 66.1136 2.4
      vertex 44.595 66.04 2.4
    endloop
  endfacet
  facet normal 0 0 1
    outer loop
      vertex 51.9226 15.3136 2.4
      vertex 51.9226 15.1664 2.4
      vertex 51.925 15.24 2.4
    endloop
  endfacet
  facet normal 0 0 1
    outer loop
      vertex 51.9154 15.3868 2.4
      vertex 51.9226 15.1664 2.4
      vertex 51.9226 15.3136 2.4
    endloop
  endfacet
  facet normal 0 0 1
    outer loop
      vertex 51.9154 15.3868 2.4
      vertex 51.9154 15.0932 2.4
      vertex 51.9226 15.1664 2.4
    endloop
  endfacet
  facet normal 0 0 1
    outer loop
      vertex 51.9034 15.4595 2.4
      vertex 51.9154 15.0932 2.4
      vertex 51.9154 15.3868 2.4
    endloop
  endfacet
  facet normal 0 0 1
    outer loop
      vertex 51.9034 15.4595 2.4
      vertex 51.9034 15.0205 2.4
      vertex 51.9154 15.0932 2.4
    endloop
  endfacet
  facet normal 0 0 1
    outer loop
      vertex 51.8867 15.5312 2.4
      vertex 51.9034 15.0205 2.4
      vertex 51.9034 15.4595 2.4
    endloop
  endfacet
  facet normal 0 0 1
    outer loop
      vertex 51.8867 15.5312 2.4
      vertex 51.8867 14.9488 2.4
      vertex 51.9034 15.0205 2.4
    endloop
  endfacet
  facet normal 0 0 1
    outer loop
      vertex 51.8653 15.6016 2.4
      vertex 51.8867 14.9488 2.4
      vertex 51.8867 15.5312 2.4
    endloop
  endfacet
  facet normal 0 0 1
    outer loop
      vertex 51.8653 15.6016 2.4
      vertex 51.8653 14.8784 2.4
      vertex 51.8867 14.9488 2.4
    endloop
  endfacet
  facet normal 0 0 1
    outer loop
      vertex 51.8394 15.6705 2.4
      vertex 51.8653 14.8784 2.4
      vertex 51.8653 15.6016 2.4
    endloop
  endfacet
  facet normal 0 0 1
    outer loop
      vertex 51.8394 15.6705 2.4
      vertex 51.8394 14.8095 2.4
      vertex 51.8653 14.8784 2.4
    endloop
  endfacet
  facet normal 0 0 1
    outer loop
      vertex 51.809 15.7376 2.4
      vertex 51.8394 14.8095 2.4
      vertex 51.8394 15.6705 2.4
    endloop
  endfacet
  facet normal 0 0 1
    outer loop
      vertex 51.809 15.7376 2.4
      vertex 51.809 14.7424 2.4
      vertex 51.8394 14.8095 2.4
    endloop
  endfacet
  facet normal 0 0 1
    outer loop
      vertex 51.7743 15.8025 2.4
      vertex 51.809 14.7424 2.4
      vertex 51.809 15.7376 2.4
    endloop
  endfacet
  facet normal 0 0 1
    outer loop
      vertex 51.7743 15.8025 2.4
      vertex 51.7743 14.6775 2.4
      vertex 51.809 14.7424 2.4
    endloop
  endfacet
  facet normal 0 0 1
    outer loop
      vertex 51.7354 15.865 2.4
      vertex 51.7743 14.6775 2.4
      vertex 51.7743 15.8025 2.4
    endloop
  endfacet
  facet normal 0 0 1
    outer loop
      vertex 51.7354 15.865 2.4
      vertex 51.7354 14.615 2.4
      vertex 51.7743 14.6775 2.4
    endloop
  endfacet
  facet normal 0 0 1
    outer loop
      vertex 51.6925 15.9249 2.4
      vertex 51.7354 14.615 2.4
      vertex 51.7354 15.865 2.4
    endloop
  endfacet
  facet normal 0 0 1
    outer loop
      vertex 51.6925 15.9249 2.4
      vertex 51.6925 14.5551 2.4
      vertex 51.7354 14.615 2.4
    endloop
  endfacet
  facet normal 0 0 1
    outer loop
      vertex 51.6458 15.9818 2.4
      vertex 51.6925 14.5551 2.4
      vertex 51.6925 15.9249 2.4
    endloop
  endfacet
  facet normal 0 0 1
    outer loop
      vertex 51.6458 15.9818 2.4
      vertex 51.6458 14.4982 2.4
      vertex 51.6925 14.5551 2.4
    endloop
  endfacet
  facet normal 0 0 1
    outer loop
      vertex 51.5955 16.0355 2.4
      vertex 51.6458 14.4982 2.4
      vertex 51.6458 15.9818 2.4
    endloop
  endfacet
  facet normal 0 0 1
    outer loop
      vertex 51.5955 16.0355 2.4
      vertex 51.5955 14.4445 2.4
      vertex 51.6458 14.4982 2.4
    endloop
  endfacet
  facet normal 0 0 1
    outer loop
      vertex 51.5418 16.0858 2.4
      vertex 51.5955 14.4445 2.4
      vertex 51.5955 16.0355 2.4
    endloop
  endfacet
  facet normal 0 0 1
    outer loop
      vertex 51.5418 16.0858 2.4
      vertex 51.5418 14.3942 2.4
      vertex 51.5955 14.4445 2.4
    endloop
  endfacet
  facet normal 0 0 1
    outer loop
      vertex 51.4849 16.1325 2.4
      vertex 51.5418 14.3942 2.4
      vertex 51.5418 16.0858 2.4
    endloop
  endfacet
  facet normal 0 0 1
    outer loop
      vertex 51.4849 16.1325 2.4
      vertex 51.4849 14.3475 2.4
      vertex 51.5418 14.3942 2.4
    endloop
  endfacet
  facet normal 0 0 1
    outer loop
      vertex 51.425 16.1754 2.4
      vertex 51.4849 14.3475 2.4
      vertex 51.4849 16.1325 2.4
    endloop
  endfacet
  facet normal 0 0 1
    outer loop
      vertex 51.425 16.1754 2.4
      vertex 51.425 14.3046 2.4
      vertex 51.4849 14.3475 2.4
    endloop
  endfacet
  facet normal 0 0 1
    outer loop
      vertex 51.3625 16.2143 2.4
      vertex 51.425 14.3046 2.4
      vertex 51.425 16.1754 2.4
    endloop
  endfacet
  facet normal 0 0 1
    outer loop
      vertex 51.3625 16.2143 2.4
      vertex 51.3625 14.2657 2.4
      vertex 51.425 14.3046 2.4
    endloop
  endfacet
  facet normal 0 0 1
    outer loop
      vertex 51.2976 16.249 2.4
      vertex 51.3625 14.2657 2.4
      vertex 51.3625 16.2143 2.4
    endloop
  endfacet
  facet normal 0 0 1
    outer loop
      vertex 51.2976 16.249 2.4
      vertex 51.2976 14.231 2.4
      vertex 51.3625 14.2657 2.4
    endloop
  endfacet
  facet normal 0 0 1
    outer loop
      vertex 51.2305 16.2794 2.4
      vertex 51.2976 14.231 2.4
      vertex 51.2976 16.249 2.4
    endloop
  endfacet
  facet normal 0 0 1
    outer loop
      vertex 51.2305 16.2794 2.4
      vertex 51.2305 14.2006 2.4
      vertex 51.2976 14.231 2.4
    endloop
  endfacet
  facet normal 0 0 1
    outer loop
      vertex 51.1616 16.3053 2.4
      vertex 51.2305 14.2006 2.4
      vertex 51.2305 16.2794 2.4
    endloop
  endfacet
  facet normal 0 0 1
    outer loop
      vertex 51.1616 16.3053 2.4
      vertex 51.1616 14.1747 2.4
      vertex 51.2305 14.2006 2.4
    endloop
  endfacet
  facet normal 0 0 1
    outer loop
      vertex 51.0912 16.3267 2.4
      vertex 51.1616 14.1747 2.4
      vertex 51.1616 16.3053 2.4
    endloop
  endfacet
  facet normal 0 0 1
    outer loop
      vertex 51.0912 16.3267 2.4
      vertex 51.0912 14.1533 2.4
      vertex 51.1616 14.1747 2.4
    endloop
  endfacet
  facet normal 0 0 1
    outer loop
      vertex 51.0195 16.3434 2.4
      vertex 51.0912 14.1533 2.4
      vertex 51.0912 16.3267 2.4
    endloop
  endfacet
  facet normal 0 0 1
    outer loop
      vertex 51.0195 16.3434 2.4
      vertex 51.0195 14.1366 2.4
      vertex 51.0912 14.1533 2.4
    endloop
  endfacet
  facet normal 0 0 1
    outer loop
      vertex 50.9468 16.3554 2.4
      vertex 51.0195 14.1366 2.4
      vertex 51.0195 16.3434 2.4
    endloop
  endfacet
  facet normal 0 0 1
    outer loop
      vertex 50.9468 16.3554 2.4
      vertex 50.9468 14.1246 2.4
      vertex 51.0195 14.1366 2.4
    endloop
  endfacet
  facet normal 0 0 1
    outer loop
      vertex 50.8736 16.3626 2.4
      vertex 50.9468 14.1246 2.4
      vertex 50.9468 16.3554 2.4
    endloop
  endfacet
  facet normal 0 0 1
    outer loop
      vertex 50.8736 16.3626 2.4
      vertex 50.8736 14.1174 2.4
      vertex 50.9468 14.1246 2.4
    endloop
  endfacet
  facet normal 0 0 1
    outer loop
      vertex 50.8 16.365 2.4
      vertex 50.8736 14.1174 2.4
      vertex 50.8736 16.3626 2.4
    endloop
  endfacet
  facet normal 0 0 1
    outer loop
      vertex 50.8 16.365 2.4
      vertex 50.8 14.115 2.4
      vertex 50.8736 14.1174 2.4
    endloop
  endfacet
  facet normal -0 0 1
    outer loop
      vertex 50.7264 16.3626 2.4
      vertex 50.8 14.115 2.4
      vertex 50.8 16.365 2.4
    endloop
  endfacet
  facet normal 0 0 1
    outer loop
      vertex 50.7264 16.3626 2.4
      vertex 50.7264 14.1174 2.4
      vertex 50.8 14.115 2.4
    endloop
  endfacet
  facet normal -0 0 1
    outer loop
      vertex 50.6532 16.3554 2.4
      vertex 50.7264 14.1174 2.4
      vertex 50.7264 16.3626 2.4
    endloop
  endfacet
  facet normal 0 0 1
    outer loop
      vertex 50.6532 16.3554 2.4
      vertex 50.6532 14.1246 2.4
      vertex 50.7264 14.1174 2.4
    endloop
  endfacet
  facet normal -0 0 1
    outer loop
      vertex 50.5805 16.3434 2.4
      vertex 50.6532 14.1246 2.4
      vertex 50.6532 16.3554 2.4
    endloop
  endfacet
  facet normal 0 0 1
    outer loop
      vertex 50.5805 16.3434 2.4
      vertex 50.5805 14.1366 2.4
      vertex 50.6532 14.1246 2.4
    endloop
  endfacet
  facet normal -0 0 1
    outer loop
      vertex 50.5088 16.3267 2.4
      vertex 50.5805 14.1366 2.4
      vertex 50.5805 16.3434 2.4
    endloop
  endfacet
  facet normal 0 0 1
    outer loop
      vertex 50.5088 16.3267 2.4
      vertex 50.5088 14.1533 2.4
      vertex 50.5805 14.1366 2.4
    endloop
  endfacet
  facet normal -0 0 1
    outer loop
      vertex 50.4384 16.3053 2.4
      vertex 50.5088 14.1533 2.4
      vertex 50.5088 16.3267 2.4
    endloop
  endfacet
  facet normal 0 0 1
    outer loop
      vertex 50.4384 16.3053 2.4
      vertex 50.4384 14.1747 2.4
      vertex 50.5088 14.1533 2.4
    endloop
  endfacet
  facet normal -0 0 1
    outer loop
      vertex 50.3695 16.2794 2.4
      vertex 50.4384 14.1747 2.4
      vertex 50.4384 16.3053 2.4
    endloop
  endfacet
  facet normal 0 0 1
    outer loop
      vertex 50.3695 16.2794 2.4
      vertex 50.3695 14.2006 2.4
      vertex 50.4384 14.1747 2.4
    endloop
  endfacet
  facet normal -0 0 1
    outer loop
      vertex 50.3024 16.249 2.4
      vertex 50.3695 14.2006 2.4
      vertex 50.3695 16.2794 2.4
    endloop
  endfacet
  facet normal 0 0 1
    outer loop
      vertex 50.3024 16.249 2.4
      vertex 50.3024 14.231 2.4
      vertex 50.3695 14.2006 2.4
    endloop
  endfacet
  facet normal -0 0 1
    outer loop
      vertex 50.2375 16.2143 2.4
      vertex 50.3024 14.231 2.4
      vertex 50.3024 16.249 2.4
    endloop
  endfacet
  facet normal 0 0 1
    outer loop
      vertex 50.2375 16.2143 2.4
      vertex 50.2375 14.2657 2.4
      vertex 50.3024 14.231 2.4
    endloop
  endfacet
  facet normal -0 0 1
    outer loop
      vertex 50.175 16.1754 2.4
      vertex 50.2375 14.2657 2.4
      vertex 50.2375 16.2143 2.4
    endloop
  endfacet
  facet normal 0 0 1
    outer loop
      vertex 50.175 16.1754 2.4
      vertex 50.175 14.3046 2.4
      vertex 50.2375 14.2657 2.4
    endloop
  endfacet
  facet normal -0 0 1
    outer loop
      vertex 50.1151 16.1325 2.4
      vertex 50.175 14.3046 2.4
      vertex 50.175 16.1754 2.4
    endloop
  endfacet
  facet normal 0 0 1
    outer loop
      vertex 50.1151 16.1325 2.4
      vertex 50.1151 14.3475 2.4
      vertex 50.175 14.3046 2.4
    endloop
  endfacet
  facet normal -0 0 1
    outer loop
      vertex 50.0582 16.0858 2.4
      vertex 50.1151 14.3475 2.4
      vertex 50.1151 16.1325 2.4
    endloop
  endfacet
  facet normal 0 0 1
    outer loop
      vertex 50.0582 16.0858 2.4
      vertex 50.0582 14.3942 2.4
      vertex 50.1151 14.3475 2.4
    endloop
  endfacet
  facet normal -0 0 1
    outer loop
      vertex 50.0045 16.0355 2.4
      vertex 50.0582 14.3942 2.4
      vertex 50.0582 16.0858 2.4
    endloop
  endfacet
  facet normal 0 0 1
    outer loop
      vertex 50.0045 16.0355 2.4
      vertex 50.0045 14.4445 2.4
      vertex 50.0582 14.3942 2.4
    endloop
  endfacet
  facet normal -0 0 1
    outer loop
      vertex 49.9542 15.9818 2.4
      vertex 50.0045 14.4445 2.4
      vertex 50.0045 16.0355 2.4
    endloop
  endfacet
  facet normal 0 0 1
    outer loop
      vertex 49.9542 15.9818 2.4
      vertex 49.9542 14.4982 2.4
      vertex 50.0045 14.4445 2.4
    endloop
  endfacet
  facet normal -0 0 1
    outer loop
      vertex 49.9075 15.9249 2.4
      vertex 49.9542 14.4982 2.4
      vertex 49.9542 15.9818 2.4
    endloop
  endfacet
  facet normal 0 0 1
    outer loop
      vertex 49.9075 15.9249 2.4
      vertex 49.9075 14.5551 2.4
      vertex 49.9542 14.4982 2.4
    endloop
  endfacet
  facet normal -0 0 1
    outer loop
      vertex 49.8646 15.865 2.4
      vertex 49.9075 14.5551 2.4
      vertex 49.9075 15.9249 2.4
    endloop
  endfacet
  facet normal 0 0 1
    outer loop
      vertex 49.8646 15.865 2.4
      vertex 49.8646 14.615 2.4
      vertex 49.9075 14.5551 2.4
    endloop
  endfacet
  facet normal -0 0 1
    outer loop
      vertex 49.8257 15.8025 2.4
      vertex 49.8646 14.615 2.4
      vertex 49.8646 15.865 2.4
    endloop
  endfacet
  facet normal 0 0 1
    outer loop
      vertex 49.8257 15.8025 2.4
      vertex 49.8257 14.6775 2.4
      vertex 49.8646 14.615 2.4
    endloop
  endfacet
  facet normal -0 0 1
    outer loop
      vertex 49.791 15.7376 2.4
      vertex 49.8257 14.6775 2.4
      vertex 49.8257 15.8025 2.4
    endloop
  endfacet
  facet normal 0 0 1
    outer loop
      vertex 49.791 15.7376 2.4
      vertex 49.791 14.7424 2.4
      vertex 49.8257 14.6775 2.4
    endloop
  endfacet
  facet normal -0 0 1
    outer loop
      vertex 49.7606 15.6705 2.4
      vertex 49.791 14.7424 2.4
      vertex 49.791 15.7376 2.4
    endloop
  endfacet
  facet normal 0 0 1
    outer loop
      vertex 49.7606 15.6705 2.4
      vertex 49.7606 14.8095 2.4
      vertex 49.791 14.7424 2.4
    endloop
  endfacet
  facet normal -0 0 1
    outer loop
      vertex 49.7347 15.6016 2.4
      vertex 49.7606 14.8095 2.4
      vertex 49.7606 15.6705 2.4
    endloop
  endfacet
  facet normal 0 0 1
    outer loop
      vertex 49.7347 15.6016 2.4
      vertex 49.7347 14.8784 2.4
      vertex 49.7606 14.8095 2.4
    endloop
  endfacet
  facet normal -0 0 1
    outer loop
      vertex 49.7133 15.5312 2.4
      vertex 49.7347 14.8784 2.4
      vertex 49.7347 15.6016 2.4
    endloop
  endfacet
  facet normal 0 0 1
    outer loop
      vertex 49.7133 15.5312 2.4
      vertex 49.7133 14.9488 2.4
      vertex 49.7347 14.8784 2.4
    endloop
  endfacet
  facet normal -0 0 1
    outer loop
      vertex 49.6966 15.4595 2.4
      vertex 49.7133 14.9488 2.4
      vertex 49.7133 15.5312 2.4
    endloop
  endfacet
  facet normal 0 0 1
    outer loop
      vertex 49.6966 15.4595 2.4
      vertex 49.6966 15.0205 2.4
      vertex 49.7133 14.9488 2.4
    endloop
  endfacet
  facet normal -0 0 1
    outer loop
      vertex 49.6846 15.3868 2.4
      vertex 49.6966 15.0205 2.4
      vertex 49.6966 15.4595 2.4
    endloop
  endfacet
  facet normal 0 0 1
    outer loop
      vertex 49.6846 15.3868 2.4
      vertex 49.6846 15.0932 2.4
      vertex 49.6966 15.0205 2.4
    endloop
  endfacet
  facet normal -0 0 1
    outer loop
      vertex 49.6774 15.3136 2.4
      vertex 49.6846 15.0932 2.4
      vertex 49.6846 15.3868 2.4
    endloop
  endfacet
  facet normal 0 0 1
    outer loop
      vertex 49.6774 15.3136 2.4
      vertex 49.6774 15.1664 2.4
      vertex 49.6846 15.0932 2.4
    endloop
  endfacet
  facet normal 0 -0 1
    outer loop
      vertex 49.6774 15.1664 2.4
      vertex 49.6774 15.3136 2.4
      vertex 49.675 15.24 2.4
    endloop
  endfacet
  facet normal 0.995156 -0.0983084 0
    outer loop
      vertex 55.7643 -3.89158 2.4
      vertex 55.7836 -3.69621 0
      vertex 55.7836 -3.69621 2.4
    endloop
  endfacet
  facet normal 0.995156 -0.0983084 0
    outer loop
      vertex 55.7836 -3.69621 0
      vertex 55.7643 -3.89158 2.4
      vertex 55.7643 -3.89158 0
    endloop
  endfacet
  facet normal -0.683602 -0.729855 0
    outer loop
      vertex -1.57132 -5.62132 0
      vertex -1.42804 -5.75552 2.4
      vertex -1.57132 -5.62132 2.4
    endloop
  endfacet
  facet normal -0.683602 -0.729855 -0
    outer loop
      vertex -1.42804 -5.75552 2.4
      vertex -1.57132 -5.62132 0
      vertex -1.42804 -5.75552 0
    endloop
  endfacet
  facet normal 0.58225 0.81301 -0
    outer loop
      vertex 54.6163 78.9801 0
      vertex 54.4567 79.0944 2.4
      vertex 54.6163 78.9801 2.4
    endloop
  endfacet
  facet normal 0.58225 0.81301 0
    outer loop
      vertex 54.4567 79.0944 2.4
      vertex 54.6163 78.9801 0
      vertex 54.4567 79.0944 0
    endloop
  endfacet
  facet normal 0.290432 0.956896 -0
    outer loop
      vertex 53.7543 79.4408 0
      vertex 53.5665 79.4978 2.4
      vertex 53.7543 79.4408 2.4
    endloop
  endfacet
  facet normal 0.290432 0.956896 0
    outer loop
      vertex 53.5665 79.4978 2.4
      vertex 53.7543 79.4408 0
      vertex 53.5665 79.4978 0
    endloop
  endfacet
  facet normal 0.772876 -0.634557 0
    outer loop
      vertex 55.0455 -5.47804 2.4
      vertex 55.1701 -5.32628 0
      vertex 55.1701 -5.32628 2.4
    endloop
  endfacet
  facet normal 0.772876 -0.634557 0
    outer loop
      vertex 55.1701 -5.32628 0
      vertex 55.0455 -5.47804 2.4
      vertex 55.0455 -5.47804 0
    endloop
  endfacet
  facet normal -0.528189 0.849127 0
    outer loop
      vertex -0.95 79.1981 0
      vertex -1.11671 79.0944 2.4
      vertex -0.95 79.1981 2.4
    endloop
  endfacet
  facet normal -0.528189 0.849127 0
    outer loop
      vertex -1.11671 79.0944 2.4
      vertex -0.95 79.1981 0
      vertex -1.11671 79.0944 0
    endloop
  endfacet
  facet normal -0.0327027 -0.999465 0
    outer loop
      vertex 0.35379 -6.49358 0
      vertex 0.549999 -6.5 2.4
      vertex 0.35379 -6.49358 2.4
    endloop
  endfacet
  facet normal -0.0327027 -0.999465 -0
    outer loop
      vertex 0.549999 -6.5 2.4
      vertex 0.35379 -6.49358 0
      vertex 0.549999 -6.5 0
    endloop
  endfacet
  facet normal 0.956922 -0.290347 0
    outer loop
      vertex 55.6308 -4.46432 2.4
      vertex 55.6878 -4.27646 0
      vertex 55.6878 -4.27646 2.4
    endloop
  endfacet
  facet normal 0.956922 -0.290347 0
    outer loop
      vertex 55.6878 -4.27646 0
      vertex 55.6308 -4.46432 2.4
      vertex 55.6308 -4.46432 0
    endloop
  endfacet
  facet normal 0 0 -1
    outer loop
      vertex 52.79 -6.5 0
      vertex 55.79 -3.5 0
      vertex 55.7836 -3.69621 0
    endloop
  endfacet
  facet normal 0 0 -1
    outer loop
      vertex 55.79 -3.5 0
      vertex -2.45 -3.5 0
      vertex 55.79 76.6 0
    endloop
  endfacet
  facet normal 0 0 -1
    outer loop
      vertex 52.79 -6.5 0
      vertex 55.7836 -3.69621 0
      vertex 55.7643 -3.89158 0
    endloop
  endfacet
  facet normal 0 0 -1
    outer loop
      vertex -2.45 76.6 0
      vertex 55.79 76.6 0
      vertex -2.45 -3.5 0
    endloop
  endfacet
  facet normal 0 0 -1
    outer loop
      vertex 52.79 -6.5 0
      vertex 55.7643 -3.89158 0
      vertex 55.7324 -4.08527 0
    endloop
  endfacet
  facet normal 0 -0 -1
    outer loop
      vertex 52.79 79.6 0
      vertex 55.79 76.6 0
      vertex -2.45 76.6 0
    endloop
  endfacet
  facet normal 0 0 -1
    outer loop
      vertex 52.79 -6.5 0
      vertex 55.7324 -4.08527 0
      vertex 55.6878 -4.27646 0
    endloop
  endfacet
  facet normal 0 0 -1
    outer loop
      vertex 55.79 76.6 0
      vertex 52.79 79.6 0
      vertex 55.7836 76.7962 0
    endloop
  endfacet
  facet normal 0 0 -1
    outer loop
      vertex 52.79 -6.5 0
      vertex 55.6878 -4.27646 0
      vertex 55.6308 -4.46432 0
    endloop
  endfacet
  facet normal 0 0 -1
    outer loop
      vertex 55.7836 76.7962 0
      vertex 52.79 79.6 0
      vertex 55.7643 76.9916 0
    endloop
  endfacet
  facet normal 0 0 -1
    outer loop
      vertex 52.79 -6.5 0
      vertex 55.6308 -4.46432 0
      vertex 55.5616 -4.64805 0
    endloop
  endfacet
  facet normal 0 0 -1
    outer loop
      vertex 55.7643 76.9916 0
      vertex 52.79 79.6 0
      vertex 55.7324 77.1853 0
    endloop
  endfacet
  facet normal 0 0 -1
    outer loop
      vertex 52.79 -6.5 0
      vertex 55.5616 -4.64805 0
      vertex 55.4806 -4.82687 0
    endloop
  endfacet
  facet normal -0 0 -1
    outer loop
      vertex 55.79 -3.5 0
      vertex 52.79 -6.5 0
      vertex -2.45 -3.5 0
    endloop
  endfacet
  facet normal 0 0 -1
    outer loop
      vertex 52.79 -6.5 0
      vertex 55.4806 -4.82687 0
      vertex 55.3881 -5 0
    endloop
  endfacet
  facet normal 0 0 -1
    outer loop
      vertex 55.7324 77.1853 0
      vertex 52.79 79.6 0
      vertex 55.6878 77.3765 0
    endloop
  endfacet
  facet normal 0 0 -1
    outer loop
      vertex 52.79 -6.5 0
      vertex 55.3881 -5 0
      vertex 55.2844 -5.16671 0
    endloop
  endfacet
  facet normal 0 0 -1
    outer loop
      vertex 55.5616 77.748 0
      vertex 52.79 79.6 0
      vertex 55.4806 77.9269 0
    endloop
  endfacet
  facet normal 0 0 -1
    outer loop
      vertex 52.79 -6.5 0
      vertex 55.2844 -5.16671 0
      vertex 55.1701 -5.32628 0
    endloop
  endfacet
  facet normal 0 0 -1
    outer loop
      vertex 55.4806 77.9269 0
      vertex 52.79 79.6 0
      vertex 55.3881 78.1 0
    endloop
  endfacet
  facet normal 0 0 -1
    outer loop
      vertex 52.79 -6.5 0
      vertex 55.1701 -5.32628 0
      vertex 55.0455 -5.47804 0
    endloop
  endfacet
  facet normal 0 0 -1
    outer loop
      vertex 55.3881 78.1 0
      vertex 52.79 79.6 0
      vertex 55.2844 78.2667 0
    endloop
  endfacet
  facet normal 0 0 -1
    outer loop
      vertex 52.79 -6.5 0
      vertex 55.0455 -5.47804 0
      vertex 54.9113 -5.62132 0
    endloop
  endfacet
  facet normal 0 0 -1
    outer loop
      vertex 55.2844 78.2667 0
      vertex 52.79 79.6 0
      vertex 55.1701 78.4263 0
    endloop
  endfacet
  facet normal 0 0 -1
    outer loop
      vertex 52.79 -6.5 0
      vertex 54.9113 -5.62132 0
      vertex 54.768 -5.75552 0
    endloop
  endfacet
  facet normal 0 0 -1
    outer loop
      vertex 55.1701 78.4263 0
      vertex 52.79 79.6 0
      vertex 55.0455 78.578 0
    endloop
  endfacet
  facet normal 0 0 -1
    outer loop
      vertex 52.79 -6.5 0
      vertex 54.768 -5.75552 0
      vertex 54.6163 -5.88006 0
    endloop
  endfacet
  facet normal 0 0 -1
    outer loop
      vertex 55.0455 78.578 0
      vertex 52.79 79.6 0
      vertex 54.9113 78.7213 0
    endloop
  endfacet
  facet normal 0 0 -1
    outer loop
      vertex 52.79 -6.5 0
      vertex 54.6163 -5.88006 0
      vertex 54.4567 -5.99441 0
    endloop
  endfacet
  facet normal 0 0 -1
    outer loop
      vertex 54.9113 78.7213 0
      vertex 52.79 79.6 0
      vertex 54.768 78.8555 0
    endloop
  endfacet
  facet normal 0 0 -1
    outer loop
      vertex 52.79 -6.5 0
      vertex 54.4567 -5.99441 0
      vertex 54.29 -6.09808 0
    endloop
  endfacet
  facet normal 0 0 -1
    outer loop
      vertex 54.768 78.8555 0
      vertex 52.79 79.6 0
      vertex 54.6163 78.9801 0
    endloop
  endfacet
  facet normal 0 0 -1
    outer loop
      vertex 52.79 -6.5 0
      vertex 54.29 -6.09808 0
      vertex 54.1169 -6.19062 0
    endloop
  endfacet
  facet normal 0 0 -1
    outer loop
      vertex 54.6163 78.9801 0
      vertex 52.79 79.6 0
      vertex 54.4567 79.0944 0
    endloop
  endfacet
  facet normal 0 0 -1
    outer loop
      vertex 52.79 -6.5 0
      vertex 54.1169 -6.19062 0
      vertex 53.938 -6.27164 0
    endloop
  endfacet
  facet normal 0 0 -1
    outer loop
      vertex 54.4567 79.0944 0
      vertex 52.79 79.6 0
      vertex 54.29 79.1981 0
    endloop
  endfacet
  facet normal 0 0 -1
    outer loop
      vertex 52.79 -6.5 0
      vertex 53.938 -6.27164 0
      vertex 53.7543 -6.34079 0
    endloop
  endfacet
  facet normal 0 0 -1
    outer loop
      vertex 54.29 79.1981 0
      vertex 52.79 79.6 0
      vertex 54.1169 79.2906 0
    endloop
  endfacet
  facet normal 0 0 -1
    outer loop
      vertex 52.79 -6.5 0
      vertex 53.7543 -6.34079 0
      vertex 53.5665 -6.39778 0
    endloop
  endfacet
  facet normal 0 0 -1
    outer loop
      vertex 54.1169 79.2906 0
      vertex 52.79 79.6 0
      vertex 53.938 79.3716 0
    endloop
  endfacet
  facet normal 0 0 -1
    outer loop
      vertex 52.79 -6.5 0
      vertex 53.5665 -6.39778 0
      vertex 53.3753 -6.44236 0
    endloop
  endfacet
  facet normal 0 0 -1
    outer loop
      vertex 53.938 79.3716 0
      vertex 52.79 79.6 0
      vertex 53.7543 79.4408 0
    endloop
  endfacet
  facet normal 0 0 -1
    outer loop
      vertex 52.79 -6.5 0
      vertex 53.3753 -6.44236 0
      vertex 53.1816 -6.47433 0
    endloop
  endfacet
  facet normal 0 0 -1
    outer loop
      vertex 53.7543 79.4408 0
      vertex 52.79 79.6 0
      vertex 53.5665 79.4978 0
    endloop
  endfacet
  facet normal 0 0 -1
    outer loop
      vertex 52.79 -6.5 0
      vertex 53.1816 -6.47433 0
      vertex 52.9862 -6.49358 0
    endloop
  endfacet
  facet normal 0 0 -1
    outer loop
      vertex 53.5665 79.4978 0
      vertex 52.79 79.6 0
      vertex 53.3753 79.5424 0
    endloop
  endfacet
  facet normal 0 0 -1
    outer loop
      vertex 53.3753 79.5424 0
      vertex 52.79 79.6 0
      vertex 53.1816 79.5743 0
    endloop
  endfacet
  facet normal 0 0 -1
    outer loop
      vertex 53.1816 79.5743 0
      vertex 52.79 79.6 0
      vertex 52.9862 79.5936 0
    endloop
  endfacet
  facet normal 0 0 -1
    outer loop
      vertex -2.45 -3.5 0
      vertex 52.79 -6.5 0
      vertex 0.549999 -6.5 0
    endloop
  endfacet
  facet normal 0 0 -1
    outer loop
      vertex 55.6878 77.3765 0
      vertex 52.79 79.6 0
      vertex 55.6308 77.5643 0
    endloop
  endfacet
  facet normal 0 0 -1
    outer loop
      vertex -2.45 -3.5 0
      vertex 0.549999 -6.5 0
      vertex 0.35379 -6.49358 0
    endloop
  endfacet
  facet normal 0 0 -1
    outer loop
      vertex 55.6308 77.5643 0
      vertex 52.79 79.6 0
      vertex 55.5616 77.748 0
    endloop
  endfacet
  facet normal 0 0 -1
    outer loop
      vertex -2.45 -3.5 0
      vertex 0.35379 -6.49358 0
      vertex 0.158421 -6.47433 0
    endloop
  endfacet
  facet normal -0 0 -1
    outer loop
      vertex 52.79 79.6 0
      vertex -2.45 76.6 0
      vertex 0.549999 79.6 0
    endloop
  endfacet
  facet normal 0 0 -1
    outer loop
      vertex -2.45 -3.5 0
      vertex 0.158421 -6.47433 0
      vertex -0.0352707 -6.44236 0
    endloop
  endfacet
  facet normal 0 0 -1
    outer loop
      vertex 0.549999 79.6 0
      vertex -2.45 76.6 0
      vertex 0.35379 79.5936 0
    endloop
  endfacet
  facet normal 0 0 -1
    outer loop
      vertex -2.45 -3.5 0
      vertex -0.0352707 -6.44236 0
      vertex -0.226457 -6.39778 0
    endloop
  endfacet
  facet normal 0 0 -1
    outer loop
      vertex 0.35379 79.5936 0
      vertex -2.45 76.6 0
      vertex 0.158421 79.5743 0
    endloop
  endfacet
  facet normal 0 0 -1
    outer loop
      vertex -2.45 -3.5 0
      vertex -0.226457 -6.39778 0
      vertex -0.414318 -6.34079 0
    endloop
  endfacet
  facet normal 0 0 -1
    outer loop
      vertex 0.158421 79.5743 0
      vertex -2.45 76.6 0
      vertex -0.0352707 79.5424 0
    endloop
  endfacet
  facet normal 0 0 -1
    outer loop
      vertex -2.45 -3.5 0
      vertex -0.414318 -6.34079 0
      vertex -0.59805 -6.27164 0
    endloop
  endfacet
  facet normal 0 0 -1
    outer loop
      vertex -0.0352707 79.5424 0
      vertex -2.45 76.6 0
      vertex -0.226457 79.4978 0
    endloop
  endfacet
  facet normal 0 0 -1
    outer loop
      vertex -2.45 -3.5 0
      vertex -0.59805 -6.27164 0
      vertex -0.776866 -6.19062 0
    endloop
  endfacet
  facet normal 0 0 -1
    outer loop
      vertex -0.226457 79.4978 0
      vertex -2.45 76.6 0
      vertex -0.414318 79.4408 0
    endloop
  endfacet
  facet normal 0 0 -1
    outer loop
      vertex -2.45 -3.5 0
      vertex -0.776866 -6.19062 0
      vertex -0.95 -6.09808 0
    endloop
  endfacet
  facet normal 0 0 -1
    outer loop
      vertex -0.414318 79.4408 0
      vertex -2.45 76.6 0
      vertex -0.59805 79.3716 0
    endloop
  endfacet
  facet normal 0 0 -1
    outer loop
      vertex -2.45 -3.5 0
      vertex -0.95 -6.09808 0
      vertex -1.11671 -5.99441 0
    endloop
  endfacet
  facet normal 0 0 -1
    outer loop
      vertex -0.59805 79.3716 0
      vertex -2.45 76.6 0
      vertex -0.776866 79.2906 0
    endloop
  endfacet
  facet normal 0 0 -1
    outer loop
      vertex -2.45 -3.5 0
      vertex -1.11671 -5.99441 0
      vertex -1.27628 -5.88006 0
    endloop
  endfacet
  facet normal 0 0 -1
    outer loop
      vertex -0.776866 79.2906 0
      vertex -2.45 76.6 0
      vertex -0.95 79.1981 0
    endloop
  endfacet
  facet normal 0 0 -1
    outer loop
      vertex -2.45 -3.5 0
      vertex -1.27628 -5.88006 0
      vertex -1.42804 -5.75552 0
    endloop
  endfacet
  facet normal 0 0 -1
    outer loop
      vertex -0.95 79.1981 0
      vertex -2.45 76.6 0
      vertex -1.11671 79.0944 0
    endloop
  endfacet
  facet normal 0 0 -1
    outer loop
      vertex -2.45 -3.5 0
      vertex -1.42804 -5.75552 0
      vertex -1.57132 -5.62132 0
    endloop
  endfacet
  facet normal 0 0 -1
    outer loop
      vertex -1.11671 79.0944 0
      vertex -2.45 76.6 0
      vertex -1.27628 78.9801 0
    endloop
  endfacet
  facet normal 0 0 -1
    outer loop
      vertex -2.45 -3.5 0
      vertex -1.57132 -5.62132 0
      vertex -1.70552 -5.47804 0
    endloop
  endfacet
  facet normal 0 0 -1
    outer loop
      vertex -1.27628 78.9801 0
      vertex -2.45 76.6 0
      vertex -1.42804 78.8555 0
    endloop
  endfacet
  facet normal 0 0 -1
    outer loop
      vertex -2.45 -3.5 0
      vertex -1.70552 -5.47804 0
      vertex -1.83006 -5.32628 0
    endloop
  endfacet
  facet normal 0 0 -1
    outer loop
      vertex -1.42804 78.8555 0
      vertex -2.45 76.6 0
      vertex -1.57132 78.7213 0
    endloop
  endfacet
  facet normal 0 0 -1
    outer loop
      vertex -2.45 -3.5 0
      vertex -1.83006 -5.32628 0
      vertex -1.94441 -5.16671 0
    endloop
  endfacet
  facet normal 0 0 -1
    outer loop
      vertex -1.57132 78.7213 0
      vertex -2.45 76.6 0
      vertex -1.70552 78.578 0
    endloop
  endfacet
  facet normal 0 0 -1
    outer loop
      vertex -2.45 -3.5 0
      vertex -1.94441 -5.16671 0
      vertex -2.04808 -5 0
    endloop
  endfacet
  facet normal 0 0 -1
    outer loop
      vertex -1.70552 78.578 0
      vertex -2.45 76.6 0
      vertex -1.83006 78.4263 0
    endloop
  endfacet
  facet normal 0 0 -1
    outer loop
      vertex -2.45 -3.5 0
      vertex -2.04808 -5 0
      vertex -2.14062 -4.82687 0
    endloop
  endfacet
  facet normal 0 0 -1
    outer loop
      vertex -1.83006 78.4263 0
      vertex -2.45 76.6 0
      vertex -1.94441 78.2667 0
    endloop
  endfacet
  facet normal 0 0 -1
    outer loop
      vertex -2.45 -3.5 0
      vertex -2.14062 -4.82687 0
      vertex -2.22164 -4.64805 0
    endloop
  endfacet
  facet normal 0 0 -1
    outer loop
      vertex -1.94441 78.2667 0
      vertex -2.45 76.6 0
      vertex -2.04808 78.1 0
    endloop
  endfacet
  facet normal 0 0 -1
    outer loop
      vertex -2.45 -3.5 0
      vertex -2.22164 -4.64805 0
      vertex -2.29079 -4.46432 0
    endloop
  endfacet
  facet normal 0 0 -1
    outer loop
      vertex -2.04808 78.1 0
      vertex -2.45 76.6 0
      vertex -2.14062 77.9269 0
    endloop
  endfacet
  facet normal 0 0 -1
    outer loop
      vertex -2.45 -3.5 0
      vertex -2.29079 -4.46432 0
      vertex -2.34778 -4.27646 0
    endloop
  endfacet
  facet normal 0 0 -1
    outer loop
      vertex -2.14062 77.9269 0
      vertex -2.45 76.6 0
      vertex -2.22164 77.748 0
    endloop
  endfacet
  facet normal 0 0 -1
    outer loop
      vertex -2.45 -3.5 0
      vertex -2.34778 -4.27646 0
      vertex -2.39235 -4.08527 0
    endloop
  endfacet
  facet normal 0 0 -1
    outer loop
      vertex -2.22164 77.748 0
      vertex -2.45 76.6 0
      vertex -2.29079 77.5643 0
    endloop
  endfacet
  facet normal 0 0 -1
    outer loop
      vertex -2.45 -3.5 0
      vertex -2.39235 -4.08527 0
      vertex -2.42433 -3.89158 0
    endloop
  endfacet
  facet normal 0 0 -1
    outer loop
      vertex -2.29079 77.5643 0
      vertex -2.45 76.6 0
      vertex -2.34778 77.3765 0
    endloop
  endfacet
  facet normal 0 0 -1
    outer loop
      vertex -2.45 -3.5 0
      vertex -2.42433 -3.89158 0
      vertex -2.44358 -3.69621 0
    endloop
  endfacet
  facet normal 0 0 -1
    outer loop
      vertex -2.34778 77.3765 0
      vertex -2.45 76.6 0
      vertex -2.39235 77.1853 0
    endloop
  endfacet
  facet normal 0 0 -1
    outer loop
      vertex -2.39235 77.1853 0
      vertex -2.45 76.6 0
      vertex -2.42433 76.9916 0
    endloop
  endfacet
  facet normal 0 0 -1
    outer loop
      vertex -2.42433 76.9916 0
      vertex -2.45 76.6 0
      vertex -2.44358 76.7962 0
    endloop
  endfacet
  facet normal 0.162846 -0.986652 0
    outer loop
      vertex 53.1816 -6.47433 0
      vertex 53.3753 -6.44236 2.4
      vertex 53.1816 -6.47433 2.4
    endloop
  endfacet
  facet normal 0.162846 -0.986652 0
    outer loop
      vertex 53.3753 -6.44236 2.4
      vertex 53.1816 -6.47433 0
      vertex 53.3753 -6.44236 0
    endloop
  endfacet
  facet normal 0.0980413 -0.995182 0
    outer loop
      vertex 52.9862 -6.49358 0
      vertex 53.1816 -6.47433 2.4
      vertex 52.9862 -6.49358 2.4
    endloop
  endfacet
  facet normal 0.0980413 -0.995182 0
    outer loop
      vertex 53.1816 -6.47433 2.4
      vertex 52.9862 -6.49358 0
      vertex 53.1816 -6.47433 0
    endloop
  endfacet
  facet normal 0.227069 -0.973879 0
    outer loop
      vertex 53.3753 -6.44236 0
      vertex 53.5665 -6.39778 2.4
      vertex 53.3753 -6.44236 2.4
    endloop
  endfacet
  facet normal 0.227069 -0.973879 0
    outer loop
      vertex 53.5665 -6.39778 2.4
      vertex 53.3753 -6.44236 0
      vertex 53.5665 -6.39778 0
    endloop
  endfacet
  facet normal 0.0327042 -0.999465 0
    outer loop
      vertex 52.79 -6.5 0
      vertex 52.9862 -6.49358 2.4
      vertex 52.79 -6.5 2.4
    endloop
  endfacet
  facet normal 0.0327042 -0.999465 0
    outer loop
      vertex 52.9862 -6.49358 2.4
      vertex 52.79 -6.5 0
      vertex 52.9862 -6.49358 0
    endloop
  endfacet
  facet normal -0.812838 -0.58249 0
    outer loop
      vertex -1.83006 -5.32628 0
      vertex -1.94441 -5.16671 2.4
      vertex -1.94441 -5.16671 0
    endloop
  endfacet
  facet normal -0.812838 -0.58249 0
    outer loop
      vertex -1.94441 -5.16671 2.4
      vertex -1.83006 -5.32628 0
      vertex -1.83006 -5.32628 2.4
    endloop
  endfacet
  facet normal -0.849195 -0.528079 0
    outer loop
      vertex -1.94441 -5.16671 0
      vertex -2.04808 -5 2.4
      vertex -2.04808 -5 0
    endloop
  endfacet
  facet normal -0.849195 -0.528079 0
    outer loop
      vertex -2.04808 -5 2.4
      vertex -1.94441 -5.16671 0
      vertex -1.94441 -5.16671 2.4
    endloop
  endfacet
  facet normal 0.227165 0.973856 -0
    outer loop
      vertex 53.5665 79.4978 0
      vertex 53.3753 79.5424 2.4
      vertex 53.5665 79.4978 2.4
    endloop
  endfacet
  facet normal 0.227165 0.973856 0
    outer loop
      vertex 53.3753 79.5424 2.4
      vertex 53.5665 79.4978 0
      vertex 53.3753 79.5424 0
    endloop
  endfacet
  facet normal -0.772903 0.634524 0
    outer loop
      vertex -1.83006 78.4263 0
      vertex -1.70552 78.578 2.4
      vertex -1.70552 78.578 0
    endloop
  endfacet
  facet normal -0.772903 0.634524 0
    outer loop
      vertex -1.70552 78.578 2.4
      vertex -1.83006 78.4263 0
      vertex -1.83006 78.4263 2.4
    endloop
  endfacet
  facet normal 0.412544 -0.910938 0
    outer loop
      vertex 53.938 -6.27164 0
      vertex 54.1169 -6.19062 2.4
      vertex 53.938 -6.27164 2.4
    endloop
  endfacet
  facet normal 0.412544 -0.910938 0
    outer loop
      vertex 54.1169 -6.19062 2.4
      vertex 53.938 -6.27164 0
      vertex 54.1169 -6.19062 0
    endloop
  endfacet
  facet normal -0.290345 0.956922 0
    outer loop
      vertex -0.226457 79.4978 0
      vertex -0.414318 79.4408 2.4
      vertex -0.226457 79.4978 2.4
    endloop
  endfacet
  facet normal -0.290345 0.956922 0
    outer loop
      vertex -0.414318 79.4408 2.4
      vertex -0.226457 79.4978 0
      vertex -0.414318 79.4408 0
    endloop
  endfacet
  facet normal 0.471461 -0.881887 0
    outer loop
      vertex 54.1169 -6.19062 0
      vertex 54.29 -6.09808 2.4
      vertex 54.1169 -6.19062 2.4
    endloop
  endfacet
  facet normal 0.471461 -0.881887 0
    outer loop
      vertex 54.29 -6.09808 2.4
      vertex 54.1169 -6.19062 0
      vertex 54.29 -6.09808 0
    endloop
  endfacet
  facet normal -0.412705 -0.910865 0
    outer loop
      vertex -0.776866 -6.19062 0
      vertex -0.59805 -6.27164 2.4
      vertex -0.776866 -6.19062 2.4
    endloop
  endfacet
  facet normal -0.412705 -0.910865 -0
    outer loop
      vertex -0.59805 -6.27164 2.4
      vertex -0.776866 -6.19062 0
      vertex -0.59805 -6.27164 0
    endloop
  endfacet
  facet normal -0.352465 0.935825 0
    outer loop
      vertex -0.414318 79.4408 0
      vertex -0.59805 79.3716 2.4
      vertex -0.414318 79.4408 2.4
    endloop
  endfacet
  facet normal -0.352465 0.935825 0
    outer loop
      vertex -0.59805 79.3716 2.4
      vertex -0.414318 79.4408 0
      vertex -0.59805 79.3716 0
    endloop
  endfacet
  facet normal 0.683551 -0.729902 0
    outer loop
      vertex 54.768 -5.75552 0
      vertex 54.9113 -5.62132 2.4
      vertex 54.768 -5.75552 2.4
    endloop
  endfacet
  facet normal 0.683551 -0.729902 0
    outer loop
      vertex 54.9113 -5.62132 2.4
      vertex 54.768 -5.75552 0
      vertex 54.9113 -5.62132 0
    endloop
  endfacet
  facet normal 0.290385 -0.95691 0
    outer loop
      vertex 53.5665 -6.39778 0
      vertex 53.7543 -6.34079 2.4
      vertex 53.5665 -6.39778 2.4
    endloop
  endfacet
  facet normal 0.290385 -0.95691 0
    outer loop
      vertex 53.7543 -6.34079 2.4
      vertex 53.5665 -6.39778 0
      vertex 53.7543 -6.34079 0
    endloop
  endfacet
  facet normal 0.352296 -0.935889 0
    outer loop
      vertex 53.7543 -6.34079 0
      vertex 53.938 -6.27164 2.4
      vertex 53.7543 -6.34079 2.4
    endloop
  endfacet
  facet normal 0.352296 -0.935889 0
    outer loop
      vertex 53.938 -6.27164 2.4
      vertex 53.7543 -6.34079 0
      vertex 53.938 -6.27164 0
    endloop
  endfacet
  facet normal -0.729855 -0.683602 0
    outer loop
      vertex -1.57132 -5.62132 0
      vertex -1.70552 -5.47804 2.4
      vertex -1.70552 -5.47804 0
    endloop
  endfacet
  facet normal -0.729855 -0.683602 0
    outer loop
      vertex -1.70552 -5.47804 2.4
      vertex -1.57132 -5.62132 0
      vertex -1.57132 -5.62132 2.4
    endloop
  endfacet
  facet normal 0.634524 -0.772903 0
    outer loop
      vertex 54.6163 -5.88006 0
      vertex 54.768 -5.75552 2.4
      vertex 54.6163 -5.88006 2.4
    endloop
  endfacet
  facet normal 0.634524 -0.772903 0
    outer loop
      vertex 54.768 -5.75552 2.4
      vertex 54.6163 -5.88006 0
      vertex 54.768 -5.75552 0
    endloop
  endfacet
  facet normal -0.729902 0.683551 0
    outer loop
      vertex -1.70552 78.578 0
      vertex -1.57132 78.7213 2.4
      vertex -1.57132 78.7213 0
    endloop
  endfacet
  facet normal -0.729902 0.683551 0
    outer loop
      vertex -1.57132 78.7213 2.4
      vertex -1.70552 78.578 0
      vertex -1.70552 78.578 2.4
    endloop
  endfacet
  facet normal -0.47123 0.88201 0
    outer loop
      vertex -0.776866 79.2906 0
      vertex -0.95 79.1981 2.4
      vertex -0.776866 79.2906 2.4
    endloop
  endfacet
  facet normal -0.47123 0.88201 0
    outer loop
      vertex -0.95 79.1981 2.4
      vertex -0.776866 79.2906 0
      vertex -0.95 79.1981 0
    endloop
  endfacet
  facet normal 0 0 1
    outer loop
      vertex -1.25 -3.31313 4.75
      vertex -0.449997 14.4232 4.75
      vertex -0.45437 14.4377 4.75
    endloop
  endfacet
  facet normal -0 0 1
    outer loop
      vertex 53.7874 76.4785 4.75
      vertex 54.59 76.4131 4.75
      vertex 54.5862 76.5308 4.75
    endloop
  endfacet
  facet normal 0 0 1
    outer loop
      vertex 54.59 76.4131 4.75
      vertex 53.9 15.24 4.75
      vertex 54.59 -3.31305 4.75
    endloop
  endfacet
  facet normal 0 0 1
    outer loop
      vertex 53.7874 76.4785 4.75
      vertex 54.5862 76.5308 4.75
      vertex 54.5733 76.6611 4.75
    endloop
  endfacet
  facet normal -0 0 1
    outer loop
      vertex 53.8934 15.0373 4.75
      vertex 54.59 -3.31305 4.75
      vertex 53.9 15.24 4.75
    endloop
  endfacet
  facet normal 0 0 1
    outer loop
      vertex 53.7797 76.5566 4.75
      vertex 54.5733 76.6611 4.75
      vertex 54.552 76.7903 4.75
    endloop
  endfacet
  facet normal -0 0 1
    outer loop
      vertex 53.8735 14.8354 4.75
      vertex 54.59 -3.31305 4.75
      vertex 53.8934 15.0373 4.75
    endloop
  endfacet
  facet normal 0 0 1
    outer loop
      vertex 53.7669 76.6341 4.75
      vertex 54.552 76.7903 4.75
      vertex 54.5222 76.9178 4.75
    endloop
  endfacet
  facet normal -0 0 1
    outer loop
      vertex 53.8404 14.6352 4.75
      vertex 54.59 -3.31305 4.75
      vertex 53.8735 14.8354 4.75
    endloop
  endfacet
  facet normal 0 0 1
    outer loop
      vertex 53.7491 76.7106 4.75
      vertex 54.5222 76.9178 4.75
      vertex 54.4843 77.043 4.75
    endloop
  endfacet
  facet normal -0 0 1
    outer loop
      vertex 53.7944 14.4377 4.75
      vertex 54.59 -3.31305 4.75
      vertex 53.8404 14.6352 4.75
    endloop
  endfacet
  facet normal 0 0 1
    outer loop
      vertex 53.7263 76.7857 4.75
      vertex 54.4843 77.043 4.75
      vertex 54.4382 77.1655 4.75
    endloop
  endfacet
  facet normal -0 0 1
    outer loop
      vertex 53.79 14.4232 4.75
      vertex 54.59 -3.31305 4.75
      vertex 53.7944 14.4377 4.75
    endloop
  endfacet
  facet normal 0 0 1
    outer loop
      vertex 53.6987 76.8592 4.75
      vertex 54.4382 77.1655 4.75
      vertex 54.3841 77.2847 4.75
    endloop
  endfacet
  facet normal -0 0 1
    outer loop
      vertex 53.79 -3.29999 4.75
      vertex 54.59 -3.31305 4.75
      vertex 53.79 14.4232 4.75
    endloop
  endfacet
  facet normal 0 0 1
    outer loop
      vertex 53.6662 76.9307 4.75
      vertex 54.3841 77.2847 4.75
      vertex 54.3224 77.4002 4.75
    endloop
  endfacet
  facet normal 0 0 1
    outer loop
      vertex 53.7874 -3.37848 4.75
      vertex 54.59 -3.31305 4.75
      vertex 53.79 -3.29999 4.75
    endloop
  endfacet
  facet normal 0 0 1
    outer loop
      vertex 53.6292 77 4.75
      vertex 54.3224 77.4002 4.75
      vertex 54.2533 77.5114 4.75
    endloop
  endfacet
  facet normal 0 0 1
    outer loop
      vertex 54.59 -3.31305 4.75
      vertex 53.7874 -3.37848 4.75
      vertex 54.5862 -3.43085 4.75
    endloop
  endfacet
  facet normal 0 0 1
    outer loop
      vertex 53.5878 77.0667 4.75
      vertex 54.2533 77.5114 4.75
      vertex 54.177 77.6178 4.75
    endloop
  endfacet
  facet normal 0 0 1
    outer loop
      vertex 54.5862 -3.43085 4.75
      vertex 53.7874 -3.37848 4.75
      vertex 54.5733 -3.56111 4.75
    endloop
  endfacet
  facet normal 0 0 1
    outer loop
      vertex 53.542 77.1305 4.75
      vertex 54.177 77.6178 4.75
      vertex 54.094 77.719 4.75
    endloop
  endfacet
  facet normal -0 0 1
    outer loop
      vertex 53.7797 -3.45662 4.75
      vertex 54.5733 -3.56111 4.75
      vertex 53.7874 -3.37848 4.75
    endloop
  endfacet
  facet normal 0 0 1
    outer loop
      vertex 53.4922 77.1912 4.75
      vertex 54.094 77.719 4.75
      vertex 54.0045 77.8145 4.75
    endloop
  endfacet
  facet normal 0 0 1
    outer loop
      vertex 54.5733 -3.56111 4.75
      vertex 53.7797 -3.45662 4.75
      vertex 54.552 -3.69026 4.75
    endloop
  endfacet
  facet normal 0 0 1
    outer loop
      vertex 53.4385 77.2485 4.75
      vertex 54.0045 77.8145 4.75
      vertex 53.909 77.904 4.75
    endloop
  endfacet
  facet normal -0 0 1
    outer loop
      vertex 53.7669 -3.5341 4.75
      vertex 54.552 -3.69026 4.75
      vertex 53.7797 -3.45662 4.75
    endloop
  endfacet
  facet normal 0 0 1
    outer loop
      vertex 54.552 -3.69026 4.75
      vertex 53.7669 -3.5341 4.75
      vertex 54.5222 -3.81779 4.75
    endloop
  endfacet
  facet normal 0 0 1
    outer loop
      vertex 54.59 76.4131 4.75
      vertex 53.8934 15.4427 4.75
      vertex 53.9 15.24 4.75
    endloop
  endfacet
  facet normal 0 0 1
    outer loop
      vertex 54.59 76.4131 4.75
      vertex 53.79 76.4 4.75
      vertex 53.79 16.0568 4.75
    endloop
  endfacet
  facet normal 0 0 1
    outer loop
      vertex 54.59 76.4131 4.75
      vertex 53.8735 15.6446 4.75
      vertex 53.8934 15.4427 4.75
    endloop
  endfacet
  facet normal 0 0 1
    outer loop
      vertex 53.3812 77.3022 4.75
      vertex 53.909 77.904 4.75
      vertex 53.8078 77.987 4.75
    endloop
  endfacet
  facet normal 0 0 1
    outer loop
      vertex 54.59 76.4131 4.75
      vertex 53.8404 15.8448 4.75
      vertex 53.8735 15.6446 4.75
    endloop
  endfacet
  facet normal 0 0 1
    outer loop
      vertex 54.59 76.4131 4.75
      vertex 53.7944 16.0423 4.75
      vertex 53.8404 15.8448 4.75
    endloop
  endfacet
  facet normal 0 0 1
    outer loop
      vertex 54.59 76.4131 4.75
      vertex 53.7874 76.4785 4.75
      vertex 53.79 76.4 4.75
    endloop
  endfacet
  facet normal 0 0 1
    outer loop
      vertex 54.5733 76.6611 4.75
      vertex 53.7797 76.5566 4.75
      vertex 53.7874 76.4785 4.75
    endloop
  endfacet
  facet normal 0 0 1
    outer loop
      vertex 54.552 76.7903 4.75
      vertex 53.7669 76.6341 4.75
      vertex 53.7797 76.5566 4.75
    endloop
  endfacet
  facet normal 0 0 1
    outer loop
      vertex 54.5222 76.9178 4.75
      vertex 53.7491 76.7106 4.75
      vertex 53.7669 76.6341 4.75
    endloop
  endfacet
  facet normal 0 0 1
    outer loop
      vertex 54.4843 77.043 4.75
      vertex 53.7263 76.7857 4.75
      vertex 53.7491 76.7106 4.75
    endloop
  endfacet
  facet normal 0 0 1
    outer loop
      vertex 53.3205 77.352 4.75
      vertex 53.8078 77.987 4.75
      vertex 53.7014 78.0633 4.75
    endloop
  endfacet
  facet normal 0 0 1
    outer loop
      vertex 54.4382 77.1655 4.75
      vertex 53.6987 76.8592 4.75
      vertex 53.7263 76.7857 4.75
    endloop
  endfacet
  facet normal 0 0 1
    outer loop
      vertex 54.3841 77.2847 4.75
      vertex 53.6662 76.9307 4.75
      vertex 53.6987 76.8592 4.75
    endloop
  endfacet
  facet normal 0 0 1
    outer loop
      vertex 54.3224 77.4002 4.75
      vertex 53.6292 77 4.75
      vertex 53.6662 76.9307 4.75
    endloop
  endfacet
  facet normal 0 0 1
    outer loop
      vertex 53.2567 77.3978 4.75
      vertex 53.7014 78.0633 4.75
      vertex 53.5902 78.1324 4.75
    endloop
  endfacet
  facet normal 0 0 1
    outer loop
      vertex 54.2533 77.5114 4.75
      vertex 53.5878 77.0667 4.75
      vertex 53.6292 77 4.75
    endloop
  endfacet
  facet normal 0 0 1
    outer loop
      vertex 54.177 77.6178 4.75
      vertex 53.542 77.1305 4.75
      vertex 53.5878 77.0667 4.75
    endloop
  endfacet
  facet normal 0 0 1
    outer loop
      vertex 54.094 77.719 4.75
      vertex 53.4922 77.1912 4.75
      vertex 53.542 77.1305 4.75
    endloop
  endfacet
  facet normal 0 0 1
    outer loop
      vertex 53.19 77.4392 4.75
      vertex 53.5902 78.1324 4.75
      vertex 53.4748 78.1941 4.75
    endloop
  endfacet
  facet normal 0 0 1
    outer loop
      vertex 54.0045 77.8145 4.75
      vertex 53.4385 77.2485 4.75
      vertex 53.4922 77.1912 4.75
    endloop
  endfacet
  facet normal 0 0 1
    outer loop
      vertex 53.909 77.904 4.75
      vertex 53.3812 77.3022 4.75
      vertex 53.4385 77.2485 4.75
    endloop
  endfacet
  facet normal 0 0 1
    outer loop
      vertex 53.1207 77.4762 4.75
      vertex 53.4748 78.1941 4.75
      vertex 53.3555 78.2481 4.75
    endloop
  endfacet
  facet normal 0 0 1
    outer loop
      vertex 53.8078 77.987 4.75
      vertex 53.3205 77.352 4.75
      vertex 53.3812 77.3022 4.75
    endloop
  endfacet
  facet normal 0 0 1
    outer loop
      vertex 53.7014 78.0633 4.75
      vertex 53.2567 77.3978 4.75
      vertex 53.3205 77.352 4.75
    endloop
  endfacet
  facet normal 0 0 1
    outer loop
      vertex 53.0492 77.5087 4.75
      vertex 53.3555 78.2481 4.75
      vertex 53.233 78.2943 4.75
    endloop
  endfacet
  facet normal 0 0 1
    outer loop
      vertex 53.5902 78.1324 4.75
      vertex 53.19 77.4392 4.75
      vertex 53.2567 77.3978 4.75
    endloop
  endfacet
  facet normal 0 0 1
    outer loop
      vertex 53.4748 78.1941 4.75
      vertex 53.1207 77.4762 4.75
      vertex 53.19 77.4392 4.75
    endloop
  endfacet
  facet normal 0 0 1
    outer loop
      vertex 52.9757 77.5363 4.75
      vertex 53.233 78.2943 4.75
      vertex 53.1077 78.3323 4.75
    endloop
  endfacet
  facet normal 0 0 1
    outer loop
      vertex 53.3555 78.2481 4.75
      vertex 53.0492 77.5087 4.75
      vertex 53.1207 77.4762 4.75
    endloop
  endfacet
  facet normal 0 0 1
    outer loop
      vertex 52.9006 77.5591 4.75
      vertex 53.1077 78.3323 4.75
      vertex 52.9803 78.362 4.75
    endloop
  endfacet
  facet normal 0 0 1
    outer loop
      vertex 53.233 78.2943 4.75
      vertex 52.9757 77.5363 4.75
      vertex 53.0492 77.5087 4.75
    endloop
  endfacet
  facet normal 0 0 1
    outer loop
      vertex 53.1077 78.3323 4.75
      vertex 52.9006 77.5591 4.75
      vertex 52.9757 77.5363 4.75
    endloop
  endfacet
  facet normal 0 0 1
    outer loop
      vertex 52.8241 77.5769 4.75
      vertex 52.9803 78.362 4.75
      vertex 52.8511 78.3833 4.75
    endloop
  endfacet
  facet normal 0 0 1
    outer loop
      vertex 52.9803 78.362 4.75
      vertex 52.8241 77.5769 4.75
      vertex 52.9006 77.5591 4.75
    endloop
  endfacet
  facet normal 0 0 1
    outer loop
      vertex 52.8511 78.3833 4.75
      vertex 52.7466 77.5897 4.75
      vertex 52.8241 77.5769 4.75
    endloop
  endfacet
  facet normal 0 0 1
    outer loop
      vertex 52.7208 78.3961 4.75
      vertex 52.7466 77.5897 4.75
      vertex 52.8511 78.3833 4.75
    endloop
  endfacet
  facet normal 0 0 1
    outer loop
      vertex 52.7208 78.3961 4.75
      vertex 52.6685 77.5974 4.75
      vertex 52.7466 77.5897 4.75
    endloop
  endfacet
  facet normal 0 0 1
    outer loop
      vertex 52.6031 78.4 4.75
      vertex 52.6685 77.5974 4.75
      vertex 52.7208 78.3961 4.75
    endloop
  endfacet
  facet normal 0 0 1
    outer loop
      vertex 52.6031 78.4 4.75
      vertex 52.59 77.6 4.75
      vertex 52.6685 77.5974 4.75
    endloop
  endfacet
  facet normal 0 0 1
    outer loop
      vertex 52.6031 78.4 4.75
      vertex 0.75 77.6 4.75
      vertex 52.59 77.6 4.75
    endloop
  endfacet
  facet normal -0 0 1
    outer loop
      vertex 0.736938 78.4 4.75
      vertex 0.75 77.6 4.75
      vertex 52.6031 78.4 4.75
    endloop
  endfacet
  facet normal 0 0 1
    outer loop
      vertex 0.736938 78.4 4.75
      vertex 0.671509 77.5974 4.75
      vertex 0.75 77.6 4.75
    endloop
  endfacet
  facet normal -0 0 1
    outer loop
      vertex 0.619141 78.3961 4.75
      vertex 0.671509 77.5974 4.75
      vertex 0.736938 78.4 4.75
    endloop
  endfacet
  facet normal 0 0 1
    outer loop
      vertex 0.619141 78.3961 4.75
      vertex 0.593369 77.5897 4.75
      vertex 0.671509 77.5974 4.75
    endloop
  endfacet
  facet normal -0 0 1
    outer loop
      vertex 0.488876 78.3833 4.75
      vertex 0.593369 77.5897 4.75
      vertex 0.619141 78.3961 4.75
    endloop
  endfacet
  facet normal 0 0 1
    outer loop
      vertex 0.593369 77.5897 4.75
      vertex 0.488876 78.3833 4.75
      vertex 0.515884 77.5769 4.75
    endloop
  endfacet
  facet normal -0 0 1
    outer loop
      vertex 0.359726 78.362 4.75
      vertex 0.515884 77.5769 4.75
      vertex 0.488876 78.3833 4.75
    endloop
  endfacet
  facet normal 0 0 1
    outer loop
      vertex 0.515884 77.5769 4.75
      vertex 0.359726 78.362 4.75
      vertex 0.439407 77.5591 4.75
    endloop
  endfacet
  facet normal -0 0 1
    outer loop
      vertex 0.232285 78.3323 4.75
      vertex 0.439407 77.5591 4.75
      vertex 0.359726 78.362 4.75
    endloop
  endfacet
  facet normal 0 0 1
    outer loop
      vertex 0.439407 77.5591 4.75
      vertex 0.232285 78.3323 4.75
      vertex 0.364258 77.5363 4.75
    endloop
  endfacet
  facet normal -0 0 1
    outer loop
      vertex 0.10701 78.2943 4.75
      vertex 0.364258 77.5363 4.75
      vertex 0.232285 78.3323 4.75
    endloop
  endfacet
  facet normal 0 0 1
    outer loop
      vertex 0.364258 77.5363 4.75
      vertex 0.10701 78.2943 4.75
      vertex 0.290771 77.5087 4.75
    endloop
  endfacet
  facet normal -0 0 1
    outer loop
      vertex -0.0155945 78.2481 4.75
      vertex 0.290771 77.5087 4.75
      vertex 0.10701 78.2943 4.75
    endloop
  endfacet
  facet normal 0 0 1
    outer loop
      vertex 0.290771 77.5087 4.75
      vertex -0.0155945 78.2481 4.75
      vertex 0.219254 77.4762 4.75
    endloop
  endfacet
  facet normal -0 0 1
    outer loop
      vertex -0.134781 78.1941 4.75
      vertex 0.219254 77.4762 4.75
      vertex -0.0155945 78.2481 4.75
    endloop
  endfacet
  facet normal 0 0 1
    outer loop
      vertex 0.219254 77.4762 4.75
      vertex -0.134781 78.1941 4.75
      vertex 0.149994 77.4392 4.75
    endloop
  endfacet
  facet normal -0 0 1
    outer loop
      vertex -0.250244 78.1324 4.75
      vertex 0.149994 77.4392 4.75
      vertex -0.134781 78.1941 4.75
    endloop
  endfacet
  facet normal 0 0 1
    outer loop
      vertex 0.149994 77.4392 4.75
      vertex -0.250244 78.1324 4.75
      vertex 0.083313 77.3978 4.75
    endloop
  endfacet
  facet normal -0 0 1
    outer loop
      vertex -0.361389 78.0633 4.75
      vertex 0.083313 77.3978 4.75
      vertex -0.250244 78.1324 4.75
    endloop
  endfacet
  facet normal 0 0 1
    outer loop
      vertex 0.083313 77.3978 4.75
      vertex -0.361389 78.0633 4.75
      vertex 0.0194855 77.352 4.75
    endloop
  endfacet
  facet normal -0 0 1
    outer loop
      vertex -0.467773 77.987 4.75
      vertex 0.0194855 77.352 4.75
      vertex -0.361389 78.0633 4.75
    endloop
  endfacet
  facet normal 0 0 1
    outer loop
      vertex 0.0194855 77.352 4.75
      vertex -0.467773 77.987 4.75
      vertex -0.041214 77.3022 4.75
    endloop
  endfacet
  facet normal -0 0 1
    outer loop
      vertex -0.569 77.904 4.75
      vertex -0.041214 77.3022 4.75
      vertex -0.467773 77.987 4.75
    endloop
  endfacet
  facet normal 0 0 1
    outer loop
      vertex -0.041214 77.3022 4.75
      vertex -0.569 77.904 4.75
      vertex -0.098526 77.2485 4.75
    endloop
  endfacet
  facet normal -0 0 1
    outer loop
      vertex -0.66452 77.8145 4.75
      vertex -0.098526 77.2485 4.75
      vertex -0.569 77.904 4.75
    endloop
  endfacet
  facet normal 0 0 1
    outer loop
      vertex -0.098526 77.2485 4.75
      vertex -0.66452 77.8145 4.75
      vertex -0.152206 77.1912 4.75
    endloop
  endfacet
  facet normal -0 0 1
    outer loop
      vertex -0.754028 77.7189 4.75
      vertex -0.152206 77.1912 4.75
      vertex -0.66452 77.8145 4.75
    endloop
  endfacet
  facet normal 0 0 1
    outer loop
      vertex -0.152206 77.1912 4.75
      vertex -0.754028 77.7189 4.75
      vertex -0.202011 77.1305 4.75
    endloop
  endfacet
  facet normal -0 0 1
    outer loop
      vertex -0.837036 77.6178 4.75
      vertex -0.202011 77.1305 4.75
      vertex -0.754028 77.7189 4.75
    endloop
  endfacet
  facet normal 0 0 1
    outer loop
      vertex -0.202011 77.1305 4.75
      vertex -0.837036 77.6178 4.75
      vertex -0.247757 77.0667 4.75
    endloop
  endfacet
  facet normal -0 0 1
    outer loop
      vertex -0.913254 77.5114 4.75
      vertex -0.247757 77.0667 4.75
      vertex -0.837036 77.6178 4.75
    endloop
  endfacet
  facet normal 0 0 1
    outer loop
      vertex -0.247757 77.0667 4.75
      vertex -0.913254 77.5114 4.75
      vertex -0.28923 77 4.75
    endloop
  endfacet
  facet normal -0 0 1
    outer loop
      vertex -0.982452 77.4002 4.75
      vertex -0.28923 77 4.75
      vertex -0.913254 77.5114 4.75
    endloop
  endfacet
  facet normal 0 0 1
    outer loop
      vertex -1.25 76.4131 4.75
      vertex -0.449997 16.0568 4.75
      vertex -0.449997 76.4 4.75
    endloop
  endfacet
  facet normal 0 0 1
    outer loop
      vertex -0.28923 77 4.75
      vertex -0.982452 77.4002 4.75
      vertex -0.326233 76.9307 4.75
    endloop
  endfacet
  facet normal -0 0 1
    outer loop
      vertex -1.04416 77.2847 4.75
      vertex -0.326233 76.9307 4.75
      vertex -0.982452 77.4002 4.75
    endloop
  endfacet
  facet normal 0 0 1
    outer loop
      vertex -0.326233 76.9307 4.75
      vertex -1.04416 77.2847 4.75
      vertex -0.358643 76.8592 4.75
    endloop
  endfacet
  facet normal 0 0 1
    outer loop
      vertex -0.449997 16.0568 4.75
      vertex -1.25 76.4131 4.75
      vertex -0.45437 16.0423 4.75
    endloop
  endfacet
  facet normal 0 0 1
    outer loop
      vertex -0.45437 16.0423 4.75
      vertex -1.25 76.4131 4.75
      vertex -0.500434 15.8448 4.75
    endloop
  endfacet
  facet normal 0 0 1
    outer loop
      vertex -0.500434 15.8448 4.75
      vertex -1.25 76.4131 4.75
      vertex -0.533479 15.6446 4.75
    endloop
  endfacet
  facet normal 0 0 1
    outer loop
      vertex -0.533479 15.6446 4.75
      vertex -1.25 76.4131 4.75
      vertex -0.553362 15.4427 4.75
    endloop
  endfacet
  facet normal -0 0 1
    outer loop
      vertex -1.09813 77.1655 4.75
      vertex -0.358643 76.8592 4.75
      vertex -1.04416 77.2847 4.75
    endloop
  endfacet
  facet normal -0 0 1
    outer loop
      vertex 53.7491 -3.61058 4.75
      vertex 54.5222 -3.81779 4.75
      vertex 53.7669 -3.5341 4.75
    endloop
  endfacet
  facet normal -0 0 1
    outer loop
      vertex 53.6987 -3.75922 4.75
      vertex 54.4382 -4.06549 4.75
      vertex 53.7263 -3.68571 4.75
    endloop
  endfacet
  facet normal 0 0 1
    outer loop
      vertex 54.4843 -3.94296 4.75
      vertex 53.7263 -3.68571 4.75
      vertex 54.4382 -4.06549 4.75
    endloop
  endfacet
  facet normal 0 0 1
    outer loop
      vertex 54.4382 -4.06549 4.75
      vertex 53.6987 -3.75922 4.75
      vertex 54.3841 -4.18477 4.75
    endloop
  endfacet
  facet normal -0 0 1
    outer loop
      vertex 53.7263 -3.68571 4.75
      vertex 54.4843 -3.94296 4.75
      vertex 53.7491 -3.61058 4.75
    endloop
  endfacet
  facet normal 0 0 1
    outer loop
      vertex 54.5222 -3.81779 4.75
      vertex 53.7491 -3.61058 4.75
      vertex 54.4843 -3.94296 4.75
    endloop
  endfacet
  facet normal -0 0 1
    outer loop
      vertex 53.6662 -3.83073 4.75
      vertex 54.3841 -4.18477 4.75
      vertex 53.6987 -3.75922 4.75
    endloop
  endfacet
  facet normal 0 0 1
    outer loop
      vertex 54.3841 -4.18477 4.75
      vertex 53.6662 -3.83073 4.75
      vertex 54.3224 -4.30023 4.75
    endloop
  endfacet
  facet normal -0 0 1
    outer loop
      vertex 53.6292 -3.89999 4.75
      vertex 54.3224 -4.30023 4.75
      vertex 53.6662 -3.83073 4.75
    endloop
  endfacet
  facet normal 0 0 1
    outer loop
      vertex 54.3224 -4.30023 4.75
      vertex 53.6292 -3.89999 4.75
      vertex 54.2533 -4.41138 4.75
    endloop
  endfacet
  facet normal -0 0 1
    outer loop
      vertex 53.5878 -3.96667 4.75
      vertex 54.2533 -4.41138 4.75
      vertex 53.6292 -3.89999 4.75
    endloop
  endfacet
  facet normal 0 0 1
    outer loop
      vertex 54.2533 -4.41138 4.75
      vertex 53.5878 -3.96667 4.75
      vertex 54.177 -4.51776 4.75
    endloop
  endfacet
  facet normal -0 0 1
    outer loop
      vertex 53.542 -4.0305 4.75
      vertex 54.177 -4.51776 4.75
      vertex 53.5878 -3.96667 4.75
    endloop
  endfacet
  facet normal 0 0 1
    outer loop
      vertex 54.177 -4.51776 4.75
      vertex 53.542 -4.0305 4.75
      vertex 54.094 -4.61899 4.75
    endloop
  endfacet
  facet normal -0 0 1
    outer loop
      vertex 53.4922 -4.0912 4.75
      vertex 54.094 -4.61899 4.75
      vertex 53.542 -4.0305 4.75
    endloop
  endfacet
  facet normal 0 0 1
    outer loop
      vertex 54.094 -4.61899 4.75
      vertex 53.4922 -4.0912 4.75
      vertex 54.0045 -4.71451 4.75
    endloop
  endfacet
  facet normal -0 0 1
    outer loop
      vertex 53.4385 -4.14851 4.75
      vertex 54.0045 -4.71451 4.75
      vertex 53.4922 -4.0912 4.75
    endloop
  endfacet
  facet normal 0 0 1
    outer loop
      vertex 54.0045 -4.71451 4.75
      vertex 53.4385 -4.14851 4.75
      vertex 53.909 -4.80397 4.75
    endloop
  endfacet
  facet normal -0 0 1
    outer loop
      vertex 53.3812 -4.20219 4.75
      vertex 53.909 -4.80397 4.75
      vertex 53.4385 -4.14851 4.75
    endloop
  endfacet
  facet normal 0 0 1
    outer loop
      vertex 53.909 -4.80397 4.75
      vertex 53.3812 -4.20219 4.75
      vertex 53.8078 -4.88701 4.75
    endloop
  endfacet
  facet normal -0 0 1
    outer loop
      vertex 53.3205 -4.25201 4.75
      vertex 53.8078 -4.88701 4.75
      vertex 53.3812 -4.20219 4.75
    endloop
  endfacet
  facet normal 0 0 1
    outer loop
      vertex 53.8078 -4.88701 4.75
      vertex 53.3205 -4.25201 4.75
      vertex 53.7014 -4.96332 4.75
    endloop
  endfacet
  facet normal -0 0 1
    outer loop
      vertex 53.2567 -4.29776 4.75
      vertex 53.7014 -4.96332 4.75
      vertex 53.3205 -4.25201 4.75
    endloop
  endfacet
  facet normal 0 0 1
    outer loop
      vertex 53.7014 -4.96332 4.75
      vertex 53.2567 -4.29776 4.75
      vertex 53.5902 -5.03242 4.75
    endloop
  endfacet
  facet normal -0 0 1
    outer loop
      vertex 53.19 -4.33922 4.75
      vertex 53.5902 -5.03242 4.75
      vertex 53.2567 -4.29776 4.75
    endloop
  endfacet
  facet normal 0 0 1
    outer loop
      vertex 53.5902 -5.03242 4.75
      vertex 53.19 -4.33922 4.75
      vertex 53.4748 -5.09412 4.75
    endloop
  endfacet
  facet normal -0 0 1
    outer loop
      vertex 53.1207 -4.37624 4.75
      vertex 53.4748 -5.09412 4.75
      vertex 53.19 -4.33922 4.75
    endloop
  endfacet
  facet normal 0 0 1
    outer loop
      vertex 53.4748 -5.09412 4.75
      vertex 53.1207 -4.37624 4.75
      vertex 53.3555 -5.14813 4.75
    endloop
  endfacet
  facet normal -0 0 1
    outer loop
      vertex 53.0492 -4.40865 4.75
      vertex 53.3555 -5.14813 4.75
      vertex 53.1207 -4.37624 4.75
    endloop
  endfacet
  facet normal 0 0 1
    outer loop
      vertex 53.3555 -5.14813 4.75
      vertex 53.0492 -4.40865 4.75
      vertex 53.233 -5.19424 4.75
    endloop
  endfacet
  facet normal -0 0 1
    outer loop
      vertex 52.9757 -4.43631 4.75
      vertex 53.233 -5.19424 4.75
      vertex 53.0492 -4.40865 4.75
    endloop
  endfacet
  facet normal 0 0 1
    outer loop
      vertex 53.233 -5.19424 4.75
      vertex 52.9757 -4.43631 4.75
      vertex 53.1077 -5.23227 4.75
    endloop
  endfacet
  facet normal -0 0 1
    outer loop
      vertex 52.9006 -4.45911 4.75
      vertex 53.1077 -5.23227 4.75
      vertex 52.9757 -4.43631 4.75
    endloop
  endfacet
  facet normal 0 0 1
    outer loop
      vertex 53.1077 -5.23227 4.75
      vertex 52.9006 -4.45911 4.75
      vertex 52.9803 -5.26198 4.75
    endloop
  endfacet
  facet normal -0 0 1
    outer loop
      vertex 52.8241 -4.47693 4.75
      vertex 52.9803 -5.26198 4.75
      vertex 52.9006 -4.45911 4.75
    endloop
  endfacet
  facet normal 0 0 1
    outer loop
      vertex 52.9803 -5.26198 4.75
      vertex 52.8241 -4.47693 4.75
      vertex 52.8511 -5.28331 4.75
    endloop
  endfacet
  facet normal -0 0 1
    outer loop
      vertex 52.7466 -4.48973 4.75
      vertex 52.8511 -5.28331 4.75
      vertex 52.8241 -4.47693 4.75
    endloop
  endfacet
  facet normal 0 0 1
    outer loop
      vertex 52.7466 -4.48973 4.75
      vertex 52.7208 -5.29613 4.75
      vertex 52.8511 -5.28331 4.75
    endloop
  endfacet
  facet normal -0 0 1
    outer loop
      vertex 52.6685 -4.49742 4.75
      vertex 52.7208 -5.29613 4.75
      vertex 52.7466 -4.48973 4.75
    endloop
  endfacet
  facet normal 0 0 1
    outer loop
      vertex 52.6685 -4.49742 4.75
      vertex 52.6031 -5.3 4.75
      vertex 52.7208 -5.29613 4.75
    endloop
  endfacet
  facet normal -0 0 1
    outer loop
      vertex 52.59 -4.5 4.75
      vertex 52.6031 -5.3 4.75
      vertex 52.6685 -4.49742 4.75
    endloop
  endfacet
  facet normal -0 0 1
    outer loop
      vertex 0.75 -4.5 4.75
      vertex 52.6031 -5.3 4.75
      vertex 52.59 -4.5 4.75
    endloop
  endfacet
  facet normal 0 0 1
    outer loop
      vertex 0.75 -4.5 4.75
      vertex 0.736862 -5.3 4.75
      vertex 52.6031 -5.3 4.75
    endloop
  endfacet
  facet normal 0 0 1
    outer loop
      vertex 0.671509 -4.49742 4.75
      vertex 0.736862 -5.3 4.75
      vertex 0.75 -4.5 4.75
    endloop
  endfacet
  facet normal 0 0 1
    outer loop
      vertex 0.671509 -4.49742 4.75
      vertex 0.619141 -5.29613 4.75
      vertex 0.736862 -5.3 4.75
    endloop
  endfacet
  facet normal 0 0 1
    outer loop
      vertex 0.593369 -4.48973 4.75
      vertex 0.619141 -5.29613 4.75
      vertex 0.671509 -4.49742 4.75
    endloop
  endfacet
  facet normal 0 0 1
    outer loop
      vertex 0.488876 -5.28331 4.75
      vertex 0.593369 -4.48973 4.75
      vertex 0.515884 -4.47693 4.75
    endloop
  endfacet
  facet normal 0 0 1
    outer loop
      vertex 0.593369 -4.48973 4.75
      vertex 0.488876 -5.28331 4.75
      vertex 0.619141 -5.29613 4.75
    endloop
  endfacet
  facet normal 0 0 1
    outer loop
      vertex 0.359726 -5.26198 4.75
      vertex 0.515884 -4.47693 4.75
      vertex 0.439407 -4.45911 4.75
    endloop
  endfacet
  facet normal 0 0 1
    outer loop
      vertex 0.232285 -5.23227 4.75
      vertex 0.439407 -4.45911 4.75
      vertex 0.364258 -4.43631 4.75
    endloop
  endfacet
  facet normal 0 0 1
    outer loop
      vertex 0.515884 -4.47693 4.75
      vertex 0.359726 -5.26198 4.75
      vertex 0.488876 -5.28331 4.75
    endloop
  endfacet
  facet normal 0 0 1
    outer loop
      vertex 0.106934 -5.19424 4.75
      vertex 0.364258 -4.43631 4.75
      vertex 0.290771 -4.40865 4.75
    endloop
  endfacet
  facet normal 0 0 1
    outer loop
      vertex 0.439407 -4.45911 4.75
      vertex 0.232285 -5.23227 4.75
      vertex 0.359726 -5.26198 4.75
    endloop
  endfacet
  facet normal 0 0 1
    outer loop
      vertex -0.0155945 -5.14813 4.75
      vertex 0.290771 -4.40865 4.75
      vertex 0.219254 -4.37624 4.75
    endloop
  endfacet
  facet normal 0 0 1
    outer loop
      vertex -0.134781 -5.09412 4.75
      vertex 0.219254 -4.37624 4.75
      vertex 0.149994 -4.33922 4.75
    endloop
  endfacet
  facet normal 0 0 1
    outer loop
      vertex 0.364258 -4.43631 4.75
      vertex 0.106934 -5.19424 4.75
      vertex 0.232285 -5.23227 4.75
    endloop
  endfacet
  facet normal 0 0 1
    outer loop
      vertex -0.250183 -5.03242 4.75
      vertex 0.149994 -4.33922 4.75
      vertex 0.083313 -4.29776 4.75
    endloop
  endfacet
  facet normal 0 0 1
    outer loop
      vertex -0.361389 -4.96329 4.75
      vertex 0.083313 -4.29776 4.75
      vertex 0.0194855 -4.25201 4.75
    endloop
  endfacet
  facet normal 0 0 1
    outer loop
      vertex 0.290771 -4.40865 4.75
      vertex -0.0155945 -5.14813 4.75
      vertex 0.106934 -5.19424 4.75
    endloop
  endfacet
  facet normal 0 0 1
    outer loop
      vertex -0.467819 -4.88701 4.75
      vertex 0.0194855 -4.25201 4.75
      vertex -0.041214 -4.20219 4.75
    endloop
  endfacet
  facet normal 0 0 1
    outer loop
      vertex -0.569 -4.80397 4.75
      vertex -0.041214 -4.20219 4.75
      vertex -0.098526 -4.14851 4.75
    endloop
  endfacet
  facet normal 0 0 1
    outer loop
      vertex 0.219254 -4.37624 4.75
      vertex -0.134781 -5.09412 4.75
      vertex -0.0155945 -5.14813 4.75
    endloop
  endfacet
  facet normal 0 0 1
    outer loop
      vertex -0.66452 -4.71451 4.75
      vertex -0.098526 -4.14851 4.75
      vertex -0.152206 -4.0912 4.75
    endloop
  endfacet
  facet normal 0 0 1
    outer loop
      vertex -0.754028 -4.61894 4.75
      vertex -0.152206 -4.0912 4.75
      vertex -0.202011 -4.0305 4.75
    endloop
  endfacet
  facet normal 0 0 1
    outer loop
      vertex -0.837036 -4.51776 4.75
      vertex -0.202011 -4.0305 4.75
      vertex -0.247757 -3.96667 4.75
    endloop
  endfacet
  facet normal 0 0 1
    outer loop
      vertex 0.149994 -4.33922 4.75
      vertex -0.250183 -5.03242 4.75
      vertex -0.134781 -5.09412 4.75
    endloop
  endfacet
  facet normal 0 0 1
    outer loop
      vertex -0.913254 -4.41142 4.75
      vertex -0.247757 -3.96667 4.75
      vertex -0.28923 -3.89999 4.75
    endloop
  endfacet
  facet normal 0 0 1
    outer loop
      vertex -0.982452 -4.30017 4.75
      vertex -0.28923 -3.89999 4.75
      vertex -0.326233 -3.83073 4.75
    endloop
  endfacet
  facet normal 0 0 1
    outer loop
      vertex -1.04414 -4.18471 4.75
      vertex -0.326233 -3.83073 4.75
      vertex -0.358643 -3.75922 4.75
    endloop
  endfacet
  facet normal 0 0 1
    outer loop
      vertex 0.083313 -4.29776 4.75
      vertex -0.361389 -4.96329 4.75
      vertex -0.250183 -5.03242 4.75
    endloop
  endfacet
  facet normal 0 0 1
    outer loop
      vertex -1.09813 -4.06555 4.75
      vertex -0.358643 -3.75922 4.75
      vertex -0.386307 -3.68571 4.75
    endloop
  endfacet
  facet normal 0 0 1
    outer loop
      vertex -1.14424 -3.94302 4.75
      vertex -0.386307 -3.68571 4.75
      vertex -0.409103 -3.61058 4.75
    endloop
  endfacet
  facet normal 0 0 1
    outer loop
      vertex -1.18225 -3.81779 4.75
      vertex -0.409103 -3.61058 4.75
      vertex -0.426941 -3.5341 4.75
    endloop
  endfacet
  facet normal 0 0 1
    outer loop
      vertex -1.21199 -3.69026 4.75
      vertex -0.426941 -3.5341 4.75
      vertex -0.439728 -3.45662 4.75
    endloop
  endfacet
  facet normal 0 0 1
    outer loop
      vertex -1.23332 -3.56104 4.75
      vertex -0.439728 -3.45662 4.75
      vertex -0.447418 -3.37848 4.75
    endloop
  endfacet
  facet normal 0 0 1
    outer loop
      vertex 0.0194855 -4.25201 4.75
      vertex -0.467819 -4.88701 4.75
      vertex -0.361389 -4.96329 4.75
    endloop
  endfacet
  facet normal -0 0 1
    outer loop
      vertex -1.25 -3.31313 4.75
      vertex -0.447418 -3.37848 4.75
      vertex -0.449997 -3.29999 4.75
    endloop
  endfacet
  facet normal 0 0 1
    outer loop
      vertex -0.449997 14.4232 4.75
      vertex -1.25 -3.31313 4.75
      vertex -0.449997 -3.29999 4.75
    endloop
  endfacet
  facet normal 0 0 1
    outer loop
      vertex -1.25 -3.31313 4.75
      vertex -0.45437 14.4377 4.75
      vertex -0.500434 14.6352 4.75
    endloop
  endfacet
  facet normal 0 0 1
    outer loop
      vertex -1.25 -3.31313 4.75
      vertex -0.500434 14.6352 4.75
      vertex -0.533479 14.8354 4.75
    endloop
  endfacet
  facet normal 0 0 1
    outer loop
      vertex -1.25 -3.31313 4.75
      vertex -0.533479 14.8354 4.75
      vertex -0.553362 15.0373 4.75
    endloop
  endfacet
  facet normal 0 0 1
    outer loop
      vertex -1.25 -3.31313 4.75
      vertex -0.553362 15.0373 4.75
      vertex -0.559999 15.24 4.75
    endloop
  endfacet
  facet normal 0 0 1
    outer loop
      vertex -0.447418 -3.37848 4.75
      vertex -1.25 -3.31313 4.75
      vertex -1.24612 -3.43085 4.75
    endloop
  endfacet
  facet normal 0 0 1
    outer loop
      vertex -0.553362 15.4427 4.75
      vertex -1.25 76.4131 4.75
      vertex -0.559999 15.24 4.75
    endloop
  endfacet
  facet normal 0 0 1
    outer loop
      vertex -0.358643 76.8592 4.75
      vertex -1.09813 77.1655 4.75
      vertex -0.386307 76.7857 4.75
    endloop
  endfacet
  facet normal 0 0 1
    outer loop
      vertex -1.25 -3.31313 4.75
      vertex -0.559999 15.24 4.75
      vertex -1.25 76.4131 4.75
    endloop
  endfacet
  facet normal -0 0 1
    outer loop
      vertex -1.14424 77.043 4.75
      vertex -0.386307 76.7857 4.75
      vertex -1.09813 77.1655 4.75
    endloop
  endfacet
  facet normal 0 0 1
    outer loop
      vertex -0.041214 -4.20219 4.75
      vertex -0.569 -4.80397 4.75
      vertex -0.467819 -4.88701 4.75
    endloop
  endfacet
  facet normal 0 0 1
    outer loop
      vertex -0.386307 76.7857 4.75
      vertex -1.14424 77.043 4.75
      vertex -0.409103 76.7106 4.75
    endloop
  endfacet
  facet normal 0 0 1
    outer loop
      vertex -0.098526 -4.14851 4.75
      vertex -0.66452 -4.71451 4.75
      vertex -0.569 -4.80397 4.75
    endloop
  endfacet
  facet normal -0 0 1
    outer loop
      vertex -1.18225 76.9178 4.75
      vertex -0.409103 76.7106 4.75
      vertex -1.14424 77.043 4.75
    endloop
  endfacet
  facet normal 0 0 1
    outer loop
      vertex -0.152206 -4.0912 4.75
      vertex -0.754028 -4.61894 4.75
      vertex -0.66452 -4.71451 4.75
    endloop
  endfacet
  facet normal 0 0 1
    outer loop
      vertex -0.409103 76.7106 4.75
      vertex -1.18225 76.9178 4.75
      vertex -0.426941 76.6341 4.75
    endloop
  endfacet
  facet normal 0 0 1
    outer loop
      vertex -0.202011 -4.0305 4.75
      vertex -0.837036 -4.51776 4.75
      vertex -0.754028 -4.61894 4.75
    endloop
  endfacet
  facet normal 0 0 1
    outer loop
      vertex -0.28923 -3.89999 4.75
      vertex -0.982452 -4.30017 4.75
      vertex -0.913254 -4.41142 4.75
    endloop
  endfacet
  facet normal -0 0 1
    outer loop
      vertex -1.21199 76.7903 4.75
      vertex -0.426941 76.6341 4.75
      vertex -1.18225 76.9178 4.75
    endloop
  endfacet
  facet normal 0 0 1
    outer loop
      vertex -0.426941 76.6341 4.75
      vertex -1.21199 76.7903 4.75
      vertex -0.439728 76.5566 4.75
    endloop
  endfacet
  facet normal 0 0 1
    outer loop
      vertex -0.247757 -3.96667 4.75
      vertex -0.913254 -4.41142 4.75
      vertex -0.837036 -4.51776 4.75
    endloop
  endfacet
  facet normal -0 0 1
    outer loop
      vertex -1.23332 76.6611 4.75
      vertex -0.439728 76.5566 4.75
      vertex -1.21199 76.7903 4.75
    endloop
  endfacet
  facet normal 0 0 1
    outer loop
      vertex -0.326233 -3.83073 4.75
      vertex -1.04414 -4.18471 4.75
      vertex -0.982452 -4.30017 4.75
    endloop
  endfacet
  facet normal 0 0 1
    outer loop
      vertex -0.439728 76.5566 4.75
      vertex -1.23332 76.6611 4.75
      vertex -0.447418 76.4785 4.75
    endloop
  endfacet
  facet normal 0 0 1
    outer loop
      vertex -0.358643 -3.75922 4.75
      vertex -1.09813 -4.06555 4.75
      vertex -1.04414 -4.18471 4.75
    endloop
  endfacet
  facet normal -0 0 1
    outer loop
      vertex -1.24612 76.5308 4.75
      vertex -0.447418 76.4785 4.75
      vertex -1.23332 76.6611 4.75
    endloop
  endfacet
  facet normal 0 0 1
    outer loop
      vertex -0.386307 -3.68571 4.75
      vertex -1.14424 -3.94302 4.75
      vertex -1.09813 -4.06555 4.75
    endloop
  endfacet
  facet normal 0 0 1
    outer loop
      vertex -1.25 76.4131 4.75
      vertex -0.447418 76.4785 4.75
      vertex -1.24612 76.5308 4.75
    endloop
  endfacet
  facet normal 0 0 1
    outer loop
      vertex -0.409103 -3.61058 4.75
      vertex -1.18225 -3.81779 4.75
      vertex -1.14424 -3.94302 4.75
    endloop
  endfacet
  facet normal 0 0 1
    outer loop
      vertex -0.447418 76.4785 4.75
      vertex -1.25 76.4131 4.75
      vertex -0.449997 76.4 4.75
    endloop
  endfacet
  facet normal 0 0 1
    outer loop
      vertex -0.426941 -3.5341 4.75
      vertex -1.21199 -3.69026 4.75
      vertex -1.18225 -3.81779 4.75
    endloop
  endfacet
  facet normal 0 0 1
    outer loop
      vertex -0.439728 -3.45662 4.75
      vertex -1.23332 -3.56104 4.75
      vertex -1.21199 -3.69026 4.75
    endloop
  endfacet
  facet normal 0 0 1
    outer loop
      vertex -0.447418 -3.37848 4.75
      vertex -1.24612 -3.43085 4.75
      vertex -1.23332 -3.56104 4.75
    endloop
  endfacet
  facet normal 0 0 1
    outer loop
      vertex 54.59 76.4131 4.75
      vertex 53.79 16.0568 4.75
      vertex 53.7944 16.0423 4.75
    endloop
  endfacet
  facet normal 0.0979156 -0.995195 0
    outer loop
      vertex 52.7208 -5.29613 2.4
      vertex 52.8511 -5.28331 4.75
      vertex 52.7208 -5.29613 4.75
    endloop
  endfacet
  facet normal 0.0979156 -0.995195 0
    outer loop
      vertex 52.8511 -5.28331 4.75
      vertex 52.7208 -5.29613 2.4
      vertex 52.8511 -5.28331 2.4
    endloop
  endfacet
  facet normal 0.162888 -0.986645 0
    outer loop
      vertex 52.8511 -5.28331 2.4
      vertex 52.9803 -5.26198 4.75
      vertex 52.8511 -5.28331 4.75
    endloop
  endfacet
  facet normal 0.162888 -0.986645 0
    outer loop
      vertex 52.9803 -5.26198 4.75
      vertex 52.8511 -5.28331 2.4
      vertex 52.9803 -5.26198 2.4
    endloop
  endfacet
  facet normal 0.227109 -0.973869 0
    outer loop
      vertex 52.9803 -5.26198 2.4
      vertex 53.1077 -5.23227 4.75
      vertex 52.9803 -5.26198 4.75
    endloop
  endfacet
  facet normal 0.227109 -0.973869 0
    outer loop
      vertex 53.1077 -5.23227 4.75
      vertex 52.9803 -5.26198 2.4
      vertex 53.1077 -5.23227 2.4
    endloop
  endfacet
  facet normal 0.290429 -0.956896 0
    outer loop
      vertex 53.1077 -5.23227 2.4
      vertex 53.233 -5.19424 4.75
      vertex 53.1077 -5.23227 4.75
    endloop
  endfacet
  facet normal 0.290429 -0.956896 0
    outer loop
      vertex 53.233 -5.19424 4.75
      vertex 53.1077 -5.23227 2.4
      vertex 53.233 -5.19424 2.4
    endloop
  endfacet
  facet normal 0.352279 -0.935895 0
    outer loop
      vertex 53.233 -5.19424 2.4
      vertex 53.3555 -5.14813 4.75
      vertex 53.233 -5.19424 4.75
    endloop
  endfacet
  facet normal 0.352279 -0.935895 0
    outer loop
      vertex 53.3555 -5.14813 4.75
      vertex 53.233 -5.19424 2.4
      vertex 53.3555 -5.14813 2.4
    endloop
  endfacet
  facet normal 0.412427 -0.91099 0
    outer loop
      vertex 53.3555 -5.14813 2.4
      vertex 53.4748 -5.09412 4.75
      vertex 53.3555 -5.14813 4.75
    endloop
  endfacet
  facet normal 0.412427 -0.91099 0
    outer loop
      vertex 53.4748 -5.09412 4.75
      vertex 53.3555 -5.14813 2.4
      vertex 53.4748 -5.09412 2.4
    endloop
  endfacet
  facet normal 0.4715 -0.881866 0
    outer loop
      vertex 53.4748 -5.09412 2.4
      vertex 53.5902 -5.03242 4.75
      vertex 53.4748 -5.09412 4.75
    endloop
  endfacet
  facet normal 0.4715 -0.881866 0
    outer loop
      vertex 53.5902 -5.03242 4.75
      vertex 53.4748 -5.09412 2.4
      vertex 53.5902 -5.03242 2.4
    endloop
  endfacet
  facet normal 0.5278 -0.849369 0
    outer loop
      vertex 53.5902 -5.03242 2.4
      vertex 53.7014 -4.96332 4.75
      vertex 53.5902 -5.03242 4.75
    endloop
  endfacet
  facet normal 0.5278 -0.849369 0
    outer loop
      vertex 53.7014 -4.96332 4.75
      vertex 53.5902 -5.03242 2.4
      vertex 53.7014 -4.96332 2.4
    endloop
  endfacet
  facet normal 0.582805 -0.812612 0
    outer loop
      vertex 53.7014 -4.96332 2.4
      vertex 53.8078 -4.88701 4.75
      vertex 53.7014 -4.96332 4.75
    endloop
  endfacet
  facet normal 0.582805 -0.812612 0
    outer loop
      vertex 53.8078 -4.88701 4.75
      vertex 53.7014 -4.96332 2.4
      vertex 53.8078 -4.88701 2.4
    endloop
  endfacet
  facet normal 0.634335 -0.773058 0
    outer loop
      vertex 53.8078 -4.88701 2.4
      vertex 53.909 -4.80397 4.75
      vertex 53.8078 -4.88701 4.75
    endloop
  endfacet
  facet normal 0.634335 -0.773058 0
    outer loop
      vertex 53.909 -4.80397 4.75
      vertex 53.8078 -4.88701 2.4
      vertex 53.909 -4.80397 2.4
    endloop
  endfacet
  facet normal 0.683651 -0.729809 0
    outer loop
      vertex 53.909 -4.80397 2.4
      vertex 54.0045 -4.71451 4.75
      vertex 53.909 -4.80397 4.75
    endloop
  endfacet
  facet normal 0.683651 -0.729809 0
    outer loop
      vertex 54.0045 -4.71451 4.75
      vertex 53.909 -4.80397 2.4
      vertex 54.0045 -4.71451 2.4
    endloop
  endfacet
  facet normal 0.729728 -0.683738 0
    outer loop
      vertex 54.0045 -4.71451 4.75
      vertex 54.094 -4.61899 2.4
      vertex 54.094 -4.61899 4.75
    endloop
  endfacet
  facet normal 0.729728 -0.683738 0
    outer loop
      vertex 54.094 -4.61899 2.4
      vertex 54.0045 -4.71451 4.75
      vertex 54.0045 -4.71451 2.4
    endloop
  endfacet
  facet normal 0.7733 -0.63404 0
    outer loop
      vertex 54.094 -4.61899 4.75
      vertex 54.177 -4.51776 2.4
      vertex 54.177 -4.51776 4.75
    endloop
  endfacet
  facet normal 0.7733 -0.63404 0
    outer loop
      vertex 54.177 -4.51776 2.4
      vertex 54.094 -4.61899 4.75
      vertex 54.094 -4.61899 2.4
    endloop
  endfacet
  facet normal 0.812596 -0.582827 0
    outer loop
      vertex 54.177 -4.51776 4.75
      vertex 54.2533 -4.41138 2.4
      vertex 54.2533 -4.41138 4.75
    endloop
  endfacet
  facet normal 0.812596 -0.582827 0
    outer loop
      vertex 54.2533 -4.41138 2.4
      vertex 54.177 -4.51776 4.75
      vertex 54.177 -4.51776 2.4
    endloop
  endfacet
  facet normal 0.849262 -0.527971 0
    outer loop
      vertex 54.2533 -4.41138 4.75
      vertex 54.3224 -4.30023 2.4
      vertex 54.3224 -4.30023 4.75
    endloop
  endfacet
  facet normal 0.849262 -0.527971 0
    outer loop
      vertex 54.3224 -4.30023 2.4
      vertex 54.2533 -4.41138 4.75
      vertex 54.2533 -4.41138 2.4
    endloop
  endfacet
  facet normal 0.881968 -0.47131 0
    outer loop
      vertex 54.3224 -4.30023 4.75
      vertex 54.3841 -4.18477 2.4
      vertex 54.3841 -4.18477 4.75
    endloop
  endfacet
  facet normal 0.881968 -0.47131 0
    outer loop
      vertex 54.3841 -4.18477 2.4
      vertex 54.3224 -4.30023 4.75
      vertex 54.3224 -4.30023 2.4
    endloop
  endfacet
  facet normal 0.910706 -0.413055 0
    outer loop
      vertex 54.3841 -4.18477 4.75
      vertex 54.4382 -4.06549 2.4
      vertex 54.4382 -4.06549 4.75
    endloop
  endfacet
  facet normal 0.910706 -0.413055 0
    outer loop
      vertex 54.4382 -4.06549 2.4
      vertex 54.3841 -4.18477 4.75
      vertex 54.3841 -4.18477 2.4
    endloop
  endfacet
  facet normal 0.935949 -0.352136 0
    outer loop
      vertex 54.4382 -4.06549 4.75
      vertex 54.4843 -3.94296 2.4
      vertex 54.4843 -3.94296 4.75
    endloop
  endfacet
  facet normal 0.935949 -0.352136 0
    outer loop
      vertex 54.4843 -3.94296 2.4
      vertex 54.4382 -4.06549 4.75
      vertex 54.4382 -4.06549 2.4
    endloop
  endfacet
  facet normal 0.957089 -0.289795 0
    outer loop
      vertex 54.4843 -3.94296 4.75
      vertex 54.5222 -3.81779 2.4
      vertex 54.5222 -3.81779 4.75
    endloop
  endfacet
  facet normal 0.957089 -0.289795 0
    outer loop
      vertex 54.5222 -3.81779 2.4
      vertex 54.4843 -3.94296 4.75
      vertex 54.4843 -3.94296 2.4
    endloop
  endfacet
  facet normal 0.973769 -0.227541 0
    outer loop
      vertex 54.5222 -3.81779 4.75
      vertex 54.552 -3.69026 2.4
      vertex 54.552 -3.69026 4.75
    endloop
  endfacet
  facet normal 0.973769 -0.227541 0
    outer loop
      vertex 54.552 -3.69026 2.4
      vertex 54.5222 -3.81779 4.75
      vertex 54.5222 -3.81779 2.4
    endloop
  endfacet
  facet normal 0.986671 -0.162726 0
    outer loop
      vertex 54.552 -3.69026 4.75
      vertex 54.5733 -3.56111 2.4
      vertex 54.5733 -3.56111 4.75
    endloop
  endfacet
  facet normal 0.986671 -0.162726 0
    outer loop
      vertex 54.5733 -3.56111 2.4
      vertex 54.552 -3.69026 4.75
      vertex 54.552 -3.69026 2.4
    endloop
  endfacet
  facet normal 0.995132 -0.0985506 0
    outer loop
      vertex 54.5733 -3.56111 4.75
      vertex 54.5862 -3.43085 2.4
      vertex 54.5862 -3.43085 4.75
    endloop
  endfacet
  facet normal 0.995132 -0.0985506 0
    outer loop
      vertex 54.5862 -3.43085 2.4
      vertex 54.5733 -3.56111 4.75
      vertex 54.5733 -3.56111 2.4
    endloop
  endfacet
  facet normal 0.99948 -0.0322413 0
    outer loop
      vertex 54.5862 -3.43085 4.75
      vertex 54.59 -3.31305 2.4
      vertex 54.59 -3.31305 4.75
    endloop
  endfacet
  facet normal 0.99948 -0.0322413 0
    outer loop
      vertex 54.59 -3.31305 2.4
      vertex 54.5862 -3.43085 4.75
      vertex 54.5862 -3.43085 2.4
    endloop
  endfacet
  facet normal 1 -0 0
    outer loop
      vertex 54.59 -3.31305 4.75
      vertex 54.59 76.4131 2.4
      vertex 54.59 76.4131 4.75
    endloop
  endfacet
  facet normal 1 0 0
    outer loop
      vertex 54.59 76.4131 2.4
      vertex 54.59 -3.31305 4.75
      vertex 54.59 -3.31305 2.4
    endloop
  endfacet
  facet normal 0.999479 0.0322687 0
    outer loop
      vertex 54.59 76.4131 4.75
      vertex 54.5862 76.5308 2.4
      vertex 54.5862 76.5308 4.75
    endloop
  endfacet
  facet normal 0.999479 0.0322687 0
    outer loop
      vertex 54.5862 76.5308 2.4
      vertex 54.59 76.4131 4.75
      vertex 54.59 76.4131 2.4
    endloop
  endfacet
  facet normal 0.995135 0.0985207 0
    outer loop
      vertex 54.5862 76.5308 4.75
      vertex 54.5733 76.6611 2.4
      vertex 54.5733 76.6611 4.75
    endloop
  endfacet
  facet normal 0.995135 0.0985207 0
    outer loop
      vertex 54.5733 76.6611 2.4
      vertex 54.5862 76.5308 4.75
      vertex 54.5862 76.5308 2.4
    endloop
  endfacet
  facet normal 0.986681 0.162665 0
    outer loop
      vertex 54.5733 76.6611 4.75
      vertex 54.552 76.7903 2.4
      vertex 54.552 76.7903 4.75
    endloop
  endfacet
  facet normal 0.986681 0.162665 0
    outer loop
      vertex 54.552 76.7903 2.4
      vertex 54.5733 76.6611 4.75
      vertex 54.5733 76.6611 2.4
    endloop
  endfacet
  facet normal 0.973757 0.227592 0
    outer loop
      vertex 54.552 76.7903 4.75
      vertex 54.5222 76.9178 2.4
      vertex 54.5222 76.9178 4.75
    endloop
  endfacet
  facet normal 0.973757 0.227592 0
    outer loop
      vertex 54.5222 76.9178 2.4
      vertex 54.552 76.7903 4.75
      vertex 54.552 76.7903 2.4
    endloop
  endfacet
  facet normal 0.957108 0.289732 0
    outer loop
      vertex 54.5222 76.9178 4.75
      vertex 54.4843 77.043 2.4
      vertex 54.4843 77.043 4.75
    endloop
  endfacet
  facet normal 0.957108 0.289732 0
    outer loop
      vertex 54.4843 77.043 2.4
      vertex 54.5222 76.9178 4.75
      vertex 54.5222 76.9178 2.4
    endloop
  endfacet
  facet normal 0.93592 0.352212 0
    outer loop
      vertex 54.4843 77.043 4.75
      vertex 54.4382 77.1655 2.4
      vertex 54.4382 77.1655 4.75
    endloop
  endfacet
  facet normal 0.93592 0.352212 0
    outer loop
      vertex 54.4382 77.1655 2.4
      vertex 54.4843 77.043 4.75
      vertex 54.4843 77.043 2.4
    endloop
  endfacet
  facet normal 0.910602 0.413285 0
    outer loop
      vertex 54.4382 77.1655 4.75
      vertex 54.3841 77.2847 2.4
      vertex 54.3841 77.2847 4.75
    endloop
  endfacet
  facet normal 0.910602 0.413285 0
    outer loop
      vertex 54.3841 77.2847 2.4
      vertex 54.4382 77.1655 4.75
      vertex 54.4382 77.1655 2.4
    endloop
  endfacet
  facet normal 0.882036 0.471183 0
    outer loop
      vertex 54.3841 77.2847 4.75
      vertex 54.3224 77.4002 2.4
      vertex 54.3224 77.4002 4.75
    endloop
  endfacet
  facet normal 0.882036 0.471183 0
    outer loop
      vertex 54.3224 77.4002 2.4
      vertex 54.3841 77.2847 4.75
      vertex 54.3841 77.2847 2.4
    endloop
  endfacet
  facet normal 0.849369 0.5278 0
    outer loop
      vertex 54.3224 77.4002 4.75
      vertex 54.2533 77.5114 2.4
      vertex 54.2533 77.5114 4.75
    endloop
  endfacet
  facet normal 0.849369 0.5278 0
    outer loop
      vertex 54.2533 77.5114 2.4
      vertex 54.3224 77.4002 4.75
      vertex 54.3224 77.4002 2.4
    endloop
  endfacet
  facet normal 0.812648 0.582754 0
    outer loop
      vertex 54.2533 77.5114 4.75
      vertex 54.177 77.6178 2.4
      vertex 54.177 77.6178 4.75
    endloop
  endfacet
  facet normal 0.812648 0.582754 0
    outer loop
      vertex 54.177 77.6178 2.4
      vertex 54.2533 77.5114 4.75
      vertex 54.2533 77.5114 2.4
    endloop
  endfacet
  facet normal 0.773208 0.634153 0
    outer loop
      vertex 54.177 77.6178 4.75
      vertex 54.094 77.719 2.4
      vertex 54.094 77.719 4.75
    endloop
  endfacet
  facet normal 0.773208 0.634153 0
    outer loop
      vertex 54.094 77.719 2.4
      vertex 54.177 77.6178 4.75
      vertex 54.177 77.6178 2.4
    endloop
  endfacet
  facet normal 0.729656 0.683814 0
    outer loop
      vertex 54.094 77.719 4.75
      vertex 54.0045 77.8145 2.4
      vertex 54.0045 77.8145 4.75
    endloop
  endfacet
  facet normal 0.729656 0.683814 0
    outer loop
      vertex 54.0045 77.8145 2.4
      vertex 54.094 77.719 4.75
      vertex 54.094 77.719 2.4
    endloop
  endfacet
  facet normal 0.683814 0.729656 -0
    outer loop
      vertex 54.0045 77.8145 2.4
      vertex 53.909 77.904 4.75
      vertex 54.0045 77.8145 4.75
    endloop
  endfacet
  facet normal 0.683814 0.729656 0
    outer loop
      vertex 53.909 77.904 4.75
      vertex 54.0045 77.8145 2.4
      vertex 53.909 77.904 2.4
    endloop
  endfacet
  facet normal 0.634153 0.773208 -0
    outer loop
      vertex 53.909 77.904 2.4
      vertex 53.8078 77.987 4.75
      vertex 53.909 77.904 4.75
    endloop
  endfacet
  facet normal 0.634153 0.773208 0
    outer loop
      vertex 53.8078 77.987 4.75
      vertex 53.909 77.904 2.4
      vertex 53.8078 77.987 2.4
    endloop
  endfacet
  facet normal 0.582754 0.812648 -0
    outer loop
      vertex 53.8078 77.987 2.4
      vertex 53.7014 78.0633 4.75
      vertex 53.8078 77.987 4.75
    endloop
  endfacet
  facet normal 0.582754 0.812648 0
    outer loop
      vertex 53.7014 78.0633 4.75
      vertex 53.8078 77.987 2.4
      vertex 53.7014 78.0633 2.4
    endloop
  endfacet
  facet normal 0.5278 0.849369 -0
    outer loop
      vertex 53.7014 78.0633 2.4
      vertex 53.5902 78.1324 4.75
      vertex 53.7014 78.0633 4.75
    endloop
  endfacet
  facet normal 0.5278 0.849369 0
    outer loop
      vertex 53.5902 78.1324 4.75
      vertex 53.7014 78.0633 2.4
      vertex 53.5902 78.1324 2.4
    endloop
  endfacet
  facet normal 0.4715 0.881866 -0
    outer loop
      vertex 53.5902 78.1324 2.4
      vertex 53.4748 78.1941 4.75
      vertex 53.5902 78.1324 4.75
    endloop
  endfacet
  facet normal 0.4715 0.881866 0
    outer loop
      vertex 53.4748 78.1941 4.75
      vertex 53.5902 78.1324 2.4
      vertex 53.4748 78.1941 2.4
    endloop
  endfacet
  facet normal 0.412364 0.911019 -0
    outer loop
      vertex 53.4748 78.1941 2.4
      vertex 53.3555 78.2481 4.75
      vertex 53.4748 78.1941 4.75
    endloop
  endfacet
  facet normal 0.412364 0.911019 0
    outer loop
      vertex 53.3555 78.2481 4.75
      vertex 53.4748 78.1941 2.4
      vertex 53.3555 78.2481 2.4
    endloop
  endfacet
  facet normal 0.352881 0.935668 -0
    outer loop
      vertex 53.3555 78.2481 2.4
      vertex 53.233 78.2943 4.75
      vertex 53.3555 78.2481 4.75
    endloop
  endfacet
  facet normal 0.352881 0.935668 0
    outer loop
      vertex 53.233 78.2943 4.75
      vertex 53.3555 78.2481 2.4
      vertex 53.233 78.2943 2.4
    endloop
  endfacet
  facet normal 0.290219 0.95696 -0
    outer loop
      vertex 53.233 78.2943 2.4
      vertex 53.1077 78.3323 4.75
      vertex 53.233 78.2943 4.75
    endloop
  endfacet
  facet normal 0.290219 0.95696 0
    outer loop
      vertex 53.1077 78.3323 4.75
      vertex 53.233 78.2943 2.4
      vertex 53.1077 78.3323 2.4
    endloop
  endfacet
  facet normal 0.227036 0.973886 -0
    outer loop
      vertex 53.1077 78.3323 2.4
      vertex 52.9803 78.362 4.75
      vertex 53.1077 78.3323 4.75
    endloop
  endfacet
  facet normal 0.227036 0.973886 0
    outer loop
      vertex 52.9803 78.362 4.75
      vertex 53.1077 78.3323 2.4
      vertex 52.9803 78.362 2.4
    endloop
  endfacet
  facet normal 0.162665 0.986681 -0
    outer loop
      vertex 52.9803 78.362 2.4
      vertex 52.8511 78.3833 4.75
      vertex 52.9803 78.362 4.75
    endloop
  endfacet
  facet normal 0.162665 0.986681 0
    outer loop
      vertex 52.8511 78.3833 4.75
      vertex 52.9803 78.362 2.4
      vertex 52.8511 78.3833 2.4
    endloop
  endfacet
  facet normal 0.0977643 0.99521 -0
    outer loop
      vertex 52.8511 78.3833 2.4
      vertex 52.7208 78.3961 4.75
      vertex 52.8511 78.3833 4.75
    endloop
  endfacet
  facet normal 0.0977643 0.99521 0
    outer loop
      vertex 52.7208 78.3961 4.75
      vertex 52.8511 78.3833 2.4
      vertex 52.7208 78.3961 2.4
    endloop
  endfacet
  facet normal 0.0331169 0.999451 -0
    outer loop
      vertex 52.7208 78.3961 2.4
      vertex 52.6031 78.4 4.75
      vertex 52.7208 78.3961 4.75
    endloop
  endfacet
  facet normal 0.0331169 0.999451 0
    outer loop
      vertex 52.6031 78.4 4.75
      vertex 52.7208 78.3961 2.4
      vertex 52.6031 78.4 2.4
    endloop
  endfacet
  facet normal 0 1 -0
    outer loop
      vertex 52.6031 78.4 2.4
      vertex 0.736938 78.4 4.75
      vertex 52.6031 78.4 4.75
    endloop
  endfacet
  facet normal 0 1 0
    outer loop
      vertex 0.736938 78.4 4.75
      vertex 52.6031 78.4 2.4
      vertex 0.736938 78.4 2.4
    endloop
  endfacet
  facet normal -0.0330897 0.999452 0
    outer loop
      vertex 0.736938 78.4 2.4
      vertex 0.619141 78.3961 4.75
      vertex 0.736938 78.4 4.75
    endloop
  endfacet
  facet normal -0.0330897 0.999452 0
    outer loop
      vertex 0.619141 78.3961 4.75
      vertex 0.736938 78.4 2.4
      vertex 0.619141 78.3961 2.4
    endloop
  endfacet
  facet normal -0.0977903 0.995207 0
    outer loop
      vertex 0.619141 78.3961 2.4
      vertex 0.488876 78.3833 4.75
      vertex 0.619141 78.3961 4.75
    endloop
  endfacet
  facet normal -0.0977903 0.995207 0
    outer loop
      vertex 0.488876 78.3833 4.75
      vertex 0.619141 78.3961 2.4
      vertex 0.488876 78.3833 2.4
    endloop
  endfacet
  facet normal -0.162726 0.986671 0
    outer loop
      vertex 0.488876 78.3833 2.4
      vertex 0.359726 78.362 4.75
      vertex 0.488876 78.3833 4.75
    endloop
  endfacet
  facet normal -0.162726 0.986671 0
    outer loop
      vertex 0.359726 78.362 4.75
      vertex 0.488876 78.3833 2.4
      vertex 0.359726 78.362 2.4
    endloop
  endfacet
  facet normal -0.226967 0.973902 0
    outer loop
      vertex 0.359726 78.362 2.4
      vertex 0.232285 78.3323 4.75
      vertex 0.359726 78.362 4.75
    endloop
  endfacet
  facet normal -0.226967 0.973902 0
    outer loop
      vertex 0.232285 78.3323 4.75
      vertex 0.359726 78.362 2.4
      vertex 0.232285 78.3323 2.4
    endloop
  endfacet
  facet normal -0.290272 0.956944 0
    outer loop
      vertex 0.232285 78.3323 2.4
      vertex 0.10701 78.2943 4.75
      vertex 0.232285 78.3323 4.75
    endloop
  endfacet
  facet normal -0.290272 0.956944 0
    outer loop
      vertex 0.10701 78.2943 4.75
      vertex 0.232285 78.3323 2.4
      vertex 0.10701 78.2943 2.4
    endloop
  endfacet
  facet normal -0.352617 0.935768 0
    outer loop
      vertex 0.10701 78.2943 2.4
      vertex -0.0155945 78.2481 4.75
      vertex 0.10701 78.2943 4.75
    endloop
  endfacet
  facet normal -0.352617 0.935768 0
    outer loop
      vertex -0.0155945 78.2481 4.75
      vertex 0.10701 78.2943 2.4
      vertex -0.0155945 78.2481 2.4
    endloop
  endfacet
  facet normal -0.41269 0.910872 0
    outer loop
      vertex -0.0155945 78.2481 2.4
      vertex -0.134781 78.1941 4.75
      vertex -0.0155945 78.2481 4.75
    endloop
  endfacet
  facet normal -0.41269 0.910872 0
    outer loop
      vertex -0.134781 78.1941 4.75
      vertex -0.0155945 78.2481 2.4
      vertex -0.134781 78.1941 2.4
    endloop
  endfacet
  facet normal -0.4713 0.881973 0
    outer loop
      vertex -0.134781 78.1941 2.4
      vertex -0.250244 78.1324 4.75
      vertex -0.134781 78.1941 4.75
    endloop
  endfacet
  facet normal -0.4713 0.881973 0
    outer loop
      vertex -0.250244 78.1324 4.75
      vertex -0.134781 78.1941 2.4
      vertex -0.250244 78.1324 2.4
    endloop
  endfacet
  facet normal -0.527988 0.849252 0
    outer loop
      vertex -0.250244 78.1324 2.4
      vertex -0.361389 78.0633 4.75
      vertex -0.250244 78.1324 4.75
    endloop
  endfacet
  facet normal -0.527988 0.849252 0
    outer loop
      vertex -0.361389 78.0633 4.75
      vertex -0.250244 78.1324 2.4
      vertex -0.361389 78.0633 2.4
    endloop
  endfacet
  facet normal -0.582812 0.812607 0
    outer loop
      vertex -0.361389 78.0633 2.4
      vertex -0.467773 77.987 4.75
      vertex -0.361389 78.0633 4.75
    endloop
  endfacet
  facet normal -0.582812 0.812607 0
    outer loop
      vertex -0.467773 77.987 4.75
      vertex -0.361389 78.0633 2.4
      vertex -0.467773 77.987 2.4
    endloop
  endfacet
  facet normal -0.634052 0.773291 0
    outer loop
      vertex -0.467773 77.987 2.4
      vertex -0.569 77.904 4.75
      vertex -0.467773 77.987 4.75
    endloop
  endfacet
  facet normal -0.634052 0.773291 0
    outer loop
      vertex -0.569 77.904 4.75
      vertex -0.467773 77.987 2.4
      vertex -0.569 77.904 2.4
    endloop
  endfacet
  facet normal -0.683738 0.729728 0
    outer loop
      vertex -0.569 77.904 2.4
      vertex -0.66452 77.8145 4.75
      vertex -0.569 77.904 4.75
    endloop
  endfacet
  facet normal -0.683738 0.729728 0
    outer loop
      vertex -0.66452 77.8145 4.75
      vertex -0.569 77.904 2.4
      vertex -0.66452 77.8145 2.4
    endloop
  endfacet
  facet normal -0.729983 0.683466 0
    outer loop
      vertex -0.754028 77.7189 2.4
      vertex -0.66452 77.8145 4.75
      vertex -0.66452 77.8145 2.4
    endloop
  endfacet
  facet normal -0.729983 0.683466 0
    outer loop
      vertex -0.66452 77.8145 4.75
      vertex -0.754028 77.7189 2.4
      vertex -0.754028 77.7189 4.75
    endloop
  endfacet
  facet normal -0.77287 0.634564 0
    outer loop
      vertex -0.837036 77.6178 2.4
      vertex -0.754028 77.7189 4.75
      vertex -0.754028 77.7189 2.4
    endloop
  endfacet
  facet normal -0.77287 0.634564 0
    outer loop
      vertex -0.754028 77.7189 4.75
      vertex -0.837036 77.6178 2.4
      vertex -0.837036 77.6178 4.75
    endloop
  endfacet
  facet normal -0.812945 0.582341 0
    outer loop
      vertex -0.913254 77.5114 2.4
      vertex -0.837036 77.6178 4.75
      vertex -0.837036 77.6178 2.4
    endloop
  endfacet
  facet normal -0.812945 0.582341 0
    outer loop
      vertex -0.837036 77.6178 4.75
      vertex -0.913254 77.5114 2.4
      vertex -0.913254 77.5114 4.75
    endloop
  endfacet
  facet normal -0.849033 0.52834 0
    outer loop
      vertex -0.982452 77.4002 2.4
      vertex -0.913254 77.5114 4.75
      vertex -0.913254 77.5114 2.4
    endloop
  endfacet
  facet normal -0.849033 0.52834 0
    outer loop
      vertex -0.913254 77.5114 4.75
      vertex -0.982452 77.4002 2.4
      vertex -0.982452 77.4002 4.75
    endloop
  endfacet
  facet normal -0.88201 0.47123 0
    outer loop
      vertex -1.04416 77.2847 2.4
      vertex -0.982452 77.4002 4.75
      vertex -0.982452 77.4002 2.4
    endloop
  endfacet
  facet normal -0.88201 0.47123 0
    outer loop
      vertex -0.982452 77.4002 4.75
      vertex -1.04416 77.2847 2.4
      vertex -1.04416 77.2847 4.75
    endloop
  endfacet
  facet normal -0.910975 0.412461 0
    outer loop
      vertex -1.09813 77.1655 2.4
      vertex -1.04416 77.2847 4.75
      vertex -1.04416 77.2847 2.4
    endloop
  endfacet
  facet normal -0.910975 0.412461 0
    outer loop
      vertex -1.04416 77.2847 4.75
      vertex -1.09813 77.1655 2.4
      vertex -1.09813 77.1655 4.75
    endloop
  endfacet
  facet normal -0.935895 0.352279 0
    outer loop
      vertex -1.14424 77.043 2.4
      vertex -1.09813 77.1655 4.75
      vertex -1.09813 77.1655 2.4
    endloop
  endfacet
  facet normal -0.935895 0.352279 0
    outer loop
      vertex -1.09813 77.1655 4.75
      vertex -1.14424 77.043 2.4
      vertex -1.14424 77.043 4.75
    endloop
  endfacet
  facet normal -0.956875 0.290502 0
    outer loop
      vertex -1.18225 76.9178 2.4
      vertex -1.14424 77.043 4.75
      vertex -1.14424 77.043 2.4
    endloop
  endfacet
  facet normal -0.956875 0.290502 0
    outer loop
      vertex -1.14424 77.043 4.75
      vertex -1.18225 76.9178 2.4
      vertex -1.18225 76.9178 4.75
    endloop
  endfacet
  facet normal -0.973858 0.227157 0
    outer loop
      vertex -1.21199 76.7903 2.4
      vertex -1.18225 76.9178 4.75
      vertex -1.18225 76.9178 2.4
    endloop
  endfacet
  facet normal -0.973858 0.227157 0
    outer loop
      vertex -1.18225 76.9178 4.75
      vertex -1.21199 76.7903 2.4
      vertex -1.21199 76.7903 4.75
    endloop
  endfacet
  facet normal -0.986645 0.162888 0
    outer loop
      vertex -1.23332 76.6611 2.4
      vertex -1.21199 76.7903 4.75
      vertex -1.21199 76.7903 2.4
    endloop
  endfacet
  facet normal -0.986645 0.162888 0
    outer loop
      vertex -1.21199 76.7903 4.75
      vertex -1.23332 76.6611 2.4
      vertex -1.23332 76.6611 4.75
    endloop
  endfacet
  facet normal -0.99521 0.0977643 0
    outer loop
      vertex -1.24612 76.5308 2.4
      vertex -1.23332 76.6611 4.75
      vertex -1.23332 76.6611 2.4
    endloop
  endfacet
  facet normal -0.99521 0.0977643 0
    outer loop
      vertex -1.23332 76.6611 4.75
      vertex -1.24612 76.5308 2.4
      vertex -1.24612 76.5308 4.75
    endloop
  endfacet
  facet normal -0.999457 0.0329473 0
    outer loop
      vertex -1.25 76.4131 2.4
      vertex -1.24612 76.5308 4.75
      vertex -1.24612 76.5308 2.4
    endloop
  endfacet
  facet normal -0.999457 0.0329473 0
    outer loop
      vertex -1.24612 76.5308 4.75
      vertex -1.25 76.4131 2.4
      vertex -1.25 76.4131 4.75
    endloop
  endfacet
  facet normal -1 0 0
    outer loop
      vertex -1.25 -3.31313 2.4
      vertex -1.25 76.4131 4.75
      vertex -1.25 76.4131 2.4
    endloop
  endfacet
  facet normal -1 -0 0
    outer loop
      vertex -1.25 76.4131 4.75
      vertex -1.25 -3.31313 2.4
      vertex -1.25 -3.31313 4.75
    endloop
  endfacet
  facet normal -0.999457 -0.0329417 0
    outer loop
      vertex -1.24612 -3.43085 2.4
      vertex -1.25 -3.31313 4.75
      vertex -1.25 -3.31313 2.4
    endloop
  endfacet
  facet normal -0.999457 -0.0329417 0
    outer loop
      vertex -1.25 -3.31313 4.75
      vertex -1.24612 -3.43085 2.4
      vertex -1.24612 -3.43085 4.75
    endloop
  endfacet
  facet normal -0.995202 -0.0978461 0
    outer loop
      vertex -1.23332 -3.56104 2.4
      vertex -1.24612 -3.43085 4.75
      vertex -1.24612 -3.43085 2.4
    endloop
  endfacet
  facet normal -0.995202 -0.0978461 0
    outer loop
      vertex -1.24612 -3.43085 4.75
      vertex -1.23332 -3.56104 2.4
      vertex -1.23332 -3.56104 4.75
    endloop
  endfacet
  facet normal -0.986649 -0.162863 0
    outer loop
      vertex -1.21199 -3.69026 2.4
      vertex -1.23332 -3.56104 4.75
      vertex -1.23332 -3.56104 2.4
    endloop
  endfacet
  facet normal -0.986649 -0.162863 0
    outer loop
      vertex -1.23332 -3.56104 4.75
      vertex -1.21199 -3.69026 2.4
      vertex -1.21199 -3.69026 4.75
    endloop
  endfacet
  facet normal -0.97387 -0.227106 0
    outer loop
      vertex -1.18225 -3.81779 2.4
      vertex -1.21199 -3.69026 4.75
      vertex -1.21199 -3.69026 2.4
    endloop
  endfacet
  facet normal -0.97387 -0.227106 0
    outer loop
      vertex -1.21199 -3.69026 4.75
      vertex -1.18225 -3.81779 2.4
      vertex -1.18225 -3.81779 4.75
    endloop
  endfacet
  facet normal -0.956894 -0.290438 0
    outer loop
      vertex -1.14424 -3.94302 2.4
      vertex -1.18225 -3.81779 4.75
      vertex -1.18225 -3.81779 2.4
    endloop
  endfacet
  facet normal -0.956894 -0.290438 0
    outer loop
      vertex -1.18225 -3.81779 4.75
      vertex -1.14424 -3.94302 2.4
      vertex -1.14424 -3.94302 4.75
    endloop
  endfacet
  facet normal -0.935924 -0.352203 0
    outer loop
      vertex -1.09813 -4.06555 2.4
      vertex -1.14424 -3.94302 4.75
      vertex -1.14424 -3.94302 2.4
    endloop
  endfacet
  facet normal -0.935924 -0.352203 0
    outer loop
      vertex -1.14424 -3.94302 4.75
      vertex -1.09813 -4.06555 2.4
      vertex -1.09813 -4.06555 4.75
    endloop
  endfacet
  facet normal -0.910866 -0.412703 0
    outer loop
      vertex -1.04414 -4.18471 2.4
      vertex -1.09813 -4.06555 4.75
      vertex -1.09813 -4.06555 2.4
    endloop
  endfacet
  facet normal -0.910866 -0.412703 0
    outer loop
      vertex -1.09813 -4.06555 4.75
      vertex -1.04414 -4.18471 2.4
      vertex -1.04414 -4.18471 4.75
    endloop
  endfacet
  facet normal -0.882006 -0.471238 0
    outer loop
      vertex -0.982452 -4.30017 2.4
      vertex -1.04414 -4.18471 4.75
      vertex -1.04414 -4.18471 2.4
    endloop
  endfacet
  facet normal -0.882006 -0.471238 0
    outer loop
      vertex -1.04414 -4.18471 4.75
      vertex -0.982452 -4.30017 2.4
      vertex -0.982452 -4.30017 4.75
    endloop
  endfacet
  facet normal -0.84914 -0.528169 0
    outer loop
      vertex -0.913254 -4.41142 2.4
      vertex -0.982452 -4.30017 4.75
      vertex -0.982452 -4.30017 2.4
    endloop
  endfacet
  facet normal -0.84914 -0.528169 0
    outer loop
      vertex -0.982452 -4.30017 4.75
      vertex -0.913254 -4.41142 2.4
      vertex -0.913254 -4.41142 4.75
    endloop
  endfacet
  facet normal -0.812789 -0.582558 0
    outer loop
      vertex -0.837036 -4.51776 2.4
      vertex -0.913254 -4.41142 4.75
      vertex -0.913254 -4.41142 2.4
    endloop
  endfacet
  facet normal -0.812789 -0.582558 0
    outer loop
      vertex -0.913254 -4.41142 4.75
      vertex -0.837036 -4.51776 2.4
      vertex -0.837036 -4.51776 4.75
    endloop
  endfacet
  facet normal -0.773116 -0.634264 0
    outer loop
      vertex -0.754028 -4.61894 2.4
      vertex -0.837036 -4.51776 4.75
      vertex -0.837036 -4.51776 2.4
    endloop
  endfacet
  facet normal -0.773116 -0.634264 0
    outer loop
      vertex -0.837036 -4.51776 4.75
      vertex -0.754028 -4.61894 2.4
      vertex -0.754028 -4.61894 4.75
    endloop
  endfacet
  facet normal -0.729876 -0.68358 0
    outer loop
      vertex -0.66452 -4.71451 2.4
      vertex -0.754028 -4.61894 4.75
      vertex -0.754028 -4.61894 2.4
    endloop
  endfacet
  facet normal -0.729876 -0.68358 0
    outer loop
      vertex -0.754028 -4.61894 4.75
      vertex -0.66452 -4.71451 2.4
      vertex -0.66452 -4.71451 4.75
    endloop
  endfacet
  facet normal -0.683575 -0.72988 0
    outer loop
      vertex -0.66452 -4.71451 2.4
      vertex -0.569 -4.80397 4.75
      vertex -0.66452 -4.71451 4.75
    endloop
  endfacet
  facet normal -0.683575 -0.72988 -0
    outer loop
      vertex -0.569 -4.80397 4.75
      vertex -0.66452 -4.71451 2.4
      vertex -0.569 -4.80397 2.4
    endloop
  endfacet
  facet normal -0.634407 -0.773 0
    outer loop
      vertex -0.569 -4.80397 2.4
      vertex -0.467819 -4.88701 4.75
      vertex -0.569 -4.80397 4.75
    endloop
  endfacet
  facet normal -0.634407 -0.773 -0
    outer loop
      vertex -0.467819 -4.88701 4.75
      vertex -0.569 -4.80397 2.4
      vertex -0.467819 -4.88701 2.4
    endloop
  endfacet
  facet normal -0.582545 -0.812798 0
    outer loop
      vertex -0.467819 -4.88701 2.4
      vertex -0.361389 -4.96329 4.75
      vertex -0.467819 -4.88701 4.75
    endloop
  endfacet
  facet normal -0.582545 -0.812798 -0
    outer loop
      vertex -0.361389 -4.96329 4.75
      vertex -0.467819 -4.88701 2.4
      vertex -0.361389 -4.96329 2.4
    endloop
  endfacet
  facet normal -0.527945 -0.849279 0
    outer loop
      vertex -0.361389 -4.96329 2.4
      vertex -0.250183 -5.03242 4.75
      vertex -0.361389 -4.96329 4.75
    endloop
  endfacet
  facet normal -0.527945 -0.849279 -0
    outer loop
      vertex -0.250183 -5.03242 4.75
      vertex -0.361389 -4.96329 2.4
      vertex -0.250183 -5.03242 2.4
    endloop
  endfacet
  facet normal -0.471494 -0.881869 0
    outer loop
      vertex -0.250183 -5.03242 2.4
      vertex -0.134781 -5.09412 4.75
      vertex -0.250183 -5.03242 4.75
    endloop
  endfacet
  facet normal -0.471494 -0.881869 -0
    outer loop
      vertex -0.134781 -5.09412 4.75
      vertex -0.250183 -5.03242 2.4
      vertex -0.134781 -5.09412 2.4
    endloop
  endfacet
  facet normal -0.412753 -0.910843 0
    outer loop
      vertex -0.134781 -5.09412 2.4
      vertex -0.0155945 -5.14813 4.75
      vertex -0.134781 -5.09412 4.75
    endloop
  endfacet
  facet normal -0.412753 -0.910843 -0
    outer loop
      vertex -0.0155945 -5.14813 4.75
      vertex -0.134781 -5.09412 2.4
      vertex -0.0155945 -5.14813 2.4
    endloop
  endfacet
  facet normal -0.352207 -0.935922 0
    outer loop
      vertex -0.0155945 -5.14813 2.4
      vertex 0.106934 -5.19424 4.75
      vertex -0.0155945 -5.14813 4.75
    endloop
  endfacet
  facet normal -0.352207 -0.935922 -0
    outer loop
      vertex 0.106934 -5.19424 4.75
      vertex -0.0155945 -5.14813 2.4
      vertex 0.106934 -5.19424 2.4
    endloop
  endfacet
  facet normal -0.290321 -0.956929 0
    outer loop
      vertex 0.106934 -5.19424 2.4
      vertex 0.232285 -5.23227 4.75
      vertex 0.106934 -5.19424 4.75
    endloop
  endfacet
  facet normal -0.290321 -0.956929 -0
    outer loop
      vertex 0.232285 -5.23227 4.75
      vertex 0.106934 -5.19424 2.4
      vertex 0.232285 -5.23227 2.4
    endloop
  endfacet
  facet normal -0.227039 -0.973886 0
    outer loop
      vertex 0.232285 -5.23227 2.4
      vertex 0.359726 -5.26198 4.75
      vertex 0.232285 -5.23227 4.75
    endloop
  endfacet
  facet normal -0.227039 -0.973886 -0
    outer loop
      vertex 0.359726 -5.26198 4.75
      vertex 0.232285 -5.23227 2.4
      vertex 0.359726 -5.26198 2.4
    endloop
  endfacet
  facet normal -0.162949 -0.986634 0
    outer loop
      vertex 0.359726 -5.26198 2.4
      vertex 0.488876 -5.28331 4.75
      vertex 0.359726 -5.26198 4.75
    endloop
  endfacet
  facet normal -0.162949 -0.986634 -0
    outer loop
      vertex 0.488876 -5.28331 4.75
      vertex 0.359726 -5.26198 2.4
      vertex 0.488876 -5.28331 2.4
    endloop
  endfacet
  facet normal -0.0979416 -0.995192 0
    outer loop
      vertex 0.488876 -5.28331 2.4
      vertex 0.619141 -5.29613 4.75
      vertex 0.488876 -5.28331 4.75
    endloop
  endfacet
  facet normal -0.0979416 -0.995192 -0
    outer loop
      vertex 0.619141 -5.29613 4.75
      vertex 0.488876 -5.28331 2.4
      vertex 0.619141 -5.29613 2.4
    endloop
  endfacet
  facet normal -0.0328566 -0.99946 0
    outer loop
      vertex 0.619141 -5.29613 2.4
      vertex 0.736862 -5.3 4.75
      vertex 0.619141 -5.29613 4.75
    endloop
  endfacet
  facet normal -0.0328566 -0.99946 -0
    outer loop
      vertex 0.736862 -5.3 4.75
      vertex 0.619141 -5.29613 2.4
      vertex 0.736862 -5.3 2.4
    endloop
  endfacet
  facet normal 0 -1 0
    outer loop
      vertex 0.736862 -5.3 2.4
      vertex 52.6031 -5.3 4.75
      vertex 0.736862 -5.3 4.75
    endloop
  endfacet
  facet normal 0 -1 -0
    outer loop
      vertex 52.6031 -5.3 4.75
      vertex 0.736862 -5.3 2.4
      vertex 52.6031 -5.3 2.4
    endloop
  endfacet
  facet normal 0.0328624 -0.99946 0
    outer loop
      vertex 52.6031 -5.3 2.4
      vertex 52.7208 -5.29613 4.75
      vertex 52.6031 -5.3 4.75
    endloop
  endfacet
  facet normal 0.0328624 -0.99946 0
    outer loop
      vertex 52.7208 -5.29613 4.75
      vertex 52.6031 -5.3 2.4
      vertex 52.7208 -5.29613 2.4
    endloop
  endfacet
  facet normal 0.0328523 0.99946 -0
    outer loop
      vertex 0.75 -4.5 2.4
      vertex 0.671509 -4.49742 4.75
      vertex 0.75 -4.5 4.75
    endloop
  endfacet
  facet normal 0.0328523 0.99946 0
    outer loop
      vertex 0.671509 -4.49742 4.75
      vertex 0.75 -4.5 2.4
      vertex 0.671509 -4.49742 2.4
    endloop
  endfacet
  facet normal 0.09794 0.995192 -0
    outer loop
      vertex 0.671509 -4.49742 2.4
      vertex 0.593369 -4.48973 4.75
      vertex 0.671509 -4.49742 4.75
    endloop
  endfacet
  facet normal 0.09794 0.995192 0
    outer loop
      vertex 0.593369 -4.48973 4.75
      vertex 0.671509 -4.49742 2.4
      vertex 0.593369 -4.48973 2.4
    endloop
  endfacet
  facet normal 0.162984 0.986629 -0
    outer loop
      vertex 0.593369 -4.48973 2.4
      vertex 0.515884 -4.47693 4.75
      vertex 0.593369 -4.48973 4.75
    endloop
  endfacet
  facet normal 0.162984 0.986629 0
    outer loop
      vertex 0.515884 -4.47693 4.75
      vertex 0.593369 -4.48973 2.4
      vertex 0.515884 -4.47693 2.4
    endloop
  endfacet
  facet normal 0.226932 0.973911 -0
    outer loop
      vertex 0.515884 -4.47693 2.4
      vertex 0.439407 -4.45911 4.75
      vertex 0.515884 -4.47693 4.75
    endloop
  endfacet
  facet normal 0.226932 0.973911 0
    outer loop
      vertex 0.439407 -4.45911 4.75
      vertex 0.515884 -4.47693 2.4
      vertex 0.439407 -4.45911 2.4
    endloop
  endfacet
  facet normal 0.290329 0.956927 -0
    outer loop
      vertex 0.439407 -4.45911 2.4
      vertex 0.364258 -4.43631 4.75
      vertex 0.439407 -4.45911 4.75
    endloop
  endfacet
  facet normal 0.290329 0.956927 0
    outer loop
      vertex 0.364258 -4.43631 4.75
      vertex 0.439407 -4.45911 2.4
      vertex 0.364258 -4.43631 2.4
    endloop
  endfacet
  facet normal 0.352266 0.9359 -0
    outer loop
      vertex 0.364258 -4.43631 2.4
      vertex 0.290771 -4.40865 4.75
      vertex 0.364258 -4.43631 4.75
    endloop
  endfacet
  facet normal 0.352266 0.9359 0
    outer loop
      vertex 0.290771 -4.40865 4.75
      vertex 0.364258 -4.43631 2.4
      vertex 0.290771 -4.40865 2.4
    endloop
  endfacet
  facet normal 0.412771 0.910835 -0
    outer loop
      vertex 0.290771 -4.40865 2.4
      vertex 0.219254 -4.37624 4.75
      vertex 0.290771 -4.40865 4.75
    endloop
  endfacet
  facet normal 0.412771 0.910835 0
    outer loop
      vertex 0.219254 -4.37624 4.75
      vertex 0.290771 -4.40865 2.4
      vertex 0.219254 -4.37624 2.4
    endloop
  endfacet
  facet normal 0.471394 0.881923 -0
    outer loop
      vertex 0.219254 -4.37624 2.4
      vertex 0.149994 -4.33922 4.75
      vertex 0.219254 -4.37624 4.75
    endloop
  endfacet
  facet normal 0.471394 0.881923 0
    outer loop
      vertex 0.149994 -4.33922 4.75
      vertex 0.219254 -4.37624 2.4
      vertex 0.149994 -4.33922 2.4
    endloop
  endfacet
  facet normal 0.528023 0.84923 -0
    outer loop
      vertex 0.149994 -4.33922 2.4
      vertex 0.083313 -4.29776 4.75
      vertex 0.149994 -4.33922 4.75
    endloop
  endfacet
  facet normal 0.528023 0.84923 0
    outer loop
      vertex 0.083313 -4.29776 4.75
      vertex 0.149994 -4.33922 2.4
      vertex 0.083313 -4.29776 2.4
    endloop
  endfacet
  facet normal 0.582577 0.812775 -0
    outer loop
      vertex 0.083313 -4.29776 2.4
      vertex 0.0194855 -4.25201 4.75
      vertex 0.083313 -4.29776 4.75
    endloop
  endfacet
  facet normal 0.582577 0.812775 0
    outer loop
      vertex 0.0194855 -4.25201 4.75
      vertex 0.083313 -4.29776 2.4
      vertex 0.0194855 -4.25201 2.4
    endloop
  endfacet
  facet normal 0.634433 0.772978 -0
    outer loop
      vertex 0.0194855 -4.25201 2.4
      vertex -0.041214 -4.20219 4.75
      vertex 0.0194855 -4.25201 4.75
    endloop
  endfacet
  facet normal 0.634433 0.772978 0
    outer loop
      vertex -0.041214 -4.20219 4.75
      vertex 0.0194855 -4.25201 2.4
      vertex -0.041214 -4.20219 2.4
    endloop
  endfacet
  facet normal 0.683602 0.729855 -0
    outer loop
      vertex -0.041214 -4.20219 2.4
      vertex -0.098526 -4.14851 4.75
      vertex -0.041214 -4.20219 4.75
    endloop
  endfacet
  facet normal 0.683602 0.729855 0
    outer loop
      vertex -0.098526 -4.14851 4.75
      vertex -0.041214 -4.20219 2.4
      vertex -0.098526 -4.14851 2.4
    endloop
  endfacet
  facet normal 0.729843 0.683615 0
    outer loop
      vertex -0.098526 -4.14851 4.75
      vertex -0.152206 -4.0912 2.4
      vertex -0.152206 -4.0912 4.75
    endloop
  endfacet
  facet normal 0.729843 0.683615 0
    outer loop
      vertex -0.152206 -4.0912 2.4
      vertex -0.098526 -4.14851 4.75
      vertex -0.098526 -4.14851 2.4
    endloop
  endfacet
  facet normal 0.773074 0.634316 0
    outer loop
      vertex -0.152206 -4.0912 4.75
      vertex -0.202011 -4.0305 2.4
      vertex -0.202011 -4.0305 4.75
    endloop
  endfacet
  facet normal 0.773074 0.634316 0
    outer loop
      vertex -0.202011 -4.0305 2.4
      vertex -0.152206 -4.0912 4.75
      vertex -0.152206 -4.0912 2.4
    endloop
  endfacet
  facet normal 0.81281 0.582529 0
    outer loop
      vertex -0.202011 -4.0305 4.75
      vertex -0.247757 -3.96667 2.4
      vertex -0.247757 -3.96667 4.75
    endloop
  endfacet
  facet normal 0.81281 0.582529 0
    outer loop
      vertex -0.247757 -3.96667 2.4
      vertex -0.202011 -4.0305 4.75
      vertex -0.202011 -4.0305 2.4
    endloop
  endfacet
  facet normal 0.849152 0.528148 0
    outer loop
      vertex -0.247757 -3.96667 4.75
      vertex -0.28923 -3.89999 2.4
      vertex -0.28923 -3.89999 4.75
    endloop
  endfacet
  facet normal 0.849152 0.528148 0
    outer loop
      vertex -0.28923 -3.89999 2.4
      vertex -0.247757 -3.96667 4.75
      vertex -0.247757 -3.96667 2.4
    endloop
  endfacet
  facet normal 0.882013 0.471226 0
    outer loop
      vertex -0.28923 -3.89999 4.75
      vertex -0.326233 -3.83073 2.4
      vertex -0.326233 -3.83073 4.75
    endloop
  endfacet
  facet normal 0.882013 0.471226 0
    outer loop
      vertex -0.326233 -3.83073 2.4
      vertex -0.28923 -3.89999 4.75
      vertex -0.28923 -3.89999 2.4
    endloop
  endfacet
  facet normal 0.91082 0.412805 0
    outer loop
      vertex -0.326233 -3.83073 4.75
      vertex -0.358643 -3.75922 2.4
      vertex -0.358643 -3.75922 4.75
    endloop
  endfacet
  facet normal 0.91082 0.412805 0
    outer loop
      vertex -0.358643 -3.75922 2.4
      vertex -0.326233 -3.83073 4.75
      vertex -0.326233 -3.83073 2.4
    endloop
  endfacet
  facet normal 0.935919 0.352214 0
    outer loop
      vertex -0.358643 -3.75922 4.75
      vertex -0.386307 -3.68571 2.4
      vertex -0.386307 -3.68571 4.75
    endloop
  endfacet
  facet normal 0.935919 0.352214 0
    outer loop
      vertex -0.386307 -3.68571 2.4
      vertex -0.358643 -3.75922 4.75
      vertex -0.358643 -3.75922 2.4
    endloop
  endfacet
  facet normal 0.956921 0.29035 0
    outer loop
      vertex -0.386307 -3.68571 4.75
      vertex -0.409103 -3.61058 2.4
      vertex -0.409103 -3.61058 4.75
    endloop
  endfacet
  facet normal 0.956921 0.29035 0
    outer loop
      vertex -0.409103 -3.61058 2.4
      vertex -0.386307 -3.68571 4.75
      vertex -0.386307 -3.68571 2.4
    endloop
  endfacet
  facet normal 0.973862 0.227141 0
    outer loop
      vertex -0.409103 -3.61058 4.75
      vertex -0.426941 -3.5341 2.4
      vertex -0.426941 -3.5341 4.75
    endloop
  endfacet
  facet normal 0.973862 0.227141 0
    outer loop
      vertex -0.426941 -3.5341 2.4
      vertex -0.409103 -3.61058 4.75
      vertex -0.409103 -3.61058 2.4
    endloop
  endfacet
  facet normal 0.986654 0.162833 0
    outer loop
      vertex -0.426941 -3.5341 4.75
      vertex -0.439728 -3.45662 2.4
      vertex -0.439728 -3.45662 4.75
    endloop
  endfacet
  facet normal 0.986654 0.162833 0
    outer loop
      vertex -0.439728 -3.45662 2.4
      vertex -0.426941 -3.5341 4.75
      vertex -0.426941 -3.5341 2.4
    endloop
  endfacet
  facet normal 0.995192 0.09794 0
    outer loop
      vertex -0.439728 -3.45662 4.75
      vertex -0.447418 -3.37848 2.4
      vertex -0.447418 -3.37848 4.75
    endloop
  endfacet
  facet normal 0.995192 0.09794 0
    outer loop
      vertex -0.447418 -3.37848 2.4
      vertex -0.439728 -3.45662 4.75
      vertex -0.439728 -3.45662 2.4
    endloop
  endfacet
  facet normal 0.999461 0.03284 0
    outer loop
      vertex -0.447418 -3.37848 4.75
      vertex -0.449997 -3.29999 2.4
      vertex -0.449997 -3.29999 4.75
    endloop
  endfacet
  facet normal 0.999461 0.03284 0
    outer loop
      vertex -0.449997 -3.29999 2.4
      vertex -0.447418 -3.37848 4.75
      vertex -0.447418 -3.37848 2.4
    endloop
  endfacet
  facet normal 1 -0 0
    outer loop
      vertex -0.449997 16.0568 4.75
      vertex -0.449997 76.4 2.4
      vertex -0.449997 76.4 4.75
    endloop
  endfacet
  facet normal 1 0 0
    outer loop
      vertex -0.449997 76.4 2.4
      vertex -0.449997 16.0568 4.75
      vertex -0.449997 16.0568 2.4
    endloop
  endfacet
  facet normal 1 -0 0
    outer loop
      vertex -0.449997 -3.29999 4.75
      vertex -0.449997 14.4232 2.4
      vertex -0.449997 14.4232 4.75
    endloop
  endfacet
  facet normal 1 0 0
    outer loop
      vertex -0.449997 14.4232 2.4
      vertex -0.449997 -3.29999 4.75
      vertex -0.449997 -3.29999 2.4
    endloop
  endfacet
  facet normal 0.999461 -0.0328358 0
    outer loop
      vertex -0.449997 76.4 4.75
      vertex -0.447418 76.4785 2.4
      vertex -0.447418 76.4785 4.75
    endloop
  endfacet
  facet normal 0.999461 -0.0328358 0
    outer loop
      vertex -0.447418 76.4785 2.4
      vertex -0.449997 76.4 4.75
      vertex -0.449997 76.4 2.4
    endloop
  endfacet
  facet normal 0.995187 -0.0979896 0
    outer loop
      vertex -0.447418 76.4785 4.75
      vertex -0.439728 76.5566 2.4
      vertex -0.439728 76.5566 4.75
    endloop
  endfacet
  facet normal 0.995187 -0.0979896 0
    outer loop
      vertex -0.439728 76.5566 2.4
      vertex -0.447418 76.4785 4.75
      vertex -0.447418 76.4785 2.4
    endloop
  endfacet
  facet normal 0.98666 -0.162793 0
    outer loop
      vertex -0.439728 76.5566 4.75
      vertex -0.426941 76.6341 2.4
      vertex -0.426941 76.6341 4.75
    endloop
  endfacet
  facet normal 0.98666 -0.162793 0
    outer loop
      vertex -0.426941 76.6341 2.4
      vertex -0.439728 76.5566 4.75
      vertex -0.439728 76.5566 2.4
    endloop
  endfacet
  facet normal 0.973875 -0.227085 0
    outer loop
      vertex -0.426941 76.6341 4.75
      vertex -0.409103 76.7106 2.4
      vertex -0.409103 76.7106 4.75
    endloop
  endfacet
  facet normal 0.973875 -0.227085 0
    outer loop
      vertex -0.409103 76.7106 2.4
      vertex -0.426941 76.6341 4.75
      vertex -0.426941 76.6341 2.4
    endloop
  endfacet
  facet normal 0.956888 -0.290456 0
    outer loop
      vertex -0.409103 76.7106 4.75
      vertex -0.386307 76.7857 2.4
      vertex -0.386307 76.7857 4.75
    endloop
  endfacet
  facet normal 0.956888 -0.290456 0
    outer loop
      vertex -0.386307 76.7857 2.4
      vertex -0.409103 76.7106 4.75
      vertex -0.409103 76.7106 2.4
    endloop
  endfacet
  facet normal 0.935904 -0.352256 0
    outer loop
      vertex -0.386307 76.7857 4.75
      vertex -0.358643 76.8592 2.4
      vertex -0.358643 76.8592 4.75
    endloop
  endfacet
  facet normal 0.935904 -0.352256 0
    outer loop
      vertex -0.358643 76.8592 2.4
      vertex -0.386307 76.7857 4.75
      vertex -0.386307 76.7857 2.4
    endloop
  endfacet
  facet normal 0.910798 -0.412853 0
    outer loop
      vertex -0.358643 76.8592 4.75
      vertex -0.326233 76.9307 2.4
      vertex -0.326233 76.9307 4.75
    endloop
  endfacet
  facet normal 0.910798 -0.412853 0
    outer loop
      vertex -0.326233 76.9307 2.4
      vertex -0.358643 76.8592 4.75
      vertex -0.358643 76.8592 2.4
    endloop
  endfacet
  facet normal 0.882126 -0.471014 0
    outer loop
      vertex -0.326233 76.9307 4.75
      vertex -0.28923 77 2.4
      vertex -0.28923 77 4.75
    endloop
  endfacet
  facet normal 0.882126 -0.471014 0
    outer loop
      vertex -0.28923 77 2.4
      vertex -0.326233 76.9307 4.75
      vertex -0.326233 76.9307 2.4
    endloop
  endfacet
  facet normal 0.849223 -0.528034 0
    outer loop
      vertex -0.28923 77 4.75
      vertex -0.247757 77.0667 2.4
      vertex -0.247757 77.0667 4.75
    endloop
  endfacet
  facet normal 0.849223 -0.528034 0
    outer loop
      vertex -0.247757 77.0667 2.4
      vertex -0.28923 77 4.75
      vertex -0.28923 77 2.4
    endloop
  endfacet
  facet normal 0.81268 -0.58271 0
    outer loop
      vertex -0.247757 77.0667 4.75
      vertex -0.202011 77.1305 2.4
      vertex -0.202011 77.1305 4.75
    endloop
  endfacet
  facet normal 0.81268 -0.58271 0
    outer loop
      vertex -0.202011 77.1305 2.4
      vertex -0.247757 77.0667 4.75
      vertex -0.247757 77.0667 2.4
    endloop
  endfacet
  facet normal 0.773074 -0.634316 0
    outer loop
      vertex -0.202011 77.1305 4.75
      vertex -0.152206 77.1912 2.4
      vertex -0.152206 77.1912 4.75
    endloop
  endfacet
  facet normal 0.773074 -0.634316 0
    outer loop
      vertex -0.152206 77.1912 2.4
      vertex -0.202011 77.1305 4.75
      vertex -0.202011 77.1305 2.4
    endloop
  endfacet
  facet normal 0.729783 -0.683678 0
    outer loop
      vertex -0.152206 77.1912 4.75
      vertex -0.098526 77.2485 2.4
      vertex -0.098526 77.2485 4.75
    endloop
  endfacet
  facet normal 0.729783 -0.683678 0
    outer loop
      vertex -0.098526 77.2485 2.4
      vertex -0.152206 77.1912 4.75
      vertex -0.152206 77.1912 2.4
    endloop
  endfacet
  facet normal 0.683738 -0.729728 0
    outer loop
      vertex -0.098526 77.2485 2.4
      vertex -0.041214 77.3022 4.75
      vertex -0.098526 77.2485 4.75
    endloop
  endfacet
  facet normal 0.683738 -0.729728 0
    outer loop
      vertex -0.041214 77.3022 4.75
      vertex -0.098526 77.2485 2.4
      vertex -0.041214 77.3022 2.4
    endloop
  endfacet
  facet normal 0.634281 -0.773103 0
    outer loop
      vertex -0.041214 77.3022 2.4
      vertex 0.0194855 77.352 4.75
      vertex -0.041214 77.3022 4.75
    endloop
  endfacet
  facet normal 0.634281 -0.773103 0
    outer loop
      vertex 0.0194855 77.352 4.75
      vertex -0.041214 77.3022 2.4
      vertex 0.0194855 77.352 2.4
    endloop
  endfacet
  facet normal 0.582998 -0.812474 0
    outer loop
      vertex 0.0194855 77.352 2.4
      vertex 0.083313 77.3978 4.75
      vertex 0.0194855 77.352 4.75
    endloop
  endfacet
  facet normal 0.582998 -0.812474 0
    outer loop
      vertex 0.083313 77.3978 4.75
      vertex 0.0194855 77.352 2.4
      vertex 0.083313 77.3978 2.4
    endloop
  endfacet
  facet normal 0.527471 -0.849573 0
    outer loop
      vertex 0.083313 77.3978 2.4
      vertex 0.149994 77.4392 4.75
      vertex 0.083313 77.3978 4.75
    endloop
  endfacet
  facet normal 0.527471 -0.849573 0
    outer loop
      vertex 0.149994 77.4392 4.75
      vertex 0.083313 77.3978 2.4
      vertex 0.149994 77.4392 2.4
    endloop
  endfacet
  facet normal 0.471196 -0.882028 0
    outer loop
      vertex 0.149994 77.4392 2.4
      vertex 0.219254 77.4762 4.75
      vertex 0.149994 77.4392 4.75
    endloop
  endfacet
  facet normal 0.471196 -0.882028 0
    outer loop
      vertex 0.219254 77.4762 4.75
      vertex 0.149994 77.4392 2.4
      vertex 0.219254 77.4762 2.4
    endloop
  endfacet
  facet normal 0.413721 -0.910404 0
    outer loop
      vertex 0.219254 77.4762 2.4
      vertex 0.290771 77.5087 4.75
      vertex 0.219254 77.4762 4.75
    endloop
  endfacet
  facet normal 0.413721 -0.910404 0
    outer loop
      vertex 0.290771 77.5087 4.75
      vertex 0.219254 77.4762 2.4
      vertex 0.290771 77.5087 2.4
    endloop
  endfacet
  facet normal 0.351597 -0.936152 0
    outer loop
      vertex 0.290771 77.5087 2.4
      vertex 0.364258 77.5363 4.75
      vertex 0.290771 77.5087 4.75
    endloop
  endfacet
  facet normal 0.351597 -0.936152 0
    outer loop
      vertex 0.364258 77.5363 4.75
      vertex 0.290771 77.5087 2.4
      vertex 0.364258 77.5363 2.4
    endloop
  endfacet
  facet normal 0.290329 -0.956927 0
    outer loop
      vertex 0.364258 77.5363 2.4
      vertex 0.439407 77.5591 4.75
      vertex 0.364258 77.5363 4.75
    endloop
  endfacet
  facet normal 0.290329 -0.956927 0
    outer loop
      vertex 0.439407 77.5591 4.75
      vertex 0.364258 77.5363 2.4
      vertex 0.439407 77.5591 2.4
    endloop
  endfacet
  facet normal 0.226691 -0.973967 0
    outer loop
      vertex 0.439407 77.5591 2.4
      vertex 0.515884 77.5769 4.75
      vertex 0.439407 77.5591 4.75
    endloop
  endfacet
  facet normal 0.226691 -0.973967 0
    outer loop
      vertex 0.515884 77.5769 4.75
      vertex 0.439407 77.5591 2.4
      vertex 0.515884 77.5769 2.4
    endloop
  endfacet
  facet normal 0.162984 -0.986629 0
    outer loop
      vertex 0.515884 77.5769 2.4
      vertex 0.593369 77.5897 4.75
      vertex 0.515884 77.5769 4.75
    endloop
  endfacet
  facet normal 0.162984 -0.986629 0
    outer loop
      vertex 0.593369 77.5897 4.75
      vertex 0.515884 77.5769 2.4
      vertex 0.593369 77.5897 2.4
    endloop
  endfacet
  facet normal 0.0980661 -0.99518 0
    outer loop
      vertex 0.593369 77.5897 2.4
      vertex 0.671509 77.5974 4.75
      vertex 0.593369 77.5897 4.75
    endloop
  endfacet
  facet normal 0.0980661 -0.99518 0
    outer loop
      vertex 0.671509 77.5974 4.75
      vertex 0.593369 77.5897 2.4
      vertex 0.671509 77.5974 2.4
    endloop
  endfacet
  facet normal 0.0331067 -0.999452 0
    outer loop
      vertex 0.671509 77.5974 2.4
      vertex 0.75 77.6 4.75
      vertex 0.671509 77.5974 4.75
    endloop
  endfacet
  facet normal 0.0331067 -0.999452 0
    outer loop
      vertex 0.75 77.6 4.75
      vertex 0.671509 77.5974 2.4
      vertex 0.75 77.6 2.4
    endloop
  endfacet
  facet normal 0 -1 0
    outer loop
      vertex 0.75 77.6 2.4
      vertex 52.59 77.6 4.75
      vertex 0.75 77.6 4.75
    endloop
  endfacet
  facet normal 0 -1 -0
    outer loop
      vertex 52.59 77.6 4.75
      vertex 0.75 77.6 2.4
      vertex 52.59 77.6 2.4
    endloop
  endfacet
  facet normal -0.0331029 -0.999452 0
    outer loop
      vertex 52.59 77.6 2.4
      vertex 52.6685 77.5974 4.75
      vertex 52.59 77.6 4.75
    endloop
  endfacet
  facet normal -0.0331029 -0.999452 -0
    outer loop
      vertex 52.6685 77.5974 4.75
      vertex 52.59 77.6 2.4
      vertex 52.6685 77.5974 2.4
    endloop
  endfacet
  facet normal -0.0981158 -0.995175 0
    outer loop
      vertex 52.6685 77.5974 2.4
      vertex 52.7466 77.5897 4.75
      vertex 52.6685 77.5974 4.75
    endloop
  endfacet
  facet normal -0.0981158 -0.995175 -0
    outer loop
      vertex 52.7466 77.5897 4.75
      vertex 52.6685 77.5974 2.4
      vertex 52.7466 77.5897 2.4
    endloop
  endfacet
  facet normal -0.162954 -0.986634 0
    outer loop
      vertex 52.7466 77.5897 2.4
      vertex 52.8241 77.5769 4.75
      vertex 52.7466 77.5897 4.75
    endloop
  endfacet
  facet normal -0.162954 -0.986634 -0
    outer loop
      vertex 52.8241 77.5769 4.75
      vertex 52.7466 77.5897 2.4
      vertex 52.8241 77.5769 2.4
    endloop
  endfacet
  facet normal -0.226626 -0.973982 0
    outer loop
      vertex 52.8241 77.5769 2.4
      vertex 52.9006 77.5591 4.75
      vertex 52.8241 77.5769 4.75
    endloop
  endfacet
  facet normal -0.226626 -0.973982 -0
    outer loop
      vertex 52.9006 77.5591 4.75
      vertex 52.8241 77.5769 2.4
      vertex 52.9006 77.5591 2.4
    endloop
  endfacet
  facet normal -0.290502 -0.956874 0
    outer loop
      vertex 52.9006 77.5591 2.4
      vertex 52.9757 77.5363 4.75
      vertex 52.9006 77.5591 4.75
    endloop
  endfacet
  facet normal -0.290502 -0.956874 -0
    outer loop
      vertex 52.9757 77.5363 4.75
      vertex 52.9006 77.5591 2.4
      vertex 52.9757 77.5363 2.4
    endloop
  endfacet
  facet normal -0.351542 -0.936172 0
    outer loop
      vertex 52.9757 77.5363 2.4
      vertex 53.0492 77.5087 4.75
      vertex 52.9757 77.5363 4.75
    endloop
  endfacet
  facet normal -0.351542 -0.936172 -0
    outer loop
      vertex 53.0492 77.5087 4.75
      vertex 52.9757 77.5363 2.4
      vertex 53.0492 77.5087 2.4
    endloop
  endfacet
  facet normal -0.413803 -0.910366 0
    outer loop
      vertex 53.0492 77.5087 2.4
      vertex 53.1207 77.4762 4.75
      vertex 53.0492 77.5087 4.75
    endloop
  endfacet
  facet normal -0.413803 -0.910366 -0
    outer loop
      vertex 53.1207 77.4762 4.75
      vertex 53.0492 77.5087 2.4
      vertex 53.1207 77.4762 2.4
    endloop
  endfacet
  facet normal -0.470985 -0.882141 0
    outer loop
      vertex 53.1207 77.4762 2.4
      vertex 53.19 77.4392 4.75
      vertex 53.1207 77.4762 4.75
    endloop
  endfacet
  facet normal -0.470985 -0.882141 -0
    outer loop
      vertex 53.19 77.4392 4.75
      vertex 53.1207 77.4762 2.4
      vertex 53.19 77.4392 2.4
    endloop
  endfacet
  facet normal -0.527363 -0.84964 0
    outer loop
      vertex 53.19 77.4392 2.4
      vertex 53.2567 77.3978 4.75
      vertex 53.19 77.4392 4.75
    endloop
  endfacet
  facet normal -0.527363 -0.84964 -0
    outer loop
      vertex 53.2567 77.3978 4.75
      vertex 53.19 77.4392 2.4
      vertex 53.2567 77.3978 2.4
    endloop
  endfacet
  facet normal -0.583164 -0.812355 0
    outer loop
      vertex 53.2567 77.3978 2.4
      vertex 53.3205 77.352 4.75
      vertex 53.2567 77.3978 4.75
    endloop
  endfacet
  facet normal -0.583164 -0.812355 -0
    outer loop
      vertex 53.3205 77.352 4.75
      vertex 53.2567 77.3978 2.4
      vertex 53.3205 77.352 2.4
    endloop
  endfacet
  facet normal -0.634278 -0.773105 0
    outer loop
      vertex 53.3205 77.352 2.4
      vertex 53.3812 77.3022 4.75
      vertex 53.3205 77.352 4.75
    endloop
  endfacet
  facet normal -0.634278 -0.773105 -0
    outer loop
      vertex 53.3812 77.3022 4.75
      vertex 53.3205 77.352 2.4
      vertex 53.3812 77.3022 2.4
    endloop
  endfacet
  facet normal -0.683814 -0.729656 0
    outer loop
      vertex 53.3812 77.3022 2.4
      vertex 53.4385 77.2485 4.75
      vertex 53.3812 77.3022 4.75
    endloop
  endfacet
  facet normal -0.683814 -0.729656 -0
    outer loop
      vertex 53.4385 77.2485 4.75
      vertex 53.3812 77.3022 2.4
      vertex 53.4385 77.2485 2.4
    endloop
  endfacet
  facet normal -0.729656 -0.683814 0
    outer loop
      vertex 53.4922 77.1912 2.4
      vertex 53.4385 77.2485 4.75
      vertex 53.4385 77.2485 2.4
    endloop
  endfacet
  facet normal -0.729656 -0.683814 0
    outer loop
      vertex 53.4385 77.2485 4.75
      vertex 53.4922 77.1912 2.4
      vertex 53.4922 77.1912 4.75
    endloop
  endfacet
  facet normal -0.773105 -0.634278 0
    outer loop
      vertex 53.542 77.1305 2.4
      vertex 53.4922 77.1912 4.75
      vertex 53.4922 77.1912 2.4
    endloop
  endfacet
  facet normal -0.773105 -0.634278 0
    outer loop
      vertex 53.4922 77.1912 4.75
      vertex 53.542 77.1305 2.4
      vertex 53.542 77.1305 4.75
    endloop
  endfacet
  facet normal -0.812355 -0.583164 0
    outer loop
      vertex 53.5878 77.0667 2.4
      vertex 53.542 77.1305 4.75
      vertex 53.542 77.1305 2.4
    endloop
  endfacet
  facet normal -0.812355 -0.583164 0
    outer loop
      vertex 53.542 77.1305 4.75
      vertex 53.5878 77.0667 2.4
      vertex 53.5878 77.0667 4.75
    endloop
  endfacet
  facet normal -0.84964 -0.527363 0
    outer loop
      vertex 53.6292 77 2.4
      vertex 53.5878 77.0667 4.75
      vertex 53.5878 77.0667 2.4
    endloop
  endfacet
  facet normal -0.84964 -0.527363 0
    outer loop
      vertex 53.5878 77.0667 4.75
      vertex 53.6292 77 2.4
      vertex 53.6292 77 4.75
    endloop
  endfacet
  facet normal -0.882141 -0.470985 0
    outer loop
      vertex 53.6662 76.9307 2.4
      vertex 53.6292 77 4.75
      vertex 53.6292 77 2.4
    endloop
  endfacet
  facet normal -0.882141 -0.470985 0
    outer loop
      vertex 53.6292 77 4.75
      vertex 53.6662 76.9307 2.4
      vertex 53.6662 76.9307 4.75
    endloop
  endfacet
  facet normal -0.910366 -0.413803 0
    outer loop
      vertex 53.6987 76.8592 2.4
      vertex 53.6662 76.9307 4.75
      vertex 53.6662 76.9307 2.4
    endloop
  endfacet
  facet normal -0.910366 -0.413803 0
    outer loop
      vertex 53.6662 76.9307 4.75
      vertex 53.6987 76.8592 2.4
      vertex 53.6987 76.8592 4.75
    endloop
  endfacet
  facet normal -0.936172 -0.351542 0
    outer loop
      vertex 53.7263 76.7857 2.4
      vertex 53.6987 76.8592 4.75
      vertex 53.6987 76.8592 2.4
    endloop
  endfacet
  facet normal -0.936172 -0.351542 0
    outer loop
      vertex 53.6987 76.8592 4.75
      vertex 53.7263 76.7857 2.4
      vertex 53.7263 76.7857 4.75
    endloop
  endfacet
  facet normal -0.956874 -0.290502 0
    outer loop
      vertex 53.7491 76.7106 2.4
      vertex 53.7263 76.7857 4.75
      vertex 53.7263 76.7857 2.4
    endloop
  endfacet
  facet normal -0.956874 -0.290502 0
    outer loop
      vertex 53.7263 76.7857 4.75
      vertex 53.7491 76.7106 2.4
      vertex 53.7491 76.7106 4.75
    endloop
  endfacet
  facet normal -0.973982 -0.226626 0
    outer loop
      vertex 53.7669 76.6341 2.4
      vertex 53.7491 76.7106 4.75
      vertex 53.7491 76.7106 2.4
    endloop
  endfacet
  facet normal -0.973982 -0.226626 0
    outer loop
      vertex 53.7491 76.7106 4.75
      vertex 53.7669 76.6341 2.4
      vertex 53.7669 76.6341 4.75
    endloop
  endfacet
  facet normal -0.986634 -0.162954 0
    outer loop
      vertex 53.7797 76.5566 2.4
      vertex 53.7669 76.6341 4.75
      vertex 53.7669 76.6341 2.4
    endloop
  endfacet
  facet normal -0.986634 -0.162954 0
    outer loop
      vertex 53.7669 76.6341 4.75
      vertex 53.7797 76.5566 2.4
      vertex 53.7797 76.5566 4.75
    endloop
  endfacet
  facet normal -0.995175 -0.0981158 0
    outer loop
      vertex 53.7874 76.4785 2.4
      vertex 53.7797 76.5566 4.75
      vertex 53.7797 76.5566 2.4
    endloop
  endfacet
  facet normal -0.995175 -0.0981158 0
    outer loop
      vertex 53.7797 76.5566 4.75
      vertex 53.7874 76.4785 2.4
      vertex 53.7874 76.4785 4.75
    endloop
  endfacet
  facet normal -0.999452 -0.0331029 0
    outer loop
      vertex 53.79 76.4 2.4
      vertex 53.7874 76.4785 4.75
      vertex 53.7874 76.4785 2.4
    endloop
  endfacet
  facet normal -0.999452 -0.0331029 0
    outer loop
      vertex 53.7874 76.4785 4.75
      vertex 53.79 76.4 2.4
      vertex 53.79 76.4 4.75
    endloop
  endfacet
  facet normal -1 0 0
    outer loop
      vertex 53.79 -3.29999 2.4
      vertex 53.79 14.4232 4.75
      vertex 53.79 14.4232 2.4
    endloop
  endfacet
  facet normal -1 -0 0
    outer loop
      vertex 53.79 14.4232 4.75
      vertex 53.79 -3.29999 2.4
      vertex 53.79 -3.29999 4.75
    endloop
  endfacet
  facet normal -1 0 0
    outer loop
      vertex 53.79 16.0568 2.4
      vertex 53.79 76.4 4.75
      vertex 53.79 76.4 2.4
    endloop
  endfacet
  facet normal -1 -0 0
    outer loop
      vertex 53.79 76.4 4.75
      vertex 53.79 16.0568 2.4
      vertex 53.79 16.0568 4.75
    endloop
  endfacet
  facet normal -0.999452 0.0331071 0
    outer loop
      vertex 53.7874 -3.37848 2.4
      vertex 53.79 -3.29999 4.75
      vertex 53.79 -3.29999 2.4
    endloop
  endfacet
  facet normal -0.999452 0.0331071 0
    outer loop
      vertex 53.79 -3.29999 4.75
      vertex 53.7874 -3.37848 2.4
      vertex 53.7874 -3.37848 4.75
    endloop
  endfacet
  facet normal -0.99518 0.0980661 0
    outer loop
      vertex 53.7797 -3.45662 2.4
      vertex 53.7874 -3.37848 4.75
      vertex 53.7874 -3.37848 2.4
    endloop
  endfacet
  facet normal -0.99518 0.0980661 0
    outer loop
      vertex 53.7874 -3.37848 4.75
      vertex 53.7797 -3.45662 2.4
      vertex 53.7797 -3.45662 4.75
    endloop
  endfacet
  facet normal -0.986627 0.162995 0
    outer loop
      vertex 53.7669 -3.5341 2.4
      vertex 53.7797 -3.45662 4.75
      vertex 53.7797 -3.45662 2.4
    endloop
  endfacet
  facet normal -0.986627 0.162995 0
    outer loop
      vertex 53.7797 -3.45662 4.75
      vertex 53.7669 -3.5341 2.4
      vertex 53.7669 -3.5341 4.75
    endloop
  endfacet
  facet normal -0.973969 0.226682 0
    outer loop
      vertex 53.7491 -3.61058 2.4
      vertex 53.7669 -3.5341 4.75
      vertex 53.7669 -3.5341 2.4
    endloop
  endfacet
  facet normal -0.973969 0.226682 0
    outer loop
      vertex 53.7669 -3.5341 4.75
      vertex 53.7491 -3.61058 2.4
      vertex 53.7491 -3.61058 4.75
    endloop
  endfacet
  facet normal -0.956906 0.290396 0
    outer loop
      vertex 53.7263 -3.68571 2.4
      vertex 53.7491 -3.61058 4.75
      vertex 53.7491 -3.61058 2.4
    endloop
  endfacet
  facet normal -0.956906 0.290396 0
    outer loop
      vertex 53.7491 -3.61058 4.75
      vertex 53.7263 -3.68571 2.4
      vertex 53.7263 -3.68571 4.75
    endloop
  endfacet
  facet normal -0.936188 0.3515 0
    outer loop
      vertex 53.6987 -3.75922 2.4
      vertex 53.7263 -3.68571 4.75
      vertex 53.7263 -3.68571 2.4
    endloop
  endfacet
  facet normal -0.936188 0.3515 0
    outer loop
      vertex 53.7263 -3.68571 4.75
      vertex 53.6987 -3.75922 2.4
      vertex 53.6987 -3.75922 4.75
    endloop
  endfacet
  facet normal -0.910388 0.413755 0
    outer loop
      vertex 53.6662 -3.83073 2.4
      vertex 53.6987 -3.75922 4.75
      vertex 53.6987 -3.75922 2.4
    endloop
  endfacet
  facet normal -0.910388 0.413755 0
    outer loop
      vertex 53.6987 -3.75922 4.75
      vertex 53.6662 -3.83073 2.4
      vertex 53.6662 -3.83073 4.75
    endloop
  endfacet
  facet normal -0.882028 0.471196 0
    outer loop
      vertex 53.6292 -3.89999 2.4
      vertex 53.6662 -3.83073 4.75
      vertex 53.6662 -3.83073 2.4
    endloop
  endfacet
  facet normal -0.882028 0.471196 0
    outer loop
      vertex 53.6662 -3.83073 4.75
      vertex 53.6292 -3.89999 2.4
      vertex 53.6292 -3.89999 4.75
    endloop
  endfacet
  facet normal -0.849569 0.527477 0
    outer loop
      vertex 53.5878 -3.96667 2.4
      vertex 53.6292 -3.89999 4.75
      vertex 53.6292 -3.89999 2.4
    endloop
  endfacet
  facet normal -0.849569 0.527477 0
    outer loop
      vertex 53.6292 -3.89999 4.75
      vertex 53.5878 -3.96667 2.4
      vertex 53.5878 -3.96667 4.75
    endloop
  endfacet
  facet normal -0.812485 0.582983 0
    outer loop
      vertex 53.542 -4.0305 2.4
      vertex 53.5878 -3.96667 4.75
      vertex 53.5878 -3.96667 2.4
    endloop
  endfacet
  facet normal -0.812485 0.582983 0
    outer loop
      vertex 53.5878 -3.96667 4.75
      vertex 53.542 -4.0305 2.4
      vertex 53.542 -4.0305 4.75
    endloop
  endfacet
  facet normal -0.773105 0.634278 0
    outer loop
      vertex 53.4922 -4.0912 2.4
      vertex 53.542 -4.0305 4.75
      vertex 53.542 -4.0305 2.4
    endloop
  endfacet
  facet normal -0.773105 0.634278 0
    outer loop
      vertex 53.542 -4.0305 4.75
      vertex 53.4922 -4.0912 2.4
      vertex 53.4922 -4.0912 4.75
    endloop
  endfacet
  facet normal -0.729716 0.683751 0
    outer loop
      vertex 53.4385 -4.14851 2.4
      vertex 53.4922 -4.0912 4.75
      vertex 53.4922 -4.0912 2.4
    endloop
  endfacet
  facet normal -0.729716 0.683751 0
    outer loop
      vertex 53.4922 -4.0912 4.75
      vertex 53.4385 -4.14851 2.4
      vertex 53.4385 -4.14851 4.75
    endloop
  endfacet
  facet normal -0.683678 0.729783 0
    outer loop
      vertex 53.4385 -4.14851 2.4
      vertex 53.3812 -4.20219 4.75
      vertex 53.4385 -4.14851 4.75
    endloop
  endfacet
  facet normal -0.683678 0.729783 0
    outer loop
      vertex 53.3812 -4.20219 4.75
      vertex 53.4385 -4.14851 2.4
      vertex 53.3812 -4.20219 2.4
    endloop
  endfacet
  facet normal -0.63443 0.77298 0
    outer loop
      vertex 53.3812 -4.20219 2.4
      vertex 53.3205 -4.25201 4.75
      vertex 53.3812 -4.20219 4.75
    endloop
  endfacet
  facet normal -0.63443 0.77298 0
    outer loop
      vertex 53.3205 -4.25201 4.75
      vertex 53.3812 -4.20219 2.4
      vertex 53.3205 -4.25201 2.4
    endloop
  endfacet
  facet normal -0.582743 0.812656 0
    outer loop
      vertex 53.3205 -4.25201 2.4
      vertex 53.2567 -4.29776 4.75
      vertex 53.3205 -4.25201 4.75
    endloop
  endfacet
  facet normal -0.582743 0.812656 0
    outer loop
      vertex 53.2567 -4.29776 4.75
      vertex 53.3205 -4.25201 2.4
      vertex 53.2567 -4.29776 2.4
    endloop
  endfacet
  facet normal -0.527914 0.849298 0
    outer loop
      vertex 53.2567 -4.29776 2.4
      vertex 53.19 -4.33922 4.75
      vertex 53.2567 -4.29776 4.75
    endloop
  endfacet
  facet normal -0.527914 0.849298 0
    outer loop
      vertex 53.19 -4.33922 4.75
      vertex 53.2567 -4.29776 2.4
      vertex 53.19 -4.33922 2.4
    endloop
  endfacet
  facet normal -0.471183 0.882036 0
    outer loop
      vertex 53.19 -4.33922 2.4
      vertex 53.1207 -4.37624 4.75
      vertex 53.19 -4.33922 4.75
    endloop
  endfacet
  facet normal -0.471183 0.882036 0
    outer loop
      vertex 53.1207 -4.37624 4.75
      vertex 53.19 -4.33922 2.4
      vertex 53.1207 -4.37624 2.4
    endloop
  endfacet
  facet normal -0.412853 0.910798 0
    outer loop
      vertex 53.1207 -4.37624 2.4
      vertex 53.0492 -4.40865 4.75
      vertex 53.1207 -4.37624 4.75
    endloop
  endfacet
  facet normal -0.412853 0.910798 0
    outer loop
      vertex 53.0492 -4.40865 4.75
      vertex 53.1207 -4.37624 2.4
      vertex 53.0492 -4.40865 2.4
    endloop
  endfacet
  facet normal -0.352212 0.93592 0
    outer loop
      vertex 53.0492 -4.40865 2.4
      vertex 52.9757 -4.43631 4.75
      vertex 53.0492 -4.40865 4.75
    endloop
  endfacet
  facet normal -0.352212 0.93592 0
    outer loop
      vertex 52.9757 -4.43631 4.75
      vertex 53.0492 -4.40865 2.4
      vertex 52.9757 -4.43631 2.4
    endloop
  endfacet
  facet normal -0.290502 0.956874 0
    outer loop
      vertex 52.9757 -4.43631 2.4
      vertex 52.9006 -4.45911 4.75
      vertex 52.9757 -4.43631 4.75
    endloop
  endfacet
  facet normal -0.290502 0.956874 0
    outer loop
      vertex 52.9006 -4.45911 4.75
      vertex 52.9757 -4.43631 2.4
      vertex 52.9006 -4.45911 2.4
    endloop
  endfacet
  facet normal -0.226867 0.973926 0
    outer loop
      vertex 52.9006 -4.45911 2.4
      vertex 52.8241 -4.47693 4.75
      vertex 52.9006 -4.45911 4.75
    endloop
  endfacet
  facet normal -0.226867 0.973926 0
    outer loop
      vertex 52.8241 -4.47693 4.75
      vertex 52.9006 -4.45911 2.4
      vertex 52.8241 -4.47693 2.4
    endloop
  endfacet
  facet normal -0.162954 0.986634 0
    outer loop
      vertex 52.8241 -4.47693 2.4
      vertex 52.7466 -4.48973 4.75
      vertex 52.8241 -4.47693 4.75
    endloop
  endfacet
  facet normal -0.162954 0.986634 0
    outer loop
      vertex 52.7466 -4.48973 4.75
      vertex 52.8241 -4.47693 2.4
      vertex 52.7466 -4.48973 2.4
    endloop
  endfacet
  facet normal -0.0979896 0.995187 0
    outer loop
      vertex 52.7466 -4.48973 2.4
      vertex 52.6685 -4.49742 4.75
      vertex 52.7466 -4.48973 4.75
    endloop
  endfacet
  facet normal -0.0979896 0.995187 0
    outer loop
      vertex 52.6685 -4.49742 4.75
      vertex 52.7466 -4.48973 2.4
      vertex 52.6685 -4.49742 2.4
    endloop
  endfacet
  facet normal -0.0328485 0.99946 0
    outer loop
      vertex 52.6685 -4.49742 2.4
      vertex 52.59 -4.5 4.75
      vertex 52.6685 -4.49742 4.75
    endloop
  endfacet
  facet normal -0.0328485 0.99946 0
    outer loop
      vertex 52.59 -4.5 4.75
      vertex 52.6685 -4.49742 2.4
      vertex 52.59 -4.5 2.4
    endloop
  endfacet
  facet normal 0 1 -0
    outer loop
      vertex 52.59 -4.5 2.4
      vertex 0.75 -4.5 4.75
      vertex 52.59 -4.5 4.75
    endloop
  endfacet
  facet normal 0 1 0
    outer loop
      vertex 0.75 -4.5 4.75
      vertex 52.59 -4.5 2.4
      vertex 0.75 -4.5 2.4
    endloop
  endfacet
  facet normal 1 -0 0
    outer loop
      vertex 29 4 5.6
      vertex 29 7 2.4
      vertex 29 7 5.6
    endloop
  endfacet
  facet normal 1 0 0
    outer loop
      vertex 29 7 2.4
      vertex 29 4 5.6
      vertex 29 4 2.4
    endloop
  endfacet
  facet normal -0 0 1
    outer loop
      vertex 24 7 5.6
      vertex 29 4 5.6
      vertex 29 7 5.6
    endloop
  endfacet
  facet normal 0 0 1
    outer loop
      vertex 29 4 5.6
      vertex 24 7 5.6
      vertex 24 4 5.6
    endloop
  endfacet
  facet normal -1 0 0
    outer loop
      vertex 24 4 2.4
      vertex 24 7 5.6
      vertex 24 7 2.4
    endloop
  endfacet
  facet normal -1 -0 0
    outer loop
      vertex 24 7 5.6
      vertex 24 4 2.4
      vertex 24 4 5.6
    endloop
  endfacet
  facet normal 0 1 -0
    outer loop
      vertex 29 7 2.4
      vertex 24 7 5.6
      vertex 29 7 5.6
    endloop
  endfacet
  facet normal 0 1 0
    outer loop
      vertex 24 7 5.6
      vertex 29 7 2.4
      vertex 24 7 2.4
    endloop
  endfacet
  facet normal 0 -1 0
    outer loop
      vertex 24 4 2.4
      vertex 29 4 5.6
      vertex 24 4 5.6
    endloop
  endfacet
  facet normal 0 -1 -0
    outer loop
      vertex 29 4 5.6
      vertex 24 4 2.4
      vertex 29 4 2.4
    endloop
  endfacet
  facet normal 1 -0 0
    outer loop
      vertex 29 63 5.6
      vertex 29 66 2.4
      vertex 29 66 5.6
    endloop
  endfacet
  facet normal 1 0 0
    outer loop
      vertex 29 66 2.4
      vertex 29 63 5.6
      vertex 29 63 2.4
    endloop
  endfacet
  facet normal -0 0 1
    outer loop
      vertex 24 66 5.6
      vertex 29 63 5.6
      vertex 29 66 5.6
    endloop
  endfacet
  facet normal 0 0 1
    outer loop
      vertex 29 63 5.6
      vertex 24 66 5.6
      vertex 24 63 5.6
    endloop
  endfacet
  facet normal -1 0 0
    outer loop
      vertex 24 63 2.4
      vertex 24 66 5.6
      vertex 24 66 2.4
    endloop
  endfacet
  facet normal -1 -0 0
    outer loop
      vertex 24 66 5.6
      vertex 24 63 2.4
      vertex 24 63 5.6
    endloop
  endfacet
  facet normal 0 1 -0
    outer loop
      vertex 29 66 2.4
      vertex 24 66 5.6
      vertex 29 66 5.6
    endloop
  endfacet
  facet normal 0 1 0
    outer loop
      vertex 24 66 5.6
      vertex 29 66 2.4
      vertex 24 66 2.4
    endloop
  endfacet
  facet normal 0 -1 0
    outer loop
      vertex 24 63 2.4
      vertex 29 63 5.6
      vertex 24 63 5.6
    endloop
  endfacet
  facet normal 0 -1 -0
    outer loop
      vertex 29 63 5.6
      vertex 24 63 2.4
      vertex 29 63 2.4
    endloop
  endfacet
endsolid OpenSCAD_Model
